mtllib assets02_model_000.mtl
# Conker's Bad Fur Day — Real 3D Model (Level Props & Geometry)
o assets02_model_000
usemtl assets02_model_000_mat

v 0.0000 -31.6800 0.0000
v 0.0000 -20.5600 0.0000
v 0.0000 -16.3200 0.0000
v 0.0000 -8.3200 0.0000
v 0.0100 0.2400 0.0000
v 0.0100 25.8400 0.0000
v 0.0100 32.1600 0.0000
v 0.0100 -37.3600 0.0000
v 0.0100 -32.4800 0.0000
v 0.0100 -24.4800 0.0000
v 0.0100 -18.0000 0.0000
v 0.0100 -11.6800 0.0000
v 0.0100 -4.7200 0.0000
v 0.0200 8.3200 0.0000
v 0.0200 17.5200 0.0000
v 0.0200 31.2000 0.0000
v 0.0200 38.0000 0.0000
v 0.0200 -35.5200 0.0000
v 0.0200 -27.3600 0.0000
v 0.0200 -16.9600 0.0000
v 0.0200 -10.8000 0.0000
v 0.0300 2.8000 0.0000
v 0.0300 10.8000 0.0000
v 0.0300 26.0000 0.0000
v 0.0300 32.5600 0.0000
v 0.0300 -35.4400 0.0000
v 0.0300 -26.1600 0.0000
v 0.0300 -14.5600 0.0000
v 0.0400 1.6000 0.0000
v 0.0400 6.3200 0.0000
v 0.0400 17.8400 0.0000
v 0.0400 39.5200 0.0000
v 0.0400 -36.4800 0.0000
v 0.0400 -30.5600 0.0000
v 0.0400 -18.6400 0.0000
v 0.0400 -11.7600 0.0000
v 0.0400 -5.8400 0.0000
v 0.0500 10.5600 0.0000
v 0.0500 17.0400 0.0000
v 0.0500 24.2400 0.0000
v 0.0500 30.9600 0.0000
v 0.0500 37.6000 0.0000
v 0.0500 -24.6400 0.0000
v 0.0500 -19.3600 0.0000
v 0.0500 -14.7200 0.0000
v 0.0500 -3.8400 0.0000
v 0.0600 4.0800 0.0000
v 0.0600 17.3600 0.0000
v 0.0600 33.5200 0.0000
v 0.0600 39.5200 0.0000
v 0.0600 -31.6000 0.0000
v 0.0600 -26.6400 0.0000
v 0.0600 -20.7200 0.0000
v 0.0600 -6.4800 0.0000
v 0.0600 -2.4000 0.0000
v 0.0700 0.8800 0.0000
v 0.0700 26.7200 0.0000
v 0.0700 38.2400 0.0000
v 0.0700 -33.6800 0.0000
v 0.0700 -23.5200 0.0000
v 0.0700 -7.1200 0.0000
v 0.0800 8.2400 0.0000
v 0.0800 21.2800 0.0000
v 0.0800 26.8000 0.0000
v 0.0800 31.2000 0.0000
v 0.0900 -39.4400 0.0000
v 0.0900 -35.3600 0.0000
v 0.0900 -30.4800 0.0000
v 0.0900 -24.7200 0.0000
v 0.0900 -18.0000 0.0000
v 0.0900 -11.2800 0.0000
v 0.0900 -7.2000 0.0000
v 0.0900 -1.2000 0.0000
v 0.1000 5.4400 0.0000
v 0.1000 9.3600 0.0000
v 0.1000 15.9200 0.0000
v 0.1000 34.1600 0.0000
v 0.1000 -26.7200 0.0000
v 0.1000 -2.4800 0.0000
v 0.1100 3.6800 0.0000
v 0.1100 15.0400 0.0000
v 0.1100 39.6800 0.0000
v 0.1100 -39.0400 0.0000
v 0.1100 -37.1200 0.0000
v 0.1100 -31.1200 0.0000
v 0.1100 -26.7200 0.0000
v 0.1100 -23.4400 0.0000
v 0.1100 -20.8000 0.0000
v 0.1100 -17.9200 0.0000
v 0.1100 -15.2000 0.0000
v 0.1100 -10.0000 0.0000
v 0.1200 5.8400 0.0000
v 0.1200 20.2400 0.0000
v 0.1200 29.0400 0.0000
v 0.1200 -34.6400 0.0000
v 0.1200 -26.7200 0.0000
v 0.1300 2.6400 0.0000
v 0.1300 25.2800 0.0000
v 0.1300 34.9600 0.0000
v 0.2900 0.4400 0.0300
v 0.2900 -9.9600 -2.3200
v -13.7600 -1.8800 -21.0400
v 0.0000 -24.5800 -0.6100
v -17.5000 0.0000 0.0000
v 0.2900 -4.8000 0.2600
v -3.8400 -18.1700 -9.2200
v 0.0000 0.0000 -35.4300
v -38.6400 0.0000 0.0000
v 0.0000 -12.7400 -5.3900
v 7.6800 -15.6100 0.0000
v 0.0700 -32.8800 -20.0800
v -4.7400 0.0000 0.0000
v 0.0000 0.0000 7.6800
v 0.2900 0.1600 0.1200
v 0.0000 0.0300 0.0000
v 0.0000 0.0000 31.4300
v 0.0300 0.0000 -19.1400
v 0.0000 21.5100 0.0000
v -12.1600 26.5600 36.8000
v 30.7200 13.3000 -38.4000
v 7.6800 -16.2600 0.0000
v 0.0800 -2.8100 0.0000
v -16.5400 -0.3100 -4.4000
v 0.0900 0.0000 0.0000
v 0.0000 -2.4800 -14.3100
v -2.2700 -4.6000 0.3700
v -0.2900 -9.6000 -11.4600
v 8.0500 -14.4000 -2.2100
v -8.5900 14.1400 -5.4200
v -7.9500 20.8300 -14.9700
v 0.0300 -10.8100 0.0000
v -13.0700 -18.8200 0.0000
v -29.7600 0.0000 0.0000
v -9.9500 -9.6200 -4.4000
v 0.0000 0.0000 0.0600
v -12.1100 35.5800 -4.0700
v -8.2700 -0.6200 -0.6000
v -3.4500 -19.4400 -29.3600
v 0.0000 0.0000 -29.7600
v -0.0500 0.6100 -0.0600
v -0.1000 1.3200 -0.1200
v -0.0700 1.0100 -0.0800
v 0.2900 -9.9500 -7.5700
v 0.0000 -24.9600 0.0000
v -24.9600 0.0000 0.0000
v 0.0000 33.6500 0.0000
v -34.2000 -23.6500 0.0000
v 0.2900 -17.5500 -2.1900
v 0.2900 -9.6400 0.4100
v -1.8300 0.0000 0.0000
v 0.0000 -28.0900 0.0000
v 0.0000 0.0000 0.0900
v -22.3300 0.0000 -36.4100
v 0.0000 -20.7200 0.0000
v -38.9700 -19.1200 -22.9600
v 21.2800 -10.9500 21.2100
v 0.0000 -0.5400 -1.1900
v 0.0000 32.7200 0.0000
v 0.0000 0.0000 2.8400
v 0.2900 0.5200 0.2800
v -11.7500 0.0000 0.0000
v 0.2900 -9.7100 -4.8700
v 0.0000 -30.0100 0.0900
v 0.7600 0.0000 7.2400
v 7.6800 -3.4800 0.0000
v -0.2300 -20.0800 -19.4500
v 10.0800 34.9200 18.9500
v 0.2900 -4.8000 0.2000
v 12.8000 0.9300 -22.9500
v 0.2900 -7.1800 0.2000
v -28.4200 -16.5900 0.0000
v 0.2900 -9.9600 0.2000
v -13.7600 -1.8800 -21.0400
v 0.0000 -38.4000 0.0000
v -30.0800 0.0000 0.0000
v 0.0000 -24.5800 -0.6100
v -17.5000 0.0000 0.0000
v -34.5000 28.5400 -22.3500
v -11.4600 -10.4900 -13.6900
v 0.0000 0.0000 -12.7200
v -6.9700 0.0000 0.0000
v 0.1300 0.0800 1.8200
v -30.6300 -32.2400 0.0000
v -21.3500 0.0000 0.0000
v 0.0000 0.0000 0.0800
v 0.0700 0.0000 0.0000
v 0.0200 -15.9400 0.0000
v 7.6800 -30.3300 0.0000
v 0.0000 0.0000 -32.5700
v -13.0300 0.0000 0.0000
v 0.0000 0.0000 35.5200
v 0.0000 -0.3100 0.0500
v 0.0000 -20.1000 -12.1400
v 9.0400 -0.3100 2.3000
v 0.2900 -7.2300 0.2200
v -2.2700 -6.7500 -1.7900
v -14.3200 -13.7100 0.0700
v 0.0800 0.0000 0.0000
v 33.8800 0.0000 22.6300
v 2.4900 17.9800 -19.7600
v 0.2900 -9.7600 0.4700
v 10.6200 0.0000 0.0000
v 3.3900 -10.2400 0.0300
v 1.0900 2.6400 9.9200
v 0.2900 2.0100 0.4700
v -16.6400 0.0000 0.0000
v -10.1500 0.0000 0.0000
v 0.0000 0.0000 -9.8400
v -4.0800 0.0000 0.0000
v 30.8400 -4.9700 24.9700
v 9.2700 3.7800 36.7300
v 30.8400 -30.4800 39.0500
v 0.0600 -7.3100 11.2000
v 0.0000 0.0000 0.0600
v 0.2900 -35.7600 0.3800
v 0.0000 0.0000 -1.1900
v 0.0000 -19.1400 0.0000
v 10.4000 0.0000 0.0000
v -0.5700 0.0000 0.0000
v 4.9900 -39.7900 13.7800
v 10.9200 5.0100 -35.9400
v 3.6600 0.6400 3.2200
v 15.4000 9.6400 5.6400
v 0.2900 -1.9800 0.5500
v 0.0000 -12.4100 -21.0300
v -3.4300 0.0000 0.0000
v -7.9100 -0.5800 -17.5000
v 0.0000 -16.8800 -0.2900
v 0.0000 0.0000 -39.2700
v 0.0000 23.5100 1.3500
v 7.6800 0.1100 0.0000
v 28.8600 37.5100 0.0000
v -38.3400 0.0000 0.0000
v 0.0000 17.6000 0.0000
v 11.2000 0.0000 0.0000
v 0.0000 0.0000 -38.3500
v -7.2700 18.9800 0.0000
v 0.0000 0.0000 3.2900
v 0.0000 29.1200 6.4500
v -35.7100 -18.8400 27.4100
v -20.0600 -9.1800 -8.2700
v 0.0000 0.0000 0.1000
v 0.0000 0.0000 0.1000
v 0.2900 -25.0600 0.5100
v -31.2800 0.0900 0.0000
v -15.5900 0.0000 0.0000
v 23.0400 21.4400 -12.4800
v 0.0000 0.0000 -15.0400
v 0.0000 -9.9200 0.0000
v 0.0000 -23.6100 0.0000
v 0.0000 0.0000 0.0400
v 24.6400 0.0000 0.0000
v 0.2900 -19.6700 0.3300
v -16.9000 -11.7500 0.0000
v 0.0000 -12.4800 0.0000
v -6.4000 0.0000 0.0000
v 0.0000 0.0000 37.7600
v 0.6400 0.0000 0.0000
v 14.7200 -15.6800 7.3600
v -27.7700 0.0000 0.0000
v 0.2900 -12.3700 10.7600
v -39.6200 0.0000 0.0000
v -23.9300 -26.4900 0.0000
v -35.4400 0.0000 0.0000
v 37.7600 0.1000 -31.8400
v 7.6800 0.0000 0.0000
v -8.3200 11.8400 6.7200
v 0.0000 6.8100 0.0000
v 0.0000 33.3200 7.7300
v 0.0000 0.0000 -0.9100
v -23.2800 0.0000 0.0000
v 7.6800 -24.8900 -31.2900
v -27.7700 -3.7600 -34.1500
v -21.9900 4.2500 -33.8600
v 25.0500 -0.3100 6.4700
v 7.6800 -32.2400 -27.4300
v -3.1300 -7.2900 0.0000
v -31.9000 -0.3100 -8.2400
v -5.0700 0.0700 0.0900
v 0.6800 4.3300 0.8300
v -10.1600 16.0200 9.4300
v -4.8300 -12.3800 -1.7800
v -28.7200 0.0900 0.0900
v -25.8500 0.0800 -6.9500
v -21.3500 -15.2800 -19.7500
v -38.9700 -5.3600 -0.2700
v 23.0900 -3.4500 -16.2600
v 0.0000 0.0000 28.4800
v 13.5100 22.4600 0.0000
v 30.1600 -0.3100 7.7400
v 0.0000 17.6700 8.0000
v 0.0000 0.0000 9.3300
v 0.0000 22.3600 10.8800
v -1.8500 -9.2300 -8.2500
v 0.0000 1.1000 5.7400
v -7.3900 -7.2700 -9.6600
v 0.0800 0.0000 0.0000
v 7.6800 0.0400 -7.3100
v 0.0000 0.0000 0.0800
v -0.5700 0.0700 -16.2500
v -1.2100 -1.8500 -0.3000
v -0.3000 0.0000 0.0000
v 3.8400 30.2400 18.0200
v 7.6800 -4.4200 -6.0200
v 0.0000 0.0000 0.0800
v 0.0700 -4.0900 -17.5200
v -0.2500 -8.8900 -0.2900
v -0.3000 0.0000 0.0000
v 0.2900 -7.1000 0.5800
v -8.2700 -0.9000 -36.7200
v -12.7400 -20.0800 -29.0500
v -16.2600 -13.6900 -8.2700
v -29.7000 1.9400 4.5700
v 7.6800 0.0000 0.0000
v 0.0700 -16.2300 -11.1400
v 0.0000 -30.9600 -4.4300
v 0.0600 -28.4000 0.0100
v 0.0300 0.0000 0.0000
v 0.6400 18.5200 0.0100
v 0.2900 -4.7100 -2.0000
v -8.5700 -11.7800 -2.5100
v -24.2500 -16.2500 0.0000
v 0.0900 0.0400 -38.0100
v -10.5000 -11.1400 0.0000
v 0.2900 -7.2400 0.5600
v -20.4100 -9.8300 0.0000
v -19.7800 -14.6600 -0.2900
v 7.6800 0.0000 0.0000
v -19.1400 -27.1300 6.4800
v -2.1800 -30.9600 0.0000
v -5.1700 27.7000 32.7300
v 7.6800 9.6100 -0.6000
v 33.2800 -21.0700 -28.7700
v -1.2500 -29.3600 0.0000
v -6.6800 -18.2200 -27.1400
v -35.4400 -11.4500 -16.6400
v -17.6300 -8.8300 -12.0900
v -2.1500 0.0000 0.0600
v 0.0900 -4.7200 0.1100
v 2.2400 0.0000 0.0000
v 32.1100 36.3900 28.9700
v 11.0800 25.2400 14.9300
v 7.6800 28.8200 -5.3800
v -32.8800 -9.2000 -19.7800
v -37.6800 17.6700 -20.0800
v 7.6800 0.0100 0.0000
v -20.4100 -11.7800 -0.5900
v -0.2400 -2.8400 -0.2600
v 0.0700 -0.8500 -0.9000
v 0.0000 0.0000 1.5300
v -17.6300 -6.6800 0.4200
v 11.8900 -17.5500 -22.3200
v -25.8400 0.0000 0.0000
v 0.0000 -39.2900 -32.5600
v -14.4000 0.0000 0.0000
v 0.2900 -4.8200 0.4200
v 0.0000 -26.8000 0.0000
v 0.0000 -8.6400 0.0000
v 25.9200 0.0000 0.0000
v 7.6800 -32.2300 -25.1900
v -13.0400 -29.3700 14.7200
v 3.5800 -14.0000 -22.9700
v -10.8100 -0.5700 -31.6000
v -14.4000 0.0000 0.0000
v 0.0000 -21.3700 -21.0500
v -23.6000 -26.1600 -9.2000
v 0.0000 0.0000 0.0800
v 4.8700 -35.1200 15.4200
v -4.4200 20.2500 -27.4500
v -17.8500 -25.2100 -0.2400
v 14.6800 16.1200 27.5800
v 7.6800 0.0100 0.0000
v -18.8200 3.5800 0.0000
v -7.3000 -11.1700 5.7900
v 1.2800 -9.2800 -26.8000
v -0.1200 -5.5700 0.2900
v 0.0000 -6.2100 1.6200
v 7.6800 -22.0100 -26.1700
v -37.3700 -26.1700 -19.1200
v 0.0000 0.0000 -0.2400
v 29.8200 7.4200 15.4300
v -0.9300 15.4400 -27.4500
v 0.0300 -0.9400 -26.8000
v -12.5100 -12.2600 0.5900
v 18.0100 -39.6000 -13.6900
v -19.7600 9.0400 -25.8400
v -25.8400 0.0000 0.0000
v 0.2900 -12.5900 0.5200
v 0.1000 0.0000 0.0000
v -6.3500 -13.9900 0.0000
v -15.0700 -12.1200 -4.3800
v -17.8500 -9.8500 -24.2500
v -2.1600 10.9500 -34.8000
v 0.2900 0.2500 0.4000
v 33.0500 1.2800 -18.5600
v 0.2900 -10.0400 0.2700
v -25.2200 22.7900 -22.3200
v 0.0000 -35.1200 0.0000
v -16.2200 0.0000 0.0000
v -8.5900 0.0700 0.0900
v 0.2700 0.1000 0.0000
v -20.4100 0.0600 -0.9400
v 33.4300 19.6800 -30.8900
v 0.2900 -12.0900 -4.4800
v 0.0000 0.0800 0.0000
v 0.1000 0.0500 0.0400
v -20.7300 -0.6200 -6.0300
v -16.2700 1.7900 -33.2800
v -4.8300 -12.0000 -1.7500
v -12.0800 -0.2900 -0.3100
v -13.6700 -7.3100 0.0600
v 0.2900 -7.2800 0.2600
v 0.0000 -2.4800 0.0000
v 0.0000 0.0000 -22.3300
v 8.0800 0.0000 0.0000
v 7.6800 9.6000 -13.6900
v -32.2200 0.0000 0.0000
v -2.2700 -14.9800 -7.0400
v 7.6800 0.1600 15.4500
v 7.6800 0.1600 7.7700
v -24.9600 0.0000 0.0000
v 36.1600 0.0000 0.0000
v -23.6800 0.0000 0.0000
v 0.0000 0.0000 0.0800
v 0.2900 -9.9600 -2.3200
v -17.5000 0.0000 0.0000
v 7.6800 0.0000 -17.2300
v 0.0000 0.0000 4.5500
v 0.0000 -9.8500 11.2600
v -0.3000 -8.5900 0.0200
v 13.5100 0.0000 3.5700
v -2.2700 -7.3700 0.5100
v 0.0000 -35.7700 -1.5300
v 0.0000 0.0000 -13.6600
v -4.4100 0.0000 0.0000
v 7.6800 -4.4300 -16.2700
v 0.2700 14.1700 0.0000
v -20.4100 0.0600 -0.9400
v 7.6800 -0.6200 -17.2300
v -1.2100 -13.7000 21.8500
v 0.0000 -23.9300 11.8900
v -0.9300 -8.9000 0.0300
v 29.8400 -0.3100 7.7400
v -2.2700 -2.2500 -9.7200
v -2.1700 -39.9200 -11.1400
v -7.9200 -3.7800 -11.4400
v -0.2800 -3.7800 0.0000
v -4.8300 -9.1400 0.8000
v 3.4800 -32.8600 11.6800
v 31.4200 -5.7500 -16.2500
v -14.6400 0.0000 0.0000
v -22.9700 -8.5600 -33.5200
v 10.3700 14.7700 2.9400
v 0.2900 -35.7700 0.0200
v 0.0000 -18.2400 0.0000
v -37.4800 -37.4800 -37.4800
v 7.6800 0.0000 0.0000
v -28.0900 0.0700 0.0900
v -0.9000 -8.9000 0.0900
v 20.6000 30.5400 1.2800
v -2.2700 -2.8500 0.5200
v -13.3500 -0.2800 -29.3700
v 0.0000 -37.6800 -2.8400
v -9.5500 -11.1400 0.0000
v 18.2400 2.8800 5.1200
v 1.2800 0.0000 0.0000
v 16.9200 -10.3500 31.9100
v 0.2900 -7.2700 0.6000
v -8.2500 0.0200 0.0000
v 32.3200 -24.0000 -0.6400
v -8.9600 -28.1600 2.5600
v 0.2900 0.7800 0.4500
v -4.4300 -12.7300 -0.3100
v -33.1900 14.1500 -19.1200
v 0.0000 14.0800 31.6800
v -24.2400 -19.4400 -21.7600
v -24.5900 0.0000 0.0000
v 0.7100 0.0000 0.8500
v 0.0000 0.5600 -7.1000
v -4.8300 -12.6100 -24.9800
v 0.0800 0.0500 -15.9400
v -10.8000 -14.3200 -25.8400
v 0.0000 2.2400 0.4900
v 2.2300 0.4700 -26.3000
v 0.2900 0.1100 0.2900
v -39.6100 26.6000 27.5800
v 0.0000 14.0800 31.6800
v -14.3300 -25.2200 -21.7600
v -33.2200 0.0000 0.0000
v 14.7800 29.8000 -2.8400
v -2.2700 -9.6700 0.6300
v -23.9300 -33.5300 -16.8900
v -15.6100 -33.5200 -39.2900
v -2.4900 0.0000 0.0000
v -4.8300 -3.0100 0.3800
v -39.6000 -6.3300 0.0000
v -6.0000 -0.2900 -22.6500
v 0.0000 -27.4500 -3.8000
v -6.6700 -22.3400 0.0000
v -2.2700 -4.7600 0.4500
v -9.8600 -2.8300 0.0000
v -12.7300 -24.5700 -38.9700
v -21.6900 -4.0900 0.0000
v 18.0000 0.3500 -30.6500
v -10.1900 -9.8700 0.0000
v -2.2700 -7.2100 0.5800
v -25.8400 -22.6500 -12.0900
v -13.6900 -0.2800 -0.3000
v 0.2900 -4.3100 0.6900
v 0.0800 -5.0300 -1.1900
v -15.3000 -12.7400 0.0100
v -17.8500 0.0000 0.0000
v 7.6800 -0.9000 0.0000
v -9.2300 -39.9300 -30.6400
v -28.7300 0.0400 0.0600
v -0.2800 -0.3000 -1.2500
v 0.0000 -17.8800 35.2100
v -25.8700 -8.9000 0.0000
v -30.0300 -33.9000 -15.3200
v 24.3700 26.2400 5.7600
v 16.6400 -1.2800 0.0700
v -26.1800 -0.3200 -7.3200
v 0.0000 0.0100 1.4100
v 0.0000 -0.0600 0.2800
v 0.7500 -0.0200 0.1300
v 0.1800 -0.4400 -0.0800
v 0.3500 -0.6100 0.0800
v -0.0100 0.0400 -0.0100
v 0.0800 0.4900 -0.2900
v 0.0000 0.0100 0.7500
v -0.1100 -0.0400 0.1800
v 0.2900 -9.9200 -19.8100
v 0.0700 -9.5500 -10.5000
v 0.0000 35.5200 0.0000
v 0.1000 26.2400 5.7600
v 9.3400 -1.2300 -38.6300
v -34.8100 -0.3100 -9.8600
v 35.8400 4.1600 3.6300
v 0.2900 -9.7200 -20.1500
v -0.2900 -9.6000 -11.4600
v -34.1500 5.7900 9.0100
v 0.0300 -10.8100 0.0000
v -24.8800 -0.6100 -11.1300
v -29.7600 0.0000 0.0000
v 7.6800 0.0000 0.0000
v 0.0000 0.0000 -28.4800
v -12.1000 -10.8000 -28.0800
v -18.1800 0.0000 0.0000
v 5.2100 0.3100 34.8000
v 0.2900 -9.8800 -19.9700
v -34.2400 -11.1300 -26.4700
v -29.7600 0.0000 0.0000
v 22.4700 26.6500 -34.8100
v 0.0600 -21.6900 -27.1300
v -19.4500 0.0000 0.0000
v 0.2900 -7.2400 0.6100
v -7.9300 0.0100 0.0000
v 7.6800 0.0000 0.0000
v 22.7700 28.8700 -36.1200
v 0.0000 -31.6000 -0.2900
v -0.2600 -8.2500 0.0200
v 0.0100 0.0000 0.0000
v 0.2900 -7.3600 0.5500
v -37.0400 -31.2900 -15.3000
v -2.1700 0.0000 0.0000
v 31.7600 0.0000 0.0000
v -0.9400 -36.0900 0.0000
v -4.8300 -7.3800 0.5200
v 0.0000 -24.8700 -7.6100
v -32.2300 -26.1600 0.0000
v -11.1100 -0.2800 -34.1700
v -4.8300 -2.2500 0.5900
v -34.4700 -9.2200 -23.6000
v -28.3900 -20.4000 0.0000
v 0.2900 -5.8700 -7.0900
v -18.5000 -19.1300 -14.3200
v -26.4900 -17.5300 0.0000
v 1.9200 0.0000 0.0000
v 0.7000 -16.6100 -36.4000
v 18.3100 -8.2500 -9.2200
v 0.0000 0.0000 -16.2400
v 0.2900 23.3500 20.8900
v 27.5500 16.6500 -15.6200
v 27.2000 -23.0400 19.2000
v -13.6900 -10.5000 26.6300
v -15.6100 6.4000 13.1200
v -31.6200 7.1100 -24.2400
v 29.4400 16.0000 -4.8000
v -4.8000 0.0000 0.0000
v -12.8000 5.7200 0.5000
v 0.2400 14.2400 18.8300
v -9.9500 -7.4700 5.3800
v 39.3600 -20.8000 7.6800
v 23.4200 5.2000 -31.3600
v -3.8400 -32.9200 19.2300
v 1.0100 0.0000 0.0000
v 7.6800 2.5600 0.0000
v -0.0800 1.0900 0.0200
v -0.0800 1.0900 0.0200
v -0.0800 1.0900 0.0200
v -0.0800 1.0900 0.0200
v -0.0800 1.0900 0.0200
v -0.0800 1.0900 0.0200
v 0.2900 -2.2000 0.3400
v 0.0000 0.0000 -18.2400
v -2.4900 10.9500 10.6200
v -10.8200 -13.0400 -2.8400
v -0.0800 1.0900 0.0200
v 0.2900 -2.1900 0.2600
v -18.2400 6.4000 -9.6000
v 10.6200 -9.8600 0.0000
v 0.0000 -32.5700 -1.2500
v -4.1200 -3.7800 0.0000
v 0.2900 -1.1400 0.3900
v -18.2400 6.4000 -9.6000
v -8.5900 -13.6900 -0.6400
v 0.2900 -12.4300 0.7100
v -27.4500 -23.9300 -37.0400
v 0.0800 0.0800 0.0700
v -6.4000 7.6800 -24.5700
v -0.3100 0.0200 0.0000
v -0.0800 1.0900 0.0200
v 17.9100 -10.2400 1.1300
v -6.3500 0.0000 0.0000
v 35.6800 25.3300 20.8400
v 0.2900 -4.8700 -12.5500
v -17.6000 27.2000 -18.2400
v 4.8200 0.0000 0.0000
v 0.0000 16.7100 7.3600
v -34.4700 0.0400 0.0000
v -31.2700 -2.5100 -19.1300
v -3.4800 1.6600 -22.0100
v 17.2800 -30.7200 0.0700
v -1.8500 -32.2500 -37.6800
v -6.3500 0.0000 0.0000
v 0.2900 -4.7600 -12.1900
v -17.5600 5.8300 -18.1700
v 0.0000 30.4800 7.4300
v -6.9700 -2.5000 -33.5300
v 0.2900 -12.1400 0.6600
v -1.5700 -30.3200 -6.9900
v -28.7500 23.8000 9.8800
v 0.2900 -1.9500 0.5400
v 0.0000 7.4100 -7.3200
v -25.2200 -34.7900 0.0000
v 0.3500 -19.7600 -7.6300
v -2.5200 -4.7400 -5.7100
v 0.0000 -16.8800 0.0500
v -27.7500 -22.9700 -7.2800
v -20.1000 0.0000 0.0000
v 0.2900 -27.6500 0.4400
v -20.7200 0.0000 0.0000
v 19.5800 -37.6700 -35.7600
v 3.2800 -7.9300 0.0000
v -21.3600 0.0000 0.0000
v 0.2900 -7.3700 0.4500
v 0.0500 0.0000 0.0000
v 0.0000 0.0000 -22.9700
v 0.0000 23.3800 -0.2700
v 0.4100 0.0600 -15.9400
v -1.5600 -6.9900 0.0100
v -9.2200 0.0000 0.0000
v 0.2900 -6.9700 0.7900
v -4.7400 -6.0100 -12.1000
v 7.6800 0.0000 0.0000
v -1.6000 -6.4000 36.5500
v 0.2900 -4.8100 0.2200
v -18.8800 -4.4800 17.9200
v 0.0000 17.9800 38.4000
v 0.0700 32.3400 16.3600
v -2.2100 -5.7100 -5.3900
v 0.2900 -7.3700 0.2600
v -0.2600 12.8000 -29.7600
v 0.0000 0.0000 -19.1600
v -21.4000 -4.4100 -21.0400
v 0.0000 6.7900 -2.2400
v 3.5700 36.5500 -0.3200
v -12.4000 20.2000 9.3400
v 6.1300 -4.1200 0.3400
v 7.6800 -18.1800 -20.7300
v -23.3000 4.8700 -22.7200
v -38.3200 0.0000 0.0000
v -12.5100 -9.7000 0.6300
v -15.9100 -28.7100 0.0000
v 0.2900 -19.5200 0.6900
v -11.1100 -38.6400 -33.2100
v -6.4000 0.0000 0.0000
v 7.6800 0.1000 -18.8200
v 0.0000 0.0000 0.0800
v -23.2900 -18.4900 -37.0500
v 0.2900 -2.2300 0.4400
v 0.0000 0.0000 -32.5500
v 0.0000 0.0000 0.0400
v 9.2800 10.5600 -25.2100
v -37.0300 0.0000 0.0000
v 7.6800 30.4000 37.7600
v -20.4200 33.9700 -39.3200
v -4.1300 0.0000 0.0000
v 0.4500 -30.7200 0.0000
v 7.6800 -34.8300 -25.2000
v 0.0000 0.0000 -24.5900
v 23.1000 0.0000 0.0000
v 7.6800 2.8900 -2.2200
v -0.2300 -20.3800 16.0800
v -6.0300 0.0000 0.0000
v -22.9100 0.6300 30.6000
v -12.5100 -4.8700 -2.3300
v -16.6400 1.2800 38.4000
v 22.1600 25.0100 0.0000
v -3.5000 8.3800 2.5800
v -5.0800 6.7600 0.0600
v -12.5100 -7.3200 -2.0300
v -18.2000 -18.8000 38.4700
v -10.1500 -10.4700 0.0000
v -6.0400 -2.1800 0.0700
v 0.2900 -4.4600 0.6400
v 0.0000 0.0000 -6.9700
v -6.6700 0.0700 -5.7000
v 7.6800 -30.0000 -0.6200
v 0.0000 0.0000 -18.4700
v -1.8500 -11.7700 -9.5500
v -3.8000 0.0000 0.0000
v 7.6800 0.0000 -0.8900
v -0.2600 -7.6100 0.0100
v -28.0700 -0.3100 -7.2900
v 0.2900 -6.9300 0.5300
v -27.1300 -1.8900 0.0600
v 0.0000 0.0900 0.0900
v -26.8100 -13.0500 0.0600
v 20.6100 15.4200 0.2400
v 0.2900 -4.5100 0.5600
v 0.0500 0.0900 -6.9500
v -12.1000 -11.7700 -30.6500
v -26.1600 0.0000 0.0000
v -34.1600 6.1700 -30.6300
v 0.0900 0.0000 0.0000
v 8.4000 0.0700 -1.2500
v -9.9500 -2.2400 -7.0600
v -14.0200 -10.4800 -5.3800
v -19.1100 -23.5900 0.0000
v 7.6800 -11.1300 -2.5400
v 0.0000 -38.9600 -16.8900
v -19.1300 0.0000 0.0000
v 0.2900 -27.5500 -11.9800
v 0.0900 -6.6700 -0.5800
v -2.4900 -9.1900 -32.8700
v -33.5100 -16.5500 0.0000
v 14.1400 0.0000 0.0000
v 29.2100 22.4700 2.5600
v 0.0700 0.0600 0.0900
v -35.1200 0.1000 0.0500
v 0.2900 0.4000 0.4000
v 5.4400 3.5200 -33.5200
v 0.0000 27.8400 -32.9600
v -33.5200 -14.6600 -4.4200
v 0.0000 12.4800 -25.2000
v -0.5800 10.3200 3.2900
v -0.5800 10.3200 3.2900
v -0.5800 10.3200 3.2900
v -0.5800 10.3200 3.2900
v -0.5800 10.3200 3.2900
v -2.2700 -14.9500 -7.1100
v 4.5300 3.5700 -21.3500
v 0.0000 27.8400 -32.9600
v -23.9200 -5.0800 -6.9900
v 0.0000 12.4800 -36.7100
v -0.5800 10.3300 3.3100
v 0.2900 0.5100 0.6100
v -3.1100 -4.7200 7.4500
v 0.0000 27.8400 -32.9600
v -9.5200 0.1100 0.1100
v 23.0400 -5.1200 -3.5200
v -0.5800 10.3200 3.3100
v -9.9500 -7.4400 3.1700
v -31.2800 -16.5700 -4.4300
v 7.6800 4.1600 -23.3600
v -21.6800 25.9900 -31.3000
v -12.1000 -8.5800 -34.7800
v 4.1600 -24.2500 -5.3900
v -0.2800 -14.6500 -3.1600
v -6.3500 0.0000 0.0000
v -9.1200 21.3600 3.9200
v -13.8800 5.1200 0.0000
v 7.6800 0.0800 -2.8000
v 0.0700 0.0700 -33.2100
v 0.1000 -19.4400 -22.6500
v -0.2900 0.0000 0.0000
v 2.0500 -38.4000 0.0500
v 14.0800 4.4400 -24.2900
v 7.6800 0.0000 0.0000
v -1.6000 -6.4000 36.5400
v 7.6800 0.0000 0.0000
v -6.1500 33.3700 0.0000
v -39.9200 0.0000 0.0000
v 7.6800 4.2100 -23.2900
v -2.1900 -17.5300 -19.7800
v -2.8400 0.0000 0.0000
v 7.6800 4.1600 18.8800
v 5.1500 22.1500 20.8700
v 11.9100 -34.5100 -19.1300
v -0.2300 -0.2800 -4.7400
v -0.3100 0.0000 0.0000
v 7.6800 -15.0400 -10.4900
v 17.6800 -9.8500 -2.8100
v -1.2800 8.6400 6.0800
v 0.2900 0.2700 0.3400
v -5.6900 0.0000 0.0000
v -27.1100 0.0000 0.0000
v 0.0000 0.0000 -23.2700
v 7.6800 1.9600 -6.9700
v 5.1900 22.1500 15.7300
v 8.7100 -34.4800 -19.1300
v -0.3100 0.0000 0.0000
v -2.2700 -9.4700 0.5800
v -23.2800 -37.0500 -18.5000
v -0.8900 -29.3600 -27.7700
v -1.2200 -1.5300 0.0000
v -22.3300 -8.5600 0.0000
v 0.2900 -10.0300 0.5500
v -7.6100 0.0000 0.0000
v 0.0000 -4.7200 -5.0600
v 9.3600 33.3700 0.0000
v -8.9000 -8.2500 -34.1700
v 7.6800 0.0000 0.0000
v 0.0000 -25.2000 -0.2900
v -18.5000 0.0000 0.0000
v 2.8500 7.9300 0.4500
v 9.6000 34.8800 0.0000
v -9.2800 -18.2400 -21.0600
v 25.0200 -29.0700 -10.1500
v 31.6800 4.4800 -8.6400
v -9.5400 -11.7700 0.0600
v 19.9200 -27.1300 26.9600
v 0.0400 0.0000 0.0000
v -6.9800 0.0700 0.0900
v -0.5700 -14.0100 -1.2400
v -1.2400 0.0000 0.0000
v 7.6800 -31.6100 -1.2200
v -27.4500 -0.8900 0.0900
v 0.0000 -28.0800 -4.1000
v -2.1800 -13.3700 0.0700
v 0.0600 0.0000 0.0000
v 24.7400 -25.5600 28.4400
v 0.2900 -25.1600 0.6000
v -14.6300 -10.1500 -29.6700
v 0.9400 0.0000 20.9600
v 0.1000 14.9200 2.3000
v 7.6800 -22.0000 -11.7800
v 0.0700 -9.8500 0.0500
v 0.0400 0.0000 0.0000
v 3.7200 21.8200 0.0000
v 0.2900 -6.5700 -9.5500
v 3.8800 -9.8500 -10.8200
v 0.2900 -6.8700 0.6200
v 0.0800 0.0000 0.0900
v -16.8900 -31.5900 -17.2200
v -15.6200 -4.7200 -1.2400
v -9.5500 -9.2100 -6.3500
v 0.2900 -27.1500 0.7600
v 0.2900 -4.6300 0.4800
v 0.0000 0.0000 -12.1000
v 0.0000 0.0000 0.1100
v -6.0000 -23.2700 -3.7700
v -15.6200 -6.9800 0.0400
v -0.5500 -6.9400 -33.5200
v 19.9400 -0.3100 5.2000
v 5.0400 2.6100 -19.5000
v -10.1400 4.4500 -25.5800
v 7.6800 0.1100 1.9200
v 2.5600 -3.8400 -12.1600
v 12.8000 0.0000 0.0000
v -20.4800 0.0000 17.6000
v 0.2900 -6.7000 0.5500
v 0.0700 -3.7900 -0.2500
v 0.3800 -38.3200 -6.6800
v 8.9800 26.6500 19.6800
v 6.2600 4.2400 0.0000
v 7.6800 0.0500 -16.2600
v 0.0300 0.0600 0.0900
v -16.4200 0.1000 0.0500
v -29.9800 0.0000 0.0000
v -12.7400 0.0600 -0.9400
v 0.2900 -7.3800 0.5000
v -19.4500 0.0000 0.0000
v -13.6800 0.0700 0.0400
v 0.0000 -0.6500 0.0000
v 2.8500 -4.8200 0.3700
v -1.9200 31.3600 -15.6100
v -28.4800 0.0000 0.0000
v 0.9600 1.6000 0.0000
v 0.0000 -0.6500 0.0000
v 10.6200 -7.3200 0.0000
v -4.8300 -10.0000 -9.9500
v 0.0000 -30.9600 0.6400
v 16.0300 -2.7900 0.0800
v -38.3400 -2.8500 0.0000
v 5.1200 0.0000 -0.6500
v 0.0000 6.0800 17.1600
v 0.0000 -0.6500 0.0000
v 7.6800 0.1100 -11.1400
v 0.0000 0.0000 0.0900
v 34.9700 0.0800 -22.6500
v 23.5600 17.7800 17.1800
v 38.0800 0.0000 7.0400
v 0.2600 -11.4200 27.6300
v 0.2600 -11.4200 27.6300
v -9.2800 26.2400 31.3600
v 0.0000 0.0000 35.5200
v -8.2700 0.1600 0.0100
v -17.2000 -11.7600 36.5600
v 12.8000 0.0000 0.0000
v -20.1000 -7.9300 0.0000
v -0.6500 -0.2200 0.0000
v 0.0000 0.0200 0.0000
v 0.0000 0.1900 -0.5700
v -0.5500 -0.2800 0.0100
v 0.0100 -0.0400 0.0000
v 0.0000 0.0200 0.0000
v 0.0000 0.2200 -0.7400
v -0.8900 -0.0800 -0.0300
v -0.0600 0.2200 -0.0100
v 0.0000 0.0200 0.0000
v 0.0000 0.3200 -1.4700
v -1.6800 0.3200 -0.1500
v -0.1800 0.6800 -0.0400
v 0.0000 0.0200 0.0000
v 0.0000 0.4400 -2.2400
v -2.3800 0.8200 -0.2500
v -0.2600 0.9500 -0.0600
v 0.0000 0.0200 0.0000
v 0.0000 0.5400 -2.3900
v -2.1500 1.5000 -0.2500
v -0.2500 0.9000 -0.0600
v 0.0000 0.0200 0.0000
v 0.0000 0.5900 -1.5000
v -1.3900 2.0500 -0.2100
v -0.2000 0.7300 -0.0500
v 0.0000 0.0200 0.0000
v 0.0000 0.6100 -1.1300
v -1.0600 2.2400 -0.1500
v -0.1400 0.5000 -0.0300
v 0.0000 0.0200 0.0000
v 0.0000 0.5400 -0.8800
v -0.8400 1.6400 -0.0800
v -0.0700 0.2500 -0.0100
v 0.0000 0.0200 0.0000
v 0.0000 0.3400 -0.7300
v -0.7000 0.2700 -0.0200
v 0.0000 0.0200 0.0000
v 0.0000 0.0200 0.0000
v 0.2900 -25.1900 0.3700
v 0.6600 7.7100 15.4100
v -21.3900 -9.5300 -7.9400
v 30.1100 10.5900 0.0000
v 0.0000 0.2100 -0.6500
v 0.0000 0.0200 0.0000
v 0.2100 -0.6500 -0.2200
v -4.8300 -9.5800 -12.0300
v 7.6800 -10.8200 0.0000
v -25.2100 1.3400 -13.0800
v 0.0000 -22.6400 -23.3000
v 7.9700 -7.1800 2.9300
v -33.9200 -12.8000 -5.3900
v -23.6200 26.2900 3.5800
v 0.2300 1.6100 -0.0400
v 0.2900 0.1900 0.4500
v -19.4300 0.0000 0.0000
v 21.8200 0.0000 0.0000
v -0.5800 -14.9800 -0.2900
v -16.2600 -0.2800 -4.1200
v 0.0000 0.0000 -0.2700
v -30.6400 0.0000 0.0000
v -23.9300 0.0000 0.0000
v 18.3100 10.9600 0.0000
v 7.6800 2.5600 0.0000
v 36.2400 0.0000 0.0000
v 0.0800 -2.5200 0.0600
v 0.2300 1.6100 -0.0400
v 1.2800 0.0000 0.0000
v -0.3200 10.6200 33.0200
v 23.7000 0.0000 0.0000
v 0.0300 -0.3100 0.0100
v -0.0500 -0.9500 1.7500
v -0.6300 -1.1100 0.1200
v 0.0100 0.0000 0.1000
v 0.2300 1.6100 -0.0400
v -19.5200 -23.6800 0.0000
v -8.5900 0.0000 0.0000
v 17.0500 20.4800 11.6800
v 7.6800 -30.9700 35.2500
v 0.2900 -20.2700 0.3800
v -13.1200 0.0000 0.0000
v -17.2300 -38.9700 23.4000
v -16.5800 0.0000 0.0000
v 0.0600 0.0000 0.0000
v 0.2900 -27.8500 0.5100
v -9.2800 -26.4700 23.4300
v 7.6800 4.1600 -16.3200
v 0.0000 -13.0500 14.1000
v -2.8400 9.0200 -0.6200
v -20.7200 -0.3100 -5.3800
v -10.5600 0.0000 0.0000
v -4.8300 -6.5700 0.7300
v -16.5700 -35.1100 -30.6400
v -9.2000 -2.1800 -10.8100
v -34.4800 -23.9100 0.0700
v 0.2900 -12.2400 8.0100
v 0.0000 0.0000 -4.1600
v 29.5200 0.9900 -32.5700
v -13.1200 -18.4900 -1.8800
v -0.3000 0.0000 0.0000
v 7.6800 -14.3300 0.0700
v 0.0700 -2.1600 0.0800
v 0.0100 0.0000 0.0000
v -4.8300 -4.7200 0.4600
v -28.1100 -14.9700 -11.1400
v -26.7900 -5.6800 0.0000
v -14.9800 26.6300 0.0000
v 7.6800 2.5600 0.0000
v -10.4900 -1.5100 -10.4700
v 0.0800 -2.8400 0.0600
v 0.7400 0.9500 -1.6400
v 0.7400 0.9500 -1.6400
v 0.7400 0.9500 -1.6400
v 0.7400 0.9500 -1.6400
v 0.7400 0.9500 -1.6400
v 0.7400 0.9500 -1.6400
v 7.6800 -24.8900 -24.2500
v -13.6800 0.0000 0.0000
v -23.9100 0.0800 -2.5200
v 0.2900 -9.9400 0.5700
v -36.0900 -33.8400 -37.3600
v 0.0000 0.0000 -27.1200
v -2.2700 -4.7200 -7.2600
v -38.4000 1.2800 16.9600
v -8.0000 -31.6000 13.8000
v -18.1700 -23.2700 0.0000
v -19.7800 21.4900 0.0300
v 0.0000 -0.6500 0.0000
v 0.0000 -0.6500 0.0000
v 0.0000 -0.6500 0.0000
v 7.6800 8.9900 -1.2400
v 10.2400 14.7200 11.8400
v -28.4800 -10.8800 19.5200
v -22.3300 0.0000 0.0000
v 7.6800 8.9900 -1.2400
v -15.9300 -9.9200 18.5600
v -22.3300 0.0000 0.0000
v -35.7600 0.0000 0.0000
v 0.2900 -2.2600 -12.2500
v -32.8800 14.7900 9.3300
v -37.6700 -17.8400 0.0000
v 2.5900 28.2100 -20.7400
v -35.7600 0.0000 0.0000
v 0.2900 -4.8800 -12.4900
v -17.6000 27.2000 -18.2400
v 0.0000 16.7100 7.3600
v -34.4700 0.0400 0.0000
v -31.2700 -2.5100 -19.1300
v -3.4800 1.6600 -22.0100
v -4.4000 -11.1100 -6.3500
v -36.4000 0.0000 0.0000
v 0.0000 24.5600 16.8400
v 7.6800 -15.9300 -37.0300
v 0.0000 0.0000 0.0800
v -3.1300 -6.3200 0.0100
v -0.6200 0.0000 0.0000
v 7.6800 0.0000 0.0000
v 0.0500 0.0900 0.0800
v -2.8100 -0.8900 -0.2700
v -0.2800 0.0000 0.0000
v 0.9600 27.8700 6.1400
v 0.9600 25.3100 5.9800
v 0.2900 -6.9700 -1.8100
v -11.1200 -17.8400 -14.0000
v -16.2500 0.0400 0.0100
v 0.2900 -2.2500 -2.2400
v -24.2500 1.6000 7.3600
v 8.7100 0.0300 -17.5400
v 0.0000 -1.8600 7.7200
v -1.2500 -2.5100 0.0500
v 4.0300 33.2800 3.5600
v 7.6800 -23.6300 -19.1300
v -5.6900 -10.1700 -20.3800
v -14.0100 0.0800 -2.5200
v 7.6800 -38.6500 -11.4500
v 0.4000 -19.7600 0.0000
v -0.6200 0.0000 0.0000
v 18.8900 -17.3300 33.3500
v 0.2900 0.2800 0.4500
v -6.0100 0.0000 0.0000
v -20.7100 19.9200 -11.1100
v -27.1100 0.0000 0.0000
v 0.0000 0.0000 -23.2700
v 0.2900 -10.0300 -7.1800
v -22.6600 26.6500 29.7600
v 18.8800 -8.0000 -21.7600
v 3.5600 3.2400 1.9000
v 0.0000 0.0200 -17.3500
v 3.5600 3.2400 1.9000
v 3.2400 1.9000 0.2000
v -4.8300 -9.0300 0.6700
v -15.2900 -0.9100 -38.6400
v -25.8500 0.0000 0.0000
v 0.0300 0.0700 -28.4000
v 0.0000 26.6100 0.3500
v 13.5200 9.4000 1.0400
v 7.6800 -19.1400 -21.3800
v -26.1600 3.2700 0.0000
v 0.0000 0.0000 -21.4400
v 0.2900 -9.8400 0.5300
v 15.7000 -7.6200 -25.5300
v -16.2700 2.6100 -16.5900
v -17.2100 -19.1200 0.0000
v -29.4400 0.0000 0.0000
v -17.6300 -8.4300 -12.0200
v -39.5900 0.0000 0.0000
v 3.1700 0.0000 38.6400
v -7.3900 -9.8300 -12.4800
v 18.6100 -0.9100 -20.4500
v -8.2600 3.8800 -15.3400
v -22.0100 -6.0300 0.0000
v 0.0000 25.9800 7.4000
v -25.2300 -4.1300 -0.6400
v -29.4400 0.0000 0.0000
v 0.0000 0.0000 -21.4400
v -12.5100 -7.3700 -12.5000
v -9.2200 -8.0000 -4.1600
v -25.2800 28.4800 -21.7600
v -36.4100 -4.7200 -21.7600
v 22.1300 6.7200 -11.8400
v -28.1100 0.0000 0.0000
v -1.8600 -7.2900 20.2400
v 10.3100 -34.4900 0.0800
v 0.0000 0.0000 -21.4400
v -2.2700 -12.6300 -9.6500
v -12.1000 -3.1500 0.0000
v -2.2700 -12.4200 -9.9100
v 0.0000 0.0000 -20.7400
v 20.6400 0.0000 0.0000
v -3.4600 -13.6900 0.0500
v 0.0400 0.0000 0.0000
v 0.0000 0.0000 1.1300
v 0.2900 -4.9200 0.4800
v 7.6800 0.0000 -36.4000
v -2.1800 -16.2500 -27.7700
v -21.0500 0.0000 0.0000
v 35.8000 1.6700 2.1000
v -2.2700 -17.6300 -12.1900
v -29.6800 0.0800 -17.5400
v -2.2700 -9.9600 -7.0900
v 0.0000 0.0900 -7.2700
v -19.4600 -17.8500 0.0100
v -2.2700 -9.9000 -7.2900
v -2.8300 10.3000 0.0000
v -23.6100 -38.3300 0.0000
v -4.8300 -9.8400 3.0300
v 0.0000 0.0000 13.2000
v 0.0000 -37.3700 1.6000
v -12.1600 6.7200 0.0000
v 3.8400 0.0000 2.8000
v 2.8500 -7.4800 3.0900
v 13.5100 -24.8800 4.2100
v 0.0000 0.0000 -12.3900
v -14.6500 1.0300 0.0000
v -15.6800 10.2400 5.1000
v -36.4800 3.8400 10.2400
v -2.2700 -12.5800 -7.1300
v 0.0000 0.1100 -0.2300
v -2.2400 10.2400 0.0000
v 0.2900 -7.3900 -7.0400
v -8.8800 -30.6400 -17.2000
v -29.0500 -21.0500 0.0800
v -13.3600 -15.6000 -0.2400
v -5.7600 12.8000 0.0000
v -9.2200 -1.5400 -0.2900
v 19.9300 -26.4900 6.7900
v -38.0300 -29.3800 -1.5400
v 6.7200 0.0000 0.0000
v 0.2900 -7.4400 -22.5600
v -24.2400 -9.2000 -0.5900
v 0.0000 0.0800 0.0900
v 0.0000 0.1100 23.4600
v -18.8000 -2.8000 -7.3000
v 0.0300 0.0000 0.0000
v 8.4500 5.9800 37.0100
v 0.2900 -7.2800 -22.7300
v -24.2500 -9.2800 0.0000
v 0.0000 0.0000 -8.2700
v -38.6700 -22.9800 22.1500
v -19.4400 -2.1900 -29.6900
v 0.2900 -9.9400 -4.6700
v 38.7700 -7.9300 0.0100
v 0.0000 0.0000 26.9500
v 0.0000 -37.6900 -17.2000
v 0.2900 -7.4800 -2.0800
v 19.2000 -35.1200 -3.4600
v 0.1100 -6.6700 -10.8000
v -8.8900 0.0000 0.0000
v 7.6800 -33.1900 -12.0700
v -29.3600 -27.1300 27.9300
v -10.4800 -29.3600 0.0700
v 0.0300 0.0000 0.0000
v -30.0000 0.0000 0.0000
v 0.0000 0.0000 30.7900
v -34.4700 -4.1100 -4.1100
v 0.8600 0.1500 -10.1700
v 14.3600 0.0300 -35.3900
v 2.6600 0.3600 3.4700
v 2.5200 0.2900 6.4400
v 0.2900 -7.4200 -25.0100
v 0.0000 0.0000 32.7000
v -15.2800 0.0000 0.0000
v 0.0000 0.0000 0.1100
v -12.7100 -4.4000 -9.8400
v -26.7900 -22.0000 -21.6800
v -10.1700 0.0000 0.0000
v 0.2900 -4.8700 0.2500
v 0.0000 0.0000 -9.2300
v -32.2400 -26.8000 0.0000
v -11.7900 -12.4300 0.0000
v 1.2800 2.0000 -35.8100
v 0.0000 -34.1600 0.0000
v 1.6100 -15.1900 13.7800
v 0.2900 -32.8200 -4.6200
v 2.6600 0.0000 0.0000
v 7.6800 -20.7000 0.0000
v 0.2900 -9.9300 0.4600
v 25.0400 0.0000 0.0000
v 0.0000 -2.4900 -25.1900
v -20.0900 -26.1500 3.6000
v 7.6800 -32.5700 -8.5700
v -0.5800 0.0000 0.0000
v 7.6800 0.0500 0.0500
v 0.0700 -9.8400 -18.4900
v -0.8800 -8.2500 0.0700
v 0.0300 0.0000 0.0000
v 7.6800 -24.8800 -39.6100
v 0.0700 0.0900 -5.6800
v 1.3600 1.6600 0.0000
v 0.0400 0.0000 0.0000
v -2.2700 -4.2600 0.4200
v 0.0000 0.0000 -14.6500
v 0.0000 -37.0400 -2.5300
v -9.5500 -11.7800 0.0400
v -4.8300 -9.7300 -4.3500
v -15.2900 -11.7600 -11.7600
v -35.1100 0.0500 0.0200
v 0.0600 0.0500 0.0300
v 0.0000 0.0600 0.0000
v 0.0000 0.0000 1.3300
v 5.2300 0.5300 14.8000
v 32.0700 15.6200 20.5500
v -4.8300 -9.7800 -4.3300
v -1.8800 -9.5500 -22.3200
v -35.1200 0.0500 0.0200
v 0.0600 0.0500 0.0300
v 0.0000 0.0600 0.0000
v 28.2400 9.8800 34.5200
v 0.2900 7.8100 0.4400
v 0.0000 0.0000 -3.4600
v -35.4600 -25.1900 0.0000
v 0.0000 -27.7600 0.0000
v 0.0000 -19.4600 0.0000
v 0.0700 -35.7600 -17.5300
v 0.0000 1.3300 -14.6700
v 2.6100 -32.2700 0.0000
v 7.6800 0.0000 -23.9300
v 0.0000 -22.9600 0.3900
v 0.0600 -10.4900 -0.2900
v 0.0300 0.0000 0.0000
v -9.9500 -4.8100 0.4400
v 0.0600 -4.4300 -19.7600
v -2.2100 0.0000 0.0000
v 0.0000 -21.0400 -29.3600
v -2.5200 -30.9600 0.0500
v -12.0900 -31.2900 0.0400
v 7.6800 -6.3200 -29.0300
v 0.0400 -0.6200 0.0800
v -11.4600 0.0000 0.0000
v 0.2900 -9.9200 0.6400
v -0.3200 -2.4800 -3.2000
v 0.0000 13.5300 7.4500
v 0.0000 -34.1600 0.0000
v 0.0000 -2.1800 -0.0400
v 0.4600 0.0000 0.1700
v 0.0000 -2.1800 -0.0400
v 0.0000 -2.1800 -0.0400
v 0.0000 -2.1800 -0.0400
v 0.0000 -2.1800 -0.0400
v 0.0000 -2.1800 -0.0400
v 0.0000 -2.1800 -0.0400
v 0.0000 -2.1800 -0.0400
v 0.0000 -2.1800 -0.0400
v 0.0000 -2.1800 -0.0400
v 0.0000 -2.1800 -0.0400
v 0.0000 -2.1800 -0.0400
v 0.0000 -2.1800 -0.0400
v 0.0000 -2.1800 -0.0400
v 0.0000 -2.1800 -0.0400
v 0.0000 -2.1800 -0.0400
v 0.0000 -2.1800 -0.0400
v 0.0000 -2.1800 -0.0400
v 0.0000 -2.1800 -0.0400
v 0.0000 -2.1800 -0.0400
v 0.0000 -2.1800 -0.0400
v 0.2900 -4.8100 0.4500
v -34.8000 0.0000 0.0000
v 0.0700 -3.1600 -1.8500
v -1.6000 -15.9300 -30.3300
v 0.0000 0.0000 -22.0000
v -8.5900 -10.1800 0.0500
v 0.2900 -4.2100 0.4200
v -25.2100 -15.3600 8.9600
v 0.0000 0.0000 -36.0800
v -3.4300 -0.2800 -36.4100
v -11.7800 -11.1400 -0.3100
v 12.1600 8.6100 1.8400
v 12.1600 8.6100 4.5300
v 7.6800 -0.9400 -12.7400
v 10.9400 17.0400 -32.5600
v -0.5600 -5.6900 -31.2700
v 0.0000 -30.0000 0.0600
v -2.5000 -6.9700 0.6700
v 0.3500 0.0000 0.0000
v 0.2700 27.6200 0.0000
v 7.6800 1.6000 0.0000
v 17.2800 0.0000 24.0000
v -15.0400 -1.2500 0.0000
v -2.8400 -0.2700 0.0500
v 0.0000 -35.1400 -2.8400
v 1.6500 -9.2100 0.0000
v 24.7200 -0.3100 6.4600
v 0.0000 0.0000 35.5200
v 0.0000 -0.3100 -2.5200
v 0.2900 -4.7100 0.4200
v -9.5700 2.9600 -7.9600
v 0.0800 0.0000 0.0000
v -0.3100 -38.6400 -21.6900
v -11.7800 -11.4600 0.0000
v 7.6800 -18.8100 0.0000
v -30.9600 0.0900 0.0900
v 0.0700 -1.5300 0.0000
v -9.1900 -0.3100 -2.4900
v 7.6800 -6.0200 0.0400
v 0.0000 -27.1200 -3.8000
v -0.2800 -4.4200 0.0000
v 0.0800 -0.3100 0.0600
v 7.6800 -12.7300 -16.9000
v -35.4500 -4.0800 -16.8800
v 0.0000 -30.6400 -0.2500
v -0.2700 -6.6500 -0.3100
v 0.0800 -0.3100 0.0600
v 0.2900 -1.8500 -2.1300
v 0.0500 -2.1600 -4.1000
v -5.0500 0.0000 0.0000
v -27.4400 -0.6100 -19.1300
v 0.0000 -29.3600 -37.0500
v -4.4400 -6.3400 0.0000
v 0.2900 -2.0100 0.5400
v -9.5400 -2.8200 -10.1700
v 0.0100 0.0000 -0.3100
v 2.9400 -16.2500 -4.4400
v 0.0000 16.3200 3.3000
v 0.1400 0.0100 0.0400
v 0.1400 0.8600 0.1000
v 0.0900 0.6300 0.0700
v 0.0900 0.2400 1.4700
v 0.5400 0.0600 0.1600
v 0.0300 0.2300 0.0200
v 7.6800 1.3100 0.6400
v -13.0900 0.0500 -6.0300
v 17.9200 -1.8600 -9.8600
v 0.0500 13.1700 0.0000
v 19.2800 -0.3100 4.8600
v 7.6800 -6.3300 0.0000
v 0.0700 -9.5300 0.0500
v 0.0400 0.0000 0.0000
v 0.0000 -38.6300 12.5600
v 0.2900 -4.4900 0.4100
v -12.4100 -2.5100 -8.2600
v -19.7500 0.0000 0.0000
v -26.4700 -0.6000 -28.4100
v -7.9500 -10.1800 0.0400
v 0.3700 0.0300 0.0100
v 0.0000 0.0000 2.3200
v 0.0000 11.2400 5.9600
v 11.2400 5.9600 0.1700
v 5.9600 0.1700 0.2800
v 0.1700 0.2800 1.2200
v -4.8300 -7.0800 0.5600
v 0.0000 -37.9900 -38.9700
v -2.1700 -12.0600 0.0000
v 0.0300 0.0100 -0.6200
v 0.0500 0.0400 0.0000
v 0.0700 0.0600 0.0000
v -0.2300 -0.2900 -0.0800
v -0.5700 -0.7100 -0.2000
v -0.9200 -0.9100 -0.1300
v -1.0900 0.5400 1.2100
v 7.6800 2.5600 0.0000
v 0.0500 -0.3100 0.0300
v 0.1000 0.0000 0.0000
v 25.6000 0.0000 2.1800
v -7.3900 -7.1300 0.6900
v -17.2200 0.0900 0.0500
v 35.5800 -12.7100 22.1700
v -2.2700 -4.6200 0.3700
v -32.5700 -13.3900 -18.8000
v -8.8800 0.0900 0.0000
v -19.4600 -8.8800 0.0300
v 0.0500 16.9900 0.0900
v 5.4100 -4.7100 -22.4700
v -21.7600 11.5200 -3.8100
v 0.0800 0.0500 -15.6200
v 14.4800 23.5200 7.0800
v -0.2300 -2.1100 -0.0600
v -2.2700 -4.8100 0.6400
v -32.5700 -15.2700 -3.4600
v -16.9000 -26.1600 0.0100
v 7.6800 2.5600 0.0000
v 19.5200 17.2800 30.1300
v -0.2300 -2.1100 -0.0600
v -0.2300 -2.1100 -0.0600
v -2.2400 -17.7600 -0.2300
v -0.2300 -2.1100 -0.0600
v 7.6800 2.5600 0.0000
v 6.4000 -18.2400 15.1200
v 0.0000 -0.0600 1.0500
v 0.0000 -0.0600 1.0500
v 0.0000 -0.0600 1.0500
v 0.0000 -0.0600 1.0500
v 0.0000 -0.0600 1.0500
v -36.8000 -12.8000 -2.8800
v -35.7600 0.0000 0.0000
v -7.3900 -7.3700 -6.9700
v 26.2800 25.1500 38.7700
v 8.8400 1.3700 -7.3000
v 7.6800 -8.8900 6.0800
v 3.8400 1.9200 -34.2400
v 8.7000 -31.6300 0.0000
v 0.0000 0.0000 -21.4400
v 0.0000 -17.2300 -12.7300
v 2.5900 -3.7900 -34.1500
v -3.4500 -17.5200 0.0000
v 0.0000 0.0000 -21.4400
v -23.0400 37.4400 10.8000
v 38.5600 37.4400 10.8000
v 33.2800 37.4400 10.8000
v 26.7200 37.4400 10.8000
v 0.2900 -10.0400 0.3900
v 0.0000 0.0000 -30.0200
v 26.5600 -36.1600 0.6400
v -29.4400 0.0000 0.0000
v 3.8400 1.9200 -34.2400
v 0.0000 0.0000 -21.4400
v -4.8300 -4.8400 -7.0000
v -19.7800 -0.5800 -25.8500
v -38.0000 -3.4600 -0.2900
v 7.6800 -4.7300 -12.7300
v 25.9700 17.6000 27.8400
v -35.8400 21.1200 0.0000
v -31.9300 0.0000 0.0000
v -35.8400 21.1200 0.0000
v -6.0400 -7.9400 8.6400
v 0.2900 -7.3800 -14.9700
v -33.8400 18.5600 8.6400
v -22.3400 2.9400 0.0000
v 0.2900 -7.3800 -9.6000
v -19.8400 18.5600 8.6400
v -10.1600 -0.8900 21.1700
v -29.0500 0.3900 0.0400
v -0.3100 -10.8000 -16.5600
v 3.5200 19.7600 1.0300
v 7.6800 5.1200 0.0000
v -27.1200 -28.7100 -19.7800
v 34.9400 -2.5400 9.0000
v 6.7200 7.4300 6.7200
v -1.4500 1.4200 -0.2200
v -1.4500 1.4200 -0.2200
v -1.4500 1.4200 -0.2200
v 0.0000 20.2400 -26.8000
v -16.8900 20.1600 -27.5200
v 0.2900 -9.3700 -2.0300
v 0.0000 0.0000 -38.9700
v 12.3900 33.5000 18.8000
v -13.8900 11.5900 24.9300
v 0.0000 2.7700 -4.9300
v 4.6600 4.4800 9.8100
v 3.9200 20.3800 25.6400
v 0.0000 2.7700 -20.3000
v 4.6600 1.9200 7.2500
v 0.2900 -1.9600 0.3500
v -7.3000 0.0000 0.0000
v 0.0000 0.0000 37.1700
v 0.0500 0.0000 0.0000
v 0.0000 0.0000 0.0500
v 20.2200 10.9300 -18.8100
v 0.0400 0.0000 0.0000
v -4.1000 -29.6900 -0.6000
v 0.0000 2.5500 -30.7200
v -0.4600 0.0000 0.0000
v 0.0000 -0.2500 0.0000
v -10.2400 0.0000 2.5500
v 0.0000 -0.0400 0.0000
v 0.0000 0.0000 -0.6500
v 0.0000 7.0700 -19.8200
v -17.5300 0.0000 0.0000
v -38.6400 0.0000 0.0000
v 0.0000 0.0000 -0.4800
v 0.0000 -0.3800 0.0000
v 0.0000 -0.8300 0.0000
v 0.0000 0.0000 -0.2000
v 0.0000 -0.5700 0.0000
v 13.5200 31.4500 27.9100
v -32.2500 0.0000 0.0000
v -31.2900 -12.1000 -18.7900
v 0.0000 -0.2400 0.0000
v 0.0000 -1.0300 0.0000
v 0.0000 -0.3500 0.0000
v 0.0000 0.1300 0.0000
v 0.0000 0.2100 0.0000
v 0.0000 0.2400 0.0000
v 0.0000 0.2600 0.0000
v 0.0000 0.2700 0.0000
v 0.0000 0.2600 0.0000
v 0.0000 0.2500 0.0000
v 0.0000 0.2300 0.0000
v 0.0000 0.2000 0.0000
v 0.0000 0.1700 0.0000
v 0.0000 0.1300 0.0000
v 0.0000 0.0200 0.0000
v 0.0000 -0.1800 0.0000
v 0.0000 -0.9200 0.0000
v 0.0000 -0.3200 0.0000
v 0.0000 -0.0300 0.0000
v -39.8000 0.6400 9.7700
v 0.0000 -1.8800 0.0000
v 0.0000 -15.9400 -26.8100
v 27.5800 0.0000 0.0000
v 0.0000 0.0000 -37.6700
v 7.6800 0.0100 0.0000
v -2.8600 -14.7200 -15.3600
v -5.4400 3.5200 0.0000
v -4.1600 33.2800 34.2400
v 0.0000 -2.5600 12.1600
v -9.5400 -1.2300 29.8300
v -10.8800 0.0000 0.0000
v -0.4300 -0.5600 0.5800
v -0.3600 -0.7200 -0.0500
v -0.3000 -0.8900 -0.6900
v -0.2400 -1.0500 -1.3300
v -0.1800 -1.2200 -1.9700
v -0.1100 -1.3800 -2.6100
v -0.0500 -1.5500 -3.2500
v 0.0000 -1.6700 -3.7300
v 7.6800 0.0300 0.0700
v 0.1000 0.1600 0.1000
v -18.1600 -32.2500 -20.7200
v 14.7800 0.0300 0.0000
v 7.6800 1.3500 29.1200
v -21.3600 0.0000 -8.9600
v 0.0000 0.0000 -25.8300
v -26.8300 12.2300 -19.7800
v -0.9400 0.0000 0.0000
v 7.6800 -1.5600 -10.1900
v 0.0000 0.0000 -21.6900
v -6.6600 0.0000 0.0000
v 7.6800 30.7500 -26.4900
v 0.0000 0.0000 -35.1100
v -9.5400 0.0000 0.0000
v 7.6800 -4.7400 2.6300
v 0.0400 0.0500 0.0800
v -0.5800 -23.2900 -36.4100
v 0.0300 0.0000 0.0000
v 7.6800 -4.8000 2.5600
v 0.0000 2.0100 -4.4200
v 0.0400 0.0000 0.0000
v 10.2400 0.0000 0.0000
v 7.6800 -19.1100 0.0000
v -38.6300 -15.5900 0.0000
v 0.0800 -9.8500 0.0400
v 0.0300 0.0000 0.0000
v 25.6800 0.0000 0.0000
v -4.4400 -4.4400 0.0000
v 20.4800 3.7400 -25.5600
v 17.9400 31.2200 -25.0000
v 7.6800 0.0400 -0.6200
v 0.0700 0.0600 -30.6500
v -0.2700 -4.4200 -22.9700
v 0.0000 -26.4900 0.0300
v -0.2700 0.0600 0.0000
v 0.0800 -0.3100 0.0600
v -2.2700 -1.9200 0.4400
v -31.2900 0.0000 0.0000
v -14.9600 -0.2900 -25.8500
v -6.6700 -11.1400 -0.2900
v 7.6800 1.6000 0.0000
v 20.4800 11.5200 -19.4700
v 1.0000 1.3300 -18.1700
v 0.0000 -30.3300 0.3500
v -0.2700 0.3800 0.0000
v 8.4000 -0.3100 2.3000
v 7.6800 3.8400 0.0000
v -11.4500 -19.1200 -8.2300
v -6.3200 0.0600 -26.8100
v -31.2800 -6.0300 0.0900
v -17.9200 18.2600 -24.1600
v -0.0300 0.4700 -0.2000
v 0.8900 0.0900 -1.0500
v 0.1100 -1.1400 1.1600
v 0.0000 0.0000 0.7600
v -2.2700 -22.7300 0.4800
v -36.0800 -7.0000 -8.2700
v -16.8900 21.5200 -36.7200
v 8.2000 9.0400 13.4900
v -22.7500 -20.0800 0.1300
v 8.7000 -16.9600 0.0000
v -29.0400 -37.6800 -0.2600
v 0.0100 -0.3100 0.0000
v 0.0000 10.2300 -2.5700
v 0.0700 -0.0300 0.0200
v 0.0000 -0.4800 0.3000
v 0.3500 0.8000 -0.3500
v -0.0600 -0.0100 -0.5600
v -0.3500 0.2600 0.3600
v 2.5500 -17.9300 -0.0100
v -0.5000 0.3100 0.7300
v 0.0000 -0.0900 -0.0100
v -0.0100 -33.2800 20.4800
v -0.0100 0.0000 0.0000
v -0.0100 0.0500 -0.0700
v -20.4900 -17.9200 0.0000
v -7.6800 0.0000 5.1100
v -0.0300 0.0000 0.0000
v 0.0000 0.0000 1.1500
v 0.8000 0.1300 0.0100
v 0.2900 -2.2200 0.3400
v -4.4200 -1.8600 -8.2700
v 0.0600 0.0000 0.0000
v 0.0000 14.4600 -36.0900
v -0.2400 0.0300 -26.1700
v 0.0000 -30.3200 -27.1300
v -4.1200 -6.9800 0.0000
v 0.2900 -2.2500 13.1100
v -3.4700 0.0000 0.0000
v 0.0000 -32.2500 0.0000
v 0.0600 22.8000 0.0000
v -0.8800 -0.2600 -9.8700
v -0.6100 -6.9900 0.0000
v -2.2700 -1.7100 0.4100
v -39.2800 -28.7200 -8.5700
v -20.0700 0.0000 0.0000
v -5.0700 -11.1300 -5.0700
v 0.2900 -4.6100 0.4300
v 3.5900 -27.1200 -7.9400
v 16.3200 0.0000 0.0000
v -17.8500 25.6700 -2.1900
v 10.5100 0.7200 19.2900
v 38.5600 0.0000 0.0000
v 7.6800 -11.1400 -5.7300
v 2.6200 -35.7800 0.0200
v 0.0300 0.0000 0.0000
v 7.6700 10.3200 5.0400
v 7.6800 2.5600 0.0000
v -33.5200 0.0000 0.0200
v 0.0500 -0.6200 0.0300
v -28.1500 2.5500 -0.0100
v 0.0000 0.0000 1.2700
v 7.6800 -3.7900 0.0000
v -8.5800 9.6600 8.3900
v 0.0000 -38.6600 25.3100
v -3.1600 6.7600 0.0000
v 0.2900 -3.8100 -2.0100
v -17.8500 -15.6100 -9.5400
v 0.0000 -13.3600 -19.4500
v -12.1600 6.7200 0.0000
v -8.2600 -17.5300 0.0300
v 8.4900 36.2400 1.9000
v 23.0400 21.4400 -12.4800
v 0.0000 0.0000 -15.0400
v 0.0000 -9.9200 0.0000
v 0.0000 -23.6800 0.0000
v 0.0000 0.0000 2.5600
v 24.6400 0.0000 0.0000
v -5.6800 -36.7200 -26.1600
v -4.7500 2.2900 0.0000
v 17.2800 2.6400 4.2100
v 0.2900 -4.7100 -2.1600
v 8.3900 -13.4100 -9.6000
v 0.0000 -6.6500 4.8600
v -12.1600 6.7200 0.0000
v 7.7700 1.3400 -12.4200
v 0.0000 -31.9200 -38.6700
v -5.7100 -18.1800 0.0000
v 0.2900 0.2300 0.4800
v -35.2000 0.0000 0.0000
v -29.3400 0.0000 0.0000
v -1.5700 -2.2000 -12.0800
v 7.6800 -4.1100 -0.3200
v -8.5800 -1.8600 9.0200
v 0.0000 -22.0100 27.5500
v -6.7000 1.3200 0.0000
v -7.3900 -7.4300 0.6300
v 0.0000 0.0000 26.6500
v -39.3300 -13.6700 -38.9700
v 0.0000 -19.1200 -4.4400
v -0.5800 -16.5700 0.0000
v -20.4100 -7.2800 0.0600
v -17.5400 0.0000 0.0000
v 7.6800 0.0600 0.0000
v 8.0000 -3.5200 21.7600
v 0.0000 -25.2000 -7.0000
v 7.6800 30.0800 0.0000
v -28.7200 9.0400 -33.5300
v -0.3100 4.1600 3.2000
v -7.8400 34.8400 6.2900
v 7.6800 30.0800 0.0000
v -7.3200 -17.2300 -22.9900
v -19.5200 -33.2800 0.0000
v 15.0400 3.8400 -5.7600
v 3.2600 -23.6300 0.0400
v 0.0000 4.1600 3.2000
v 7.6800 29.8100 -6.6700
v -16.5800 -18.1600 -33.5300
v 14.4600 1.0100 -16.5700
v 1.9800 -24.8900 0.0500
v 0.0000 4.1600 3.2000
v -34.5600 1.9200 -25.2800
v 5.3000 14.4100 12.0800
v -7.3900 -4.8700 0.6300
v 0.0000 0.0000 26.6500
v 0.0000 -9.8400 -4.4300
v 0.0600 -19.7700 0.0000
v -20.4100 -9.2000 0.0700
v -3.4800 0.0000 0.0000
v -2.5100 0.0500 -12.0700
v 2.9500 0.3900 -1.1900
v 0.2900 -12.6400 -22.5200
v -35.4400 -18.8000 -12.4200
v 0.0000 0.0000 -14.0000
v -4.6000 8.3400 11.0500
v 0.2900 0.2000 0.0800
v -10.2400 19.5200 -0.9600
v -13.4400 -20.8000 -37.7600
v 4.4800 0.0000 0.0000
v 0.0000 9.5900 4.2200
v 0.0000 17.3500 -7.3300
v 0.0000 22.1500 2.8400
v -35.5200 0.0000 0.0000
v -0.2600 -14.3300 -3.1500
v 0.0500 0.0000 0.0000
v 14.7200 2.2400 -30.6600
v 0.0000 0.0000 -10.5100
v -12.1600 -22.6600 3.2100
v 0.0000 14.7700 0.0000
v -0.2900 -15.6100 -11.4600
v 12.2200 0.0000 0.0000
v 7.6800 0.6900 -2.8300
v -1.5500 -2.8400 -5.9900
v -27.7600 -13.6900 -36.4100
v 7.6800 -1.8500 -3.1600
v 0.0100 0.1600 0.0100
v 0.0000 -36.4100 -21.6900
v -0.9200 -28.4000 -39.9200
v -10.1800 0.0400 -0.3100
v 0.2900 0.1200 0.3000
v 0.0000 0.0000 -13.7200
v -11.7800 0.0600 0.0700
v -15.0400 29.1200 33.0200
v 0.0600 0.0000 0.0000
v 0.0000 35.5800 0.0000
v -22.3200 0.0000 0.4100
v 8.6400 0.0000 0.3700
v 0.0000 0.3700 0.0000
v 0.0000 0.0000 0.3200
v 0.2900 -4.7700 -2.3300
v 0.0200 39.3600 0.0200
v -28.7300 -0.2600 0.0000
v 0.0000 -21.3800 -29.4100
v -9.8700 -8.9200 0.0000
v 0.2900 -4.7700 0.4200
v -0.3100 -14.6500 0.0200
v 0.0000 -6.3500 -13.0500
v 0.6900 15.4300 0.0000
v 0.2900 -7.4800 -2.1700
v -1.8700 -14.0100 0.0000
v 0.0000 -6.0200 -13.0500
v -24.2500 -6.0000 0.0000
v 0.2900 -4.2100 0.2800
v 0.0000 0.0000 -37.9900
v -6.0200 -23.6200 -36.1100
v -8.2900 -35.1300 0.0000
v -25.2300 -39.9400 -32.2500
v -0.2300 -0.5900 0.0600
v -32.5800 -23.6100 -6.3500
v 0.0000 0.0000 0.0800
v -12.6400 4.4000 -31.1600
v 7.6800 -14.9800 0.0000
v 22.0800 -7.0400 21.7600
v 0.2900 -20.1100 0.1800
v -9.5300 -11.7700 0.0000
v -28.1600 -0.6400 1.2800
v 0.0400 12.8000 1.2800
v 0.0400 12.8000 1.2800
v 7.6800 0.1100 0.0000
v 22.0800 -7.0400 21.7600
v -30.9500 2.8800 -15.6800
v 0.2900 -4.7800 -2.1800
v -0.2600 0.0000 0.0000
v -1.2500 -12.1000 18.9300
v -13.0600 -12.1100 0.0000
v 18.3000 -39.6000 -14.3400
v -23.2800 0.0000 0.0000
v -32.0000 12.8000 -31.0400
v 0.0000 0.0000 -31.3600
v 0.2900 -4.9200 -2.0000
v 0.0500 -29.3700 24.0800
v -1.8500 0.0000 0.0000
v 0.0000 18.8800 0.3900
v -0.3000 -12.1000 -4.1200
v -12.1000 -19.7800 0.0400
v 0.0500 -0.6200 0.0300
v 25.6000 0.0000 30.7200
v 0.0000 0.0000 1.0800
v 0.2500 0.0100 0.2100
v 0.6400 -0.0100 0.7800
v -0.0400 0.5600 0.0000
v -0.0400 0.9200 0.0400
v 0.6900 0.0000 0.0100
v 0.0000 7.6700 -7.6800
v 0.6300 -0.2100 -0.0300
v -0.0400 0.0000 0.0000
v 0.0000 0.0000 8.0800
v 0.7300 0.0300 0.6400
v 0.0100 0.0400 -0.0600
v 12.7900 -15.3600 0.0000
v -0.3200 -0.0400 0.9700
v 0.0000 0.0000 0.0500
v 0.0300 0.5700 0.0100
v 10.2400 0.0400 -0.0200
v -9.9500 -3.7300 0.6600
v 0.0400 0.0100 -1.2500
v -10.8100 -37.3600 -7.9300
v 23.2600 28.4500 29.0000
v 0.0000 0.0000 0.0300
v -0.0600 0.0000 0.0000
v 0.0500 -0.0800 0.0000
v 0.0200 0.0700 -0.1000
v 0.0000 0.0300 0.0900
v 0.0000 0.0000 0.0300
v 0.0100 0.0000 0.1800
v -0.2700 0.0100 0.0000
v 0.2200 -0.3000 0.0100
v 0.0700 0.2400 -0.3300
v 0.0000 0.0800 0.2600
v 0.0000 0.0000 0.0900
v 0.0200 0.0100 0.3400
v -0.4200 0.0200 0.0100
v 0.3600 -0.4200 0.0200
v 0.1000 0.3700 -0.4000
v 0.0000 0.1000 0.3700
v 0.0000 0.0000 0.0900
v 0.0300 0.0100 0.3800
v -0.0100 0.0300 0.0100
v 0.3500 0.0400 0.0300
v 0.0600 0.3500 0.0800
v 0.0000 0.0700 0.3400
v 0.0000 0.0000 0.0900
v 0.0100 0.0000 -0.0100
v 0.0300 0.0100 0.3700
v -0.0100 0.0100 0.0000
v 0.1200 0.0300 0.0100
v 0.3100 0.1100 0.0300
v 0.2500 0.3100 0.1000
v -0.0200 0.2800 0.3000
v 0.0000 -0.0300 0.2900
v -0.0300 0.0000 -0.0300
v 4.7500 12.2500 25.8600
v 0.0000 -0.0400 0.0000
v 0.0300 0.0000 -0.0400
v 0.0200 0.0100 0.3600
v -0.0300 0.0400 0.0000
v 0.1000 0.0200 0.0100
v 0.3000 0.1000 0.0200
v 0.2900 0.3000 0.1000
v -0.0500 0.2900 0.3000
v 0.0000 -0.0600 0.2900
v -0.0700 0.0000 -0.0600
v 4.9400 12.4600 10.3200
v 0.0000 -0.0700 0.0000
v 0.0600 0.0000 -0.0700
v 0.0200 0.0100 0.3600
v -0.0400 0.0600 0.0000
v 0.1000 0.0200 0.0100
v 0.3000 0.1000 0.0200
v 0.2900 0.3000 0.1000
v -0.0700 0.2900 0.3000
v 0.0000 -0.0700 0.2900
v -0.0800 0.0000 -0.0700
v 0.0000 -0.0800 0.0000
v 0.0600 0.0000 -0.0800
v 0.0200 0.0100 0.3600
v -0.0500 0.0600 0.0000
v 0.1000 0.0200 0.0100
v 0.3000 0.1000 0.0200
v 0.2900 0.3000 0.1000
v -0.0700 0.2900 0.3000
v 0.0000 -0.0700 0.2900
v -0.0800 0.0000 -0.0700
v 0.0000 -0.0800 0.0000
v 0.0600 0.0000 -0.0800
v 0.0200 0.0100 0.3600
v -0.0500 0.0600 0.0000
v 0.1000 0.0200 0.0100
v 0.3000 0.1000 0.0200
v 0.2900 0.3000 0.1000
v -0.0700 0.2900 0.3000
v 0.0000 -0.0700 0.2900
v -0.0700 0.0000 -0.0700
v 0.0000 -0.0700 0.0000
v 0.0600 0.0000 -0.0700
v 0.0200 0.0100 0.3600
v -0.0400 0.0600 0.0000
v 0.1000 0.0200 0.0100
v 0.3000 0.1000 0.0200
v 0.2900 0.3000 0.1000
v -0.0600 0.2900 0.3000
v 0.0000 -0.0600 0.2900
v -0.0700 0.0000 -0.0600
v 0.0000 -0.0700 0.0000
v 0.0500 0.0000 -0.0700
v 0.0200 0.0100 0.3600
v -0.0400 0.0500 0.0000
v 0.1000 0.0200 0.0100
v 0.0800 -0.0400 0.0500
v 0.3000 0.1000 0.0200
v 0.2900 0.3000 0.1000
v -0.0600 0.2900 0.3000
v 0.0000 -0.0600 0.2900
v -0.0600 0.0000 -0.0500
v 0.0000 -0.0600 0.0000
v 0.0500 0.0000 -0.0600
v 0.0200 0.0100 0.3600
v -0.0300 0.0500 0.0000
v 0.1000 0.0200 0.0100
v 0.3000 0.1000 0.0200
v 33.3600 30.7200 36.6600
v 0.2900 0.3000 0.1000
v -0.0500 0.2900 0.3000
v 0.0000 -0.0500 0.2900
v -0.0500 0.0000 -0.0500
v 0.0000 -0.0500 0.0000
v 0.0400 0.0000 -0.0500
v 0.0200 0.0100 0.3600
v -0.0300 0.0400 0.0000
v 0.1000 0.0200 0.0100
v 0.3000 0.1000 0.0200
v 0.2900 0.3000 0.1000
v -0.0400 0.2900 0.3000
v 0.0000 -0.0400 0.2900
v -0.0400 0.0000 -0.0400
v 0.0000 -0.0400 0.0000
v 0.0300 0.0000 -0.0400
v 0.0200 0.0100 0.3600
v -0.0200 0.0300 0.0000
v 0.1000 0.0200 0.0100
v 0.3000 0.1000 0.0200
v 0.2900 0.3000 0.1000
v -0.0300 0.2900 0.3000
v 0.0000 -0.0300 0.2900
v -0.0300 0.0000 -0.0300
v 0.0000 -0.0300 0.0000
v 0.0200 0.0000 -0.0300
v 0.0200 0.0100 0.3600
v -0.0200 0.0200 0.0000
v 0.1000 0.0200 0.0100
v 0.3000 0.1000 0.0200
v 0.2900 0.3000 0.1000
v -0.0200 0.2900 0.3000
v 0.0000 -0.0200 0.2900
v -0.0200 0.0000 -0.0200
v 0.0000 -0.0200 0.0000
v 0.0200 0.0000 -0.0200
v 0.0200 0.0100 0.3600
v -0.0100 0.0200 0.0000
v 0.1000 0.0200 0.0100
v 0.3000 0.1000 0.0200
v 0.2900 0.3000 0.1000
v -0.0100 0.2900 0.3000
v 0.0000 -0.0100 0.2900
v -0.0100 0.0000 -0.0100
v 0.0000 -0.0100 0.0000
v 0.0100 0.0000 -0.0100
v 0.0200 0.0100 0.3600
v 0.1000 0.0200 0.0100
v 0.3000 0.1000 0.0200
v 0.2900 0.3000 0.1000
v 0.0000 0.2900 0.3000
v 0.0000 0.0000 0.2900
v -4.8300 -7.1500 -14.5900
v 0.0500 0.0600 -27.1200
v -31.6000 -0.5700 0.0000
v -36.0900 0.0000 0.0000
v -17.8500 -1.2500 -1.5500
v 0.0000 -0.0200 0.0000
v -5.1200 7.6800 7.6800
v 0.0600 0.0200 0.0000
v -2.5600 2.5600 2.5500
v 7.6800 0.0000 0.0000
v 0.0000 -0.0100 0.0000
v 0.0000 0.1500 -0.1600
v 0.0000 0.1800 0.1900
v 0.0800 0.0200 0.0000
v 0.3600 -0.4000 0.0300
v 0.1300 0.1300 0.0400
v -7.3900 -4.6500 -4.5300
v -27.1200 -31.6000 -39.2900
v -24.5600 -25.5300 0.0000
v -36.0900 0.0000 0.0000
v -8.5900 -0.6300 0.9900
v 0.0800 0.0200 0.0000
v 2.5600 0.0000 38.7400
v 0.0200 0.0100 0.3100
v 0.2900 0.3000 0.1000
v 25.6000 5.1200 2.5600
v 0.1000 0.0200 0.0100
v 7.6800 0.0600 -15.9300
v -0.9000 -10.8000 -27.1200
v 0.0700 -1.2200 0.0000
v -0.3100 0.0000 0.0000
v 7.6800 4.5200 13.7600
v -1.8800 -21.0500 -23.2900
v 11.9000 -0.2800 0.0000
v -5.3600 -0.3100 -1.5400
v 19.6400 -34.5600 0.0000
v 7.6800 -17.1800 0.0000
v 0.0000 0.0000 0.0900
v 0.0800 -34.1600 -20.4000
v -35.4300 -38.6400 -24.5500
v 9.0200 -17.4500 26.7700
v 7.6800 0.1000 0.0000
v -0.6100 -3.4500 0.0900
v -7.3900 -7.4000 -6.5700
v 0.0300 0.0100 -0.9400
v 0.0000 0.0000 15.7200
v -4.7200 -6.3400 -1.8800
v -1.2600 1.4300 0.2600
v -0.6100 -1.1300 0.7900
v -0.0100 -0.1300 0.1300
v -1.1300 0.7900 -0.0600
v 25.5900 -28.1600 17.9100
v -0.1100 0.0600 -0.1700
v 0.7900 -0.0600 0.2500
v -30.7200 0.2000 0.0700
v 0.0400 -0.1600 0.4700
v -0.0600 0.2500 -0.4000
v -9.9500 -4.5200 8.0700
v 13.7600 0.0000 0.0000
v 0.0000 -1.2100 -3.8400
v 0.0500 2.6300 21.7900
v -4.7500 -10.8100 -1.8900
v 20.4800 10.9100 2.5700
v 7.6800 9.6600 -1.5600
v -0.6200 13.5100 -30.4000
v 7.6800 -5.6900 -2.8000
v 36.8800 -0.3100 9.6600
v -9.9500 -9.3300 0.6500
v 36.5500 -37.0400 -6.9900
v 7.0900 0.0000 0.0000
v -26.8100 -25.5100 -5.3900
v -9.9500 -4.4100 8.1700
v 2.9200 -6.3200 18.9200
v -8.5900 -16.8900 -17.5400
v 0.2900 -25.3000 -2.3600
v 8.6800 5.4700 0.0000
v -39.3600 -2.5600 11.5200
v 0.5900 -0.5900 -0.7800
v -0.6800 -0.1300 0.5900
v 0.5900 -0.5900 -0.7800
v -0.6800 -0.1300 0.5900
v 0.2900 -24.6900 -2.0900
v 4.5600 -8.2600 0.0000
v -39.6400 -2.5600 10.9000
v -0.6000 -0.2100 0.6000
v 19.8700 27.2900 36.2200
v -0.2300 0.6100 -0.5900
v 0.6100 -0.5900 -0.7800
v -0.5900 -0.7800 0.6100
v -0.5100 -0.2900 0.6200
v -0.2900 0.6200 -0.5900
v 0.6200 -0.5900 -0.7800
v -0.5900 -0.7800 0.6100
v -0.5100 -0.2900 0.6200
v -0.2900 0.6200 -0.5900
v 0.6200 -0.5900 -0.7800
v -0.5900 -0.7800 0.6100
v 20.3600 23.3900 33.8000
v -0.5100 -0.2900 0.6200
v -0.2900 0.6200 -0.5900
v 0.6200 -0.5900 -0.7800
v -0.5900 -0.7800 0.6100
v -0.5100 -0.2900 0.6200
v -0.2900 0.6200 -0.5900
v 0.6200 -0.5900 -0.7800
v -0.5900 -0.7800 0.6100
v 13.3200 5.1200 -0.5100
v -0.5100 -0.2900 0.6200
v -0.2900 0.6200 -0.5900
v 0.2900 -24.8900 -2.1500
v -0.5600 -7.2800 0.0000
v -37.0600 -2.5400 6.4400
v -0.6100 -1.0600 0.7800
v 0.8700 -0.6100 -1.0600
v -0.2700 0.8700 -0.6100
v -0.6700 -0.2700 0.8700
v -30.5400 -0.6700 -0.2700
v -0.6100 -1.0600 0.7800
v 0.3100 15.3600 0.0000
v 7.6800 3.8400 0.0000
v 36.5100 -33.5500 23.7300
v -36.4200 -0.3200 -10.2000
v -0.6700 -0.2800 0.9100
v -17.9200 -0.6700 -0.2800
v -1.1000 0.8000 -34.7400
v -0.6100 -1.1000 0.8000
v 0.9100 -0.6100 -1.1000
v -0.2800 0.9100 -0.6100
v -0.6700 -0.2800 0.9100
v 7.6800 3.8400 0.0000
v 23.4300 10.0100 0.0000
v -37.4200 -0.3200 -10.5500
v -0.5900 -0.3500 0.9800
v -0.3500 0.9800 -0.6200
v 0.9900 -0.6200 -1.1800
v -0.6200 -1.1800 0.8100
v 7.6800 3.8400 0.0000
v 38.1200 -35.7900 18.2900
v -37.7300 -0.3200 -10.5500
v -0.6700 -0.2800 0.9100
v 11.3600 3.2800 -1.4400
v -0.6400 -0.3100 0.9400
v -0.6300 -0.3200 0.9500
v -0.6200 -0.3200 0.9600
v -0.6200 -0.3300 0.9600
v -0.6100 -0.3300 0.9600
v -0.6100 -0.3400 0.9700
v -0.6000 -0.3400 0.9700
v -0.6000 -0.3500 0.9800
v -0.5900 -0.3500 0.9800
v -0.5900 -0.3500 0.9800
v -0.5800 -0.3600 0.9800
v -0.5800 -0.3600 0.9900
v -0.5900 -0.3500 0.9800
v -0.5900 -0.3500 0.9800
v -0.5900 -0.3500 0.9800
v 7.6800 3.8400 0.0000
v 23.4300 10.0100 0.0000
v -36.7900 -0.3200 -10.5500
v -0.5900 -0.3500 0.9800
v -0.6000 -0.3400 0.9700
v -0.5900 -0.3500 0.9800
v -0.5300 -0.4000 1.0200
v -0.4500 -0.4700 1.0800
v -0.3700 -0.5400 1.1400
v -0.3300 -0.5700 1.1700
v 29.1200 10.9200 2.5700
v 0.2900 -27.9600 -4.8900
v 6.4300 0.9600 -2.2300
v 7.6800 3.8400 0.0000
v -0.3300 -0.5700 1.1700
v 2.1100 0.0000 38.4300
v 0.9000 -0.5100 -1.0600
v 0.0000 0.0000 1.5400
v 0.0000 20.8900 22.9900
v 30.5600 0.0000 0.0000
v 0.0000 0.0000 1.8400
v -4.8300 -4.8200 -6.6100
v -3.1100 20.1600 8.9600
v -29.0400 -35.1100 -15.9100
v 0.0000 0.0000 15.7200
v -4.7200 -6.3400 -1.8800
v -0.5400 0.1200 -0.1000
v -0.6100 -1.1300 0.7900
v 0.0700 0.7900 0.2400
v 0.4700 -0.0500 0.9700
v -0.4000 -0.0300 0.1200
v -0.1000 0.0400 -0.1600
v 0.7900 -0.0600 0.2500
v 0.2400 -0.5400 0.1200
v 0.9700 -0.6100 -1.1300
v 33.2700 -25.6000 12.7900
v 0.2000 0.0700 0.7900
v -0.1600 0.4700 -0.0500
v 0.2500 -0.4000 0.0700
v -4.8300 -4.8200 -6.6100
v -29.0400 -35.1100 -15.9100
v 0.0000 0.0000 15.7200
v -4.7200 -6.3400 -1.8800
v -1.0400 0.8400 -0.1100
v -1.5200 -0.3700 0.8800
v 27.2000 0.0000 10.2400
v -28.1600 20.4700 -33.2800
v 0.1800 0.8400 0.6100
v 0.0900 1.4100 1.7600
v -0.6500 -0.0300 0.1200
v -0.0800 0.0100 -0.1900
v 0.8000 -0.0700 0.2400
v 0.6700 -1.2800 1.0700
v 1.9100 -1.5900 -0.3200
v 0.0600 0.2200 0.9100
v -0.1700 0.0500 1.5800
v 0.0400 -0.6700 0.0700
v -9.9500 -4.6100 8.0600
v 22.1600 -1.2800 -0.6400
v 13.7600 0.0000 0.0000
v 1.9600 17.0400 21.4800
v -6.6700 -15.6100 -10.5000
v -9.9500 -7.0700 3.1100
v 33.0400 -1.2800 -0.6400
v -24.2500 -19.1200 -5.7100
v -29.3800 0.0000 0.0000
v 4.7400 -35.6400 3.0400
v 7.6800 20.1700 -3.1600
v -8.3200 0.0000 0.0000
v 0.0000 0.0000 30.4000
v 0.0000 25.3600 4.1600
v -3.5200 -23.6800 -18.1700
v 30.7200 0.0000 0.0000
v -2.0200 -9.0900 -5.5500
v -1.1400 -10.2400 -6.6500
v -9.9500 -4.5100 0.4600
v 37.8400 -1.2800 -0.6400
v -18.1600 0.0000 0.0000
v 0.0500 -11.1200 21.8200
v -14.9700 -10.8000 -1.8900
v -38.6500 0.0000 0.0000
v 0.0600 0.0300 -4.1200
v 0.2900 -10.0100 -25.0200
v -36.8000 -8.3200 0.9600
v 1.9900 0.0800 -17.5400
v 0.2900 -12.5900 -25.0000
v 0.0000 -38.6400 -18.1500
v -36.7400 -16.9000 -22.9700
v 1.6700 0.0000 0.0000
v -39.4400 6.2100 0.3900
v 2.8500 -12.4600 -25.2400
v -15.0400 3.2000 23.0400
v -32.9600 0.0000 0.0000
v -12.7300 -0.5800 -0.5700
v 0.2700 -0.2000 0.1200
v 0.2700 -0.2000 0.1200
v 2.8500 -12.7600 -27.7200
v -16.9600 4.1600 32.6400
v -32.9600 0.0000 0.0000
v -9.5700 1.0300 30.4700
v 0.0600 -4.1200 -4.1200
v -0.6600 0.2400 0.6600
v 0.0000 -0.0100 0.0100
v -0.6500 -0.0200 -1.1100
v 0.0100 0.8000 -0.6600
v 7.6800 27.5200 -34.8000
v -5.0700 -12.7400 -36.4100
v -2.2700 -7.4600 0.5300
v 25.6000 -22.0000 0.0000
v 17.6600 15.7400 0.0000
v -2.2700 -2.0600 -2.1700
v -19.1200 6.4500 -20.7300
v 23.7700 0.0000 0.0000
v -1.2600 27.8900 30.1500
v -4.4600 9.9500 -6.6700
v 24.0700 -3.5200 -0.6400
v -6.6900 0.0000 0.0000
v 34.4600 -22.5500 10.9600
v -2.2700 -4.5200 -2.0400
v -23.6000 -6.0200 -20.7400
v -0.9300 -13.6800 23.4300
v -3.7800 8.7100 -6.6700
v 32.3900 -12.4300 -4.4400
v -8.2800 0.0000 0.0000
v -33.8500 -21.4000 -26.7900
v 7.6800 0.0000 1.6000
v 29.5000 -30.0400 38.4200
v -31.2900 9.3600 -2.8300
v 28.8000 -1.6000 7.3600
v 0.0000 0.6500 0.0000
v 0.6500 0.0000 0.0000
v 0.0000 0.0000 -0.0100
v 0.0000 2.5500 -2.5600
v 0.0000 -0.0100 0.0000
v 2.5500 -2.5600 1.9900
v -12.1400 -38.9800 -30.7200
v 0.0000 0.6500 0.0000
v 0.6500 0.0000 0.0000
v 0.0000 0.0000 -0.0100
v 0.0000 2.5500 -2.5600
v 0.0000 -0.0100 0.0000
v 2.5500 -2.5600 1.9900
v 7.6800 -29.0600 -38.0300
v -4.4300 -21.7400 -1.5200
v -20.1900 -27.2300 -9.6200
v -6.6300 -14.6500 0.7200
v 10.9100 0.0000 0.0000
v -33.2100 0.0000 0.0000
v -27.7600 -33.5200 -0.8900
v 0.0500 -0.6200 0.0300
v 0.0000 0.1000 0.0000
v 0.3200 0.2000 -0.0100
v 0.0200 0.3100 0.0000
v 0.6300 0.4200 -0.0100
v -0.0100 0.0000 0.0000
v 0.0600 0.6300 0.0000
v 0.6900 0.6400 -0.0100
v -0.0100 0.0000 0.0000
v 0.0100 0.6600 0.0000
v 0.5800 -0.1700 -0.0400
v -0.0200 0.0000 0.0000
v 0.0000 0.7000 0.0000
v 0.7300 0.2200 -0.0100
v -0.0300 0.0000 0.0000
v 0.0900 0.9600 0.0000
v 0.6200 -0.3000 -0.0400
v -0.0300 0.0000 0.0000
v 0.0200 0.7800 0.0000
v 0.6100 -0.3200 -0.0400
v -0.0400 0.0000 0.0000
v -0.0400 0.6000 0.0100
v 0.6300 -0.2100 -0.0300
v -0.0500 0.0000 0.0000
v 0.0600 0.6800 0.0100
v 0.6800 0.0000 -0.0200
v -0.0500 0.0000 0.0000
v 0.0300 0.8300 0.0100
v 0.6200 -0.3500 -0.0400
v -0.0600 0.0000 0.0000
v 0.0400 0.8800 0.0100
v 0.6300 -0.3100 -0.0400
v -0.0600 0.0000 0.0000
v 0.0400 0.8200 0.0100
v 0.5600 -0.2700 -0.0300
v -0.0700 0.0000 0.0000
v 0.0400 0.7100 0.0100
v 0.4700 -0.2300 -0.0300
v -0.0700 0.0000 0.0000
v 0.0300 0.5900 0.0100
v 0.3700 -0.1800 -0.0200
v -0.0700 0.0000 0.0000
v 0.0200 0.4500 0.0100
v 0.2700 -0.1300 -0.0100
v -0.1300 0.0000 0.0000
v 0.0100 0.3100 0.0600
v 0.1800 -0.0900 -0.0100
v -0.3900 0.0200 0.0000
v 0.0100 0.1900 0.1000
v 0.0900 -0.0400 0.0000
v 0.0800 0.0300 0.0100
v 0.0000 0.0800 0.1500
v 0.0300 -0.0100 0.0000
v 0.1100 0.0300 0.0100
v 0.0000 0.0100 0.3000
v 0.1000 0.0300 0.0100
v 0.0000 -0.0200 0.3000
v -0.0300 0.0100 0.0000
v 0.1000 0.0300 0.0100
v 0.0000 -0.0500 0.2800
v -0.0400 0.0200 0.0000
v 0.0900 0.0200 0.0100
v 0.0000 -0.0700 0.2600
v -0.0500 0.0200 0.0000
v 0.0800 0.0200 0.0000
v 0.0000 -0.0700 0.2300
v -0.0500 0.0200 0.0000
v 0.0700 0.0200 0.0000
v 0.0000 -0.0700 0.2000
v -0.0500 0.0200 0.0000
v 0.0600 0.0100 0.0000
v 0.0000 -0.0600 0.1800
v -0.0400 0.0200 0.0000
v 0.0500 0.0100 0.0000
v 0.0000 -0.0500 0.1500
v -0.0300 0.0100 0.0000
v 0.0400 0.0100 0.0000
v 0.0000 -0.0400 0.1200
v -0.0200 0.0100 0.0000
v 0.0300 0.0100 0.0000
v 0.0000 -0.0200 0.0900
v -0.0100 0.0000 0.0000
v 0.0200 0.0000 0.0000
v 0.0000 -0.0100 0.0600
v 0.0100 0.0000 0.0000
v 0.0000 0.0000 0.0300
v 7.6800 -13.0600 -27.1200
v 0.0000 -4.4100 -38.3200
v -2.2000 -3.4700 0.0100
v -0.3100 0.0000 0.0000
v 17.9900 0.0000 15.9200
v 7.6800 -1.8600 -5.4400
v 0.0000 -19.4500 5.4600
v -1.2700 6.4200 0.0000
v -5.0800 -0.3200 -1.2600
v -16.5700 -22.3700 -7.2900
v 2.8500 -6.8800 -19.8900
v -23.6400 3.8500 3.8900
v 26.8800 0.0000 0.0000
v -8.2600 1.0100 18.9400
v 0.0600 -3.4800 -3.8000
v -0.8400 0.9300 -0.1000
v 2.3000 -0.5300 3.4700
v 0.0000 23.6700 34.9100
v 0.0800 2.8200 0.7700
v 1.1600 -1.9600 0.9400
v -0.1000 -0.5400 0.0000
v 0.7700 -0.8400 0.9300
v 0.9400 2.3000 -0.5300
v 0.0500 0.0800 2.8200
v 0.0000 1.1600 -1.9600
v 0.9300 -0.1000 -0.5400
v 23.6700 30.7400 0.0200
v 0.0000 12.8000 20.4900
v 2.8200 0.7700 -0.8400
v -1.9600 0.9400 2.3000
v -0.5400 0.0000 1.1600
v -0.8400 0.9300 -0.1000
v 2.3000 -0.5300 3.4700
v 0.0800 2.8200 0.7700
v 1.1600 -1.9600 0.9400
v -0.1000 -0.5400 0.0000
v 2.8500 -7.6400 -22.3200
v -14.7200 3.5200 5.4800
v 26.8800 0.0000 0.0000
v -8.2500 1.0400 30.4800
v 0.0700 -5.7100 -6.0300
v 0.0900 3.1700 0.7700
v 0.1000 0.0000 0.3400
v -0.1500 0.0400 -0.6900
v 0.9300 -0.1000 -0.5400
v -1.9600 0.9400 2.3000
v 0.1000 2.1100 0.7700
v -0.2000 0.0100 -0.7100
v -0.1500 0.0400 -0.6900
v 0.9300 -0.1000 -0.5400
v -1.9600 0.9400 2.3000
v 0.0500 0.0800 2.8200
v 0.0000 1.1600 -1.9600
v -0.1000 -0.5400 0.0000
v -0.8400 0.9300 -0.1000
v 2.3000 -0.5300 3.4700
v 2.8200 0.7700 -0.8400
v -1.9600 0.9400 2.3000
v 0.0500 0.0800 2.8200
v 0.0000 1.1600 -1.9600
v -0.1000 -0.5400 0.0000
v -0.8400 0.9300 -0.1000
v 2.3000 -0.5300 3.4700
v 2.8200 0.7700 -0.8400
v -1.9600 0.9400 2.3000
v 0.0500 0.0800 2.8200
v 0.0000 1.1600 -1.9600
v 0.0500 0.0800 2.8200
v 0.0000 1.1600 -1.9600
v 0.9300 -0.1000 -0.5400
v 2.8200 0.7700 -0.8400
v -1.9600 0.9400 2.3000
v -0.5400 0.0000 1.1600
v 0.2400 15.1700 -20.0900
v -0.8400 0.9300 -0.1000
v 2.3000 -0.5300 3.4700
v 0.0800 2.8200 0.7700
v 1.1600 -1.9600 0.9400
v -0.1000 -0.5400 0.0000
v 0.2900 -10.0200 -19.5200
v 0.0700 0.0000 0.0000
v -0.2400 0.0500 -36.4100
v 0.0000 1.1800 0.0000
v 0.0000 -0.4300 0.6800
v 0.0000 0.0100 0.5100
v 0.0000 0.9600 0.0000
v 0.0100 0.0300 1.0200
v 0.0000 0.7500 0.0000
v 0.0200 0.0400 1.5400
v 0.0000 0.5300 0.0000
v 0.0300 0.0600 2.0500
v 0.0000 0.3200 0.0000
v 0.0400 0.0700 2.5700
v 0.0000 0.1000 0.0000
v 0.0500 0.0800 2.6900
v 0.0000 0.0500 0.0000
v -2.2700 -6.8000 -2.0900
v -39.9100 -19.7600 -35.4400
v 1.0400 0.0000 0.0000
v 0.0000 0.0000 0.1100
v -4.1100 -5.6900 -31.6100
v 32.3200 -3.5200 -0.6400
v -5.4400 0.0000 0.0000
v 11.2700 -22.9600 18.9600
v -12.1000 9.6800 3.2000
v 7.6800 16.6700 -14.6500
v -38.3300 -22.3300 2.2800
v 6.7900 5.4900 20.1900
v -1.8900 0.0000 0.0000
v -4.8300 -4.4200 -2.2700
v -34.1700 19.2000 -8.6400
v -2.5600 0.0000 0.0000
v 0.0000 -27.4500 18.8900
v 24.0800 0.6700 -29.3800
v -18.1900 19.8600 0.0000
v -9.9500 -6.6800 8.2500
v -8.3200 0.0000 0.0000
v 15.8900 0.0000 2.7200
v 22.4000 0.4100 19.5800
v 21.0200 0.0000 0.0000
v 7.6800 -17.2800 -1.8800
v -11.7600 -24.5600 11.2400
v 25.6700 10.2400 0.0000
v 21.6800 23.1000 0.0200
v 7.6800 -29.0600 -38.0200
v -23.9300 -21.7200 -26.1700
v 0.2900 -24.8200 -2.1400
v 37.1900 -14.9800 23.7500
v -7.6100 0.0000 0.0000
v 0.0000 -14.9700 -31.2800
v -13.0700 27.5700 17.0200
v -25.5500 0.0000 0.0000
v 0.2900 -27.6000 -2.3500
v -6.6900 -5.4200 13.1300
v -20.4200 0.0000 0.0000
v 0.0000 0.0000 -0.6000
v 0.0000 33.6500 -23.6100
v -33.9200 0.0000 0.0000
v 1.3900 8.3600 -34.4800
v 0.2900 -25.4300 -2.2400
v -5.3600 -14.6700 13.5100
v -5.0600 0.0000 0.0000
v 0.0000 0.0000 -11.4600
v 0.0000 15.4200 -31.2800
v -11.7900 24.3700 28.8600
v -33.2700 0.0000 0.0000
v 0.0000 18.2900 -20.1000
v -29.0400 -17.5300 -36.7200
v 0.0000 -24.8900 15.4200
v 7.6800 -6.3500 -9.6000
v -0.3200 0.0000 5.8200
v -0.3100 -12.7400 0.0000
v -36.7300 -10.5000 1.9200
v -1.2800 0.0000 0.0000
v -7.3900 -7.2700 -4.6300
v 0.0700 0.0600 -32.8900
v -23.9100 0.0900 0.0000
v 5.4400 0.0000 0.2800
v -27.1300 19.8900 -5.9900
v -11.4600 -38.3300 -2.1900
v -0.3100 -0.3100 -0.3100
v 4.4800 0.0000 0.2500
v 0.0000 0.0000 2.1200
v 0.2900 -9.7300 -4.4700
v -12.3900 -0.5700 -24.5600
v -8.2600 0.0000 0.0000
v -37.3500 2.0100 0.0000
v 0.0000 -0.6500 0.0000
v 2.0400 -8.3600 -10.9600
v -2.2700 -9.4400 -14.7100
v -15.3000 -9.9200 10.8800
v -4.8300 -9.9400 -4.8700
v -23.3000 14.4300 0.0000
v -7.3900 -9.9400 -2.1700
v 7.6800 16.4000 -15.3600
v -0.5800 -23.6200 0.0000
v 0.0300 0.0000 0.0000
v 0.0000 0.0000 0.0900
v -19.1200 0.0000 0.0000
v -4.8300 -7.1700 -7.2500
v -21.7000 16.3800 -22.6600
v -2.4800 0.0000 0.0000
v 0.0000 -35.1100 3.6100
v -17.5400 13.8100 0.0000
v 7.6800 11.5800 6.7700
v -6.9800 0.0000 0.0000
v 4.9200 30.7200 6.7400
v -20.1900 -7.0700 5.6400
v 8.0700 0.0000 0.0000
v -12.0800 -27.4300 0.0000
v 7.0700 36.8500 -0.2700
v 12.8500 -14.0000 -39.2900
v 13.1900 -1.2100 -23.9600
v -38.3500 0.0000 0.0000
v 7.6800 18.2900 -20.1000
v -29.0400 -17.5300 -36.7200
v 0.0000 -24.8900 15.4200
v 0.2900 -9.9600 -4.6000
v 0.0000 0.0000 -12.7400
v 0.0000 0.0000 -29.0700
v -23.9300 -17.8700 -37.6800
v -0.3900 0.0000 0.0100
v 0.0000 -0.0400 0.2600
v -0.3900 0.0000 0.0100
v 0.0000 -0.0400 0.2600
v -0.3900 0.0000 0.0100
v 0.0000 -0.0400 0.2600
v -0.3900 0.0000 0.0100
v 0.0000 -0.0400 0.2600
v 0.1400 21.0900 -5.2200
v -0.3900 0.0000 0.0100
v 0.0000 -0.0400 0.2600
v -0.3900 0.0000 0.0100
v 0.0000 -0.0400 0.2600
v -0.3900 0.0000 0.0100
v 0.0000 -0.0400 0.2600
v 7.6800 5.1200 1.2800
v 1.3300 0.0000 0.0000
v -6.3300 -13.0500 -26.1500
v -30.6400 -2.5200 -8.5700
v -2.5200 0.0000 0.0000
v 0.0000 0.0000 14.2500
v 0.2200 -0.3500 0.0000
v -0.7000 0.0000 2.4500
v 0.0000 2.4500 0.1800
v -0.1800 1.2700 -2.0300
v 1.2700 -2.0300 0.0000
v 0.0000 -15.9300 -13.6900
v 0.0000 0.0000 0.0800
v -3.1300 -17.5400 0.0600
v -18.8100 0.0000 0.0000
v -11.4400 0.0000 0.0000
v 4.1000 1.9700 0.6400
v 0.2900 -10.0400 -7.0700
v -6.6700 0.0000 0.0000
v 0.0700 -16.2500 -27.1200
v -16.5700 0.0700 0.0500
v 7.6800 0.0600 -23.0200
v 7.0700 6.7400 5.1800
v 4.8700 -5.7400 -5.0500
v 37.1800 -22.0300 0.0000
v 6.3700 1.5900 0.2400
v 0.2900 -14.8900 -14.4400
v -28.8000 0.0000 -18.4900
v -4.4000 0.0000 0.0000
v 0.0700 0.0400 -5.7100
v 0.0000 0.0000 0.3800
v 1.8700 0.0000 0.0000
v 0.3800 0.0000 -0.2800
v -0.4800 0.1800 -1.7000
v -0.2700 0.1900 0.0000
v 0.0000 -0.2800 -0.6900
v -2.2900 -1.9500 0.0000
v 0.0000 -0.3700 1.8700
v -0.6900 0.0000 -0.3700
v 0.0000 0.0000 0.4100
v 1.8700 0.0000 0.0000
v 0.4200 -0.0300 -0.2500
v -0.4200 0.1600 -1.5200
v -0.2500 0.1900 0.0000
v 0.0000 -0.2800 -0.6900
v -1.1500 -1.9500 0.0000
v 0.0000 -0.3700 1.8700
v -0.6900 0.0000 -0.3700
v 0.0000 0.0000 0.4500
v 1.8700 0.0000 0.0000
v 0.4500 -0.0500 -0.2400
v -0.2400 0.1900 0.0000
v 0.0000 -0.2800 -0.6900
v 0.0000 -1.9500 0.0000
v 0.0000 -0.3700 1.8700
v -0.6900 0.0000 -0.3700
v 0.0000 0.0000 0.4100
v 1.8700 0.0000 0.0000
v 0.3800 0.0000 -0.2800
v -0.3200 0.1900 0.0000
v 0.0000 -0.2800 -0.6900
v 0.0000 -1.9500 0.0000
v 0.0000 -0.3700 1.8700
v -0.6900 0.0000 -0.3700
v 0.0000 0.0000 0.0300
v 1.8700 0.0000 0.0000
v -0.1000 0.4200 -0.5900
v -0.6600 0.1900 0.0000
v 0.0000 -0.2800 -0.6900
v 0.0000 -1.9500 0.0000
v 0.0000 -0.3700 1.8700
v -0.6900 0.0000 -0.3700
v 0.0000 0.0000 -0.2300
v 1.8700 0.0000 0.0000
v -0.1700 0.5000 -0.6300
v -0.5700 0.1900 0.0000
v 0.0000 -0.2800 -0.6900
v 0.0000 -1.9500 0.0000
v 0.0000 -0.3700 1.8700
v -0.6900 0.0000 -0.3700
v 0.0000 0.0000 0.1300
v 1.8700 0.0000 0.0000
v -33.5400 36.8000 0.0000
v 0.2600 0.1200 -0.3500
v -0.2800 0.1900 0.0000
v 0.0000 -0.2800 -0.6900
v 0.0000 -1.9500 0.0000
v 0.0000 -0.3700 1.8700
v -0.6900 0.0000 -0.3700
v 0.0000 0.0000 0.8300
v 1.8700 0.0000 0.0000
v 0.8800 -0.7100 -0.0900
v -0.1100 0.1900 0.0000
v 0.0000 -0.2800 -0.6900
v 0.0000 -1.9500 0.0000
v 0.0000 -0.3700 1.8700
v -0.6900 0.0000 -0.3700
v 0.0000 0.0000 0.4400
v 1.8700 0.0000 0.0000
v 0.3200 -0.1900 -0.3400
v 27.2000 -16.9600 2.9900
v -0.3500 0.1900 0.0000
v 0.0000 -0.2800 -0.6900
v 0.0000 -1.9500 0.0000
v 0.0000 -0.3700 1.8700
v -0.6900 0.0000 -0.3700
v 0.0000 0.0000 0.2800
v 1.8700 0.0000 0.0000
v 0.2800 -0.0900 -0.3500
v -0.3500 0.1900 0.0000
v 0.0000 -0.2800 -0.6900
v 0.0000 -1.9500 0.0000
v 0.0000 -0.3700 1.8700
v -0.6900 0.0000 -0.3700
v 0.0000 0.0000 0.3000
v 1.8700 0.0000 0.0000
v 0.3100 -0.0400 -0.3300
v -0.3200 0.1900 0.0000
v 0.0000 -0.2800 -0.6900
v 0.3700 -27.5200 2.1200
v 0.0000 -1.9500 0.0000
v 0.0000 -0.3700 1.8700
v -0.6900 0.0000 -0.3700
v 0.0000 0.0000 0.3500
v 1.8700 0.0000 0.0000
v 0.3700 -0.0200 -0.2900
v -0.2800 0.1900 0.0000
v 0.0000 -0.2800 -0.6900
v 0.2900 -12.5000 5.4800
v -2.8200 0.0000 0.0000
v 0.0000 -7.9400 0.0000
v 8.6900 -31.6100 0.0000
v -2.2700 -7.4800 0.6400
v -34.8000 0.0000 25.6000
v -15.3600 0.0000 0.0000
v -32.2300 -2.1800 -15.9300
v 0.0000 -0.2800 1.8700
v 0.0000 -0.2800 1.8700
v 0.0000 -0.2800 1.8700
v 0.0000 -0.2800 1.8700
v 0.0000 -0.2800 1.8700
v 0.0000 -0.2800 1.8700
v 7.6800 0.0000 1.2800
v 0.0600 0.0000 0.0000
v 0.0800 -2.5200 0.0600
v 0.0000 2.4500 0.1800
v 0.0800 -14.2600 24.9600
v 0.0000 0.0000 -28.1600
v 2.5600 0.0000 0.0000
v 0.0000 2.4500 0.1800
v 0.0000 -18.2300 -5.1000
v 0.0100 11.6800 0.0100
v 30.1400 22.4600 -35.8400
v 2.2400 -19.2000 -0.6400
v 7.6800 -24.8900 -21.3500
v 10.5600 5.7600 -7.3600
v -12.0900 -32.2400 0.0000
v -7.3900 -9.7300 8.3300
v -32.5600 0.0000 0.0000
v 0.0000 0.0000 0.1100
v -9.5300 0.4000 -18.5000
v -15.2800 0.0000 0.0000
v -27.1200 -29.6700 -8.2700
v -38.6500 -9.5300 -8.8900
v -27.1200 -37.3600 -1.2100
v 0.0500 -0.6200 0.0300
v 0.1000 0.0000 0.0000
v -0.0100 0.2500 0.0100
v 0.0300 0.4300 0.0000
v 0.6100 -0.0100 0.6700
v 0.7700 0.0100 0.6600
v 0.5800 -0.1700 -0.0400
v 0.7000 0.0000 0.0000
v -0.0100 1.0000 0.1200
v 0.0400 0.8400 0.0000
v -0.2900 -0.0400 0.8900
v 0.0000 0.0000 0.0100
v 0.0000 0.0100 -0.0200
v 0.8000 -0.0400 0.6000
v 0.6300 -0.2100 -0.0300
v -0.0300 0.0000 0.0000
v 0.6800 0.0100 0.0300
v -0.0200 0.7300 0.0300
v 0.0400 -0.0500 0.0000
v 0.0400 0.8500 0.0100
v -0.3000 -0.0400 0.9400
v 0.0000 0.0000 0.0500
v 0.0100 0.0500 -0.0700
v 0.9400 0.0500 0.8600
v 0.5600 -0.6000 -0.0500
v -0.2400 0.0100 0.0000
v 0.6700 0.0800 0.2600
v -0.0600 0.5100 0.0200
v 0.3700 -0.3500 0.0300
v 0.0000 0.0800 0.0600
v 0.0200 0.0000 -0.0200
v 0.0300 0.0100 0.3800
v 0.1700 0.3200 0.1200
v -0.1000 0.0000 -0.0900
v -0.0700 0.1000 0.0000
v 0.1000 0.0300 0.0100
v -23.3600 0.2200 -17.4500
v -0.0900 0.2900 0.3000
v 0.0000 -0.0800 0.0000
v 0.3000 0.1000 0.0200
v 0.0000 -0.0700 0.2800
v 0.0600 0.0000 -0.0800
v 0.0200 0.0100 0.3300
v 0.2500 0.2600 0.0800
v -0.0700 0.0000 -0.0700
v -0.0400 0.0600 0.0000
v 0.0700 0.0200 0.0000
v -0.0600 0.2100 0.2100
v 0.0000 -0.0700 0.0000
v 0.3200 -0.0400 0.0500
v 0.1800 0.0600 0.0100
v 0.0000 -0.0500 0.1600
v 0.0400 0.0000 -0.0500
v 0.0100 0.0000 0.1800
v 0.1300 0.1300 0.0400
v -0.0400 0.0000 -0.0400
v -0.0200 0.0300 0.0000
v 0.0300 0.0100 0.0000
v -0.0300 0.0900 0.0900
v 0.0000 -0.0300 0.0000
v 0.0600 0.0200 0.0000
v 0.0000 -0.0200 0.0400
v 0.0100 0.0000 -0.0100
v 0.0000 0.0000 0.0300
v 0.0100 0.0100 0.0000
v -4.8300 -7.1500 -14.5400
v 0.0500 0.0600 -27.1200
v -31.6000 -0.5700 -11.4600
v -36.0900 0.0000 0.0000
v -17.8500 -1.2500 -1.5500
v 0.0000 -0.0200 0.0000
v -0.0200 0.0000 -0.0200
v 0.0300 -0.0400 0.0000
v 0.0000 -0.0200 0.0000
v 0.0000 0.0700 -0.0800
v 0.0100 0.0000 -0.0100
v 0.0000 0.0000 0.1100
v 0.0000 0.0100 0.0000
v 0.0400 0.0100 0.0000
v 36.6400 0.0000 0.0000
v 0.1500 0.0500 0.0100
v 0.1800 0.1900 0.0600
v 0.0000 0.2200 0.2200
v 0.0000 0.0000 0.2500
v -0.3200 0.0200 0.0000
v 0.3400 -0.3600 0.0300
v 0.0100 0.3600 -0.4000
v 0.0200 0.0100 0.3200
v 0.0400 0.0100 0.0000
v 7.6800 3.8400 0.0000
v -3.7700 0.0000 0.0000
v -1.2300 -0.6200 -0.2900
v 0.0400 0.0100 0.0000
v 0.0300 0.0100 0.0000
v 0.0100 0.0000 0.1900
v 10.3600 3.9100 0.6400
v 0.2800 0.2800 0.0900
v 0.2400 0.0800 0.0200
v 0.0600 0.0100 0.0000
v 0.0100 0.0000 0.1400
v 7.6800 13.1900 -4.7600
v -8.8900 0.0000 0.0000
v -9.9500 -7.1700 0.6500
v -8.2600 0.0000 0.0000
v 0.0000 0.0000 -9.5100
v -12.0900 0.0000 0.0000
v 7.6800 0.0100 0.0000
v 0.0300 0.2200 0.2200
v -0.6800 -5.3000 2.7300
v 1.2600 -3.9300 0.3800
v -22.7500 -0.9500 5.7100
v 23.4300 19.9100 0.0000
v 2.2900 20.8700 -25.2000
v 26.3100 11.2800 -21.7300
v -38.3700 0.0000 0.0000
v -20.1900 -4.5200 5.6000
v 13.1200 0.0000 0.0000
v -12.4000 -27.4400 0.0000
v 7.0700 36.5300 -0.2700
v 12.8500 -14.0000 -39.2900
v 14.7900 6.1500 -22.6800
v -38.3500 0.0000 0.0000
v 6.4000 9.9000 22.0600
v 6.4000 9.9000 22.0600
v -22.0000 1.3600 -8.3200
v -20.1600 -39.6800 9.9200
v -0.3800 0.0000 0.0000
v -0.3800 0.0000 0.0000
v -0.3800 0.0000 0.0000
v -0.3800 0.0000 0.0000
v -0.3800 0.0000 0.0000
v -0.3800 0.0000 0.0000
v -0.3800 0.0000 0.0000
v -0.3800 0.0000 0.0000
v -0.3800 0.0000 0.0000
v -0.3800 0.0000 0.0000
v -0.3800 0.0000 0.0000
v -0.3800 0.0000 0.0000
v -0.3800 0.0000 0.0000
v -0.3800 0.0000 0.0000
v -0.3800 0.0000 0.0000
v -0.3800 0.0000 0.0000
v -0.3800 0.0000 0.0000
v -0.3800 0.0000 0.0000
v -0.3800 0.0000 0.0000
v -0.3800 0.0000 0.0000
v -0.3800 0.0000 0.0000
v -0.3800 0.0000 0.0000
v -0.3800 0.0000 0.0000
v -0.3800 0.0000 0.0000
v -0.3800 0.0000 0.0000
v -0.3800 0.0000 0.0000
v -0.3800 0.0000 0.0000
v -0.3800 0.0000 0.0000
v -0.3800 0.0000 0.0000
v -0.3800 0.0000 0.0000
v -0.3800 0.0000 0.0000
v -0.3800 0.0000 0.0000
v -0.1800 0.0000 0.0000
v 0.0800 0.0000 0.0000
v 0.3400 0.0000 0.0000
v 0.6000 0.0000 0.0000
v 0.8700 0.0000 0.0000
v 1.1300 0.0000 0.0000
v 1.2600 0.0000 0.0000
v 1.2600 0.0000 0.0000
v 1.2600 0.0000 0.0000
v 1.2600 0.0000 0.0000
v 1.2600 0.0000 0.0000
v 1.2600 0.0000 0.0000
v 0.2900 -7.2000 0.6000
v -35.4300 -5.3600 0.0000
v -31.2900 -17.5300 0.0200
v -16.8900 0.0000 0.0000
v 7.6800 10.6600 0.0000
v 0.0000 0.0000 0.1000
v -15.0700 -14.4500 8.3400
v -8.3200 0.0000 0.0000
v 0.0600 2.9700 -24.2300
v 0.0000 0.0000 -6.0000
v -21.0500 0.0700 -6.6400
v -0.8400 0.9300 -0.1000
v 1.1600 -1.9600 0.9400
v 0.0600 2.1600 0.5900
v 0.2700 0.0000 0.0000
v -0.0400 -0.2500 0.0000
v 0.4400 1.0700 -0.2500
v 0.1400 -0.1500 0.1700
v 0.0000 0.2100 -0.3600
v 0.0000 0.0000 -0.0400
v 0.0000 1.2000 0.0000
v -0.0500 0.0000 0.0300
v 0.1100 -0.0500 -0.1300
v 7.6800 -17.2000 -2.8000
v 25.4600 -13.5600 8.7200
v -13.5600 9.1200 2.2200
v 20.8700 -11.1400 0.0000
v 8.0000 1.1700 -1.9900
v -21.1200 -8.0000 -6.0800
v 0.0600 -0.0100 0.2900
v 0.9300 -0.1000 -0.5400
v -1.9600 0.9400 2.3000
v -0.8400 0.9300 -0.1000
v 1.1600 -1.9600 0.9400
v 36.4800 -16.9600 -12.0900
v 0.0500 0.0800 2.8200
v -0.5200 1.1600 -1.9600
v 0.0800 2.8200 0.1700
v 1.1600 -1.9600 0.9400
v 2.8200 0.1700 -0.3700
v -1.9600 0.9400 2.3000
v 0.1700 -0.3700 0.2000
v 0.9400 2.3000 -0.5300
v -0.3700 0.2000 -0.3000
v 2.3000 -0.5300 3.4700
v 0.2000 -0.3000 -0.4300
v -7.3000 0.0000 0.0000
v -3.1600 -1.2500 -0.9400
v 0.0000 0.0000 0.9300
v 0.0000 0.0000 0.5500
v 31.2500 -13.8400 0.0000
v 0.0000 0.0000 0.0600
v 27.1200 0.0000 0.0000
v 0.2600 -0.9300 0.2400
v 6.1500 2.5900 0.1900
v 0.0000 0.3500 -0.7400
v 0.0000 0.0000 0.4500
v 0.3200 -0.1900 -0.7000
v 0.0000 0.2800 -0.1600
v 0.0000 0.0000 0.2300
v 0.0000 30.7100 -15.3700
v 0.0000 0.0000 17.9100
v 0.0000 10.3100 3.6000
v -4.0900 -8.2400 0.0100
v 0.0600 0.0000 0.0000
v 31.3600 0.3600 16.9000
v -4.8300 -4.3200 -2.1600
v 0.0000 0.0000 35.5700
v 0.0000 -14.9700 -26.5100
v -14.9800 -6.9600 0.0000
v 14.7700 -34.5000 0.0000
v -2.8500 0.0000 0.0000
v 23.1300 6.6500 23.1300
v 0.0000 0.0000 -31.5900
v 0.9600 30.4000 24.9600
v -2.5200 -3.1600 -26.1500
v 0.0900 3.1700 0.7700
v 0.1000 0.0000 0.3400
v 0.2900 0.1000 0.0900
v -0.5400 0.0000 0.0500
v 2.3000 -0.5300 3.4700
v 0.0600 -0.0100 0.2900
v 0.9300 -0.1000 -0.5400
v -1.9600 0.9400 2.3000
v 0.7800 -0.8400 0.9300
v 0.0000 1.1600 -1.9600
v 0.0700 2.8200 0.7800
v 0.2900 0.0600 0.0700
v -0.5800 0.0100 0.0000
v 2.3000 -0.5300 3.4700
v 0.0600 -0.0100 0.2900
v 0.9500 -0.0800 -0.6000
v -1.9600 0.9400 2.3000
v 0.7900 -0.8500 0.9600
v 0.0000 1.1600 -1.9600
v 0.0600 2.9300 0.7900
v 0.2900 0.0800 0.0700
v -0.5800 0.0100 0.0000
v 2.3000 -0.5300 3.4700
v 0.0600 -0.0100 0.2900
v 0.9300 -0.1000 -0.5400
v -1.9600 0.9400 2.3000
v 0.7300 -0.8100 0.8600
v 0.0000 1.1600 -1.9600
v 0.2100 2.1800 0.6600
v 0.2900 -0.3300 0.2900
v 0.0800 -0.3100 0.0000
v 2.3000 -0.5300 3.4700
v 0.0600 -0.0100 0.2900
v 0.6200 -0.3400 0.1900
v -1.9600 0.9400 2.3000
v 0.5700 -0.7000 0.6200
v 0.0100 1.1600 -1.9600
v 0.3700 1.3300 0.5700
v 0.0000 0.0000 0.0100
v 0.2900 -0.5500 0.3900
v 0.1900 -0.3600 0.0000
v 2.3000 -0.5300 3.4700
v 0.0600 -0.0100 0.2900
v 0.6200 -0.3400 0.1900
v -1.9600 0.9400 2.3000
v 0.5700 -0.7000 0.6200
v 0.0100 1.1600 -1.9600
v 0.4300 0.9500 0.5700
v 0.0000 0.0000 0.0100
v 0.2900 -0.7000 0.4400
v 0.1800 -0.3500 0.0000
v 2.3000 -0.5300 3.4700
v 0.0600 -0.0100 0.2900
v 0.6200 -0.3400 0.1800
v -1.9600 0.9400 2.3000
v 0.5700 -0.7000 0.6200
v 0.0200 1.1600 -1.9600
v 0.4600 0.6500 0.5700
v 0.0000 0.0000 0.0200
v 0.2900 -0.8200 0.4700
v 0.1700 -0.3500 0.0000
v 2.3000 -0.5300 3.4700
v 0.0600 -0.0100 0.2900
v 0.6300 -0.3400 0.1700
v -1.9600 0.9400 2.3000
v 0.5700 -0.7000 0.6300
v 0.0300 1.1600 -1.9600
v 0.4800 0.4700 0.5700
v 0.0100 0.0000 0.0300
v 0.2900 -0.8800 0.4800
v 0.1600 -0.3400 0.0100
v 2.3000 -0.5300 3.4700
v 0.0600 -0.0100 0.2900
v 0.6300 -0.3300 0.1500
v -1.9600 0.9400 2.3000
v 0.5800 -0.7100 0.6400
v 0.0400 1.1600 -1.9600
v 0.4700 0.4300 0.5800
v 0.0100 0.0000 0.0500
v 0.2900 -0.8900 0.4700
v 0.1400 -0.3400 0.0100
v 2.3000 -0.5300 3.4700
v 0.0600 -0.0100 0.2900
v 0.6400 -0.3300 0.1400
v -1.9600 0.9400 2.3000
v 0.5800 -0.7100 0.6400
v 0.0600 1.1600 -1.9600
v 0.4600 0.4900 0.5800
v 0.0100 0.0000 0.0600
v 0.2900 -0.8600 0.4600
v 0.1200 -0.3300 0.0100
v 2.3000 -0.5300 3.4700
v 0.0600 -0.0100 0.2900
v 0.6500 -0.3200 0.1200
v -1.9600 0.9400 2.3000
v 0.5900 -0.7100 0.6500
v 0.0700 1.1600 -1.9600
v 0.4500 0.5600 0.5900
v 0.0200 0.0000 0.0700
v 0.2900 -0.8400 0.4500
v 0.1000 -0.3100 0.0200
v 2.3000 -0.5300 3.4700
v 0.0600 -0.0100 0.2900
v 0.6600 -0.3100 0.0900
v -1.9600 0.9400 2.3000
v 0.5900 -0.7200 0.6600
v 0.0800 1.1600 -1.9600
v 0.4400 0.6400 0.6000
v 0.0200 0.0000 0.0900
v 0.2900 -0.8100 0.4300
v 0.0700 -0.3000 0.0200
v 2.3000 -0.5300 3.4700
v 0.0600 -0.0100 0.2900
v 0.6700 -0.3000 0.0700
v -1.9600 0.9400 2.3000
v 0.6000 -0.7200 0.6700
v 0.1000 1.1600 -1.9600
v 0.4200 0.7200 0.6000
v 0.0300 0.0000 0.1000
v 0.2900 -0.7700 0.4200
v 0.0400 -0.2900 0.0300
v 2.3000 -0.5300 3.4700
v 0.0600 -0.0100 0.2900
v 0.6800 -0.2900 0.0400
v -1.9600 0.9400 2.3000
v 0.6100 -0.7300 0.6900
v 0.1200 1.1600 -1.9600
v 0.4100 0.8200 0.6100
v 0.0300 0.0000 0.1200
v 0.2900 -0.7300 0.4000
v 0.0100 -0.2700 0.0300
v 2.3000 -0.5300 3.4700
v 0.0600 -0.0100 0.2900
v 0.7000 -0.2800 0.0100
v -1.9600 0.9400 2.3000
v 0.6200 -0.7400 0.7000
v 0.1300 1.1600 -1.9600
v 0.3900 0.9200 0.6200
v 0.0400 0.0000 0.1400
v 0.2900 -0.6900 0.3800
v -0.0100 -0.2600 0.0400
v 2.3000 -0.5300 3.4700
v 0.0600 -0.0100 0.2900
v 0.7100 -0.2700 -0.0200
v -1.9600 0.9400 2.3000
v 0.6300 -0.7400 0.7100
v 0.1500 1.1600 -1.9600
v 0.3700 1.0400 0.6300
v 0.0400 0.0000 0.1500
v 0.2900 -0.6400 0.3700
v -0.0400 -0.2400 0.0400
v 2.3000 -0.5300 3.4700
v 0.0600 -0.0100 0.2900
v 0.7200 -0.2600 -0.0500
v -1.9600 0.9400 2.3000
v 0.6400 -0.7500 0.7300
v 0.1700 1.1600 -1.9600
v 0.3500 1.1500 0.6400
v 0.0500 0.0000 0.1700
v 0.2900 -0.6000 0.3500
v -0.0800 -0.2200 0.0500
v 2.3000 -0.5300 3.4700
v 0.0600 -0.0100 0.2900
v 0.7400 -0.2500 -0.0900
v -1.9600 0.9400 2.3000
v 0.6500 -0.7500 0.7400
v 0.1800 1.1600 -1.9600
v 0.3300 1.2800 0.6500
v 0.0500 0.0000 0.1900
v 0.2900 -0.5500 0.3300
v -0.1100 -0.2100 0.0500
v 2.3000 -0.5300 3.4700
v 0.0600 -0.0100 0.2900
v 0.7500 -0.2300 -0.1200
v -1.9600 0.9400 2.3000
v 0.6600 -0.7600 0.7600
v 0.2000 1.1600 -1.9600
v 0.3100 1.4000 0.6600
v 0.0600 0.0000 0.2000
v 0.2900 -0.5000 0.3100
v -0.1500 -0.1900 0.0600
v 2.3000 -0.5300 3.4700
v 0.0600 -0.0100 0.2900
v 0.7700 -0.2200 -0.1600
v -1.9600 0.9400 2.3000
v 0.6700 -0.7700 0.7700
v 0.2200 1.1600 -1.9600
v 0.2900 1.5300 0.6700
v 0.0600 0.0000 0.2200
v 0.2900 -0.4500 0.2800
v -0.1900 -0.1700 0.0600
v 2.3000 -0.5300 3.4700
v 0.0600 -0.0100 0.2900
v 0.7900 -0.2100 -0.2000
v -1.9600 0.9400 2.3000
v 0.6800 -0.7800 0.7900
v 0.2300 1.1600 -1.9600
v 0.2700 1.6600 0.6800
v 0.0700 0.0000 0.2400
v 0.2900 -0.3900 0.2600
v -0.2300 -0.1500 0.0700
v 2.3000 -0.5300 3.4700
v 0.0600 -0.0100 0.2900
v 0.8000 -0.2000 -0.2400
v -1.9600 0.9400 2.3000
v 0.6900 -0.7800 0.8100
v 0.2500 1.1600 -1.9600
v 0.2500 1.8000 0.6900
v 0.0700 0.0000 0.2500
v 0.2900 -0.3400 0.2400
v -0.2700 -0.1300 0.0700
v 2.3000 -0.5300 3.4700
v 0.0600 -0.0100 0.2900
v 0.8200 -0.1800 -0.2800
v -1.9600 0.9400 2.3000
v 0.7000 -0.7900 0.8200
v 0.2600 1.1600 -1.9600
v 0.2300 1.9300 0.7100
v 0.0700 0.0000 0.2700
v 0.2900 -0.2900 0.2200
v -0.3000 -0.1100 0.0800
v 2.3000 -0.5300 3.4700
v 0.0600 -0.0100 0.2900
v 0.8300 -0.1700 -0.3100
v -1.9600 0.9400 2.3000
v 0.7100 -0.8000 0.8400
v 0.2800 1.1600 -1.9600
v 0.2000 2.0600 0.7200
v 0.0800 0.0000 0.2800
v 0.2900 -0.2300 0.2000
v -0.3400 -0.1000 0.0800
v 2.3000 -0.5300 3.4700
v 0.0600 -0.0100 0.2900
v 0.8500 -0.1600 -0.3500
v -1.9600 0.9400 2.3000
v 0.7200 -0.8000 0.8500
v 0.2900 1.1600 -1.9600
v 0.1800 2.1900 0.7300
v 0.0800 0.0000 0.2900
v 0.2900 -0.1800 0.1800
v -0.3800 -0.0800 0.0800
v 2.3000 -0.5300 3.4700
v 0.0600 -0.0100 0.2900
v 0.8600 -0.1500 -0.3900
v -1.9600 0.9400 2.3000
v 0.7300 -0.8100 0.8700
v 0.3000 1.1600 -1.9600
v 0.1600 2.3200 0.7400
v 0.0900 0.0000 0.3100
v 0.2900 -0.1300 0.1600
v -0.4100 -0.0600 0.0900
v 2.3000 -0.5300 3.4700
v 0.0600 -0.0100 0.2900
v 0.8800 -0.1300 -0.4200
v -1.9600 0.9400 2.3000
v 0.7400 -0.8200 0.8800
v 0.3100 1.1600 -1.9600
v 0.1400 2.4500 0.7500
v 0.0900 0.0000 0.3200
v 0.2900 -0.0800 0.1400
v -0.4500 -0.0400 0.0900
v 2.3000 -0.5300 3.4700
v 0.0600 -0.0100 0.2900
v 0.8900 -0.1200 -0.4600
v -1.9600 0.9400 2.3000
v 0.7500 -0.8200 0.9000
v 0.3200 1.1600 -1.9600
v 0.1200 2.5700 0.7600
v 0.0900 0.0000 0.3200
v 0.2900 -0.0300 0.1200
v -0.4800 -0.0300 0.0900
v 2.3000 -0.5300 3.4700
v 0.0600 -0.0100 0.2900
v 0.9100 -0.1100 -0.4900
v -1.9600 0.9400 2.3000
v 0.7600 -0.8300 0.9100
v 0.3300 1.1600 -1.9600
v 0.1000 2.6900 0.7600
v 0.0900 0.0000 0.3300
v 0.2900 0.0000 0.1000
v -0.5100 -0.0100 0.0900
v 2.3000 -0.5300 3.4700
v 0.0600 -0.0100 0.2900
v 0.9200 -0.1000 -0.5200
v -1.9600 0.9400 2.3000
v 0.7700 -0.8300 0.9200
v 0.3400 1.1600 -1.9600
v 0.0900 2.8000 0.7700
v 0.1000 0.0000 0.3400
v 0.2900 0.0500 0.0800
v -0.5400 0.0000 0.1000
v 2.3000 -0.5300 3.4700
v 0.0600 -0.0100 0.2900
v 0.9300 -0.0900 -0.5400
v -1.9600 0.9400 2.3000
v 0.7800 -0.8400 0.9300
v 0.3400 1.1600 -1.9600
v 0.0800 2.8100 0.7800
v 0.1000 0.0000 0.3400
v 0.2900 0.0400 0.0800
v -0.5400 0.0000 0.1000
v 2.3000 -0.5300 3.4700
v 0.0600 -0.0100 0.2900
v 0.9300 -0.1000 -0.5400
v -1.9600 0.9400 2.3000
v 0.7700 -0.8400 0.9300
v 0.3400 1.1600 -1.9600
v 0.0800 2.9300 0.7700
v 0.1000 0.0000 0.3400
v 0.2900 0.1300 0.0900
v -0.5400 0.0000 0.1000
v 2.3000 -0.5300 3.4700
v 0.0600 -0.0100 0.2900
v 0.9300 -0.1000 -0.5400
v -1.9600 0.9400 2.3000
v 0.0000 24.6400 -3.2000
v -8.5700 -18.4900 -32.5800
v -30.3200 0.0000 0.0000
v -4.8300 -7.3700 -4.7400
v -16.2400 19.2700 -8.5600
v -2.4900 0.0000 0.0000
v 0.0000 4.2300 -20.7300
v -21.7000 13.4900 0.0800
v -7.3900 -7.1700 0.5700
v -1.2400 -39.6000 -20.4500
v 0.9600 1.6000 -25.8300
v -1.8500 -10.1600 -6.9400
v 0.9600 0.0000 2.5500
v 0.0000 -0.6500 0.0000
v 7.6800 9.3100 8.0800
v -35.8400 21.1200 0.0000
v 0.0000 8.7100 35.2800
v -6.6600 -33.5200 2.6200
v 5.5300 -0.3100 1.3500
v -9.9500 -7.3800 0.3900
v -8.2500 0.0000 -11.1300
v -38.4000 1.2800 16.9600
v -8.0000 -10.8100 14.0800
v -13.6700 -4.0800 0.0000
v 7.6800 -24.5600 -34.5000
v -18.4800 0.4000 -6.3300
v 10.5600 5.7600 -7.3600
v 0.0000 -9.1900 -33.8500
v 2.2600 0.0000 17.3900
v -2.2700 -4.3100 0.4700
v 0.0000 0.0600 0.0000
v -17.5400 -12.7200 -4.0900
v 7.6800 -4.8000 9.9200
v 25.6000 0.0000 0.0000
v -5.1200 -6.0800 -8.5700
v 0.0000 -0.9600 -1.7400
v 0.5200 1.1400 0.0000
v -1.7400 0.0000 0.6500
v 0.0000 -1.0800 -2.1700
v 25.6000 0.2600 -24.4200
v 0.0000 -0.9600 -1.7400
v 0.2600 -10.9700 -27.1900
v 0.5200 1.1400 0.0000
v -1.7400 0.0000 0.6500
v 0.0000 -1.0800 -2.1700
v 7.6800 0.0000 0.0000
v 0.0000 -38.4000 0.0000
v 34.8800 0.0000 0.0000
v -4.8300 -7.2700 8.2600
v -8.2500 -9.9200 10.8800
v -7.9300 5.8400 -31.6100
v -6.3400 0.0000 0.0000
v 7.6800 19.2200 -3.4700
v -0.9200 37.8300 -20.7300
v 0.0000 0.0000 -27.7700
v -17.8600 0.0000 0.0000
v 7.6800 0.1100 -33.2000
v 0.1100 -4.1200 -10.8000
v -27.1300 0.0000 0.0000
v 0.0000 -39.2700 -1.5200
v -7.6800 0.4600 -0.4800
v 3.8600 29.7600 19.8400
v 2.8500 -6.8800 -2.2100
v -2.8300 22.7800 -24.2600
v -0.3200 -0.9600 32.3200
v 0.0000 -37.7600 0.0000
v -4.7600 0.0000 0.0000
v -4.8300 -4.4700 0.6600
v 0.0000 -13.6900 -19.1300
v 0.0900 -33.2100 0.0700
v -2.5200 0.0600 0.0000
v 0.0300 -0.3100 -0.0300
v -0.1000 0.8500 0.0900
v 7.6800 -3.4800 -0.3200
v 22.7700 28.8500 -32.6100
v 0.0000 -31.6200 0.0300
v 3.5700 9.3300 0.0000
v 0.0000 37.1800 -23.3600
v 0.2900 -4.7200 0.2700
v -22.0100 -11.2000 7.6800
v 18.5600 0.0000 0.0000
v 0.0000 15.4300 -18.1900
v 0.0000 -26.4900 -32.9200
v 0.0400 -4.4400 0.0000
v 33.2800 0.0000 0.0000
v 0.0000 0.0000 2.8800
v -2.2700 -4.5100 -9.7500
v 6.8000 0.0000 0.0000
v -34.7900 -13.0500 -10.1700
v 0.0500 0.0800 2.8200
v -0.0400 0.3600 -0.7600
v 0.4400 0.1800 0.7400
v 28.9600 19.6800 -15.0000
v -0.8400 0.9300 -0.3100
v 0.0500 0.0800 2.8200
v -0.0400 0.3600 -0.7600
v -0.8400 0.9300 -0.3100
v 0.0500 0.0800 2.8200
v -0.0400 0.3600 -0.7600
v -0.8400 0.9300 -0.3100
v 0.0500 0.0800 2.8200
v -0.0400 0.3600 -0.7600
v -0.8400 0.9300 -0.3100
v 0.0500 0.0800 2.8200
v -0.0400 0.3600 -0.7600
v -0.8400 0.9300 -0.3100
v 0.0500 0.0800 2.8200
v -0.0400 0.3600 -0.7600
v -0.8400 0.9300 -0.3100
v 0.0500 0.0800 2.8200
v -0.0400 0.3600 -0.7600
v -0.8400 0.9300 -0.3100
v 0.0500 0.0800 2.8200
v -0.0400 0.3600 -0.7600
v -0.8400 0.9300 -0.3100
v 0.0500 0.0800 2.8200
v -0.0400 0.3600 -0.7600
v -0.8400 0.9300 -0.3100
v 0.0500 0.0800 2.8200
v -0.0400 0.3600 -0.7600
v -0.8400 0.9300 -0.3100
v 0.0500 0.0800 2.8200
v -0.0400 0.3600 -0.7600
v -0.8400 0.9300 -0.3100
v 0.0500 0.0800 2.8200
v -0.0400 0.3600 -0.7600
v -0.8400 0.9300 -0.3100
v 0.0500 0.0800 2.8200
v -0.0400 0.3600 -0.7600
v -0.8400 0.9300 -0.3100
v 0.0500 0.0800 2.8200
v -0.0400 0.3600 -0.7600
v -0.8400 0.9300 -0.3100
v 0.0500 0.0800 2.8200
v -0.0400 0.3600 -0.7600
v -0.8400 0.9300 -0.3100
v 0.0500 0.0800 2.8200
v -0.0400 0.3600 -0.7600
v -0.8400 0.9300 -0.3100
v 0.0500 0.0800 2.8200
v -0.0400 0.3600 -0.7600
v -0.8400 0.9300 -0.3100
v 0.0500 0.0800 2.8200
v -0.0400 0.3600 -0.7600
v -0.8400 0.9300 -0.3100
v 0.0500 0.0800 2.8200
v -0.0400 0.3600 -0.7600
v -0.8400 0.9300 -0.3100
v 0.0500 0.0800 2.8200
v -0.0400 0.3600 -0.7600
v -0.8400 0.9300 -0.3100
v 0.0500 0.0800 2.8200
v -0.0400 0.3600 -0.7600
v -0.8400 0.9300 -0.3100
v 0.0500 0.0800 2.8200
v -0.0400 0.3600 -0.7600
v -0.8400 0.9300 -0.3100
v 0.0500 0.0800 2.8200
v -0.0400 0.3600 -0.7600
v -0.8400 0.9300 -0.3100
v 0.0500 0.0800 2.8200
v -0.0400 0.3600 -0.7600
v -0.8400 0.9300 -0.3100
v 0.0500 0.0800 2.8200
v -0.0400 0.3600 -0.7600
v -0.8400 0.9300 -0.3100
v 0.0500 0.0800 2.8200
v -0.0400 0.3600 -0.7600
v 7.6800 0.0000 0.0000
v 0.0000 12.5400 0.0000
v 0.0000 0.0000 -23.9200
v 0.0000 -13.3700 -0.6100
v -0.2800 -11.1400 -3.8000
v -22.9600 -4.7500 -0.2600
v -0.3100 0.0000 0.0000
v 0.2900 -9.7300 0.4800
v -16.2500 0.0000 0.0000
v 0.0000 0.0000 -31.6000
v 0.0000 0.0000 0.0900
v -10.8200 -20.4100 -0.9400
v 0.0700 0.0000 0.0000
v 7.6800 0.0000 1.2800
v 0.0000 0.0500 0.0600
v -10.5000 0.0300 -0.6200
v 0.0500 0.0000 0.0000
v -16.5800 15.1000 -0.2900
v -2.2200 -0.3200 -0.6400
v 0.0000 2.4500 0.1800
v 0.1000 18.5600 0.0000
v 0.0000 2.4500 0.1800
v 0.2900 -1.4600 -9.7600
v -5.7100 0.0000 0.0000
v 0.0000 0.0000 0.1100
v 0.0000 7.0400 0.0000
v 0.0200 10.9100 16.0900
v -2.5100 -14.9800 0.0700
v -2.8400 0.0000 0.0000
v -6.0400 -11.7800 0.0300
v -6.6800 0.0000 0.0000
v 0.0000 0.0000 -23.6800
v 1.2800 5.7600 0.0000
v 3.2000 25.9200 0.0000
v -27.4400 0.0000 0.0000
v 2.8500 -4.7100 0.3200
v 22.1100 -24.5700 -6.3400
v -5.3800 0.0000 0.0000
v 0.0000 -9.5200 18.5600
v 0.6800 20.5300 -1.8900
v -10.8300 34.3000 -14.0200
v 0.0000 -10.8100 -0.3000
v -25.1900 -24.8700 1.3500
v 0.0000 -20.1000 0.0000
v 0.0100 0.0000 0.0000
v 11.4300 6.9600 10.8000
v 0.0000 13.8300 -17.1900
v -37.9800 10.3400 11.2700
v 0.0000 0.0000 37.4400
v 2.8500 -9.9500 -4.5400
v 0.0000 0.0000 0.0900
v 0.2900 -32.6700 0.5600
v -21.3800 20.1800 8.6400
v -31.4400 6.0800 1.9000
v 7.6800 38.5000 -0.9600
v 0.0000 0.0000 37.5200
v -1.5300 -3.1600 0.0900
v 14.1700 0.0000 0.0000
v -0.8800 0.0600 -0.9400
v 0.0000 25.0100 11.2600
v -0.9400 -1.2200 31.7500
v 0.1000 0.0800 -2.5200
v -4.8300 -9.9900 -12.0900
v -29.6800 -36.0900 -5.6900
v -25.8400 -0.9400 -0.3100
v -23.6800 0.0000 26.8800
v 0.0000 -36.4000 0.0000
v 6.1500 -1.2100 -39.9400
v 29.7600 9.2800 14.0800
v -9.9200 0.0000 0.0000
v -1.9100 -6.3400 -5.0700
v 0.0000 0.0600 0.2500
v 0.8400 0.1000 0.6000
v -0.6300 0.5900 0.1000
v 0.3100 -0.3500 0.3400
v 1.4300 0.6400 -0.6300
v -0.0200 2.0100 0.9800
v 0.0500 0.5100 0.5200
v -0.0600 -0.1700 1.4300
v -1.7200 0.0100 0.1600
v -0.2400 -0.0600 -0.3200
v 0.3000 -2.3000 -0.0100
v 0.0000 0.0000 -0.0600
v 0.1000 0.4500 -1.7200
v 0.0000 0.0600 0.2500
v 0.8400 0.1000 0.6000
v -0.6300 0.5900 0.1000
v 0.3100 -0.3500 0.3400
v 1.4300 0.6400 -0.6300
v -0.0200 2.0100 0.9800
v 0.0500 0.5100 0.5200
v -0.0600 -0.1700 1.4300
v -1.7200 0.0100 0.1600
v -0.2400 -0.0600 -0.3200
v 0.3000 -2.3000 -0.0100
v 0.0000 0.0000 -0.0600
v 0.1000 0.4500 -1.7200
v 0.0000 0.0600 0.2500
v 0.8400 0.1000 0.6000
v -0.6300 0.5900 0.1000
v 0.3100 -0.3500 0.3400
v 1.4300 0.6400 -0.6300
v -0.0200 2.0100 0.9800
v 0.0500 0.5100 0.5200
v -0.0600 -0.1700 1.4300
v -1.7200 0.0100 0.1600
v -0.2400 -0.0600 -0.3200
v 0.3000 -2.3000 -0.0100
v 0.0000 0.0000 -0.0600
v 0.1000 0.4500 -1.7200
v 0.0000 0.0600 0.2500
v 0.8400 0.1000 0.6000
v -0.6300 0.5900 0.1000
v 0.3100 -0.3500 0.3400
v 1.4300 0.6400 -0.6300
v 0.0000 -5.4400 0.0000
v -2.2400 0.0000 0.0000
v 0.0000 0.0000 -8.5700
v 0.0000 0.0000 1.1600
v 0.7400 0.0000 0.0000
v -0.7700 0.4500 0.0000
v 36.0000 12.6400 0.0000
v 1.2300 -1.2700 0.7400
v 0.6000 0.7500 -0.7700
v 0.0000 1.4100 1.2300
v 0.0000 0.7400 0.2800
v 0.0000 0.0000 0.6000
v -0.9400 0.0000 -0.4100
v 0.0000 23.0400 0.0000
v 1.1600 0.0000 0.0000
v 0.0000 1.1200 0.0000
v 0.0000 0.0000 23.0400
v 0.0000 -0.4400 0.0000
v 0.0000 0.0000 -0.9400
v 0.0000 0.0000 1.1600
v 0.7400 0.0000 0.0000
v -0.7700 0.4500 0.0000
v 7.6800 0.0000 0.0000
v 6.4700 -19.7700 -22.9800
v -9.8600 -0.3100 32.7000
v 0.0000 -36.4300 0.0000
v 22.4100 20.8200 -20.4000
v -21.1200 0.0000 0.0000
v 7.6800 -1.8900 -8.9000
v 0.0000 7.1100 -16.5800
v 0.0100 0.0000 0.0000
v -2.8000 -15.9500 -14.0100
v 23.7200 -39.2800 0.0000
v 0.0000 0.0000 -2.1600
v -4.7600 0.0000 0.0000
v 0.2900 -25.3600 0.1600
v -24.9600 -11.4500 -2.8300
v 0.0000 0.0000 28.2300
v 0.0000 -3.8400 -20.8000
v 0.0500 0.0000 0.0000
v 13.1200 -19.4700 0.0000
v -4.8300 -2.2800 0.3800
v -16.6000 -20.0900 0.0500
v 1.0000 0.0000 -2.2100
v -0.9400 -7.6200 0.0000
v 7.6800 2.5600 0.0000
v -30.6900 -3.1800 -10.5000
v -11.1300 1.0400 11.5900
v -0.0800 -0.9800 0.2400
v 0.0000 -0.0800 -0.9800
v 7.6800 2.5600 0.0000
v -28.7300 -2.2100 -0.2600
v 0.0600 -0.9400 0.0400
v -0.0800 -0.9800 0.2400
v 7.6800 2.5600 0.0000
v -27.4400 4.5600 17.0200
v -0.0800 -0.9800 0.2400
v -0.0800 -0.9800 0.2400
v -0.0800 -0.9800 0.2400
v 0.0000 0.0000 14.4000
v 0.0000 -28.1600 0.0000
v 0.2900 -7.4200 -4.6000
v -15.6200 -18.8200 -6.6700
v 7.6800 2.5600 0.0000
v -28.7100 -2.1700 -35.7600
v -37.0400 -18.4800 1.3500
v 0.0600 -0.9400 0.0400
v -0.0800 -0.9800 0.2400
v 0.2900 -32.9800 0.2300
v 8.0000 -0.9600 -11.1300
v -3.2000 -9.2800 -1.2500
v -21.4400 21.1200 8.6400
v -22.6500 0.0000 0.0000
v 7.6800 -10.1700 -0.5900
v 0.0000 -27.7500 -12.1000
v -31.3000 -39.9300 3.2600
v 0.9600 0.0000 0.0000
v 7.6800 0.0700 5.5100
v -10.1600 0.0900 0.0000
v 0.0000 -3.1200 -28.0900
v 0.0500 -14.9700 -5.0500
v 0.0600 0.0000 0.0000
v 7.6800 0.0000 0.0000
v 0.0700 -16.2300 -11.1400
v 0.0000 -30.9600 -4.4300
v 0.0600 -28.4000 0.0100
v 0.0300 0.0000 0.0000
v 0.6400 18.5200 0.0100
v 5.4100 -2.1600 0.3300
v -12.4200 0.0000 4.4800
v 0.0000 0.0000 6.1300
v 0.0000 3.2700 -10.5600
v -16.8800 -0.2300 0.0000
v -0.3100 -21.6800 3.8700
v -14.3400 26.9200 0.0400
v 7.6800 0.0900 0.0000
v 0.0700 -29.6800 -34.4900
v 0.0000 0.0000 -17.2200
v 0.0000 -11.4600 0.0000
v 0.0000 -34.4900 0.0000
v -10.1500 0.0000 0.0000
v 0.0000 0.0000 -27.7600
v 7.6800 2.2600 -2.8500
v 0.0000 -10.8000 -17.2200
v -0.3100 0.0000 0.0000
v 0.2900 -4.6900 -7.1800
v -11.1400 -1.5200 -8.2500
v -6.6700 0.0000 0.0000
v 0.0900 -17.5100 0.0000
v -37.6900 -13.6800 0.0400
v 23.9100 0.5100 -33.5600
v 0.2900 -4.6900 0.4800
v -11.1400 0.0000 0.0000
v 0.0000 -5.6800 0.0900
v -28.0900 -14.3300 -2.5000
v 7.6800 -1.5300 0.0900
v -5.3700 -38.0000 -1.5400
v 0.0500 0.0000 0.0000
v 0.2900 0.2600 0.6400
v 0.0600 -19.7800 -27.4500
v 0.0600 0.0000 0.0000
v -6.3400 -0.8900 -4.4000
v 0.0300 0.0100 -0.6200
v -10.8200 -2.8100 -34.8100
v 0.0000 0.1600 30.1700
v -37.4400 -32.0000 -9.9200
v 20.1600 -22.7200 0.0000
v -20.4200 -22.0200 4.8500
v 10.3100 -2.5300 2.6200
v 0.3400 -0.2100 1.5000
v 0.0000 -0.1400 0.0000
v 1.7300 0.0000 -0.1400
v -1.0900 1.7300 0.0000
v -35.8400 1.2500 14.2800
v 0.3100 -1.0900 1.7300
v -3.1600 0.0000 0.0000
v -37.3400 -32.2800 -9.8700
v 17.9500 -22.6900 0.0000
v -20.0900 -22.0100 2.9400
v 6.8000 -2.5300 1.6600
v 0.3400 -0.2100 1.5000
v 0.0000 -0.1400 0.0000
v 1.2700 0.0000 -0.1400
v 7.6800 3.8400 0.0000
v 25.3100 -16.3100 -17.9000
v 17.9500 -22.0500 0.0000
v 16.9600 13.1300 14.4500
v 6.7200 -0.6400 1.6000
v 0.2300 -0.8400 1.3200
v -0.8400 1.3200 0.0000
v 1.3200 0.0000 -0.1400
v 0.0000 -0.1400 0.0000
v 1.3200 22.0800 0.2300
v 0.2300 -0.8400 1.3200
v -0.8400 1.3200 0.0000
v 1.3200 0.0000 -0.1400
v -15.0700 0.2600 0.6900
v -19.7800 0.0300 -36.4100
v 0.0700 -12.7200 -36.0900
v -25.5300 0.0000 0.0000
v 0.0500 0.0200 -1.8900
v 1.0200 -7.3000 -7.6200
v 0.4700 0.0000 -0.1400
v 0.0000 2.5500 -35.8400
v 0.2900 -3.8400 2.7900
v 25.9600 12.2100 -8.8900
v 2.8800 0.0000 0.0000
v -11.7500 5.5300 0.0000
v 28.4800 0.6400 -11.5200
v 0.0000 18.5600 13.1200
v -2.2700 -1.5500 0.4800
v -27.7600 0.0000 0.0000
v -1.8900 -23.9200 -13.0500
v -7.9500 -10.8200 0.0500
v 7.6800 -6.9700 -9.5400
v 0.0600 -10.4900 0.0700
v 0.0500 0.0000 0.0000
v 0.2900 -9.7600 -20.0700
v -9.8400 0.0000 0.0000
v 0.2900 -19.9900 0.4100
v -19.1100 0.0000 0.0000
v -11.7600 -2.8200 -12.7400
v 0.0000 -16.2500 38.1600
v -2.8100 -29.6800 0.0000
v -18.7800 -3.1300 -37.6800
v 0.0000 -3.1300 -25.5100
v 0.0000 0.0000 -11.4500
v 11.9200 0.0000 0.0000
v 0.0000 -20.0900 0.0000
v -18.7800 -23.6100 -4.0900
v 0.0000 0.0000 -14.6500
v 0.0000 -28.7200 0.0000
v -18.7900 -16.5800 -4.0900
v 0.6700 2.5700 4.3800
v 5.3300 -10.0500 1.9200
v -17.6300 -12.3800 -2.0000
v 0.0000 -14.0100 38.1700
v -18.7800 -3.1300 -37.3600
v -4.4000 -27.1100 -12.7400
v 0.0000 0.0000 0.0600
v 7.6800 -13.7400 0.0000
v 0.0000 0.0000 -2.5600
v 0.0000 6.7200 0.0000
v 22.1300 -13.7100 0.0000
v 7.6800 -11.4600 0.0600
v 0.0000 -26.8000 -16.5800
v 0.0500 -10.4900 0.0500
v 0.0400 0.0000 0.0000
v 16.8400 27.5200 0.0200
v -4.8300 -3.8600 -2.1200
v -20.7300 -30.9700 -38.9700
v -13.7000 -22.9700 0.0400
v 0.0000 0.0000 23.6800
v 0.0000 -16.9600 0.0000
v 7.6800 -3.4300 6.1700
v 0.0000 -7.9500 0.0000
v 0.0000 -16.8700 -22.3000
v -0.2800 -14.3400 2.8800
v -18.8100 -0.2800 -4.1200
v 15.9600 2.0300 1.7400
v 12.5400 -19.1600 0.0000
v 0.0000 0.0000 -13.3800
v 0.0000 -7.9400 0.0000
v 0.0000 0.0000 2.8800
v 0.2900 -20.0300 0.5300
v -18.7800 -3.1300 -30.9700
v 0.2900 0.3500 0.5700
v -17.5300 -0.2700 0.0000
v 0.0000 -10.4900 0.0000
v 0.0700 -13.6700 -35.1200
v -0.2700 0.0000 0.0000
v 5.7400 0.8600 3.6800
v -14.3100 -9.5200 -6.3300
v -23.2900 0.0000 0.0000
v 33.8900 6.5800 5.1900
v -7.3900 -6.6700 0.5200
v -6.6500 -28.7300 -1.5400
v -0.2500 0.0000 0.0000
v 0.0000 -23.2700 -38.3100
v -20.4100 2.6400 -31.2900
v 0.2900 0.3000 0.2300
v -22.6800 0.0000 0.0000
v 12.1600 7.0900 0.0000
v -18.7800 -3.1300 -39.2800
v 0.0000 -23.6800 0.0000
v 0.0000 0.0000 23.6800
v 26.2400 0.0000 0.0000
v 0.0000 -16.9600 0.0000
v -1.2100 -18.1600 0.0900
v -18.7900 -22.3300 -4.0900
v 8.9300 1.1800 -16.6200
v 0.2900 0.2400 0.0600
v 0.0400 0.0000 0.0000
v 12.1600 23.1000 0.0000
v -32.0000 0.0000 0.0000
v 0.0000 0.0000 -27.7700
v -21.3600 -0.5900 3.6100
v -0.2900 -7.9200 -0.3000
v 4.2500 0.1100 -14.9500
v 31.1600 31.3100 33.8600
v -17.5300 0.0000 0.0000
v 0.0000 0.0000 -0.6000
v 0.0000 -0.6000 0.0000
v 0.0000 -0.8300 0.0000
v 0.0000 0.0000 -0.0400
v 7.6800 0.0400 0.0000
v -0.2600 -9.2100 0.0500
v 0.0300 0.0000 0.0000
v 24.2400 4.9800 13.3300
v 0.2900 -1.8700 0.3700
v -11.4600 -8.9100 -9.5500
v -0.2800 0.0000 0.0000
v -13.3800 -6.3300 0.0000
v -0.3100 -29.3600 -0.5700
v -5.3900 -8.5800 0.0100
v 25.9300 0.0600 38.4400
v 13.4900 33.9300 10.5100
v 7.6800 0.3900 4.8500
v -0.2500 -10.8100 0.0600
v 0.0600 0.0000 0.0000
v -2.2700 -3.1600 0.4300
v -26.1700 -7.2900 -11.4500
v -17.8500 0.0000 0.0000
v -14.9800 -7.2800 -4.7500
v -15.3100 21.1300 -39.1600
v -2.2700 -1.2500 0.3900
v -9.5400 -0.6000 -0.9300
v -0.8900 0.0000 0.0000
v -0.6200 -29.6800 -8.5800
v -6.3500 -14.3300 0.0500
v 7.6800 -4.1000 -18.1700
v 0.0000 -30.9600 -11.4500
v -4.4200 -18.4800 0.0100
v 0.0100 0.0000 0.0000
v 38.7200 27.5200 0.1000
v 0.2900 -3.6100 0.4200
v -14.6400 -12.4200 -17.8500
v 0.0000 -26.1600 -13.3700
v -14.0200 -12.7400 0.0700
v 0.2900 0.2200 0.4800
v -35.2000 0.0000 0.0000
v -29.3400 0.0000 0.0000
v -1.5700 -2.2100 -12.0800
v 7.6800 -6.0300 26.2900
v 0.0000 -2.8200 -2.8300
v 0.9900 -2.2100 0.0000
v -34.8100 -27.8000 -19.1700
v 28.1700 16.6400 2.6700
v -8.9000 -5.0400 0.0300
v -10.1800 0.0000 0.0000
v -2.2700 -2.6500 0.4400
v -8.2400 -8.8900 -27.7700
v -21.7300 39.3800 0.0000
v -11.7900 4.5400 0.0500
v 1.6100 -9.5000 22.9000
v 2.6600 -35.0300 2.5500
v -2.2700 -5.4700 0.4000
v 5.5200 -11.7800 -8.5800
v 0.0000 -33.5200 -20.0800
v -1.5700 -29.6800 0.0400
v -14.6600 1.9800 0.0400
v 7.6800 -28.1100 -2.8800
v 15.0400 -15.0400 -32.0000
v 0.0000 -4.7400 -5.7300
v 2.2800 -20.4400 0.0000
v 0.2900 -7.1200 -1.9300
v -36.0800 -8.2400 0.0000
v 0.5200 0.0100 12.1300
v 0.0800 2.9600 3.3200
v 0.2900 2.2500 0.4000
v -21.0400 -20.1000 -33.5200
v 0.0000 -29.0400 -28.4200
v 0.0000 0.0000 -9.8300
v 0.0000 7.7400 -4.7500
v -2.8400 -0.6200 0.0000
v 10.3600 37.4400 39.1300
v 0.2900 0.5100 0.3800
v 0.0000 -16.5800 -25.5500
v 0.0000 0.0000 -8.5500
v 0.0000 -1.8500 -0.2700
v -2.8300 -3.1600 0.0000
v 0.5000 12.8300 0.0000
v 0.2900 2.4300 0.5100
v 0.0000 0.0000 0.1100
v 0.0000 0.0000 -13.9900
v -3.7900 -3.1600 0.0000
v 3.1200 10.2500 0.9400
v 0.6800 -2.5300 0.0000
v 0.2900 2.2400 0.5100
v 0.0000 0.0000 0.1100
v 0.0000 0.0000 -13.9900
v -3.7900 -2.8400 0.0000
v 7.6800 -30.9500 -1.5400
v 0.0000 -28.4000 3.5900
v 0.3500 -2.2100 0.0000
v -34.8000 -31.9500 -18.5200
v 7.6800 -0.2400 -18.1700
v -1.2600 -33.2000 21.8300
v 2.2500 -1.9200 0.0000
v -34.8100 -28.1200 -18.2000
v 0.2900 -2.9800 0.4800
v -2.4900 -16.5700 -5.3800
v 0.0000 0.0000 -4.0700
v 0.0000 -27.7600 -8.8900
v -3.1600 -0.6300 0.0000
v 0.3200 3.9600 -19.9000
v 7.6800 -1.8400 -10.1500
v 2.2700 -3.1700 0.0000
v -34.1700 -29.4000 -21.0700
v 0.2900 0.2900 0.4500
v 0.0000 0.0000 -10.8100
v -21.0400 -35.7700 -22.3400
v 0.0000 22.7900 -32.8700
v 0.0000 0.0000 -0.5600
v 0.0000 9.3500 -24.8900
v -3.8000 -0.9400 0.0000
v 0.2900 0.5700 0.5900
v 8.7200 -8.2400 -18.1600
v 0.0000 1.1900 1.6000
v 0.2900 -4.2300 0.4100
v 0.0600 -0.2500 -0.5900
v -5.7100 0.0000 0.0000
v -13.0600 -11.4600 0.0000
v 7.6800 -13.0500 -6.6400
v -2.5100 -11.4500 -4.1100
v 0.0600 0.0000 0.0000
v 0.2900 0.8300 0.4700
v 1.3400 -11.7800 -36.4100
v 0.0000 0.0000 -6.9500
v -31.2800 -30.3200 -22.6400
v -4.7500 -0.9400 0.0000
v 7.6800 -9.5500 -0.6200
v 0.0600 0.0700 -28.7300
v 0.0000 -24.2400 0.0400
v -0.5900 -7.2900 0.0300
v 17.3600 -0.3100 4.5500
v 7.6800 -4.0900 0.0300
v -0.2500 -8.2500 0.0200
v 0.0100 0.0000 0.0000
v 0.2900 -2.3400 0.2900
v 7.7300 0.0100 12.8200
v 0.0000 -4.1100 -11.1300
v -24.2400 -0.6100 -10.8200
v 0.0000 -22.6500 -0.9400
v -2.8400 -5.3900 0.0000
v 7.6800 -8.8900 0.0000
v 0.7200 -7.9300 0.0300
v 7.6800 23.1100 -1.5500
v 23.1100 -14.9700 0.0000
v -17.8900 0.0000 0.0000
v 0.0700 -15.0400 13.4400
v 1.2800 23.6800 2.2400
v 7.6800 -13.3800 -2.8400
v 0.0000 -20.7200 -0.2700
v 0.0400 -10.1800 0.0700
v 0.0500 0.0000 0.0000
v 0.2900 -2.8400 0.4100
v -4.4000 -4.4300 -7.9500
v -14.9800 -11.7800 -0.9300
v 13.4400 0.1400 24.2100
v 7.6800 -25.2100 -27.1200
v -0.2500 -7.9300 0.0100
v -1.2500 0.0000 0.0000
v 14.4800 -33.6400 21.4500
v 0.2900 -2.0300 0.3500
v 2.6400 3.2000 -6.0800
v -1.8900 0.0000 0.0000
v -0.3100 -35.1200 1.3200
v -6.3500 -7.9500 0.0000
v 7.6800 -2.1600 -0.6200
v 0.0700 -14.0100 0.0300
v 0.0200 0.0000 0.0000
v -2.2700 -1.7700 0.3400
v -3.7800 0.0000 0.0000
v 0.0000 -22.3300 -6.9900
v -6.6700 -18.5000 0.0200
v 0.0000 -11.0000 -0.8300
v -0.8300 0.0000 0.0000
v 7.6800 0.0000 0.0000
v -4.7200 -21.6800 -30.9700
v 0.0600 0.0000 0.0000
v 1.5300 32.0000 -17.9200
v 7.6800 -12.4100 -28.7300
v 0.0000 -25.2000 -0.2500
v 0.0500 -11.1300 -0.5800
v 0.0500 0.0000 0.0000
v 0.2700 27.3400 16.6400
v 5.4500 37.5100 23.3000
v 0.2900 -1.0900 0.4900
v -23.9200 -3.1300 -11.1300
v -36.0900 0.0000 0.0000
v -8.9100 -6.9800 0.0500
v 39.2500 -32.8700 5.9800
v 0.2900 -1.7500 0.4100
v -11.5200 -0.3200 -23.9300
v 17.6800 -27.4400 0.0000
v -12.1600 16.9600 -8.0000
v 0.0500 0.0200 -1.8900
v -10.8200 -15.6000 -2.8400
v 0.0000 0.0000 35.8400
v 0.0000 0.0500 0.0000
v 0.0000 0.0000 0.7300
v 7.6800 9.6700 -6.0200
v -0.2500 -8.8900 0.0100
v 0.0300 0.0000 0.0000
v 35.4000 35.0300 1.0800
v 0.2900 -5.1800 0.5100
v -23.9300 -13.3700 -4.4200
v 11.2400 1.4400 16.4100
v 2.9400 -32.8800 2.9400
v -8.5900 -9.2200 -27.4200
v 0.1800 0.0000 0.0000
v 0.5600 -0.0100 -0.0100
v 0.9400 -0.0200 -0.0300
v 1.1300 -0.0300 -0.0300
v 1.1300 -0.0300 -0.0300
v 1.1300 -0.0300 -0.0300
v 1.1300 -0.0300 -0.0300
v 1.1300 -0.0300 -0.0300
v 1.1300 -0.0300 -0.0300
v 1.1300 -0.0300 -0.0300
v 1.1300 -0.0300 -0.0300
v 1.1300 -0.0300 -0.0300
v 0.2900 -2.1500 0.3700
v -10.8100 -13.0600 -2.8200
v 0.0000 0.0600 -25.2100
v -12.7400 -20.7200 0.0000
v 0.0800 0.0300 -19.7800
v -4.7600 -4.7400 -3.1600
v 1.6600 3.1200 9.2500
v 0.2900 -4.6100 0.4200
v -23.9200 0.0000 0.0000
v 0.0700 0.0000 0.0000
v 7.6800 -2.1800 -21.3600
v -12.0800 -8.5700 -30.9700
v -11.4500 -28.4100 -1.5700
v -0.2700 -8.9000 0.0000
v -0.3100 0.0000 0.0000
v 0.2900 -4.3100 -9.6600
v -19.8400 18.5600 8.6400
v 21.1200 0.0000 0.0000
v -10.1700 2.9300 0.3400
v -0.3100 -0.5700 -16.5600
v 0.2900 0.3100 0.6800
v 0.0000 0.0000 -12.4200
v 0.0700 0.0600 0.0700
v 0.9600 1.6000 0.0000
v -0.9500 1.9600 17.3500
v 2.2800 -24.9000 0.6700
v 0.9600 1.2900 0.0000
v 0.8700 0.5200 0.0000
v -2.3600 -1.1900 -0.9600
v 0.0000 1.5800 0.9600
v -0.2600 0.1700 0.8700
v 0.9400 -2.1400 -2.3600
v 0.0000 -0.6500 0.0000
v 1.2400 0.0000 -0.2600
v 0.0800 0.0000 0.9400
v 0.0000 -0.9600 1.2400
v 0.0000 0.2600 0.0800
v 0.9600 1.2900 0.0000
v 0.8700 0.5200 0.0000
v -2.3600 -1.1900 -0.9600
v 0.0000 1.5800 0.9600
v -0.2600 0.1700 0.8700
v 0.9400 -2.1400 -2.3600
v 0.0000 -0.6500 0.0000
v 1.2400 0.0000 -0.2600
v 0.0800 0.0000 0.9400
v 0.0000 -0.9600 1.2400
v 0.0000 0.2600 0.0800
v -0.9600 -1.3400 22.7400
v 0.9600 1.2900 0.0000
v 0.8700 0.5200 0.0000
v -2.3600 -1.1900 -0.9600
v 0.2900 -2.1500 5.9700
v -1.2200 -4.1000 -9.8600
v -19.7700 -8.5800 -1.2500
v 0.9600 1.6000 0.9600
v -13.7000 -17.8500 -31.6000
v 1.0000 1.3900 0.0000
v 0.8700 0.5200 0.0000
v -2.3600 -1.1900 -0.9600
v -0.9600 1.2400 0.0000
v 0.2600 0.0800 0.0000
v 0.0000 3.2000 1.0000
v -0.2600 0.1700 0.8700
v 0.9400 -2.1400 -2.3600
v 1.3900 0.0000 -0.9600
v 0.5200 0.0000 0.2600
v -1.1900 -0.9600 -1.3400
v 0.0000 -0.6500 0.0000
v 1.2400 0.0000 -0.2600
v 0.0800 0.0000 0.9400
v 3.2000 1.0000 1.3900
v 0.1700 0.8700 0.5200
v -2.1400 -2.3600 -1.1900
v 0.2900 -2.3000 -4.4400
v 0.9600 1.6000 0.0000
v -1.2600 0.6900 4.8800
v 0.9600 1.2900 0.0000
v 0.8700 0.5200 0.0000
v -2.3600 -1.1900 -0.9600
v 0.0000 1.5800 0.9600
v -0.2600 0.1700 0.8700
v 0.9400 -2.1400 -2.3600
v 0.0000 -0.6500 0.0000
v 1.2400 0.0000 -0.2600
v 0.0800 0.0000 0.9400
v 0.0000 -0.9600 1.2400
v 0.0000 0.2600 0.0800
v 0.9600 1.2900 0.0000
v 0.8700 0.5200 0.0000
v -2.3600 -1.1900 -0.9600
v 0.0000 1.5800 0.9600
v -0.2600 0.1700 0.8700
v 0.9400 -2.1400 -2.3600
v 0.0000 -0.6500 0.0000
v 1.2400 0.0000 -0.2600
v 0.0800 0.0000 0.9400
v 0.0000 -0.9600 1.2400
v 0.0000 0.2600 0.0800
v 0.0000 -23.6000 0.0800
v -0.5800 -17.2100 -3.4800
v 0.0300 0.0000 0.0000
v 7.0600 10.4000 0.0000
v 7.6800 -0.5800 28.1600
v -15.9400 -2.8000 10.6300
v -26.1700 0.0000 0.0000
v 3.8400 -18.8100 -28.0700
v 31.4800 -10.2400 0.5800
v 7.6800 0.0900 7.0400
v 0.0000 14.1700 0.7300
v -18.7900 -20.4100 -4.0900
v 3.2100 0.7300 1.0500
v 0.2900 -7.5900 -28.1400
v 5.4400 31.3600 25.2800
v 0.0000 0.0000 23.3600
v -24.3200 7.6800 24.3200
v -18.8800 -3.2000 3.8400
v 18.2400 4.4800 33.6000
v 37.1200 10.2400 16.0000
v -2.5600 -36.8000 -31.6800
v 30.4000 0.0000 3.8400
v 0.0000 -20.8000 -33.2800
v -32.8800 4.4800 33.6000
v -2.8100 -36.7100 -32.5800
v -18.8800 -3.2000 3.8400
v 0.0000 -7.3600 14.0800
v 7.6800 12.8300 -8.9200
v -34.1800 -4.4200 -18.8000
v 6.4800 0.0400 -1.2500
v 0.0000 3.2100 -1.5800
v 0.0000 0.0000 -14.3200
v 0.2900 0.4000 0.1300
v 17.3100 0.0000 0.0000
v -16.2600 0.0000 0.0000
v 0.0000 -24.2500 0.0200
v -2.1700 0.0600 -30.9600
v 30.4000 0.0000 0.0000
v -11.5200 8.6400 0.0000
v -27.2000 -35.2000 -4.4800
v 25.2800 0.0000 0.0000
v 17.2900 21.2400 13.7000
v 7.6800 0.0000 0.0000
v 5.7600 -14.0600 0.0000
v 6.4500 7.1000 -29.0600
v 10.5600 0.0000 0.0000
v 0.2900 0.4000 0.0900
v 19.2400 0.0000 0.0000
v -16.3200 0.0000 0.0000
v 0.0000 -27.1500 0.0000
v -28.1000 -20.7400 0.0000
v 30.4000 0.0000 0.0000
v -11.5200 8.6400 0.0000
v -38.4000 0.0000 0.0000
v 0.2900 0.4000 0.0800
v 19.2400 0.0000 0.0000
v -6.0300 1.0000 0.0000
v 30.4000 0.0000 0.0000
v 9.9200 -4.8000 0.0000
v -38.4000 0.0000 0.0000
v 0.2900 0.6100 0.2100
v -1.8500 -6.3500 -10.1800
v -18.2000 0.0000 0.0000
v -28.4000 -38.9600 0.0800
v 30.4000 0.0000 0.0000
v -11.5200 8.6400 0.0000
v -38.4000 0.0000 0.0000
v 25.6600 -20.3200 0.0600
v 7.6800 0.0000 -8.9000
v -14.6500 -20.3900 -38.9600
v 10.5600 0.0000 0.0000
v -32.3200 -9.6000 -2.2400
v -22.0800 20.7600 18.5500
v 7.6800 0.0000 -21.1200
v 10.5600 0.0000 0.0000
v -32.3200 -9.6000 -2.2400
v 17.9200 0.0000 0.0000
v 7.6800 0.0000 0.0000
v 10.5600 0.0000 0.0000
v 10.5600 0.0000 0.0000
v 4.8800 -32.2300 -39.9200
v 10.5600 0.0000 0.0000
v 0.2900 -22.4300 0.5800
v -26.4800 -0.2700 -22.6500
v 0.0000 -33.5100 -23.2800
v 0.0000 28.2500 -13.0500
v 14.1700 -4.7600 0.0300
v -7.6300 0.0000 0.0000
v 7.6800 -17.8400 -14.6600
v -12.0800 -8.5600 0.0000
v 0.0000 0.0000 0.0700
v -16.2400 -24.5500 0.0400
v 0.0500 -11.1400 0.0000
v 0.0000 13.8400 0.0000
v 0.2900 0.6000 0.1200
v -5.3900 -2.5200 0.0000
v 0.0000 0.0000 -10.5000
v -11.7800 6.1400 0.0500
v 5.7600 0.0000 -2.5600
v 0.0000 -8.6400 -0.3200
v -0.9600 -1.9200 -2.2400
v 7.6800 0.0000 0.0000
v 0.0000 0.0000 2.8800
v 0.0000 20.8900 -35.4500
v -6.3400 0.0000 0.0000
v 0.2900 -14.9600 0.1900
v -4.1600 0.0000 0.0000
v 0.0000 -18.1800 2.2900
v 0.0700 7.1000 0.0700
v 0.2900 -12.1900 0.2800
v 7.6800 0.0000 0.0000
v 0.0000 0.0000 2.8800
v 12.4800 0.0000 0.0000
v 7.6800 0.0000 0.0000
v 0.1000 -1.2500 -23.6100
v -0.5800 0.0000 0.0000
v 0.0000 39.1400 7.1100
v 2.2400 0.0000 0.0000
v 7.6800 0.0000 0.0000
v -13.7500 15.4000 -5.1200
v -3.4800 -39.6800 0.0000
v 2.6100 -22.3200 5.4400
v 0.9600 0.0000 0.0000
v 20.4800 4.0000 0.0000
v 7.6800 0.0000 0.0000
v -13.0600 16.9800 -5.1200
v -0.9400 -1.2500 -0.2800
v 0.0100 0.0300 0.0000
v 2.5600 18.8800 5.4400
v 0.9600 0.0000 0.0000
v 0.2900 7.7900 0.0200
v 7.6800 0.0000 0.0000
v 0.2900 -1.8100 0.2900
v -10.8200 0.0800 0.0600
v 0.0000 -10.8000 13.2100
v -18.5600 0.0000 0.0000
v 7.6800 0.0000 0.0000
v 0.2900 -1.8500 0.1700
v -0.9100 -20.4100 -2.1800
v 0.0000 -5.0500 -32.8700
v -18.5600 0.0000 0.0000
v 7.6800 0.0000 0.0000
v 0.2900 -2.1900 0.1500
v 2.2800 7.0500 -5.7300
v -18.5000 -12.1000 0.0000
v 7.6800 0.0000 0.0000
v 0.2900 -4.6200 0.1500
v 17.0200 -0.3000 -1.2500
v -27.4500 -11.1400 0.0000
v -10.8500 -12.4600 0.0000
v 0.2900 -4.5400 0.3000
v 8.0600 -4.4400 0.3400
v 0.0000 -24.5500 1.6700
v -12.4200 -13.0700 0.0000
v 7.6800 2.5600 0.0000
v 0.0000 0.0000 -12.4000
v 0.1000 0.0000 0.0000
v 25.6000 0.0000 0.6100
v 7.6800 2.5600 0.0000
v 0.0000 0.0000 -18.4700
v 10.2400 0.0000 0.0000
v 0.0700 -0.0600 -0.1000
v 10.2400 -0.2000 0.1700
v -0.6400 0.5600 0.9100
v -22.4000 0.6400 -3.5200
v -19.8400 -24.3200 -2.2400
v -16.3200 10.2400 19.2000
v -20.8200 -11.8600 -2.2000
v -2.2000 24.0000 5.1600
v 0.2900 0.8900 0.3500
v 0.0000 0.0000 -12.7400
v -6.0100 -17.2000 -36.7200
v -20.8200 -11.8600 -2.2000
v 30.5600 0.0200 12.8400
v 0.2900 1.3900 0.2700
v 0.0000 0.0000 -12.1600
v 17.9200 36.4800 32.9600
v -20.8200 -11.8600 -2.2000
v -20.8200 -11.8600 -2.2000
v -11.8600 -2.2000 14.6300
v -26.1500 -1.5700 -3.8300
v -7.9200 -17.2000 11.8400
v 0.0500 37.1900 27.2700
v -21.0600 -32.2600 -19.4600
v -9.5500 -3.4800 0.0200
v -20.8200 -11.8600 -2.2000
v -20.8200 -11.8600 -2.2000
v 3.1800 20.7800 26.4500
v -20.8200 -11.8600 -2.2000
v -20.8200 -11.8600 -2.2000
v 0.2900 2.4900 0.4600
v 17.6000 36.1600 32.6400
v -4.1600 0.0000 0.0000
v -20.8200 -11.8600 -2.2000
v 19.8800 -20.8200 -11.8600
v -20.8200 -11.8600 -2.2000
v 4.5200 -20.8200 -11.8600
v -20.8200 -11.8600 -2.2000
v 27.2000 0.6800 -20.8200
v 0.6800 -20.8200 -11.8600
v -20.8200 -11.8600 -2.2000
v 37.5700 -13.8400 4.5200
v -34.3200 4.5200 -20.8200
v 5.8000 -20.8200 -11.8600
v -20.8200 -11.8600 -2.2000
v 14.7600 -20.8200 -11.8600
v -20.8200 -11.8600 -2.2000
v 23.7200 -20.8200 -11.8600
v -20.8200 -11.8600 -2.2000
v 30.1200 -20.8200 -11.8600
v -20.8200 -11.8600 -2.2000
v -9.9500 -3.8100 -9.6100
v -26.8000 -13.3800 -27.1300
v 9.0400 -24.8800 -38.7200
v 0.0600 0.0300 -3.1600
v -10.8100 -13.6800 -22.9700
v 0.0000 0.0000 0.9600
v 0.0000 0.0000 1.1500
v 0.9200 25.0500 4.4000
v 7.6800 -24.9000 -1.5600
v 0.0000 -39.9000 -3.4600
v -18.5000 0.0000 0.0000
v 0.2900 -7.4400 0.6000
v 27.2800 -33.2000 0.0000
v 0.2900 -3.1100 0.4600
v 0.0900 0.0000 0.0000
v -15.6200 -11.4500 -7.3000
v -31.3600 0.0800 0.4300
v 7.6800 0.0800 -8.2700
v -0.6200 -2.5200 0.0000
v -30.0100 -0.3100 -7.6300
v -7.3900 -0.1900 0.4200
v -32.2500 0.0800 0.0500
v 34.7700 21.9700 0.7000
v 1.6000 26.7900 8.8600
v -12.5100 -2.7300 0.4500
v -31.6100 -13.0400 -22.0100
v 0.0000 0.0000 0.1100
v -38.0000 -18.1600 0.0700
v 2.5600 28.4500 15.3800
v 7.6800 2.5600 0.0000
v -34.7900 -22.6300 -0.2600
v -0.5800 -0.9400 -0.2700
v -0.0400 -0.5200 0.1300
v -0.0800 -0.9800 0.2400
v -0.0800 -0.9800 0.2400
v -0.0800 -0.9800 0.2400
v -0.0800 -0.9800 0.2400
v -0.0800 -0.9800 0.2400
v -0.0800 -0.9800 0.2400
v -0.0800 -0.9800 0.2400
v 7.6800 2.5600 0.0000
v 0.0800 -2.5200 0.0600
v -0.0800 -0.9800 0.2400
v -0.0800 -0.9800 0.2400
v -0.0800 -0.9800 0.2400
v -0.0800 -0.9800 0.2400
v -0.0800 -0.9800 0.2400
v -0.0800 -0.9800 0.2400
v -0.0800 -0.9800 0.2400
v 7.6800 17.0200 -36.0900
v 0.0000 6.4000 4.8000
v 0.0600 0.0000 0.0000
v 0.2900 -2.7600 0.6200
v -16.2500 -1.2400 -5.7000
v 10.2500 0.0000 -0.0200
v -0.0400 -0.5200 0.1300
v -0.0800 -0.9800 0.2400
v -0.0800 -0.9800 0.2400
v 10.6600 -29.6800 -39.6000
v -0.0800 -0.9800 0.2400
v -0.0800 -0.9800 0.2400
v -0.0800 -0.9800 0.2400
v -0.0800 -0.9800 0.2400
v 0.0000 -0.0800 -0.9800
v 0.2900 -1.5700 0.3800
v -16.9600 -13.1200 0.0000
v -5.7300 20.2100 8.7200
v 26.2400 0.0000 -10.2400
v 25.7800 11.5800 3.4200
v 36.0800 2.6400 0.0000
v 3.9300 -23.9100 8.7300
v 0.0000 6.4000 4.8000
v -11.1300 0.0000 0.0000
v 0.0600 29.8200 3.9800
v 0.0000 3.0700 8.0600
v -1.2000 0.0000 0.0000
v 11.8700 0.0100 14.4200
v 0.2900 0.9600 0.3700
v 0.0600 -30.6400 -6.9700
v 0.0000 -35.1200 -22.0100
v -7.6000 -9.5200 0.0000
v 0.0600 0.0100 -5.3900
v -1.8900 -0.2700 0.0000
v 7.6800 0.0800 0.0000
v -27.4500 -10.8000 -5.3900
v -16.5500 22.1700 -34.4700
v -38.6300 -11.4500 0.0000
v -11.7800 -16.2500 -3.7900
v -33.8600 -6.3400 -18.7900
v 0.0300 0.0000 0.0000
v 0.0000 0.0600 0.0000
v -8.0800 0.0000 0.0000
v 7.6800 0.0600 -8.5800
v -4.8000 3.5200 29.1200
v 0.0000 -15.6600 0.0000
v -16.5700 -14.6500 0.0400
v -18.7800 -26.8100 -4.0900
v 0.2900 -12.6800 -7.2700
v -34.1800 -36.4200 0.0000
v 0.2900 0.0800 0.0200
v 35.2000 26.8800 14.7200
v -19.5200 -36.4800 0.0000
v 2.8500 -4.7100 -17.4300
v 0.3800 -25.8400 -17.5400
v -12.0900 3.5200 3.5200
v -38.7200 -23.0400 27.5200
v -6.3100 -0.2800 -34.1700
v 7.6800 0.0700 0.0300
v -15.3000 -15.2800 -20.7300
v -0.2600 0.0600 0.0000
v -32.8700 -0.3100 -8.5700
v -2.2700 -2.7300 0.4500
v -32.5600 -15.3000 -16.8900
v -22.6500 -13.3700 0.0500
v 30.7600 1.3000 20.3000
v 30.9800 1.0000 33.7700
v 7.6800 -22.0000 -20.1000
v 0.3200 35.8400 -28.4800
v -0.9000 -8.8900 -0.6000
v 0.0600 0.0000 0.0000
v 0.2900 -4.5100 0.4900
v 0.0600 0.0000 0.0000
v 0.0000 0.0000 -4.4100
v 0.0000 12.5700 0.0900
v 7.6800 -9.2000 -21.6700
v -4.7300 -8.2500 0.0000
v -0.9400 0.0000 0.0000
v -25.2800 0.1100 0.1100
v -11.4300 -14.9500 0.0000
v -2.2700 -7.4600 0.4100
v 0.0600 0.0000 0.0000
v 0.0000 -4.4300 0.0000
v 17.6600 15.7400 0.0000
v 0.2900 7.9800 -19.8900
v 18.6400 -6.6900 13.1700
v 0.0000 0.0000 37.5100
v 0.0000 4.2400 5.1600
v -3.7700 -36.7100 0.0000
v -2.4800 -17.5300 0.0800
v -29.3700 0.0000 0.0000
v -4.8300 -4.2100 -20.0300
v 13.8400 3.5200 3.5200
v -38.7200 -23.0400 27.5200
v 1.2800 27.2000 0.0000
v -5.3900 -27.4300 -7.2900
v 0.2900 -2.3500 28.5000
v -31.9100 0.0900 0.0000
v -10.8800 -4.8000 -10.5600
v 0.1800 0.0000 0.3100
v 1.0600 0.3600 -0.0100
v -0.6800 1.5900 0.5500
v 0.6100 -0.9000 2.1200
v 31.8400 0.7600 -1.1300
v -7.0400 32.0000 -2.2400
v -8.9600 -0.3200 -2.5600
v 1.5900 1.9700 -0.2200
v -0.1600 0.7600 -1.1300
v -1.1300 2.6500 0.9200
v 0.9200 -0.0300 1.5900
v 1.5900 1.9700 -0.2200
v -0.1600 0.7600 -1.1300
v -0.2500 -10.4900 0.0600
v 0.0600 0.0900 -11.7800
v 0.0800 -28.7300 -30.6300
v 0.2900 -25.2000 -15.1200
v -25.9200 -9.9200 0.0000
v 0.0000 0.0100 0.0000
v 0.0000 0.1100 0.0600
v 0.0000 0.1700 0.0900
v 0.0000 0.1100 0.0600
v 0.0000 0.0100 0.0000
v -2.2700 -2.7600 0.5000
v -13.6900 -31.2800 -30.3200
v 0.0900 0.0000 0.0000
v 0.0000 -19.4300 -36.0700
v -0.6200 -39.9200 0.0500
v -8.5900 -9.2000 0.0800
v 0.2900 -0.1500 0.4800
v -12.4300 -6.6800 -6.0100
v -14.3000 0.0000 0.0000
v 0.0000 7.7700 -30.6400
v -2.8400 -23.6000 -2.5000
v -5.0800 -3.4600 0.0800
v 7.6800 0.0000 0.0000
v 8.3700 2.9400 -23.6200
v 0.0000 -8.9100 -0.3100
v -0.3000 0.0400 0.0000
v 0.0700 0.0000 0.0500
v 0.2900 -24.5900 -14.9000
v 12.8600 0.0000 0.0000
v 0.0000 0.0000 -16.0000
v -12.7100 11.2800 0.0000
v -34.4900 0.0000 0.0000
v 7.6800 0.0800 -9.2100
v -1.5400 -16.8900 0.0600
v 0.0100 0.0000 0.0000
v 7.6800 0.0500 -3.7900
v -22.9600 -15.6100 -23.9300
v 0.0000 -23.6000 -4.7500
v -0.2800 -7.6200 0.0300
v 0.0200 0.0000 0.0000
v 7.6800 15.3600 0.0000
v -5.6900 -22.0000 14.0800
v -0.2400 -2.5200 -0.2600
v 0.2300 -0.2400 -0.4000
v 0.7200 1.2000 0.6900
v 7.6800 0.0800 0.0000
v -15.3000 0.0000 0.0000
v 0.0000 0.7300 0.0000
v 8.3200 0.2700 -38.0600
v 0.2900 -2.0500 0.4000
v -13.3700 0.0300 -5.7000
v -31.9200 0.0000 0.0000
v 0.0000 -1.2100 -3.4600
v -36.0700 -23.9200 0.0000
v -2.5200 -15.6100 -0.6200
v -2.8400 -4.7400 0.0600
v 7.6800 0.0700 -14.9800
v -0.2700 -10.8100 0.0400
v 0.0500 0.0000 0.0000
v 24.0800 -9.6700 15.7800
v 7.6800 -3.4400 -3.4800
v -37.6800 -18.1800 0.0700
v -0.5900 -9.8600 0.0400
v 0.0400 0.0000 0.0000
v 7.6800 -4.0900 -7.6000
v -39.6100 -5.0300 0.0000
v -1.2300 -1.2200 0.0000
v -5.3600 -0.3100 -1.5300
v 7.6800 -4.4200 -22.3300
v 0.0800 0.0700 -25.2100
v 0.0000 -39.9200 -11.1300
v -0.2800 -9.5400 0.0500
v 0.0300 0.0000 0.0000
v 7.6800 0.0000 0.0000
v 1.2800 12.4800 -8.3200
v 12.8000 0.0000 0.0000
v 7.6800 0.0000 0.0000
v 1.2800 12.4800 -8.3200
v 12.8000 0.0000 0.0000
v -12.3600 16.3200 -39.3100
v 0.2900 6.9300 0.1300
v 24.3800 1.6300 -26.2200
v -1.2300 0.0000 0.0000
v -0.3200 12.1600 0.0000
v -3.2000 6.0800 -0.9600
v 0.2900 6.3300 0.1200
v 29.4900 2.5600 -25.6000
v 0.0200 0.0000 0.0000
v 0.0000 -23.3000 -29.6800
v -0.3200 12.1600 0.0000
v -3.2000 6.0800 -0.9600
v 0.2900 7.1700 0.1400
v 20.2200 0.0400 -26.8500
v -12.4200 0.0000 0.0000
v -0.3200 12.1600 0.0000
v -3.2000 6.0800 -0.9600
v 8.2600 33.2800 -13.6600
v 0.2900 5.9800 0.1100
v 25.6500 2.5600 -25.6000
v -5.3900 0.0000 0.0000
v -0.3200 12.1600 0.0000
v -3.2000 6.0800 -0.9600
v 7.6800 3.2400 -1.5500
v 14.7200 7.6800 30.7200
v -2.8200 -0.2900 -4.1200
v 38.6300 0.5500 4.6700
v 0.2900 -4.8100 -4.9100
v -2.8700 -4.7900 8.0500
v -29.4000 0.0000 0.0000
v 0.0000 0.0000 17.6000
v -2.8700 -5.7400 0.0000
v 0.3400 1.6200 0.0000
v 7.7500 -29.0700 22.4500
v 0.0000 -30.3500 12.4800
v 0.9900 -2.8500 0.0000
v 0.2900 -12.2000 0.0700
v 0.0000 -14.7200 -32.9600
v 0.0000 0.0000 -8.2900
v 5.7600 0.0000 0.0000
v 0.0000 9.6000 -16.9600
v 0.0000 0.0000 1.9200
v 0.0000 -29.7600 0.0000
v 0.0300 -2.2100 -17.8600
v 16.6400 0.0000 0.0000
v -0.3200 0.0000 0.0000
v 0.2900 0.9100 0.3800
v 0.0700 -15.6100 -8.2700
v -35.7700 -5.7100 0.0700
v 0.0000 -16.5800 -2.8400
v -5.0700 0.0500 0.0100
v 26.0300 2.7500 39.7900
v 7.6800 -13.3700 0.0200
v 0.0000 0.0000 -7.2800
v 0.0400 -39.2900 0.0000
v 0.0000 -8.5800 -2.8400
v -0.5900 -12.1000 -0.3100
v -35.7600 -1.8700 -10.5000
v 0.2900 0.5700 0.3600
v 0.0800 0.0300 0.0000
v 0.0000 0.0000 -11.7800
v -35.7700 -5.7100 0.0700
v 0.0000 -10.8200 -2.5200
v -5.0700 0.0400 0.0000
v 0.0000 0.0000 27.6000
v 0.0000 -29.7600 0.0000
v 16.6400 0.0000 0.0000
v -0.3200 0.0000 0.0000
v 0.2900 -11.1900 0.3800
v -8.9000 0.0000 0.0000
v 0.0000 -19.4500 -21.0800
v 0.2900 -12.5000 -25.2900
v -8.9100 21.7800 0.0000
v 0.0000 -6.9800 0.0000
v 1.0100 -28.7400 0.0000
v 27.6000 0.6700 -32.8900
v 0.0000 -2.8100 5.1700
v 3.9000 28.8500 0.0000
v 0.2900 1.2000 0.1800
v 0.0000 -29.0400 -1.8300
v 0.0000 0.0000 -11.1200
v -0.3200 0.6400 0.0000
v 7.6800 0.0000 -34.2400
v 0.3200 21.4400 31.6800
v -8.9600 -25.9200 0.0000
v -0.2900 -35.7900 18.5700
v 0.6400 -3.8200 0.0000
v -21.6900 -4.4700 -1.2300
v 0.2900 -4.6100 0.3900
v -1.2200 -34.8100 -22.3300
v -32.2500 0.0000 0.0000
v -13.3800 -8.9000 0.0400
v 0.2900 0.1700 0.2200
v 15.7600 -6.3300 -0.2500
v -16.2700 0.0000 0.0000
v -28.7200 -5.3600 0.0000
v 30.4000 0.0000 0.0000
v -11.5200 8.6400 0.0000
v -38.4000 0.0000 0.0000
v 10.5600 0.0000 0.0000
v 0.0000 -16.0000 0.0000
v 0.2900 0.2900 0.2100
v 19.2800 0.0700 0.0700
v -16.2700 0.0000 0.0000
v -26.8100 -5.3600 0.0000
v 30.4000 0.0000 0.0000
v -11.5200 8.6400 0.0000
v -38.4000 0.0000 0.0000
v 0.2900 -2.0500 0.2700
v -6.6500 0.0000 0.0000
v -19.4500 0.0000 0.0000
v -0.5600 -0.2900 -18.8200
v 0.0000 -24.5700 -1.2500
v -4.1200 -7.3100 0.0000
v 10.4400 -32.7200 4.0700
v 7.6800 -3.1400 0.0000
v 9.9200 -7.6800 21.4400
v 0.0600 -20.7300 -20.1000
v 0.0100 -23.9300 -0.3000
v -0.2800 0.0500 0.0000
v 0.0700 0.0000 0.0500
v 7.6800 0.0000 0.0000
v 9.9200 -7.6800 17.0000
v -24.8900 -22.0000 -17.2200
v 0.2900 0.4100 0.1200
v 0.0700 -2.2100 0.0200
v -20.7300 0.0000 0.0000
v 0.0000 0.0000 -21.3700
v 0.0000 -1.2000 0.0000
v 0.2900 0.0300 0.0000
v 35.2000 26.8800 14.7200
v -19.5200 -36.4800 0.0000
v 0.0000 0.0000 -11.7800
v 0.0000 25.6000 0.0000
v -24.6400 -3.5200 12.8500
v 0.0000 0.9300 0.0000
v 0.2900 0.1200 0.1900
v 0.0000 0.0000 -3.8000
v -11.8400 0.0000 0.0000
v 0.0000 0.0000 -7.6600
v -9.2300 0.0500 0.0600
v 6.7200 -0.6400 -0.5800
v 0.0000 26.2800 -6.6700
v 0.2900 -12.3500 -4.4900
v -22.0100 -0.5900 0.0700
v 3.6100 0.0000 0.0000
v 6.8000 -14.0000 8.3800
v 0.0800 0.0500 -15.9400
v 35.8400 33.3300 4.0100
v 0.6700 -0.1700 -0.8800
v 0.2900 -9.9800 0.1100
v -6.0800 0.0000 0.0000
v 0.0000 -14.7200 -21.1200
vt 0.0000 -2.9141
vt 0.0000 -1.8281
vt 0.0000 -1.4141
vt 0.0000 -0.6328
vt 0.0010 0.2031
vt 0.0010 2.7031
vt 0.0010 3.3203
vt 0.0010 -3.4688
vt 0.0010 -2.9844
vt 0.0010 -2.2109
vt 0.0010 -1.5781
vt 0.0010 -0.9609
vt 0.0010 -0.2812
vt 0.0020 0.9922
vt 0.0020 1.8906
vt 0.0020 3.2266
vt 0.0020 3.8906
vt 0.0020 -3.2891
vt 0.0020 -2.4922
vt 0.0020 -1.4766
vt 0.0020 -0.8750
vt 0.0029 0.4531
vt 0.0029 1.2344
vt 0.0029 2.7188
vt 0.0029 3.3594
vt 0.0029 -3.2812
vt 0.0029 -2.3750
vt 0.0029 -1.2422
vt 0.0039 0.3359
vt 0.0039 0.7969
vt 0.0039 1.9219
vt 0.0039 4.0391
vt 0.0039 -3.3828
vt 0.0039 -2.8047
vt 0.0039 -1.6406
vt 0.0039 -0.9688
vt 0.0039 -0.3672
vt 0.0049 1.2109
vt 0.0049 1.8438
vt 0.0049 2.5469
vt 0.0049 3.2031
vt 0.0049 3.8516
vt 0.0049 -2.2266
vt 0.0049 -1.7109
vt 0.0049 -1.2578
vt 0.0049 -0.1953
vt 0.0059 0.5781
vt 0.0059 1.8750
vt 0.0059 3.4531
vt 0.0059 4.0391
vt 0.0059 -2.9062
vt 0.0059 -2.4219
vt 0.0059 -1.8438
vt 0.0059 -0.4531
vt 0.0059 -0.0547
vt 0.0068 0.2656
vt 0.0068 2.7891
vt 0.0068 3.9141
vt 0.0068 -3.1094
vt 0.0068 -2.1172
vt 0.0068 -0.5156
vt 0.0078 0.9844
vt 0.0078 2.2578
vt 0.0078 2.7969
vt 0.0078 3.2266
vt 0.0088 -3.6719
vt 0.0088 -3.2734
vt 0.0088 -2.7969
vt 0.0088 -2.2344
vt 0.0088 -1.5781
vt 0.0088 -0.9219
vt 0.0088 -0.5234
vt 0.0098 0.0625
vt 0.0098 0.7109
vt 0.0098 1.0938
vt 0.0098 1.7344
vt 0.0098 3.5156
vt 0.0098 -2.4297
vt 0.0098 -0.0625
vt 0.0107 0.5391
vt 0.0107 1.6484
vt 0.0107 4.0547
vt 0.0107 -3.6328
vt 0.0107 -3.4453
vt 0.0107 -2.8594
vt 0.0107 -2.4297
vt 0.0107 -2.1094
vt 0.0107 -1.8516
vt 0.0107 -1.5703
vt 0.0107 -1.3047
vt 0.0107 -0.7969
vt 0.0117 0.7500
vt 0.0117 2.1562
vt 0.0117 3.0156
vt 0.0117 -3.2031
vt 0.0117 -2.4297
vt 0.0127 0.4375
vt 0.0127 2.6484
vt 0.0127 3.5938
vt 0.7500 0.0000
vt 0.2500 5.9707
vt 0.0000 0.0000
vt 0.0000 0.0000
vt 0.0000 0.0000
vt 0.7500 0.8770
vt 0.0000 0.0000
vt 0.0000 -5.2734
vt 0.0000 0.0000
vt 0.0000 0.0000
vt 0.0078 0.0000
vt -1.1504 -9.2725
vt 0.0000 0.0000
vt -23.7754 0.0000
vt 0.7500 -2.3398
vt 0.0000 0.0000
vt -15.3662 -9.1494
vt 0.0000 0.0000
vt 0.0000 0.0000
vt 2.1250 0.0000
vt 10.8643 -7.4219
vt 0.0088 0.0000
vt 0.0000 -4.6484
vt -3.8057 -1.8682
vt 0.0000 0.0000
vt -0.2422 -1.7100
vt 0.7500 0.0000
vt -2.5596 -2.4336
vt 0.0000 0.0000
vt 0.6621 -2.5889
vt 0.5674 -4.0244
vt 0.0000 -3.6816
vt 0.0000 7.7812
vt 0.0000 0.0000
vt 0.7500 8.2500
vt -1.1504 -11.5537
vt -4.6484 -11.1475
vt -1.4951 3.4434
vt 0.0000 0.0000
vt 0.0000 -4.5625
vt 0.0723 -0.0068
vt 0.1211 -0.0117
vt 0.0771 -0.0068
vt 0.7500 -2.5000
vt 0.0000 0.0000
vt 0.0000 0.0000
vt 0.0000 0.0000
vt 0.0000 0.0000
vt 0.7500 13.4111
vt 0.7500 -1.5869
vt -3.2744 -0.1162
vt 0.0000 0.0000
vt -15.3662 -12.0537
vt 0.0000 0.0000
vt 0.0000 0.0000
vt -0.4619 0.0000
vt -5.7646 8.7529
vt 0.0000 0.0000
vt -16.8350 0.0000
vt -7.8613 -31.1943
vt 0.7500 6.9375
vt 0.0000 0.0000
vt 0.7500 -0.8682
vt 0.0000 0.0000
vt 16.9375 28.8682
vt -6.2100 0.0000
vt 0.0000 -6.3350
vt 7.0068 31.0049
vt 0.7500 0.9375
vt 16.2393 22.0508
vt 0.7500 -0.3125
vt 0.0000 0.0000
vt 0.7500 5.9707
vt 0.0000 0.0000
vt 0.0000 0.0000
vt 0.0000 -6.7812
vt 0.0000 0.0000
vt 0.0000 0.0000
vt 0.0000 2.0342
vt -2.4307 -1.3691
vt 0.0000 -18.9922
vt 0.0000 0.0000
vt 23.5000 6.0244
vt -10.9912 -1.1787
vt -11.4902 -1.8672
vt 0.0000 0.0000
vt -2.9619 -0.0283
vt 0.0283 0.0254
vt 0.0068 0.0000
vt 0.0000 -11.1787
vt 0.0000 0.0000
vt -0.6562 2.0312
vt -0.6826 -1.6504
vt 1.5068 0.0342
vt 0.2246 -5.4629
vt 0.7500 4.6250
vt 0.7500 0.0078
vt -3.1787 -2.4912
vt 2.1592 10.0000
vt -3.9844 18.8438
vt 19.0215 -26.4443
vt 0.7500 0.0000
vt -6.4307 -1.1191
vt -30.9990 -10.9951
vt 10.9189 -15.3828
vt 0.7500 9.2266
vt 0.0000 -15.0850
vt 0.0000 0.0000
vt 0.0000 -19.2100
vt -9.0215 -26.8564
vt 13.8818 -11.2432
vt 11.4160 -7.4922
vt 15.3818 -11.2393
vt 0.0000 -8.5557
vt 0.0000 0.0000
vt 0.7500 -0.1006
vt -0.0869 0.0000
vt 0.0000 0.0000
vt 0.0283 -3.1582
vt -17.0059 15.8789
vt -18.4570 5.7617
vt 18.9375 31.4727
vt 19.3418 12.0010
vt 11.6279 21.6211
vt 0.7500 -32.0000
vt 0.0000 -19.3340
vt 0.0107 -13.3965
vt 0.0000 -2.3037
vt -4.5859 0.0000
vt 0.0000 -2.7412
vt -13.2207 -6.8350
vt 7.1943 0.0000
vt 0.0000 0.0000
vt 0.0000 0.0000
vt 0.0000 0.0000
vt 0.0000 0.0000
vt 0.0000 0.0000
vt 0.0000 0.0000
vt 0.0000 0.0000
vt 23.7998 -16.1816
vt -17.0000 0.4863
vt 0.0000 -0.9297
vt 0.0088 0.0000
vt 0.4805 -1.4980
vt 0.7500 0.0088
vt 0.0000 -9.7422
vt 0.0000 0.0000
vt -0.0625 8.1562
vt 0.0000 0.0000
vt 0.0000 -9.6846
vt 0.0000 0.0000
vt 0.0000 -6.0576
vt 0.0000 0.0000
vt 0.7500 -14.9062
vt 0.0000 0.1875
vt 0.0000 0.0000
vt 0.0000 0.0000
vt 0.0000 -25.8662
vt 0.0000 0.0000
vt -4.3125 -10.0625
vt 0.0000 0.0000
vt 0.7500 4.9424
vt 1.4375 -1.5312
vt 0.0000 -10.7715
vt 0.0000 0.0000
vt -18.1406 -20.4658
vt -7.3750 0.0000
vt 0.0000 0.0000
vt 0.0000 -9.1562
vt 0.0000 0.0000
vt 0.8193 0.8193
vt 0.0000 0.0000
vt -0.4648 -2.8984
vt 1.5391 -20.8662
vt 0.5352 -10.4912
vt -3.1494 0.6631
vt 0.0000 0.0000
vt 0.0000 -15.7100
vt -3.9619 -5.5859
vt -2.0244 -5.8672
vt -29.1963 14.9648
vt 0.1670 -24.8701
vt 0.0000 0.0068
vt 0.0000 0.0000
vt -2.9600 -4.3047
vt 0.0000 -9.0840
vt -0.0283 0.0078
vt -0.1807 -0.9014
vt -2.5312 3.9443
vt 0.0000 -22.7734
vt -3.2764 6.6318
vt 0.9121 0.0000
vt 0.0000 0.0000
vt 16.0010 4.9883
vt 0.0000 0.0000
vt -16.0625 0.0010
vt 0.7500 -1.9307
vt 0.0000 0.0000
vt 0.0059 -0.8672
vt 0.0049 0.0039
vt -1.4004 -1.7744
vt -0.0303 -5.3359
vt 0.0000 0.0000
vt 6.8789 10.2100
vt -4.7109 0.0068
vt 0.0000 0.0000
vt -2.0869 -2.7432
vt -0.0605 -6.5537
vt 0.0000 0.0000
vt 0.7500 0.0059
vt -4.7109 -5.3359
vt 0.0068 -2.4307
vt -0.2461 0.0000
vt 27.7852 -28.2158
vt 0.0000 0.0000
vt -8.1787 0.0000
vt -4.2725 -0.0898
vt -0.0303 -4.8984
vt 0.0000 0.0000
vt -13.9531 0.1387
vt 0.7500 -0.3682
vt 0.0059 0.0068
vt 0.0000 -4.4609
vt 0.0059 0.0059
vt 0.0000 0.0000
vt 0.7500 -0.4629
vt 0.0000 -5.0547
vt -0.0293 0.0000
vt -2.3359 -6.0850
vt -3.2734 -1.6484
vt -0.0303 -4.5234
vt 1.6523 2.5020
vt 0.0000 0.0000
vt 2.2236 -2.0264
vt 0.0000 -12.0596
vt 0.0312 -3.4951
vt 0.2188 0.0000
vt 0.7500 0.0059
vt -7.3975 -9.9277
vt -1.7090 -11.3340
vt 1.5938 26.0566
vt -28.4658 9.7188
vt -26.6836 -17.2500
vt -1.1533 -0.6191
vt -2.3984 -0.0234
vt -0.8369 -2.2109
vt 0.3125 0.0000
vt 0.0000 0.0000
vt 0.5625 -2.0312
vt -31.2402 -21.0449
vt -28.7070 21.2061
vt 0.7500 0.0000
vt -2.9316 -4.8047
vt 0.0000 0.0000
vt 5.7812 0.2188
vt 0.0000 0.0000
vt 0.7500 0.0000
vt 0.0000 0.0000
vt -4.2129 0.0000
vt -1.4717 -1.4111
vt -9.1807 -1.8369
vt -0.8125 0.0000
vt -5.8682 -3.5547
vt 0.0000 -9.3672
vt -0.1494 -0.9941
vt -8.4600 -1.3672
vt -5.8984 -2.0869
vt 0.0000 0.0000
vt -0.0303 -0.0254
vt -1.3994 -0.2158
vt -2.1494 0.0000
vt -22.3564 -12.7178
vt -2.0625 0.4062
vt 6.4375 -0.0234
vt -0.0234 0.0000
vt 0.0000 -3.1484
vt -31.4990 30.7051
vt -31.4600 -14.7754
vt -8.5850 -1.3672
vt -5.6797 -2.0557
vt 0.0000 -0.8389
vt -0.0303 -0.0254
vt -2.5859 0.0029
vt -0.0303 0.0000
vt 0.7500 0.0000
vt -4.0254 -1.9922
vt -1.1504 -10.0869
vt 0.0000 0.0000
vt 0.7500 0.0000
vt -4.8037 0.0088
vt 0.0000 -6.8047
vt 0.7500 0.0000
vt 0.0000 0.0000
vt -1.1504 -7.5840
vt 0.0000 -0.1201
vt 0.4375 1.0000
vt 0.0000 -1.4980
vt 7.2812 11.0000
vt 0.0000 0.0000
vt 0.0000 0.0000
vt 0.0000 0.0000
vt -11.9912 -14.4287
vt 0.0000 0.0000
vt 12.9600 4.6016
vt 0.7500 -2.1172
vt 0.0000 0.0107
vt 0.0000 0.0000
vt 0.0000 0.0000
vt 2.3398 12.9414
vt 0.7500 -4.5234
vt -6.0850 -3.2422
vt 0.0000 0.0000
vt 0.7500 0.9375
vt 0.0000 0.0000
vt -3.6797 0.0000
vt 0.0000 0.0000
vt 3.9688 -1.7744
vt -0.2461 0.0049
vt 0.7500 -3.0244
vt 1.5088 0.0156
vt 0.7588 0.0156
vt 0.0000 0.0000
vt 0.0000 0.0000
vt 5.1650 0.0000
vt 0.0000 0.0068
vt 0.7500 1.2520
vt 0.0000 0.0000
vt 0.0000 0.0000
vt 0.0000 -3.1494
vt -4.2734 -0.0918
vt -0.0303 -4.2441
vt -0.0293 -0.3096
vt 0.7500 0.0000
vt -0.8076 0.0068
vt -5.0850 -17.7715
vt -13.8662 0.0059
vt -0.3711 -3.0557
vt -11.6250 -13.3125
vt 0.0000 0.0000
vt 0.0000 -3.8984
vt 0.0000 -3.1494
vt -4.2725 -0.0908
vt -0.0605 -5.5869
vt -0.1533 -0.9326
vt 0.7500 -0.0605
vt -1.8682 0.0078
vt 0.0000 0.0000
vt 0.0000 0.0000
vt 0.7500 0.0078
vt 0.1836 12.4189
vt -3.1797 2.1318
vt 1.6641 -3.1172
vt 0.0078 0.0078
vt -27.8594 -21.3330
vt 0.7500 15.7344
vt 0.0000 0.0000
vt -0.2217 -0.6943
vt -1.1494 -6.3672
vt -8.1475 -0.7744
vt -4.9609 -6.3047
vt 12.0020 15.9014
vt 0.7500 0.0000
vt -0.0566 -0.2129
vt -1.4600 -0.0303
vt 0.0000 3.1562
vt -0.0312 -0.8750
vt -31.8750 8.3242
vt 8.3301 4.3486
vt 0.7500 0.0000
vt -5.5547 -0.7139
vt 0.2812 0.5000
vt -15.9834 13.2031
vt 0.7500 -32.0000
vt -3.3359 -22.1162
vt 1.6562 -2.8125
vt -12.8359 -0.6162
vt 0.0312 0.0000
vt 0.0000 0.1904
vt 20.4697 -19.7480
vt -7.5352 -6.4082
vt 0.7500 -32.0000
vt -4.1494 -2.8037
vt 0.0068 -0.1533
vt 14.9297 23.5000
vt 8.1396 0.7646
vt 0.7500 -32.0000
vt 1.6562 -2.8125
vt -11.7109 7.7256
vt 0.0312 0.0000
vt 0.0000 0.0000
vt 0.0000 0.0000
vt 0.7500 0.0000
vt -13.2100 -3.2715
vt 0.0068 -0.9629
vt -7.3037 -1.8691
vt 0.7500 0.0000
vt 0.0000 -2.5869
vt 0.0977 -1.2129
vt -1.7109 -0.0303
vt 0.0000 0.0000
vt 0.7500 0.1562
vt -13.4600 0.3193
vt 1.5654 -0.6514
vt 0.0000 -3.5869
vt 0.0371 0.2559
vt 0.0000 0.0000
vt 0.7500 0.0000
vt -12.5537 -3.0859
vt -5.5547 -0.7764
vt 0.7500 0.0049
vt -5.5537 -7.3662
vt 0.0000 -0.1182
vt -28.1240 21.1113
vt 0.0068 -0.9336
vt -16.5527 -4.0859
vt 1.2539 -0.4014
vt -4.7422 -6.6172
vt -3.4336 -0.2773
vt 3.4688 2.4062
vt 0.3789 1.4102
vt 8.9062 4.1250
vt -3.8057 0.0068
vt 0.0000 0.0000
vt 0.0000 0.0000
vt -0.0117 0.0410
vt 0.0029 0.0186
vt -0.0107 -24.1475
vt -0.0283 0.0000
vt -15.0000 6.0156
vt 0.0020 -0.0068
vt 0.0127 -0.0234
vt -0.0078 0.0264
vt 0.7500 -0.8994
vt -12.5850 -17.1152
vt 0.0000 -4.0547
vt 0.0000 0.0000
vt -7.6797 -2.9297
vt 0.0000 0.0000
vt -9.3457 20.8115
vt 0.7500 0.0000
vt -6.3740 -3.8721
vt 0.0029 -0.1221
vt 0.0000 -12.3369
vt -0.2432 -3.2754
vt 0.0000 0.0000
vt 0.0049 -2.5859
vt 1.3125 -10.4062
vt -1.7441 -2.4297
vt 0.0000 0.0000
vt 31.5186 -29.2119
vt 0.7500 -1.1191
vt -0.6172 -0.2422
vt 0.0000 0.0000
vt -1.5586 -4.6875
vt -0.0576 -15.5527
vt 0.0000 0.0000
vt 0.7500 0.0000
vt -6.2100 -0.9941
vt -1.7812 0.6250
vt -1.4951 -4.6816
vt -4.2725 -0.1211
vt -0.0303 -3.4609
vt 0.0000 0.0000
vt 0.7500 -1.3379
vt -6.0850 -2.1797
vt -5.4912 -0.1182
vt 0.0000 0.0000
vt 0.0000 0.0000
vt 0.7500 -0.8994
vt -2.9287 -8.5234
vt 0.0000 -13.6797
vt -1.7441 0.3203
vt 0.7500 -4.7725
vt -20.7715 2.5410
vt 0.0000 -8.3662
vt 0.7500 -3.8359
vt 0.4453 0.9150
vt 0.0000 0.0000
vt 0.0283 -0.2197
vt 0.0000 -12.4600
vt -1.6816 1.0059
vt -0.4668 0.0000
vt 0.7500 -1.8691
vt -3.0859 2.1660
vt 0.0000 0.0000
vt 0.0000 -15.0938
vt 0.7256 -4.0273
vt 0.0000 -1.8125
vt 0.0000 0.0000
vt -11.6436 13.8643
vt -5.3779 -21.9922
vt 0.3994 -11.6436
vt 0.7500 1.0938
vt 1.8438 4.7812
vt 0.0000 -8.4639
vt 9.0693 -0.0312
vt -19.3467 16.0000
vt 0.0000 0.0000
vt 12.5605 22.3018
vt 18.0898 20.4180
vt -31.6641 23.3643
vt 25.3555 23.7129
vt 13.3477 23.9512
vt 3.8340 23.9863
vt 0.7500 0.2500
vt -0.9375 0.1289
vt 0.0000 0.0000
vt 0.0000 0.0000
vt 5.9297 2.4805
vt 0.7500 1.3779
vt 2.1572 4.0059
vt 0.0000 -2.9932
vt -4.3984 -0.0596
vt 0.0000 0.0000
vt 0.7500 1.1006
vt 2.1641 3.2578
vt -0.0312 0.0000
vt 0.7500 0.2500
vt -1.4941 -7.7422
vt -12.0537 -5.6162
vt 0.0078 0.0088
vt 0.0000 0.0000
vt -10.3535 29.9619
vt -26.2725 -29.2354
vt 0.0000 0.0000
vt -9.7783 10.6143
vt 0.7500 -0.7500
vt 0.3438 4.7500
vt 0.0000 0.0000
vt 0.0000 -8.8975
vt 0.0000 -5.0557
vt 0.0039 -1.3691
vt -0.6201 0.0000
vt -31.7949 8.0000
vt -0.1191 -4.3662
vt 0.0000 0.0000
vt 0.7500 -0.7441
vt -5.4600 0.8525
vt -5.3047 -8.3037
vt -0.9326 0.0000
vt 0.0000 -1.1172
vt -1.0859 -5.7412
vt 20.3369 -20.8418
vt 0.0000 -0.4648
vt 2.6631 -0.9941
vt 0.0000 -2.8359
vt -4.3975 -0.7451
vt -0.1846 0.0000
vt -1.8057 -0.1846
vt -6.4922 -1.8066
vt 0.0000 0.0000
vt 0.7500 1.2891
vt -7.2129 10.4141
vt 1.3125 0.5000
vt 0.0000 -9.5527
vt -0.9307 -1.1191
vt 0.7500 0.7881
vt -1.2441 6.3818
vt 0.0000 -6.6484
vt -1.7432 1.8486
vt -0.1836 -0.1191
vt 0.0000 5.9756
vt -15.9160 -31.8701
vt 0.7500 0.9150
vt -0.3398 -6.3340
vt -1.7412 -4.4922
vt -0.8057 -0.7109
vt 0.7500 2.5938
vt 1.3438 -12.0312
vt -4.2754 0.6328
vt 4.5010 -1.0273
vt -0.1533 0.0000
vt 0.7500 -1.0625
vt -1.2500 2.9375
vt -6.3701 1.0312
vt 1.3438 -12.0312
vt 2.1279 -2.0234
vt 1.7188 -8.9307
vt 3.6895 -0.4023
vt 0.0000 0.0000
vt -0.3994 0.3799
vt -7.0625 4.2812
vt 0.0000 0.0000
vt 0.7500 0.0059
vt 0.0000 -14.8662
vt 0.7500 -14.8975
vt -0.3662 -1.7715
vt 0.0000 0.0000
vt -8.3350 0.0059
vt 0.0000 0.0000
vt -0.0254 -6.7090
vt 0.7500 -3.2432
vt -13.3652 -0.9941
vt 0.0000 0.0000
vt -0.1846 -17.0234
vt 0.0000 0.0000
vt 3.0312 1.4375
vt -0.7744 -6.1826
vt 0.0000 0.0000
vt -0.7217 0.0771
vt -3.5547 -5.9609
vt 0.0000 0.0000
vt -1.2217 -0.9697
vt -0.4336 -0.0283
vt -12.4600 -5.7100
vt 0.0000 0.0000
vt -19.6641 0.0791
vt 0.7500 0.3125
vt 7.2500 0.8438
vt 0.0000 0.6621
vt -4.1182 -0.0312
vt 0.0039 0.0000
vt 0.7500 -0.7744
vt 7.2588 0.8535
vt 0.0000 -3.1797
vt 0.0049 0.0000
vt 0.7500 -0.3086
vt -5.7109 0.0078
vt -0.1523 0.0000
vt -0.8379 0.0000
vt 0.0068 0.0059
vt -0.0273 -7.1777
vt 0.0000 0.0000
vt -0.9346 0.2891
vt -0.0303 -3.7734
vt -1.1504 -1.1191
vt 0.7500 -0.2461
vt 0.0039 -1.1191
vt -0.9014 -2.8682
vt 0.0039 0.0000
vt 19.4248 21.9434
vt 0.7500 -2.4619
vt 0.0000 0.0000
vt -0.8379 -1.6484
vt 0.0000 0.0000
vt -4.3682 -1.7500
vt -13.2725 -1.6494
vt 6.6875 0.0000
vt 0.7500 -6.3975
vt -6.4600 6.0693
vt 0.0000 -14.2402
vt -1.6182 0.1289
vt -4.2725 -0.0898
vt 0.0000 0.0000
vt 0.7500 -10.8975
vt -0.3975 0.0088
vt -7.2422 -5.8672
vt 0.0000 -16.9277
vt -19.9805 1.3652
vt -0.1250 -11.0000
vt -7.2109 0.0098
vt 0.0078 0.0078
vt 0.7500 -32.0000
vt 0.0000 -3.3057
vt -9.7744 -1.9316
vt -0.5312 -5.9688
vt 1.5625 -0.9609
vt 17.5205 -5.7939
vt 17.5000 6.0449
vt 18.1738 -22.5439
vt 16.0020 -20.3555
vt 17.5059 -21.8047
vt 0.7500 -32.0000
vt -0.4629 -8.1484
vt -12.8359 -6.8672
vt -0.5312 -5.9688
vt 1.5625 -7.5850
vt -17.4814 20.0098
vt 0.7500 -32.0000
vt -11.4600 -3.7412
vt -13.5527 -10.2412
vt 0.0000 0.0000
vt -0.5312 -5.9688
vt -11.2783 4.4844
vt 0.7500 5.1631
vt 0.0000 0.0000
vt -1.2734 -0.1807
vt -4.7744 -0.6514
vt 0.0000 0.0000
vt -0.7441 0.4102
vt -0.0293 -9.6484
vt 0.0000 0.0000
vt 3.5215 16.1260
vt 18.5518 24.3613
vt 0.0068 -8.1787
vt -0.4023 0.0000
vt -0.0566 -0.8682
vt 0.0000 0.0000
vt 0.0000 -16.0625
vt 25.7285 -19.1006
vt -1.7422 -4.4922
vt -0.8057 -0.7109
vt 0.9131 -2.5566
vt -6.4688 -1.6250
vt -13.9287 0.0381
vt -1.7461 2.1904
vt -0.0264 -15.1475
vt 0.0000 0.0000
vt -2.2500 2.6250
vt -3.3691 -1.4619
vt -0.4629 -4.8047
vt -0.2471 -1.4326
vt 0.0000 0.0000
vt -1.6826 -1.3994
vt -6.9287 1.6641
vt 0.7568 -1.3350
vt 0.7500 13.1318
vt 0.3496 -3.5273
vt 0.5938 0.8438
vt -0.4062 -15.8672
vt -2.2432 -0.7432
vt -5.7109 -3.8984
vt -0.4014 -6.0234
vt 0.0000 0.0000
vt 0.7500 -1.7812
vt -0.3047 2.3828
vt 0.0000 0.0000
vt 0.0000 -3.8047
vt 0.0000 0.0000
vt 0.7500 -0.6182
vt -1.4912 -3.4600
vt -1.3984 -6.4600
vt 0.0000 -7.2412
vt -0.9326 0.0000
vt 0.0000 0.0000
vt -8.9287 -0.0254
vt 0.0000 0.0000
vt 0.7500 0.5000
vt -4.0000 -7.8057
vt 1.3457 0.0000
vt -3.6797 7.7256
vt -5.7734 -3.6816
vt -4.1484 -0.8057
vt -6.0244 -1.7734
vt 0.0000 0.0000
vt 0.0000 0.0000
vt -0.0605 -10.9912
vt 0.0000 0.0000
vt 0.0049 -1.4004
vt 0.0000 0.0000
vt -4.2725 -0.0898
vt -0.8701 -7.5225
vt 0.0000 0.0000
vt -28.7500 0.0186
vt 0.7500 9.6719
vt 0.0000 0.0000
vt -17.7432 11.0830
vt 0.0283 -0.7197
vt -3.0225 -1.7744
vt -0.2773 -9.4287
vt 0.0000 0.0000
vt 0.0723 -6.3457
vt 0.7500 -5.3359
vt -7.8359 4.0713
vt 0.7500 0.0000
vt -6.4297 -15.1475
vt -0.3662 -8.9912
vt -4.1162 -0.0303
vt -0.1836 0.0000
vt 0.7500 0.0088
vt 0.7500 0.0000
vt 0.0000 0.0088
vt -2.2402 -12.5537
vt 0.0000 0.0000
vt 0.0020 0.0000
vt -0.2754 -12.9912
vt -4.5859 -2.9932
vt -12.7480 17.1172
vt -2.7158 -29.6191
vt 2.7500 0.0000
vt 0.0000 -11.0547
vt 0.0000 0.0000
vt -13.9580 26.3779
vt 0.0000 -1.5566
vt -3.7422 -2.8057
vt -9.2090 -1.0879
vt -22.2432 -17.0391
vt -19.0557 6.5410
vt -0.2754 -2.2119
vt 0.0088 -1.0879
vt -10.3350 0.0000
vt -4.5859 -0.0254
vt 0.0000 0.0000
vt 0.7500 -2.8633
vt 0.0000 -2.2500
vt -18.1777 -1.5879
vt 11.0312 -28.9609
vt 0.7500 -32.0000
vt 0.3125 -13.2109
vt 9.7881 -6.1162
vt 0.0000 0.0000
vt 16.1533 6.8799
vt 0.0000 -11.8691
vt 0.7500 5.4434
vt -0.4307 -4.7432
vt 0.0068 -19.1494
vt 0.0000 0.0000
vt 9.4082 -14.3125
vt 0.0215 24.0273
vt -25.8105 -19.8154
vt -3.3037 -0.0283
vt 0.0078 -6.4297
vt -1.5557 -0.6807
vt 15.5635 29.2285
vt 0.0000 0.0000
vt 8.1963 1.2490
vt 8.1963 1.2490
vt 0.1250 0.9375
vt 15.0938 -3.2188
vt 0.0010 0.0156
vt 0.0000 0.0000
vt 8.0312 2.7812
vt 0.0000 0.0020
vt 0.0000 -5.0000
vt -0.0586 -0.0244
vt 0.0010 -0.0039
vt 0.0000 -4.7383
vt 14.0430 -7.8408
vt -0.0615 -0.0225
vt -0.0010 0.0039
vt 0.0000 -4.5996
vt 20.5000 -7.9727
vt -0.1240 0.0098
vt -0.0117 0.0439
vt -0.0039 -4.6191
vt 28.5195 -25.8926
vt -0.2021 0.0547
vt -0.0225 0.0840
vt -0.0059 -4.6738
vt -15.9668 -15.9971
vt -0.2461 0.1064
vt -0.0254 0.0918
vt -0.0059 -4.7461
vt 3.7988 -8.8887
vt -0.1602 0.1826
vt -0.0225 0.0811
vt -0.0049 -4.7861
vt 11.8047 -2.7646
vt -0.1182 0.2148
vt -0.0166 0.0605
vt -0.0039 -4.7822
vt 9.3037 2.3672
vt -0.0918 0.2031
vt -0.0098 0.0361
vt -0.0020 -4.8066
vt -9.6523 -13.4521
vt -0.0752 0.0967
vt -0.0029 0.0127
vt 0.0000 -4.9492
vt 5.4648 5.8242
vt -0.0635 -0.0215
vt 0.7500 8.2500
vt 0.0000 0.0000
vt -2.3125 0.0000
vt 0.0000 8.0312
vt -4.7422 27.0410
vt -0.0635 -0.0215
vt -31.5781 4.5938
vt 0.7500 -1.7129
vt -1.2744 0.2812
vt -2.5244 -3.5938
vt -4.2725 -0.0898
vt 0.7500 0.2500
vt 0.0000 -6.9023
vt 0.0000 0.0000
vt -11.1699 -12.7207
vt 0.7500 -17.2715
vt -9.6787 6.3818
vt 0.0000 0.0000
vt 0.0000 -7.0938
vt -0.0293 -0.1221
vt -0.1221 -14.6475
vt -0.0264 -0.1533
vt 1.8066 26.0000
vt 0.5283 -0.7197
vt -8.6504 0.5381
vt -11.1250 -4.9062
vt 0.0000 0.0000
vt -19.4521 -14.7002
vt 1.0283 -0.7197
vt -10.4629 -3.8672
vt -11.1250 -4.9062
vt 0.0000 0.0000
vt -4.9219 20.3076
vt -0.0781 0.1689
vt -0.0039 -4.5723
vt 28.5000 28.0010
vt 0.0000 -0.1787
vt 0.0000 0.0000
vt -16.2988 -31.8330
vt 5.5381 4.1875
vt 0.7500 18.7236
vt 2.4111 -0.7734
vt -4.1250 -0.0312
vt 1.0625 0.8438
vt -14.5781 0.9629
vt 0.7500 16.1035
vt -4.1250 -0.0312
vt -3.9941 0.7188
vt -4.2734 -0.0908
vt 0.0000 -4.1494
vt -8.3369 7.3193
vt 0.0000 0.0000
vt 0.7500 -2.1807
vt -5.3037 0.0098
vt -0.9297 -0.2754
vt 0.0049 0.0000
vt 0.7500 -2.0576
vt 3.3438 1.2500
vt -3.5264 -4.5879
vt -1.4619 -0.9941
vt 11.6738 2.0000
vt -2.7422 -1.6807
vt 0.0068 0.0039
vt 0.0000 0.0000
vt 0.7500 0.0049
vt -7.3975 2.1318
vt 0.0000 -2.5869
vt 0.0000 0.0000
vt -1.7100 -0.5254
vt 0.0078 0.0049
vt 0.0000 0.0000
vt 25.8906 -16.4609
vt 25.7812 13.5059
vt 25.8447 -5.8584
vt 25.8408 20.0781
vt 25.7705 -28.5889
vt 25.8838 9.5234
vt -6.9609 -5.2734
vt -4.7725 -3.3984
vt 0.0000 0.0000
vt 0.7500 0.4756
vt -2.0879 -0.5859
vt -10.8672 -1.0244
vt 0.7500 -2.2744
vt 4.4375 -2.9688
vt 0.2871 -4.0537
vt 0.0000 -0.8369
vt 0.0010 0.0000
vt 8.9697 11.0889
vt 1.4141 0.0469
vt 1.0635 11.0576
vt -1.7432 -2.2422
vt -0.9375 5.9062
vt 7.9688 2.3125
vt 0.0000 0.0000
vt -1.7432 -2.2422
vt -1.6875 5.8750
vt 0.0000 0.0000
vt 0.0000 0.0000
vt 0.7500 -3.7734
vt -5.8359 2.1943
vt 0.0000 -9.2725
vt -0.5898 0.0000
vt 0.0000 0.0000
vt 0.7500 -0.7500
vt -2.0586 -0.0869
vt 0.0000 -8.8975
vt 0.0000 -5.0557
vt 0.0039 -1.3691
vt -0.6201 0.0000
vt -0.0283 -10.4912
vt 0.0000 0.0000
vt 11.7666 23.0508
vt -2.2744 -7.1152
vt 0.0000 0.0000
vt -0.0303 -11.0840
vt 0.0000 0.0000
vt -1.3359 -1.0879
vt -0.3691 -2.3984
vt -0.1846 -5.3359
vt 0.0000 0.0000
vt 24.5762 -29.6777
vt -23.8047 -31.6777
vt 0.7500 -2.2432
vt -7.9600 -2.8662
vt -6.8662 -0.0254
vt 0.7500 -1.3994
vt -3.3066 4.9443
vt 0.0039 -0.0264
vt -4.1172 -0.0303
vt 0.0029 0.0000
vt -23.5996 16.0293
vt -0.1855 0.0957
vt 3.2559 -8.7725
vt 0.0000 0.0000
vt -3.3984 -3.3984
vt 0.0000 -5.0537
vt 0.0000 0.0000
vt 9.0000 -24.4863
vt 0.7500 13.1318
vt -1.6182 -1.6504
vt -0.2451 -12.2412
vt 0.5938 0.8438
vt -0.4062 -15.8672
vt 0.7500 -3.6807
vt 0.0000 -2.3994
vt -2.5938 9.6875
vt 18.0859 0.1875
vt -29.4736 -29.6221
vt 28.0596 -20.8496
vt -20.8496 0.0732
vt 0.7500 0.0068
vt -7.9600 -2.8047
vt -0.5557 0.0059
vt -16.5215 -5.1172
vt 12.9043 19.4521
vt 23.3516 10.0781
vt 1.1006 -2.1807
vt 0.0000 3.2900
vt 0.0000 0.0000
vt 0.7500 -1.7139
vt -2.9912 0.1924
vt 0.0000 0.0000
vt 0.0000 -11.2715
vt 0.0000 0.0000
vt 0.7500 0.0107
vt -0.2178 25.2500
vt 31.4062 25.9600
vt 0.7500 -1.4023
vt 2.7832 0.4414
vt 0.0000 0.0000
vt 0.0000 -13.0244
vt 5.6328 -0.0312
vt -0.0312 6.1562
vt 0.0000 0.0000
vt 0.0000 0.0000
vt 0.7500 -31.7451
vt -0.4375 -6.7500
vt -0.1250 -7.1250
vt 0.0000 5.4746
vt -1.1201 -0.7764
vt -31.3975 -11.9805
vt -8.0938 0.4062
vt -1.5254 3.2266
vt 0.0000 0.0000
vt 0.7500 -0.7432
vt 0.0000 -9.5537
vt 0.7500 2.4434
vt -4.8086 -13.6523
vt -0.2217 -1.2334
vt -0.2773 -11.0537
vt 0.0000 0.0000
vt 24.0830 -10.7178
vt 0.7500 3.8809
vt 0.0000 -1.6182
vt 0.0000 0.0000
vt 0.0000 0.0000
vt -30.8408 -30.6250
vt 0.7500 -1.4912
vt -19.5840 -6.7734
vt 0.7500 -3.9912
vt 0.0000 0.0000
vt 0.0000 0.0000
vt 0.7500 9.7539
vt 0.0000 -13.8379
vt 0.0000 0.0000
vt 0.7500 6.8506
vt -4.7422 -22.6826
vt -0.5625 1.2500
vt 0.0000 -16.9902
vt -21.1240 -20.5498
vt 0.0000 6.4131
vt 2.8486 5.0352
vt -7.0850 -22.8096
vt 0.0000 -13.7715
vt -24.3867 -19.7832
vt -12.7197 -9.6895
vt 0.7500 4.0078
vt -1.5000 0.9375
vt 0.0000 -14.7725
vt 0.7500 -5.5225
vt 0.0000 0.0000
vt 0.0059 0.0000
vt -1.0244 -4.5234
vt -1.1875 0.6562
vt -0.0303 -7.7412
vt -1.0566 -2.1494
vt 1.6953 0.0000
vt 22.3857 5.2500
vt 0.7500 -0.4619
vt -5.6797 0.0078
vt 0.0000 0.0000
vt -4.3037 -0.4941
vt -0.0303 -15.5527
vt 0.0000 0.0000
vt 25.2500 -22.9082
vt 0.7500 -0.4932
vt 0.8447 4.2236
vt -16.1182 -6.3066
vt 0.0000 0.0000
vt 0.7549 -2.4941
vt 0.7500 0.7188
vt -0.3438 0.2197
vt -6.9951 -12.5244
vt 0.0000 0.0000
vt 0.7500 3.2812
vt -7.1807 5.5703
vt -10.3965 0.0107
vt 0.0000 0.0000
vt -4.2725 -5.1484
vt 0.0000 0.0000
vt -0.7764 -16.5527
vt 0.0000 0.0000
vt 0.0000 0.0000
vt 0.0000 0.0000
vt -0.9600 0.0107
vt 11.7080 10.6816
vt -26.0488 29.5000
vt -26.8145 -8.7441
vt -12.3760 -25.1982
vt 0.0000 0.0098
vt 0.0000 0.0000
vt 0.0000 0.0000
vt 0.0107 -4.3027
vt -0.4316 -0.0293
vt -1.5557 -14.4277
vt 0.0000 0.0000
vt 0.7500 0.7236
vt -0.8379 0.0020
vt 0.0000 -5.6494
vt 0.0000 0.0000
vt 0.0049 6.7500
vt -0.7139 0.0049
vt 31.0664 14.7041
vt 0.7500 -21.3027
vt 0.0283 -2.4551
vt -8.0225 -1.2744
vt 0.7500 -2.5566
vt 0.0000 0.0000
vt 0.0000 0.0000
vt -4.0215 -4.1797
vt 1.2266 -3.2432
vt 0.0000 0.0000
vt -0.4023 0.0059
vt -1.3975 0.0000
vt -0.8701 -8.1787
vt 0.0000 0.0000
vt -2.4297 -0.3076
vt -23.5215 0.0000
vt 0.0000 -9.0850
vt 0.0000 0.0000
vt 0.7500 0.0000
vt -0.4922 -9.8652
vt -4.1162 -0.0303
vt 0.0020 0.0000
vt 0.7500 -0.9932
vt -2.8359 -0.4912
vt -16.0215 -0.3975
vt 0.0000 0.0000
vt -31.9375 4.0039
vt 16.1797 6.5508
vt -13.3037 28.6523
vt -6.6357 21.4170
vt 0.7500 0.0068
vt -7.1172 0.0088
vt -16.0225 -1.7412
vt 0.0000 0.0000
vt 10.2627 30.6074
vt 21.4170 9.0000
vt 0.0000 2.6309
vt -5.3730 1.9766
vt 0.0000 2.8125
vt -1.9297 -0.1533
vt 0.0068 0.0000
vt -1.3672 -0.9297
vt -1.6484 -0.0596
vt 0.0000 0.3496
vt -1.5869 0.0059
vt -4.2725 -0.0898
vt -0.0605 -5.8047
vt 0.0000 0.0000
vt 0.7500 -1.8691
vt 0.0000 0.0078
vt 0.0000 0.0000
vt -1.3682 -6.4600
vt -4.1162 -0.0303
vt 0.0020 0.0000
vt -1.3057 -0.1494
vt 0.0000 0.0000
vt 0.0000 0.0000
vt 0.0000 -4.5439
vt -10.0234 -4.9600
vt 0.0000 0.0000
vt 0.0332 0.0000
vt 0.0361 27.4561
vt 8.7959 21.2305
vt 1.4736 18.5811
vt 2.8477 -18.1377
vt 4.2217 -6.7324
vt 5.5957 -19.1699
vt 7.0322 20.4854
vt 8.5303 -19.7656
vt 10.1533 -11.8916
vt 11.9014 -11.9863
vt 13.7119 -23.9873
vt 15.6475 24.0430
vt 17.5830 0.1357
vt 19.5801 -27.7412
vt 21.6406 4.3828
vt 23.7002 -27.4932
vt 25.8232 4.6299
vt 27.8828 -23.2773
vt 30.0059 20.8154
vt -31.9336 4.8457
vt -29.8740 -3.1865
vt -27.8125 0.7188
vt 0.7500 -1.8682
vt 0.0049 0.0078
vt -1.7500 1.8438
vt 0.0000 0.0000
vt 0.0049 -5.1162
vt 0.0029 0.0000
vt 0.7500 0.0059
vt 0.5977 4.6309
vt 0.5957 -7.3672
vt -0.0254 -0.1504
vt -0.0303 0.0000
vt 6.1836 -13.7061
vt 12.9082 -12.4053
vt -1.7764 -1.3682
vt -3.2734 -4.9922
vt -3.1797 -3.1797
vt -4.2725 -0.0898
vt -0.0918 -3.7734
vt 0.0000 0.0000
vt 8.8789 26.4512
vt 0.0000 -0.2773
vt -2.3125 1.8125
vt -10.1836 0.7842
vt -0.6826 -0.8389
vt 2.8516 0.0967
vt 0.0000 -3.7432
vt -0.9951 -2.0254
vt -5.9062 -4.2500
vt 0.0000 -0.3398
vt 0.7500 0.0000
vt -7.1484 0.0068
vt 0.0000 0.0000
vt -2.7412 -0.0303
vt 0.0000 0.0000
vt -4.0859 0.0000
vt -18.5840 0.0000
vt 0.0000 -7.0850
vt -1.5879 -1.3379
vt -1.5254 -0.0889
vt -2.4922 -0.0596
vt 0.0000 -3.0557
vt -0.4648 -0.7139
vt -2.3994 -2.0557
vt -0.1787 0.0000
vt -4.2725 -0.0898
vt 0.0000 -3.6484
vt -0.5889 -0.7754
vt 0.7500 -0.5566
vt -2.8672 -1.5879
vt 0.0000 0.0000
vt -0.3389 -0.1504
vt 0.0078 -0.0303
vt 0.0000 0.0000
vt 0.7500 8.2500
vt -0.1504 -10.6475
vt -0.0254 -2.0879
vt 0.0000 0.0000
vt -13.2617 -7.9844
vt 0.0029 18.1172
vt 28.1348 -12.7139
vt 0.1104 0.0127
vt -28.2305 2.6582
vt 0.0107 31.7500
vt 10.8486 7.6455
vt 0.4404 -0.1211
vt -0.4961 0.0000
vt -3.6816 -3.6807
vt 0.0000 -4.1182
vt -0.4961 -0.0264
vt -2.7432 0.0000
vt -0.1846 -6.9287
vt 0.0000 0.0000
vt -4.6172 -2.0244
vt 0.7500 -0.8379
vt -4.2422 -0.1172
vt 0.0000 0.0000
vt 0.0059 -0.6182
vt 0.0020 0.0000
vt -1.2129 -2.0576
vt -6.5225 -0.3369
vt 0.0273 0.1191
vt 0.1191 30.3242
vt -6.1514 -2.7979
vt -2.7979 -18.4521
vt 0.7500 0.2500
vt -0.4932 -6.2109
vt 0.0000 0.0000
vt -2.2744 -2.8672
vt 9.7549 -2.5488
vt -12.9062 11.9609
vt -18.6201 -21.9561
vt -1.9238 -19.2676
vt -2.1113 -17.6426
vt 17.2637 -23.9551
vt -0.6504 -2.0547
vt 0.0000 0.0000
vt -6.5957 24.6357
vt 0.5068 2.1875
vt 0.0000 -1.8379
vt 0.0068 -0.3691
vt 28.1377 24.2520
vt 0.7500 -0.7744
vt 3.9688 -7.1875
vt 0.0000 -8.2412
vt 0.0010 0.0000
vt 4.8643 5.4795
vt 0.7500 0.2500
vt 0.0059 -10.3994
vt -4.8066 -6.0244
vt 12.2070 31.3096
vt -9.8330 -29.5742
vt 0.0000 -3.0859
vt 0.1631 -1.0889
vt 0.0000 0.0000
vt -2.1250 1.1250
vt -4.1182 1.8789
vt 0.5654 -3.5127
vt 30.0703 -30.9316
vt -0.0059 -30.9746
vt 12.3652 -27.5088
vt 0.8145 -0.8379
vt -6.7100 1.1631
vt 16.3584 27.0000
vt 28.5840 -15.4639
vt -15.9375 25.8213
vt -13.2256 -15.2158
vt -23.4541 10.3750
vt -10.8125 1.9375
vt 0.0000 0.0000
vt 0.7500 -0.8682
vt -27.1777 19.6523
vt -12.8955 31.2939
vt -3.4609 -0.3750
vt -8.2188 0.9375
vt 0.0000 -10.4609
vt 0.0000 0.0000
vt -0.5566 -1.8057
vt -8.2100 -2.0557
vt 0.0000 -12.2100
vt 0.0000 0.0000
vt 10.3311 20.3438
vt 11.8252 14.7246
vt 7.3193 24.8457
vt 0.3115 -25.1592
vt 0.0000 5.8779
vt -1.1533 -7.9062
vt 0.0000 0.0000
vt 0.0000 0.0000
vt -8.2188 0.9375
vt 0.0000 0.0000
vt 0.7500 0.0059
vt -4.4609 0.0078
vt -9.5537 -4.3047
vt -3.6797 -0.0869
vt -4.1182 -1.2451
vt 0.0000 0.3506
vt 0.0000 0.0000
vt 0.0000 1.0996
vt -0.2500 -9.3682
vt 0.0000 -3.0547
vt -12.0869 -7.3047
vt 0.0000 0.0000
vt 0.7500 0.9395
vt -2.8086 0.3750
vt 0.9102 -1.0889
vt -14.6162 -4.5547
vt 0.1934 0.0078
vt 5.7852 -20.0000
vt 0.9375 3.4062
vt -1.9600 -30.6465
vt 0.1562 -3.9688
vt -4.9600 -1.4688
vt 12.0039 -26.8809
vt 5.6562 3.2275
vt 8.0273 -18.8164
vt -4.2725 -0.0898
vt -1.4062 0.0000
vt 0.0000 -0.7109
vt -6.3672 -24.3965
vt 0.6211 -13.9717
vt 0.3828 1.9512
vt 0.4189 -12.3984
vt 2.0127 -18.9961
vt -4.7207 -3.6875
vt 4.3604 -14.3984
vt 2.0088 -18.4980
vt 0.7500 16.0078
vt 0.0000 0.9062
vt 0.0000 0.8496
vt 3.7188 4.3750
vt -1.2432 0.0000
vt -0.4014 -1.5869
vt -3.3066 -0.6201
vt 0.0010 0.0000
vt -20.4824 -9.9268
vt 0.0000 19.3955
vt 17.2207 -29.7959
vt 0.1211 0.0166
vt -0.0029 0.0000
vt 11.3643 30.8799
vt 0.0000 0.0000
vt 0.0000 0.0000
vt 0.0000 0.0000
vt 17.6309 -28.7109
vt -0.0215 0.0000
vt -0.0586 0.0000
vt -15.6816 -28.7109
vt -2.3984 0.0000
vt 0.0000 -9.3682
vt 0.0000 0.0000
vt -0.4004 -4.8984
vt -0.0352 0.0000
vt -0.0498 0.0000
vt -0.0166 0.0000
vt 0.0283 0.0000
vt 0.0059 0.0000
vt -0.0020 0.0000
vt -0.0029 0.0000
vt -0.0029 0.0000
vt -0.0020 0.0000
vt 0.0000 0.0000
vt 0.0000 0.0000
vt 0.0010 0.0000
vt 0.0000 0.0000
vt -0.0020 0.0000
vt -0.0117 0.0000
vt -0.0586 0.0000
vt -0.0303 0.0000
vt -0.0205 0.0000
vt -0.0166 0.0000
vt -19.8672 -28.6943
vt -4.3369 2.0986
vt -2.3389 -0.1533
vt 0.0000 0.0000
vt 0.0000 0.0000
vt -0.6494 0.0947
vt 4.9062 -5.3438
vt 0.0000 0.0000
vt 3.3125 2.0938
vt 0.0000 0.0000
vt -11.0869 0.0059
vt -5.4307 5.4141
vt -31.9990 -2.6016
vt -27.8652 -20.7344
vt -20.5801 -15.2090
vt -15.3633 -31.9336
vt -15.3789 -23.0596
vt -21.6191 -21.0840
vt -28.8965 20.6406
vt -31.9990 -2.6016
vt -1.3066 0.0068
vt 0.0000 0.0000
vt 0.0000 -3.7100
vt 0.0000 0.0000
vt -4.6182 2.6562
vt -0.9336 -1.9639
vt 0.0000 0.0000
vt -3.1475 1.2891
vt 0.0000 0.0000
vt -2.0254 2.1924
vt -0.9941 -2.8359
vt 0.0000 0.0000
vt -3.7129 1.0693
vt -0.9932 -3.8359
vt 0.0000 0.0000
vt -1.7754 0.0000
vt 0.0000 0.0000
vt 0.0059 -6.1475
vt 0.0000 0.0000
vt -1.7812 0.0000
vt -4.2734 -0.0908
vt 0.0000 0.0000
vt 0.0283 -0.9600
vt -2.9297 0.0000
vt 0.0000 -10.9277
vt -0.1221 -10.6787
vt 0.0000 0.0000
vt -1.9717 -0.6758
vt 0.0000 0.0000
vt -28.1973 -30.6865
vt 0.4834 22.0625
vt 0.0059 0.0000
vt -0.1211 0.0000
vt -0.7754 -0.8682
vt 0.0078 0.0029
vt 0.0000 -3.1182
vt -0.4648 -0.7451
vt 0.7500 -0.8379
vt 0.0000 0.0000
vt 0.0049 -0.6191
vt -0.0293 0.0000
vt 0.1611 -0.0938
vt -1.1211 0.0000
vt -0.2441 0.2861
vt 0.1641 0.0029
vt 0.0000 -3.5244
vt -0.7451 -0.9326
vt -5.1475 -0.6201
vt -7.1172 -4.5547
vt -4.9297 0.0078
vt 0.0068 -4.1172
vt -27.1562 0.2383
vt 0.0469 13.3105
vt 24.8809 6.8213
vt 0.7578 -3.9219
vt 19.3516 1.6025
vt 0.7500 0.0000
vt -6.2734 -0.1787
vt 2.8750 2.3438
vt -31.9775 -12.5771
vt 0.7500 -2.9004
vt -7.4004 14.0645
vt 0.0000 0.0000
vt 0.0000 0.0000
vt 0.7490 -0.0010
vt 25.3066 -25.0508
vt -0.0293 0.0225
vt 0.0361 23.0410
vt 0.0791 -0.0352
vt -3.2383 -6.3418
vt 8.2500 19.2490
vt 0.0234 0.0322
vt 0.0244 0.0557
vt -2.7500 2.0000
vt 29.0215 -23.2676
vt 0.0000 0.0000
vt 0.0898 15.0078
vt -0.7500 0.0000
vt 0.0000 23.5547
vt -14.7168 -27.9639
vt 0.0127 0.0000
vt 0.7500 0.0059
vt -0.8047 0.0068
vt 0.0000 0.0000
vt 0.0000 0.0000
vt -0.0264 -0.0566
vt -4.1162 -0.0303
vt 0.0000 0.0000
vt 0.7500 -0.2764
vt -5.2764 5.4121
vt 0.0059 0.0039
vt 0.0000 -3.9609
vt -0.2773 -0.0264
vt 0.0000 0.0000
vt 0.7500 -0.6816
vt -8.0850 0.0088
vt 0.0000 0.0000
vt -0.1533 0.0000
vt 0.7500 0.2871
vt -5.3662 -5.4609
vt 0.0000 0.0000
vt -0.0586 0.0000
vt 0.3311 1.2588
vt 0.0283 -0.6514
vt 2.7852 0.6562
vt -0.0303 -6.1797
vt 0.0000 0.0000
vt -25.1660 22.6963
vt -0.4688 -0.0625
vt -0.8379 0.4141
vt 0.0000 0.0000
vt 4.0977 -17.0537
vt -14.7500 -26.2500
vt 1.2227 -1.1875
vt 0.4727 -3.0244
vt 6.2256 1.2236
vt 0.0000 -3.3691
vt 0.7500 -2.3369
vt -3.5225 0.3525
vt -0.5625 1.2500
vt 0.0000 -5.0850
vt 0.0010 0.0000
vt 17.7812 8.6357
vt -0.0625 8.1562
vt 0.0000 0.0000
vt 0.0000 -9.5938
vt -1.2500 0.0000
vt 0.0000 -6.0000
vt 0.0000 0.0000
vt -2.3359 -1.0850
vt -0.0303 -9.8350
vt -14.4170 3.8545
vt 0.7500 -1.5869
vt -8.6484 1.5391
vt -0.5625 1.2500
vt 0.0000 -3.5547
vt -0.3398 0.0986
vt 0.4453 -2.1182
vt 0.0000 0.0000
vt 0.7500 0.0000
vt -1.1475 1.0400
vt -0.6807 -2.3682
vt 0.0000 0.0000
vt -2.8076 2.4375
vt 0.4727 -1.5254
vt 4.5381 0.8799
vt 0.0000 -1.7432
vt 0.7500 0.0068
vt -0.7422 -4.5244
vt -2.3994 -0.4648
vt 0.0059 0.0039
vt 0.0000 -7.5225
vt 0.0020 -4.2109
vt -15.9531 0.0615
vt -2.7119 0.0000
vt -8.2188 0.0000
vt -4.3047 -0.4326
vt -6.0547 -8.3037
vt -8.1797 -0.7812
vt 8.2812 -0.5312
vt -31.7207 -30.3281
vt -3.9688 0.0000
vt 0.1289 -1.7764
vt 0.0000 -1.3066
vt 1.3438 1.1562
vt 0.0000 -5.5859
vt 8.2812 -0.5312
vt -3.9668 -0.3066
vt -4.4609 -1.6826
vt 1.1621 -0.7119
vt 0.0000 -8.4609
vt 8.2812 -0.5312
vt -0.3438 0.0000
vt 0.1250 -4.4951
vt 0.7500 0.0068
vt -0.8672 -4.6494
vt 0.0068 0.0059
vt 0.0000 -9.3037
vt 0.0039 -4.2109
vt 4.0693 11.7500
vt 0.0000 0.0000
vt 0.0020 -16.2090
vt 0.7500 1.0400
vt 0.4443 4.5078
vt -18.3975 -6.3066
vt 0.4238 25.9062
vt 0.7500 -32.0000
vt -1.6875 0.0312
vt 1.3125 0.0000
vt 0.0000 0.0000
vt 0.0000 0.9561
vt 0.0000 2.1826
vt -1.4717 1.0293
vt 0.0283 -0.4209
vt -0.1836 -11.9912
vt 0.0000 0.0000
vt 0.1602 -0.5264
vt 0.0000 0.0000
vt -1.0576 -0.3730
vt 0.0000 2.1309
vt -0.4619 -0.0254
vt 0.0000 0.0000
vt -0.2100 0.0000
vt 0.0000 0.0000
vt 0.2188 0.0000
vt -3.6484 -0.2461
vt 0.0000 0.0000
vt -9.3350 0.0088
vt -0.8682 0.0029
vt 0.0000 0.0000
vt 0.0000 -32.0000
vt -0.3359 0.0000
vt 0.0000 0.0000
vt 0.0000 1.2246
vt 0.0000 0.0000
vt 0.0059 0.0000
vt -27.4229 -29.8467
vt 9.8213 24.9775
vt -29.5469 -6.3096
vt -11.9531 0.0000
vt 0.7500 0.0000
vt -1.1221 4.9404
vt 0.0000 -5.7129
vt 4.3506 -0.0303
vt 0.0000 0.0000
vt 0.7500 0.0000
vt -1.0566 4.0664
vt 0.4434 -0.7441
vt 0.0000 -10.6152
vt 0.7500 2.6562
vt -1.6191 4.3125
vt -1.4619 -0.7432
vt 0.0000 -15.9277
vt 0.7500 -5.8750
vt -22.9912 -25.4590
vt 0.0000 3.5693
vt 21.0713 -14.2129
vt -0.7451 -10.7725
vt 0.0068 0.0068
vt 0.0000 -4.4922
vt 0.0000 0.0000
vt -10.7314 -15.9990
vt 5.3496 0.0000
vt -8.2188 0.0000
vt 0.0000 -0.3418
vt 0.0000 4.2207
vt 0.0000 10.3438
vt 0.0000 -19.0195
vt 0.0000 -18.8379
vt -6.9600 0.0000
vt -8.2188 0.0000
vt -2.7500 -0.0625
vt 0.7500 0.0059
vt -4.6201 2.4102
vt 0.0000 0.0000
vt 0.0000 5.0049
vt -2.2422 -1.5547
vt -25.3516 1.4404
vt 0.0000 -1.2500
vt 0.0000 0.0000
vt 0.7500 0.0000
vt 0.0000 0.0000
vt 27.8936 0.0000
vt 0.2500 11.9326
vt -0.0586 -0.0889
vt 0.0000 0.0000
vt 0.0000 0.0000
vt 2.5000 0.0000
vt 29.8828 -28.1660
vt 0.0000 0.0000
vt 0.0732 0.0000
vt 0.0000 0.0000
vt 0.0000 0.0010
vt 0.0000 0.0000
vt 0.0000 0.5430
vt -0.0039 0.0557
vt 10.5693 -17.4053
vt 20.4795 -16.2441
vt 0.0029 -0.0049
vt 0.0000 0.0039
vt 1.0391 17.1455
vt 0.0869 0.0010
vt -10.5615 -21.3135
vt -0.0049 0.0000
vt 0.0059 0.0000
vt 0.0000 12.3750
vt -3.3047 -3.3984
vt 0.0039 -0.0303
vt 2.7969 -26.0527
vt 8.6504 -12.0801
vt 22.7812 8.8994
vt 0.0049 21.8438
vt 0.0000 0.0068
vt 0.0000 0.0000
vt -0.0146 0.0000
vt -13.6660 16.3965
vt 22.0293 -29.6025
vt 0.0225 22.2793
vt 0.0000 0.0244
vt 0.0020 0.0000
vt -0.0371 0.0020
vt -5.9639 -22.9434
vt 25.6523 -22.0244
vt 0.0352 26.2148
vt 0.0010 0.0361
vt 0.0029 0.0010
vt -0.0283 0.0029
vt -6.2051 -20.9932
vt 31.4629 -22.2041
vt 0.0371 -31.7246
vt 0.0010 0.0371
vt 0.0029 0.0010
vt 0.0107 0.0029
vt -0.0010 0.0166
vt -6.3857 10.0029
vt 0.0000 -0.0010
vt -25.4141 -22.3857
vt 0.0352 -24.5391
vt 0.0010 0.0352
vt 0.0029 0.0010
vt 0.0098 0.0020
vt 0.0293 0.0098
vt -28.4766 -24.4922
vt 0.0293 0.0293
vt -0.0039 0.0293
vt 1.4941 8.7725
vt 0.0000 -0.0039
vt -19.1660 -14.5059
vt 0.0352 -18.5410
vt 0.0010 0.0352
vt 0.0020 0.0010
vt 0.0098 0.0020
vt 0.0293 0.0098
vt 3.5254 -18.9922
vt 0.0283 0.0293
vt -0.0059 0.0283
vt 9.4951 -23.4541
vt 0.0000 -0.0068
vt -18.2295 1.4951
vt 0.0352 -18.3555
vt 0.0010 0.0352
vt 0.0020 0.0010
vt 0.0098 0.0020
vt 0.0293 0.0098
vt 0.0283 0.0293
vt -0.0068 0.0283
vt 17.3711 -7.1963
vt 0.0000 -0.0068
vt -17.2930 25.3096
vt 0.0352 -17.0430
vt 0.0010 0.0352
vt 0.0020 0.0010
vt 0.0098 0.0020
vt 0.0293 0.0098
vt 0.0283 0.0293
vt -0.0068 0.0283
vt -22.1348 -23.9355
vt 0.0000 -0.0068
vt -22.9814 10.1123
vt 0.0352 -24.9199
vt 0.0010 0.0352
vt 0.0020 0.0010
vt 0.0098 0.0020
vt 0.0293 0.0098
vt 0.0283 0.0293
vt -0.0068 0.0283
vt 20.1514 5.3730
vt 0.0000 -0.0059
vt 24.6396 4.3359
vt 0.0352 22.9521
vt 0.0010 0.0352
vt 0.0020 0.0010
vt 0.0098 0.0020
vt 0.0293 0.0098
vt 0.0283 0.0293
vt -0.0059 0.0283
vt -12.1768 21.3965
vt 0.0000 -0.0059
vt 15.3955 3.5723
vt -0.0059 0.0000
vt 0.0352 14.5840
vt 0.0010 0.0352
vt 0.0020 0.0010
vt 0.0098 0.0020
vt 0.0293 0.0098
vt 0.0283 0.0293
vt -0.0049 0.0283
vt 1.7539 -24.8545
vt 0.0000 -0.0049
vt 10.5918 -6.4336
vt 0.0352 10.2178
vt -15.7734 -27.4814
vt 0.0010 0.0352
vt 0.0020 0.0010
vt 0.0098 0.0020
vt 0.0293 0.0098
vt 0.0283 0.0293
vt -0.0039 0.0283
vt 17.1260 -8.3584
vt 0.0000 -0.0039
vt 8.4697 25.1260
vt 0.0352 8.2197
vt 0.0010 0.0352
vt 0.0020 0.0010
vt 0.0098 0.0020
vt 0.0293 0.0098
vt 0.0283 0.0293
vt -0.0039 0.0283
vt 25.1875 7.6299
vt 0.0000 -0.0029
vt 7.2197 17.1875
vt 0.0352 7.2197
vt 0.0010 0.0352
vt 0.0020 0.0010
vt 0.0098 0.0020
vt 0.0293 0.0098
vt 0.0283 0.0293
vt -0.0029 0.0283
vt 25.3750 -24.3740
vt 0.0000 -0.0029
vt 7.7812 25.3750
vt 0.0352 8.0312
vt 0.0010 0.0352
vt 0.0020 0.0010
vt 0.0098 0.0020
vt 0.0293 0.0098
vt 0.0283 0.0293
vt -0.0020 0.0283
vt 1.3164 7.3994
vt 0.0000 -0.0020
vt 11.3438 1.2549
vt 0.0352 12.3438
vt 0.0010 0.0352
vt 0.0020 0.0010
vt 0.0098 0.0020
vt 0.0293 0.0098
vt 0.0283 0.0293
vt -0.0010 0.0283
vt 0.7031 22.9199
vt 22.5312 0.5801
vt 0.0352 24.2188
vt 0.0010 0.0352
vt 0.0020 0.0010
vt 0.0098 0.0020
vt 0.7500 12.3828
vt -3.5547 -5.8047
vt 0.0000 0.0000
vt 0.0000 0.0000
vt -1.9316 -0.1816
vt 0.0000 0.0000
vt 0.0000 0.0000
vt 0.0068 -0.0078
vt 0.2490 -0.2500
vt -3.0000 0.2500
vt 0.0117 0.0117
vt 0.0000 24.0117
vt 0.0010 0.0000
vt -0.0312 0.0020
vt 8.9521 -2.4922
vt 0.0000 0.0156
vt 0.7500 0.3750
vt -4.7100 -14.1162
vt 0.0000 0.0000
vt 0.0000 0.0000
vt -1.5859 -6.6787
vt 0.0098 13.3994
vt 9.1348 -29.0488
vt 0.3809 -15.9375
vt 0.0010 0.0352
vt 20.0430 20.6494
vt -30.2939 20.0703
vt -1.7734 -2.2422
vt -3.5557 -2.3047
vt 0.0000 -8.4287
vt 0.0000 0.0000
vt -2.0879 2.8154
vt -2.2744 -0.7744
vt 0.0000 -3.7432
vt -1.0879 -2.3379
vt 0.0283 -0.9736
vt -5.9287 0.0000
vt 0.0078 -9.0537
vt -1.5557 -12.7402
vt -1.5557 -6.9590
vt 0.1172 20.1934
vt -6.7715 0.0000
vt 0.0078 -9.3350
vt 0.7500 14.4453
vt -1.6172 -10.2412
vt -0.7441 -0.4307
vt 0.0283 0.0469
vt 0.0117 0.0459
vt 0.0244 -0.0391
vt 0.0459 -0.0049
vt -0.0391 -0.0010
vt 11.9990 -1.2500
vt -0.0049 0.0947
vt 0.0176 -0.0293
vt 0.0234 -0.0527
vt 0.0947 -0.0596
vt -0.0068 0.0186
vt 0.7500 1.7842
vt 0.0000 0.0000
vt 1.8164 -1.2129
vt -4.1172 -0.0303
vt -0.0605 5.0312
vt 21.6387 8.4795
vt 3.3193 -0.1191
vt -6.7412 -1.3066
vt 3.9434 0.9434
vt -1.2129 -0.2129
vt 0.7500 -0.3057
vt -6.8984 -0.4287
vt 0.0000 0.0000
vt -0.1533 5.4141
vt 0.7500 2.0059
vt -4.1162 -0.0303
vt -0.4951 2.2266
vt 0.7500 0.3750
vt 0.0000 0.0000
vt -3.7500 -1.5312
vt -19.6055 -21.8379
vt -0.0762 0.0596
vt -19.6045 -27.4502
vt -0.0762 0.0596
vt 0.0000 0.3750
vt 0.0000 0.0000
vt -3.7451 -2.0264
vt -0.0762 0.0596
vt 14.7812 16.3975
vt 0.0596 -19.6055
vt -19.6055 -19.5449
vt 27.9697 25.7559
vt -0.0762 0.0596
vt 0.0596 -19.6055
vt -19.6045 21.7539
vt 13.7715 -26.1865
vt -0.0762 0.0596
vt 0.0596 -19.6055
vt -19.6045 0.4258
vt 17.3506 -22.7988
vt 24.8984 -3.3105
vt -0.0762 0.0596
vt 0.0596 -19.6045
vt -19.6045 -14.1641
vt 2.0547 -17.5830
vt -0.0762 0.0596
vt 0.0596 -19.6035
vt -19.6035 1.8301
vt -14.6396 -30.3809
vt 0.0605 -0.0576
vt -0.0762 0.0596
vt 0.0596 -19.6035
vt 0.7500 0.3750
vt 0.0000 0.0000
vt -3.4023 -2.4014
vt -12.8721 -17.2812
vt -24.4277 -31.1699
vt 0.0762 -21.4756
vt -0.1035 0.0762
vt -0.0596 -0.1035
vt -25.8828 16.5332
vt 0.0283 -2.4688
vt -1.7178 -11.1221
vt -10.2451 -6.5889
vt 7.2812 -3.6211
vt -0.1074 0.0781
vt -0.0596 -0.1074
vt -13.1875 2.0020
vt -6.2490 -17.3418
vt -3.3936 26.5205
vt 0.0781 -3.3945
vt -0.1074 0.0781
vt -1.7500 -10.9688
vt 0.0000 0.0000
vt 0.0000 0.0000
vt -0.1143 0.0791
vt 0.0791 -24.5557
vt -24.5557 -27.3398
vt -27.5410 13.4834
vt -1.7490 -10.9688
vt -9.3057 -5.9629
vt 7.2812 -3.6250
vt -0.1074 0.0781
vt -0.0625 -0.0303
vt -0.1113 0.0781
vt -0.1113 0.0791
vt -0.1123 0.0791
vt -0.1123 0.0791
vt -0.1133 0.0791
vt -0.1133 0.0791
vt -0.1143 0.0791
vt -0.1143 0.0791
vt -0.1143 0.0791
vt -0.1152 0.0791
vt -0.1152 0.0791
vt -0.1152 0.0791
vt -0.1143 0.0791
vt -0.1152 0.0791
vt -0.1143 0.0791
vt -1.7490 -10.9688
vt 0.0000 0.0000
vt 7.2812 -3.6250
vt -0.1143 0.0791
vt -0.1143 0.0791
vt -0.1152 0.0791
vt -0.1191 0.0801
vt -0.1250 0.0811
vt -0.1309 0.0811
vt -0.1338 0.0820
vt -29.6807 4.7500
vt 0.7500 0.3750
vt -3.0293 -2.8730
vt -7.4287 -11.0225
vt -0.1338 0.0820
vt -18.6699 2.1328
vt -7.4668 20.0225
vt -7.4697 18.8330
vt -11.4971 -20.7676
vt 0.0000 0.0000
vt -8.3535 24.3066
vt 0.7500 14.4453
vt -9.7100 0.9453
vt -3.0557 -2.0234
vt -0.7754 -0.3994
vt 0.0195 0.0068
vt -0.0156 0.0459
vt 0.0244 -0.0391
vt 0.0117 -0.0098
vt -0.1104 0.0771
vt 19.5068 -23.6865
vt -0.0049 0.0947
vt 0.0107 0.0264
vt 0.0039 -0.0156
vt -0.0059 0.0244
vt 11.9990 -1.2500
vt -0.0527 0.0117
vt -0.0596 -0.1104
vt 0.1191 -24.5732
vt 0.7500 14.4453
vt -3.0557 -2.0234
vt -0.7754 -0.3994
vt 0.0049 0.0186
vt -0.0137 0.0049
vt 0.0039 -0.0654
vt 21.0000 17.2490
vt -22.2500 -16.2510
vt 0.0752 -0.0107
vt -0.0430 0.0850
vt 19.5068 -23.6865
vt 0.0020 0.0986
vt 0.0107 0.0264
vt -0.0146 -0.0361
vt -0.0293 0.0020
vt -0.1055 0.0850
vt -0.1494 -0.0361
vt 0.1191 -24.5732
vt 0.7500 -0.5244
vt -6.8994 1.3213
vt 0.0000 0.0000
vt -4.1162 -0.0303
vt -0.3086 0.8828
vt 0.7500 -2.1172
vt -6.8975 -0.4307
vt -0.1533 5.0381
vt 9.9502 -22.8906
vt -2.9268 -22.8145
vt 4.5381 -2.4932
vt 0.0000 0.0000
vt -5.0312 -0.8438
vt 2.4688 0.0000
vt -0.5312 1.3203
vt -13.2715 -15.1777
vt 27.2500 0.0000
vt 0.0332 31.9834
vt 0.7500 -0.4307
vt -6.8975 -3.3662
vt 0.0000 0.0000
vt -4.1162 -0.0303
vt -0.0605 3.6943
vt 4.9814 -18.8877
vt -9.9912 -14.2402
vt 0.0000 -0.0869
vt 2.4375 0.0000
vt -6.7109 -8.5234
vt 0.7500 -0.6504
vt -0.1191 -4.5859
vt 1.1631 0.0000
vt -2.2725 -4.9932
vt 20.0625 8.3145
vt 0.7500 2.0000
vt 6.8789 0.2256
vt 6.1602 -0.5273
vt 0.0000 0.0000
vt -5.3555 -16.9248
vt -5.1191 30.7363
vt 0.0000 10.2500
vt 4.4062 0.0000
vt 6.4688 -0.5312
vt 0.0000 0.0000
vt -2.7754 -6.7441
vt 0.1113 -22.4355
vt 23.6289 -31.6699
vt -0.0645 0.0234
vt 0.0000 -0.0010
vt 0.0000 -2.1484
vt 0.0059 0.0068
vt 0.7500 4.5312
vt -3.9297 1.4434
vt 0.0000 0.0107
vt 0.7500 0.4746
vt -4.0859 0.7275
vt 0.0000 0.0000
vt -4.1250 -0.0312
vt -0.1846 -2.7119
vt 0.0625 0.4375
vt -26.1445 11.0156
vt 6.1992 0.5283
vt 0.7500 0.5996
vt -3.7422 -5.8037
vt -4.1162 -0.0303
vt -0.1846 -3.1172
vt -0.6826 -0.2764
vt 2.4033 -19.8438
vt -1.5557 -4.1494
vt -3.7188 -0.3438
vt -11.9951 3.9707
vt -3.0244 -2.5869
vt 7.9062 -14.1875
vt -0.0010 0.0000
vt 0.0000 -14.1904
vt -14.1904 9.6152
vt 15.2949 2.0801
vt 12.4150 3.5957
vt 14.7607 28.0947
vt 0.0000 0.0635
vt -0.0010 0.0000
vt 0.0000 -14.1904
vt -14.1904 11.5078
vt 15.2871 29.5840
vt 7.7236 22.5488
vt 16.8418 7.2529
vt -0.5234 -1.4316
vt -1.0566 -7.9316
vt 0.7500 -5.1484
vt -7.4912 -6.0527
vt 0.0000 0.0000
vt -30.4668 25.2158
vt 0.0039 0.0020
vt 0.0000 0.0000
vt 0.0000 0.0000
vt 0.0010 0.0205
vt 0.0000 0.0000
vt 0.0029 0.0420
vt 22.4062 2.3906
vt -0.0010 0.0000
vt 0.0068 0.0732
vt 21.0312 2.7549
vt -0.0020 0.0000
vt -0.0039 0.0547
vt 20.9688 2.7520
vt -0.0020 0.0000
vt 0.0117 0.0986
vt 21.4062 2.5195
vt -0.0029 0.0000
vt 0.0039 0.0820
vt 21.8438 2.4658
vt -0.0039 0.0000
vt -0.0010 0.0674
vt 21.8438 2.4053
vt -0.0039 0.0000
vt -0.0039 0.0557
vt 21.8438 2.2139
vt -0.0049 0.0000
vt 0.0029 0.0625
vt 21.8438 1.8896
vt -0.0049 0.0000
vt 0.0039 0.0850
vt 21.8438 1.8193
vt -0.0059 0.0000
vt 0.0039 0.0840
vt 21.8438 2.2627
vt -0.0068 0.0000
vt 0.0039 0.0752
vt 21.6562 18.3896
vt -0.0068 0.0000
vt 0.0029 0.0635
vt 21.7188 10.3887
vt -0.0068 0.0000
vt 0.0029 0.0508
vt 22.9043 -21.6709
vt -0.0078 0.0000
vt 0.0020 0.0371
vt 25.7148 -6.0322
vt -0.0264 0.0010
vt 0.0010 0.0244
vt 31.4629 -6.2139
vt -0.0410 0.0020
vt 0.0000 0.0127
vt -25.4141 -14.3975
vt 0.0137 0.0029
vt 0.0000 0.0039
vt -19.1660 -14.5195
vt 0.0098 0.0029
vt -18.2295 1.4834
vt 0.0098 0.0029
vt 0.0000 -0.0039
vt -17.2930 25.2969
vt 0.0088 0.0020
vt 0.0000 -0.0059
vt -22.9814 10.1035
vt 0.0088 0.0020
vt 0.0000 -0.0068
vt 24.6396 4.3359
vt 0.0078 0.0020
vt 0.0000 -0.0068
vt 15.3955 3.5791
vt 0.0068 0.0020
vt 0.0000 -0.0068
vt 10.5918 -6.4258
vt 0.0059 0.0010
vt 0.0000 -0.0059
vt 8.5322 25.0713
vt 0.0049 0.0010
vt 0.0000 -0.0039
vt 7.5322 17.1943
vt 0.0039 0.0010
vt 0.0000 -0.0029
vt 8.0938 25.3818
vt 0.0029 0.0000
vt 0.0000 -0.0020
vt 10.9688 1.2578
vt 0.0020 0.0000
vt 17.4688 0.8867
vt 0.0010 0.0000
vt -1.0566 -0.8379
vt -4.2734 -0.0918
vt -0.0303 -0.8359
vt 0.0000 0.0000
vt -22.6221 26.7871
vt 0.6006 0.0000
vt -0.0586 -0.0303
vt 0.0000 -2.1182
vt -0.1562 0.6572
vt -0.3701 -7.4307
vt 0.7500 14.1875
vt -0.2783 -10.3086
vt 6.3486 -5.7783
vt 0.0000 0.0000
vt -5.8701 -6.1826
vt 0.0000 0.1133
vt -15.5000 19.6250
vt 10.2695 10.8496
vt 0.0908 -0.0098
vt -0.0518 0.3389
vt -0.1914 0.0918
vt -0.0527 0.0000
vt -22.8809 -6.7148
vt -0.0820 0.0908
vt 0.2246 -0.0518
vt 0.1133 -0.1914
vt 17.2188 7.2559
vt 19.4990 -21.0000
vt -0.0098 -0.0527
vt 0.3389 -22.6074
vt 0.0918 0.2246
vt 0.0000 0.1133
vt -9.7168 -31.6445
vt 0.0908 -0.0098
vt -0.0518 0.3389
vt -0.1914 0.0918
vt 0.0000 30.4375
vt -0.1562 -9.5938
vt 6.7227 -4.9961
vt 0.0000 0.0000
vt -6.0889 -7.0254
vt 0.0908 -0.0098
vt -0.1914 0.0918
vt 0.0098 0.2578
vt -0.0049 0.0010
vt 0.3389 -22.4902
vt 0.0908 -0.0098
vt -0.1914 0.0918
vt 0.0098 0.2578
vt -0.0049 0.0010
vt 0.3389 -22.4902
vt -0.0820 0.0908
vt 0.2246 -0.0518
vt -0.1914 0.0918
vt 0.0000 0.1133
vt 16.0479 -11.9297
vt -0.0098 -0.0527
vt 0.3389 -27.0723
vt -0.0820 0.0908
vt 0.2246 -0.0518
vt -0.1914 0.0918
vt 0.0000 0.1133
vt 20.0186 -4.0000
vt -0.0098 -0.0527
vt 0.3389 -30.6973
vt -0.0820 0.0908
vt 0.2246 -0.0518
vt -0.0820 0.0908
vt 0.2246 -0.0518
vt 0.1133 -0.1914
vt -0.0098 -0.0527
vt 0.3389 -3.5713
vt 0.0918 0.2246
vt 12.7217 11.8525
vt 0.0000 0.1133
vt -22.7422 -13.9131
vt 0.0908 -0.0098
vt -0.0518 0.3389
vt -0.1914 0.0918
vt 0.7500 14.4375
vt -20.7090 -10.5537
vt 0.0020 0.0068
vt 0.0000 0.0000
vt 25.0371 21.8789
vt -0.0146 0.0156
vt 0.0205 -0.0342
vt -0.0293 0.0322
vt 0.0410 -0.0693
vt -0.0439 0.0488
vt 0.0615 -0.1045
vt -0.0596 0.0654
vt 0.0820 -0.1396
vt -0.0742 0.0820
vt 0.1025 -0.1748
vt -0.0781 0.0859
vt 0.1084 -0.1836
vt 0.7500 -1.3359
vt -5.6162 0.7275
vt 0.0000 0.0000
vt 0.0107 -9.8350
vt -0.8701 0.9375
vt 0.0625 0.4375
vt -25.7715 -15.6006
vt 0.0000 0.0000
vt -0.8672 -0.3438
vt -0.2119 -0.5879
vt -0.7119 0.0000
vt 0.0000 0.0000
vt 0.0000 0.0000
vt 0.7500 3.2246
vt 1.5703 -7.9922
vt 0.0000 0.0000
vt -2.4297 -6.4912
vt 0.1299 -0.5254
vt 0.0000 0.0000
vt 0.7500 -1.7754
vt 0.0000 0.0000
vt -24.9844 -4.6250
vt -22.0879 -1.1211
vt -1.2217 -0.7012
vt -8.2129 -0.1514
vt -0.8057 0.0000
vt 0.0000 0.0000
vt -18.7754 22.9775
vt 3.7559 -2.8066
vt 0.0361 -7.2109
vt 0.7500 -2.9004
vt -6.5850 5.2900
vt 0.0000 0.0000
vt 0.0000 0.0000
vt 0.4102 -14.0859
vt -30.3008 -0.8320
vt 0.0000 -1.2783
vt -1.6191 10.2871
vt 0.0000 0.0000
vt -7.7764 -14.3066
vt 0.0000 0.0000
vt -29.7451 16.1113
vt 7.2529 2.0498
vt 0.7500 -2.8379
vt -1.6172 11.5078
vt 0.0000 0.0000
vt -11.3994 -14.3096
vt 0.0000 0.0000
vt 0.7227 -8.1221
vt -29.9590 6.3125
vt 4.5996 0.1924
vt -1.1797 -2.6787
vt -4.2725 -0.0898
vt -1.9941 0.9062
vt 5.6875 -0.3438
vt 0.0000 -14.7754
vt -0.0625 -10.4609
vt 0.0000 0.0000
vt 0.7500 0.0000
vt -6.8350 -2.4287
vt 0.0000 -8.7412
vt -9.4053 22.1885
vt -13.9912 -0.8350
vt 0.0000 0.0000
vt 0.0000 0.0000
vt -31.7412 17.1074
vt -3.1699 31.1914
vt 0.7500 -3.5234
vt -2.1484 0.6963
vt -0.4922 1.6592
vt 0.0000 -8.0225
vt 4.0010 -4.8164
vt 29.7783 -10.5352
vt 0.7500 -3.7725
vt 0.0000 0.0000
vt 0.7500 1.5977
vt 0.0000 0.0000
vt 0.7500 2.3750
vt -6.8984 -0.4688
vt 0.0000 -12.0537
vt 0.0000 0.0000
vt 0.0078 0.0078
vt -8.3975 0.0078
vt 0.7500 1.1943
vt -2.4600 -19.9590
vt 0.0000 0.0000
vt 0.0078 -8.0850
vt 0.0000 0.0000
vt -2.8369 -0.1484
vt 0.0000 0.0000
vt 11.4795 8.7910
vt 0.7500 1.7861
vt 0.0000 0.0000
vt 0.0000 -2.4307
vt -4.1250 -0.0312
vt -1.0889 1.4443
vt -4.0225 -2.3672
vt 2.2207 -4.7910
vt 4.5996 0.1924
vt -1.1797 -2.6787
vt -4.2725 -0.0898
vt 0.0000 8.2500
vt 0.0000 -10.4287
vt -1.7490 0.0000
vt 0.0000 0.0000
vt 13.3730 10.7939
vt 0.0029 -0.1104
vt 23.7480 -7.4561
vt 0.0029 -0.1104
vt -24.4395 -26.6436
vt 0.0029 -0.1104
vt 25.1855 3.3564
vt 0.0029 -0.1104
vt 23.0732 -20.3906
vt 5.6230 -15.9873
vt 0.0029 -0.1104
vt -23.5645 -10.7998
vt 0.0029 -0.1104
vt -29.6895 17.3877
vt 0.0029 -0.1104
vt -1.8994 0.0107
vt 0.0000 0.0000
vt -10.6777 -4.6172
vt -3.4932 0.0059
vt 0.0000 0.0000
vt 9.5010 24.7822
vt 0.0176 -27.9160
vt -27.6943 -27.4863
vt 2.0410 10.0186
vt 0.2393 0.0176
vt 0.0176 -27.7891
vt -1.0869 0.0059
vt 0.0000 0.0000
vt -0.1191 -3.6807
vt -11.5850 -3.7109
vt 0.0000 0.0000
vt 29.0908 0.1084
vt 0.7500 -1.3066
vt -0.8379 0.0068
vt -1.8369 0.0000
vt -9.6152 -0.3994
vt -0.8701 2.1270
vt 0.0000 0.0000
vt 0.0986 -2.8066
vt 0.0000 -0.2432
vt -27.9004 -30.9365
vt 0.0000 30.4375
vt 0.0000 -15.4600
vt 13.3828 -6.2432
vt 1.0996 -7.1172
vt -0.0273 0.0186
vt 0.0000 -0.0273
vt 0.0000 -0.0361
vt 0.0000 0.0000
vt 0.1826 0.0000
vt -0.0361 20.4404
vt 0.0391 -0.0010
vt 0.0000 0.0000
vt -3.8125 14.1299
vt -0.0254 0.0186
vt 0.0000 -0.0273
vt 0.0000 -0.0361
vt 0.0000 0.0000
vt 0.1826 0.0000
vt -0.0361 17.1963
vt 0.0430 -0.0049
vt 0.0000 0.0000
vt -31.6748 14.3203
vt -0.0234 0.0186
vt 0.0000 -0.0273
vt 0.0000 -0.0361
vt 0.1826 0.0000
vt -0.0361 16.2578
vt 0.0420 -0.0039
vt 0.0000 0.0000
vt -19.9238 14.3770
vt -0.0254 0.0186
vt 0.0000 -0.0273
vt 0.0000 -0.0361
vt 0.1826 0.0000
vt -0.0361 15.3857
vt 0.0176 0.0166
vt 0.0000 0.0000
vt 0.6416 13.3799
vt -0.0488 0.0186
vt 0.0000 -0.0273
vt 0.0000 -0.0361
vt 0.1826 0.0000
vt -0.0361 10.2715
vt -0.0244 0.0537
vt 0.0000 0.0000
vt -18.1660 -12.4668
vt -0.0654 0.0186
vt 0.0000 -0.0273
vt 0.0000 -0.0361
vt 0.1826 0.0000
vt -0.0361 13.7148
vt 0.0010 0.0342
vt 0.0000 0.0000
vt -1.7852 13.7852
vt -0.0410 0.0186
vt 0.0000 -0.0273
vt 0.0000 -0.1904
vt 0.0000 -0.0361
vt 0.1826 0.0000
vt -0.0361 26.0938
vt 0.0596 -0.0303
vt 0.0000 0.0000
vt 6.4004 0.7002
vt -0.0107 0.0186
vt 0.0000 -0.0273
vt 0.0000 -0.0361
vt 0.1826 0.0000
vt -0.0361 -18.7803
vt 0.0645 -0.0488
vt 0.0000 0.0000
vt -25.6064 -30.2988
vt -0.0283 0.0186
vt 0.0000 -0.0273
vt 0.0000 -0.0361
vt 8.0000 0.6055
vt 0.1826 0.0000
vt -0.0361 25.8447
vt 0.0283 -0.0127
vt 0.0000 0.0000
vt 30.4150 10.4121
vt -0.0342 0.0186
vt 0.0000 -0.0273
vt 0.0000 -0.0361
vt 0.1826 0.0000
vt -0.0361 6.8447
vt 0.0283 -0.0059
vt 0.0000 0.0000
vt -1.5840 -27.4111
vt -0.0322 0.0186
vt 0.0000 -0.0273
vt 0.0000 -0.0361
vt 0.1826 0.0000
vt -0.0361 15.4062
vt 21.5391 18.4727
vt 0.0332 -0.0029
vt 0.0000 0.0000
vt 22.4102 11.7871
vt -0.0293 0.0186
vt 0.0000 -0.0273
vt 0.0000 -0.0361
vt 0.1826 0.0000
vt -0.0361 23.9688
vt 0.7500 -0.7451
vt -6.2139 -9.7451
vt -1.6172 -1.6816
vt 0.0000 -13.3652
vt 0.7500 12.2500
vt 0.0000 -9.5244
vt 7.7812 -9.1562
vt -7.4600 -4.8350
vt 0.0000 -29.3604
vt 0.0000 -29.7188
vt 0.0000 -28.9580
vt 0.0000 -29.8223
vt 0.0000 -29.0996
vt 0.0000 -29.1367
vt -2.3369 0.0107
vt 0.0000 0.0000
vt 0.0000 0.0000
vt 0.0039 4.6875
vt -19.2578 17.6143
vt -25.8125 1.0117
vt 4.5391 4.0381
vt 2.6494 13.9990
vt 0.5332 -0.8105
vt 0.0010 -3.0000
vt 2.3438 -3.4629
vt -5.9014 1.1299
vt -11.5859 -3.2100
vt -2.6250 8.5000
vt 0.0000 -6.6787
vt 0.7500 -2.8047
vt 0.0000 0.0000
vt 0.0107 -2.9297
vt -0.5264 8.5381
vt -23.8955 29.1426
vt -2.4600 -0.0283
vt -0.0879 -0.0879
vt 0.0039 0.0010
vt 0.0000 0.0000
vt 0.0000 0.0000
vt 0.0000 0.0000
vt 0.0000 0.0000
vt 0.0615 0.0000
vt 0.0000 0.0000
vt -0.0039 0.0547
vt 0.0000 0.0000
vt 0.0000 0.0000
vt -0.0010 0.0000
vt 0.0762 0.0000
vt 2.4121 -12.3027
vt 0.0000 0.0010
vt 0.0020 -0.0029
vt -0.0039 0.0557
vt 21.5938 26.2217
vt 0.0000 0.0000
vt 0.0010 0.0029
vt 0.0039 21.4062
vt -0.0059 0.0000
vt 0.0830 0.0010
vt -29.9219 -28.4258
vt 0.0000 0.0049
vt 0.0088 -0.0127
vt 0.0039 0.0820
vt 22.5928 10.2783
vt 0.0020 0.0000
vt 0.0098 0.0322
vt 0.0361 27.5273
vt -0.0078 0.0029
vt -0.0010 0.0068
vt 25.7354 -7.1250
vt 0.0010 0.0361
vt 0.0293 0.0098
vt 0.0000 -0.0098
vt -19.7900 9.5566
vt 1.7783 9.2266
vt 0.0029 0.0010
vt 0.0293 0.0293
vt 0.0352 -18.5430
vt 0.0088 0.0020
vt -0.0068 0.0264
vt -22.6904 -23.9746
vt 0.0010 0.0303
vt 0.0234 0.0078
vt 0.0000 -0.0068
vt 26.4521 20.1514
vt 0.0020 0.0000
vt 0.0186 0.0195
vt -0.0059 0.0000
vt 0.0215 13.1494
vt 0.0049 0.0010
vt -0.0049 0.0146
vt 17.2529 23.3223
vt 0.0000 0.0166
vt 0.0117 0.0039
vt 0.0000 -0.0039
vt 7.2197 25.1875
vt 0.0000 0.0000
vt 0.0068 0.0068
vt 0.0068 8.5938
vt 0.0010 0.0000
vt -0.0010 0.0029
vt 0.9482 7.2021
vt 0.0000 0.0010
vt 0.7500 12.3828
vt -3.5547 -5.8047
vt -5.0859 -0.0273
vt 0.0000 0.0000
vt -1.9316 -0.1816
vt 0.0000 0.0000
vt 0.0029 0.0010
vt 27.6641 -29.0068
vt 0.0059 0.0059
vt 0.0000 24.0312
vt -0.0010 0.0088
vt 0.0010 0.0000
vt 0.0000 -0.0010
vt -0.0156 0.0010
vt 0.0000 0.0000
vt 0.0186 -0.0195
vt 0.0000 0.0215
vt 0.0020 0.0000
vt 0.0078 0.0020
vt -2.4258 17.3564
vt 8.9600 -10.4922
vt 0.0000 8.9521
vt 0.0029 0.0000
vt -0.0186 0.0010
vt -2.6484 -3.0859
vt 0.0000 0.0000
vt 0.0000 0.0000
vt 0.0049 18.8398
vt 13.3994 16.7998
vt 0.2852 -13.3643
vt -20.2432 0.0244
vt 0.0010 0.0332
vt 0.0283 23.8281
vt -30.2939 20.0703
vt -27.7031 26.5508
vt -3.7725 -0.0898
vt 0.0000 0.0000
vt 0.7500 -2.2100
vt 0.0000 0.0000
vt -7.3350 1.0000
vt 24.0332 -10.4492
vt 1.1328 -0.4941
vt 3.3203 19.7490
vt 28.1445 11.8057
vt -2.0986 -19.1221
vt 0.7500 1.1631
vt 0.0000 -4.3047
vt -4.1191 -0.0312
vt 0.9775 -7.0859
vt 5.1240 22.1807
vt 0.0000 1.7861
vt 0.0000 0.0000
vt 0.0000 -2.2119
vt -4.1250 -0.0312
vt -1.0889 1.4443
vt -2.8359 -2.2432
vt 2.2334 -4.7910
vt 3.0117 18.5293
vt 3.0117 18.5293
vt 1.7500 1.9062
vt -5.8750 3.5625
vt -0.0127 0.0576
vt -0.0127 0.0576
vt -0.0127 0.0576
vt -0.0127 0.0576
vt -0.0127 0.0576
vt -0.0029 0.0576
vt 0.0322 0.0576
vt 0.0371 0.0576
vt 0.0391 0.0576
vt 0.0391 0.0566
vt 0.0391 0.0557
vt 0.0381 0.0547
vt 0.0361 0.0537
vt 0.0342 0.0537
vt 0.0332 0.0537
vt 0.0322 0.0537
vt 0.0322 0.0547
vt 0.0322 0.0557
vt 0.0352 0.0576
vt 0.0410 0.0635
vt 0.0518 0.0723
vt 0.0654 0.0840
vt 0.0771 0.0938
vt 0.0850 0.1006
vt 0.0859 0.1016
vt 0.0840 0.0996
vt 0.0830 0.0996
vt 0.0830 0.0996
vt 0.0830 0.0996
vt 0.0830 0.0996
vt 0.0830 0.0996
vt 0.0830 0.0996
vt 0.0830 0.0996
vt 0.0830 0.0996
vt 0.0830 0.0996
vt 0.0830 0.0996
vt 0.0830 0.0996
vt 0.0830 0.0996
vt 0.0830 0.0996
vt 0.0830 0.0996
vt 0.0830 0.0996
vt 0.0830 0.0996
vt 0.0830 0.0996
vt 0.0830 0.0996
vt 0.7500 0.0000
vt 0.0000 -5.6484
vt 0.0000 1.9131
vt -15.9707 -13.1982
vt -9.3037 -1.9307
vt 0.0088 -4.8350
vt 0.7500 -3.1475
vt 0.0000 0.0000
vt -4.1162 -0.0303
vt -0.0234 -1.1807
vt 0.0000 0.0000
vt 0.0000 0.0000
vt -0.0518 0.3389
vt 0.0693 -0.0068
vt -0.1465 0.0703
vt 0.0000 0.0000
vt 22.6963 24.2070
vt -0.0088 0.0000
vt 0.0410 -0.0098
vt 0.0010 -0.0010
vt -0.0010 0.0029
vt 0.1221 0.0000
vt -0.0645 14.8086
vt -7.4287 0.6875
vt 17.6641 18.9795
vt 3.1279 20.1074
vt 0.1250 0.0000
vt 1.9092 -30.5703
vt 0.0000 0.0000
vt 0.0088 0.3096
vt 0.0098 0.0000
vt 0.3389 -1.5332
vt 0.0000 -0.0400
vt -0.0518 0.3389
vt -3.2129 -3.1182
vt -0.0361 0.0195
vt 0.2246 -0.0518
vt 0.0195 -0.0293
vt -0.0518 0.3389
vt -0.0293 -0.0420
vt 0.3389 -22.8418
vt -0.0420 -0.0508
vt -22.8418 -3.3281
vt -0.0508 0.1133
vt -11.5566 5.7246
vt 0.1133 -0.1914
vt 0.0000 0.0000
vt 0.0000 0.0000
vt 24.0332 11.6406
vt -7.9980 4.6523
vt 0.0000 0.0000
vt 0.0020 25.9756
vt 0.0176 -0.0723
vt -31.8271 0.3281
vt 14.4990 -32.0000
vt -22.9053 8.0166
vt -0.0664 -26.3438
vt -23.7334 -31.1670
vt 28.9062 -15.7031
vt -0.0488 25.0938
vt 8.1660 -6.0576
vt -3.1709 8.1367
vt -0.7129 1.0059
vt -0.0303 -11.8975
vt 0.0000 0.0000
vt 2.4023 -29.5488
vt 0.0000 1.3438
vt 1.3486 -11.0566
vt -2.6807 -1.4619
vt 0.0000 0.0000
vt -0.4932 2.9434
vt 0.0000 0.0000
vt 2.2588 4.3467
vt -4.1787 0.5000
vt 0.0000 0.0000
vt -4.4922 -4.0215
vt 0.0908 -0.0098
vt -0.1914 0.0918
vt 0.0752 -0.0820
vt 0.0166 0.1133
vt 3.7383 -24.9014
vt 0.0078 0.2754
vt 0.0000 0.0000
vt 0.3389 -26.7949
vt -0.0527 0.0000
vt 0.2246 -0.0518
vt 0.0918 -0.0088
vt 0.0771 -0.0820
vt 0.0000 0.1133
vt 12.2871 16.1621
vt 0.0059 0.2832
vt 0.0000 0.0000
vt 0.3389 -26.8223
vt -0.0596 0.0020
vt 0.2246 -0.0518
vt 0.0938 -0.0068
vt 0.0771 -0.0820
vt 0.0000 0.1133
vt 11.6484 17.1973
vt 0.0078 0.2754
vt 0.0000 0.0000
vt 0.3389 -26.8242
vt -0.0381 -0.0068
vt 0.2246 -0.0518
vt 0.0742 -0.0225
vt 0.0586 -0.0703
vt 0.0000 0.1133
vt 18.7705 -12.7744
vt 0.0332 0.1504
vt 0.0000 0.0000
vt 0.3389 -26.6680
vt 0.0186 -0.0352
vt 0.2246 -0.0518
vt 0.0605 -0.0332
vt -0.1914 0.0918
vt 0.0557 -0.0684
vt 0.0010 0.1133
vt -29.9365 -28.2793
vt 0.0391 0.1104
vt 0.0000 0.0000
vt 0.3389 -26.5459
vt 0.0186 -0.0352
vt 0.2246 -0.0518
vt 0.0605 -0.0332
vt -0.1914 0.0918
vt 0.0557 -0.0684
vt 0.0020 0.1133
vt 25.5156 3.7510
vt 0.0430 0.0771
vt 0.0000 0.0000
vt 0.3389 -26.4248
vt 0.0176 -0.0342
vt 0.2246 -0.0518
vt 0.0615 -0.0332
vt -0.1914 0.0918
vt 0.0557 -0.0684
vt 0.0029 0.1133
vt 1.2969 19.7500
vt 0.0459 0.0527
vt 0.0010 0.0000
vt 0.3389 -26.3018
vt 0.0166 -0.0342
vt 0.2246 -0.0518
vt 0.0615 -0.0322
vt -0.1914 0.0918
vt 0.0557 -0.0693
vt 0.0039 0.1133
vt 2.4238 -28.7432
vt 0.0469 0.0420
vt 0.0010 0.0000
vt 0.3389 -26.0625
vt 0.0146 -0.0332
vt 0.2246 -0.0518
vt 0.0625 -0.0322
vt -0.1914 0.0918
vt 0.0566 -0.0693
vt 0.0049 0.1133
vt 12.4023 -29.2236
vt 0.0459 0.0449
vt 0.0010 0.0000
vt 0.3389 -25.8350
vt 0.0127 -0.0322
vt 0.2246 -0.0518
vt 0.0635 -0.0312
vt -0.1914 0.0918
vt 0.0566 -0.0693
vt 0.0059 0.1133
vt -3.0967 2.7773
vt 0.0449 0.0508
vt 0.0020 0.0000
vt 0.3389 -25.7119
vt 0.0107 -0.0312
vt 0.2246 -0.0518
vt 0.0635 -0.0303
vt -0.1914 0.0918
vt 0.0576 -0.0703
vt 0.0078 0.1133
vt -18.7715 -13.7598
vt 0.0430 0.0586
vt 0.0020 0.0000
vt 0.3389 -25.4150
vt 0.0088 -0.0303
vt 0.2246 -0.0518
vt 0.0654 -0.0303
vt -0.1914 0.0918
vt 0.0586 -0.0703
vt 0.0088 0.1133
vt 13.4121 -29.7656
vt 0.0420 0.0664
vt 0.0020 0.0000
vt 0.3389 -25.1533
vt 0.0059 -0.0293
vt 0.2246 -0.0518
vt 0.0664 -0.0293
vt -0.1914 0.0918
vt 0.0596 -0.0713
vt 0.0107 0.1133
vt -26.4971 2.1982
vt 0.0400 0.0752
vt 0.0029 0.0000
vt 0.3389 -24.8994
vt 0.0029 -0.0273
vt 0.2246 -0.0518
vt 0.0674 -0.0283
vt -0.1914 0.0918
vt 0.0605 -0.0713
vt 0.0117 0.1133
vt 29.5332 -29.8047
vt 0.0391 0.0850
vt 0.0029 0.0000
vt 0.3389 -24.6494
vt 0.0000 -0.0264
vt 0.2246 -0.0518
vt 0.0684 -0.0273
vt -0.1914 0.0918
vt 0.0605 -0.0723
vt 0.0137 0.1133
vt 5.5205 2.1670
vt 0.0371 0.0957
vt 0.0039 0.0000
vt 0.3389 -24.4062
vt -0.0029 -0.0244
vt 0.2246 -0.0518
vt 0.0703 -0.0254
vt -0.1914 0.0918
vt 0.0615 -0.0732
vt 0.0156 0.1133
vt -10.5088 -13.8633
vt 0.0352 0.1064
vt 0.0039 0.0000
vt 0.3389 -24.2842
vt -0.0059 -0.0225
vt 0.2246 -0.0518
vt 0.0713 -0.0244
vt -0.1914 0.0918
vt 0.0625 -0.0732
vt 0.0166 0.1133
vt 13.4307 2.1377
vt 0.0332 0.1182
vt 0.0049 0.0000
vt 0.3389 -24.0371
vt -0.0098 -0.0205
vt 0.2246 -0.0518
vt 0.0732 -0.0234
vt -0.1914 0.0918
vt 0.0635 -0.0742
vt 0.0186 0.1133
vt 13.3535 2.1064
vt 0.0312 0.1309
vt 0.0049 0.0000
vt 0.3389 -23.9141
vt -0.0127 -0.0195
vt 0.2246 -0.0518
vt 0.0742 -0.0225
vt -0.1914 0.0918
vt 0.0654 -0.0752
vt 0.0205 0.1133
vt 13.2754 -13.9248
vt 0.0293 0.1436
vt 0.0059 0.0000
vt 0.3389 -23.7891
vt -0.0166 -0.0176
vt 0.2246 -0.0518
vt 0.0762 -0.0215
vt -0.1914 0.0918
vt 0.0664 -0.0752
vt 0.0215 0.1133
vt 21.1807 -13.9248
vt 0.0273 0.1562
vt 0.0059 0.0000
vt 0.3389 -23.6592
vt -0.0205 -0.0156
vt 0.2246 -0.0518
vt 0.0771 -0.0195
vt -0.1914 0.0918
vt 0.0674 -0.0762
vt 0.0234 0.1133
vt -26.8984 -13.9570
vt 0.0254 0.1689
vt 0.0068 0.0000
vt 0.3389 -23.6562
vt -0.0244 -0.0137
vt 0.2246 -0.0518
vt 0.0791 -0.0186
vt -0.1914 0.0918
vt 0.0684 -0.0771
vt 0.0254 0.1133
vt -26.9609 -29.9580
vt 0.0234 0.1816
vt 0.0068 0.0000
vt 0.3389 -23.6533
vt -0.0273 -0.0117
vt 0.2246 -0.0518
vt 0.0811 -0.0176
vt -0.1914 0.0918
vt 0.0693 -0.0771
vt 0.0264 0.1133
vt 12.9619 -29.9893
vt 0.0215 0.1953
vt 0.0078 0.0000
vt 0.3389 -23.6582
vt -0.0312 -0.0098
vt 0.2246 -0.0518
vt 0.0820 -0.0156
vt -0.1914 0.0918
vt 0.0703 -0.0781
vt 0.0273 0.1133
vt -19.0986 2.0146
vt 0.0186 0.2080
vt 0.0078 0.0000
vt 0.3389 -23.7910
vt -0.0352 -0.0088
vt 0.2246 -0.0518
vt 0.0840 -0.0146
vt -0.1914 0.0918
vt 0.0713 -0.0791
vt 0.0293 0.1133
vt 4.8408 -29.9805
vt 0.0166 0.2207
vt 0.0078 0.0000
vt 0.3389 -23.9229
vt -0.0391 -0.0068
vt 0.2246 -0.0518
vt 0.0850 -0.0137
vt -0.1914 0.0918
vt 0.0723 -0.0791
vt 0.0303 0.1133
vt -27.2197 2.0215
vt 0.0146 0.2334
vt 0.0088 0.0000
vt 0.3389 -24.1709
vt -0.0420 -0.0049
vt 0.2246 -0.0518
vt 0.0869 -0.0127
vt -0.1914 0.0918
vt 0.0732 -0.0801
vt 0.0312 0.1133
vt 28.7021 2.0215
vt 0.0127 0.2451
vt 0.0088 0.0000
vt 0.3389 -24.5410
vt -0.0449 -0.0039
vt 0.2246 -0.0518
vt 0.0879 -0.0117
vt -0.1914 0.0918
vt 0.0742 -0.0811
vt 0.0322 0.1133
vt 4.6230 2.0508
vt 0.0107 0.2568
vt 0.0088 0.0000
vt 0.3389 -24.9121
vt -0.0479 -0.0020
vt 0.2246 -0.0518
vt 0.0889 -0.0107
vt -0.1914 0.0918
vt 0.0752 -0.0811
vt 0.0322 0.1133
vt -3.4883 17.5479
vt 0.0098 0.2676
vt 0.0088 0.0000
vt 0.3389 -25.4102
vt -0.0508 -0.0010
vt 0.2246 -0.0518
vt 0.0898 -0.0098
vt -0.1914 0.0918
vt 0.0752 -0.0820
vt 0.0332 0.1133
vt 28.3994 16.0732
vt 0.0078 0.2773
vt 0.0098 0.0000
vt 0.3389 -25.9082
vt -0.0527 0.0000
vt 0.2246 -0.0518
vt 0.0908 -0.0088
vt -0.1914 0.0918
vt 0.0762 -0.0820
vt 0.0332 0.1133
vt 4.2559 0.0996
vt 0.0078 0.2734
vt 0.0098 0.0000
vt 0.3389 -26.5410
vt -0.0527 0.0000
vt 0.2246 -0.0518
vt 0.0908 -0.0098
vt -0.1914 0.0918
vt 0.0752 -0.0820
vt 0.0332 0.1133
vt 11.5508 -21.9316
vt 0.0088 0.3096
vt 0.0098 0.0000
vt 0.3389 15.5137
vt 2.4111 0.4375
vt 1.7246 1.5371
vt 0.0000 0.0000
vt 0.7500 -1.0859
vt 2.0703 -7.4922
vt 0.0000 0.0000
vt 0.0000 0.0000
vt 0.0059 0.0000
vt 0.7500 -32.0000
vt -2.8984 -25.1465
vt -0.5264 0.0000
vt -7.3047 -7.6787
vt 0.0283 3.0039
vt -31.3125 22.5732
vt -2.2754 -7.8037
vt 0.0000 0.6318
vt -4.2725 -0.0898
vt -0.4648 -12.8662
vt -1.9932 -3.8359
vt 0.7500 1.7812
vt -10.7451 8.1934
vt 4.4375 -2.9688
vt -1.0859 -6.8047
vt 0.0000 -13.2100
vt -4.8057 -1.5244
vt -10.4600 0.0000
vt -2.6172 1.1035
vt -4.2725 -0.0898
vt 24.0166 26.2793
vt 0.7500 -0.3086
vt 1.1006 -1.2725
vt -0.1201 0.0000
vt -2.3438 0.0000
vt 0.0000 0.0000
vt -3.1816 -4.9619
vt 0.0635 0.1143
vt -0.2119 -29.8262
vt -29.7656 -9.6445
vt -8.6875 9.7832
vt 8.1582 -7.5713
vt 0.0635 0.1143
vt 26.7939 -22.9062
vt -0.2119 -29.2764
vt -28.9160 -8.5195
vt -8.8750 9.7832
vt 0.0000 0.0000
vt 1.7188 0.0000
vt 0.0000 0.0000
vt 0.7500 -1.6807
vt 0.0000 0.0000
vt -0.8701 0.6641
vt -31.8936 -12.0000
vt -2.4951 -5.6162
vt -2.8057 0.0000
vt 0.0000 0.6943
vt 0.0000 0.0000
vt -19.9590 -4.8662
vt -9.5840 0.0107
vt 0.0000 0.0000
vt -16.0527 -13.2725
vt -12.2588 19.7549
vt 4.5098 -5.6016
vt 0.7500 3.2871
vt 0.0000 -4.9688
vt 0.0000 0.0000
vt 0.0000 -4.8994
vt 0.0000 0.0000
vt 0.7500 0.2500
vt -1.2734 -4.0547
vt -8.5225 -7.2100
vt 0.0000 0.0000
vt 24.8154 4.6162
vt 11.5273 -14.0000
vt -4.1514 0.6582
vt -1.4961 0.0000
vt 4.2256 0.1279
vt 0.0000 -3.2129
vt -0.1797 -6.0898
vt 0.7500 -0.0879
vt -0.0566 6.3193
vt 0.0000 0.0000
vt 0.0000 0.0000
vt -0.4609 -0.6514
vt 0.0000 0.0000
vt 0.2783 -1.3242
vt 0.0000 0.6875
vt -21.8086 -21.1543
vt 0.0000 0.0000
vt 0.0000 0.0000
vt -0.0820 0.0908
vt -26.8086 -12.8066
vt -24.7246 11.8447
vt -31.6162 -25.5850
vt -0.0039 0.0352
vt -0.0820 0.0908
vt -29.3086 -12.8174
vt -0.0039 0.0352
vt -0.0820 0.0908
vt -31.9336 -12.8281
vt -0.0039 0.0352
vt -0.0820 0.0908
vt 29.4414 -8.8389
vt -0.0039 0.0352
vt -0.0820 0.0908
vt 26.8174 15.1504
vt -0.0039 0.0352
vt -0.0820 0.0908
vt 24.1924 -4.8604
vt -0.0039 0.0352
vt -0.0820 0.0908
vt 21.6934 -10.8721
vt -0.0039 0.0352
vt -0.0820 0.0908
vt 19.4443 -20.8838
vt -0.0039 0.0352
vt -0.0820 0.0908
vt 17.3203 19.1035
vt -0.0039 0.0352
vt -0.0820 0.0908
vt 15.8193 27.0879
vt -0.0039 0.0352
vt -0.0820 0.0908
vt 15.1914 27.0566
vt -0.0039 0.0352
vt -0.0820 0.0908
vt 15.5674 29.0762
vt -0.0039 0.0352
vt -0.0820 0.0908
vt 16.0664 -12.9248
vt -0.0039 0.0352
vt -0.0820 0.0908
vt 16.0557 25.0986
vt -0.0039 0.0352
vt -0.0820 0.0908
vt 16.0312 5.3359
vt -0.0039 0.0352
vt -0.0820 0.0908
vt 16.0088 -12.3750
vt -0.0039 0.0352
vt -0.0820 0.0908
vt 16.0029 31.6045
vt -0.0039 0.0352
vt -0.0820 0.0908
vt 16.0029 -12.5674
vt -0.0039 0.0352
vt -0.0820 0.0908
vt 16.0059 11.2559
vt -0.0039 0.0352
vt -0.0820 0.0908
vt 16.0098 13.0742
vt -0.0039 0.0352
vt -0.0820 0.0908
vt 16.0146 28.8896
vt -0.0039 0.0352
vt -0.0820 0.0908
vt 16.0205 28.7041
vt -0.0039 0.0352
vt -0.0820 0.0908
vt 16.0264 -13.4834
vt -0.0039 0.0352
vt -0.0820 0.0908
vt 16.0332 2.3301
vt -0.0039 0.0352
vt -0.0820 0.0908
vt 16.0381 -13.8555
vt -0.0039 0.0352
vt -0.0820 0.0908
vt 16.0420 30.0068
vt 0.0000 0.0000
vt -1.6875 0.0000
vt 0.0000 -3.4922
vt -4.5547 -0.3389
vt -0.0283 -2.2432
vt -0.1533 -0.6816
vt 0.0000 0.0000
vt 0.7500 -0.4629
vt -2.0225 -0.3359
vt -3.8984 -3.7109
vt 0.0000 -2.2432
vt -0.0303 -1.0557
vt 0.0000 0.0000
vt -6.5000 0.0000
vt -0.8389 0.0000
vt 0.0000 0.0000
vt 5.3164 1.4707
vt 0.0000 0.0000
vt 0.0000 0.0000
vt 24.0000 27.4395
vt 0.0176 19.6406
vt 0.5850 0.0029
vt 0.0000 0.0078
vt 0.0000 0.0000
vt -24.6777 -11.0850
vt 0.0000 -15.3037
vt -24.7920 -5.3213
vt -0.5576 1.9131
vt 0.0000 0.0000
vt -0.0605 4.7881
vt 0.0000 0.0000
vt 0.0000 0.0000
vt 1.6562 -0.2812
vt 0.0000 -4.7412
vt 0.0000 0.0000
vt 0.7500 3.0996
vt 2.8750 5.1875
vt 0.0000 0.0000
vt -0.0625 -1.3389
vt -5.5889 -2.3398
vt -0.4023 0.0000
vt -8.9912 0.0684
vt -0.0879 -4.9922
vt 0.0000 -10.3662
vt 0.0000 0.0000
vt -9.3096 29.4102
vt -10.7100 0.1963
vt 1.9434 -2.5850
vt 0.0000 0.0000
vt 0.0000 0.1641
vt -5.4287 -6.3984
vt 0.7500 13.4395
vt 0.0000 0.0000
vt -18.7012 -27.8359
vt -2.2744 0.0361
vt 0.0000 0.0000
vt 0.0088 0.0107
vt -2.3975 -3.3662
vt 0.0000 0.0000
vt 0.2578 0.0029
vt 0.0996 -3.5234
vt 2.6621 0.8193
vt 0.7500 -4.8047
vt -0.1250 0.0625
vt -4.8975 0.1963
vt 29.7666 3.8057
vt 2.6953 12.4160
vt 1.7852 1.9746
vt -3.2188 0.0000
vt 0.0000 0.0000
vt -3.5557 -2.3369
vt -0.0020 0.1963
vt 0.0049 0.0498
vt -0.1680 0.0010
vt 0.0293 -0.2246
vt 0.0098 0.0439
vt 0.0820 0.0098
vt 6.9492 24.1123
vt -0.0615 0.0576
vt 8.9287 6.9395
vt 0.0303 -0.0342
vt -0.0176 10.3281
vt 0.1396 0.0625
vt 0.0156 0.0156
vt -0.0020 0.1963
vt 0.0049 0.0498
vt -0.1680 0.0010
vt 0.0293 -0.2246
vt 0.0098 0.0439
vt 0.0820 0.0098
vt -9.2451 11.5215
vt -0.0615 0.0576
vt 31.5586 -17.2490
vt 0.0303 -0.0342
vt -0.0176 -28.9492
vt 0.1396 0.0625
vt 0.0156 0.0156
vt -0.0020 0.1963
vt 0.0049 0.0498
vt -0.1680 0.0010
vt 0.0293 -0.2246
vt 0.0098 0.0439
vt 0.0820 0.0098
vt 30.7852 -3.8125
vt -0.0615 0.0576
vt 12.3408 -17.0791
vt 0.0303 -0.0342
vt -0.0176 11.0928
vt 0.1396 0.0625
vt 0.0156 0.0156
vt -0.0020 0.1963
vt 0.0049 0.0498
vt -0.1680 0.0010
vt 0.0293 -0.2246
vt 0.0098 0.0439
vt 0.0000 0.0000
vt 0.0000 0.0000
vt -3.1816 -4.9619
vt 0.0000 0.1377
vt 0.0000 0.0723
vt -0.0918 0.0000
vt -27.7656 20.5869
vt 0.0000 0.1094
vt 0.0000 0.0000
vt 0.0723 0.0000
vt -9.3691 11.7969
vt -0.0752 0.0439
vt -29.3604 -8.8330
vt 1.6338 -25.7852
vt 0.1201 -0.1240
vt 0.0273 -29.8311
vt 4.0000 1.6328
vt 0.0586 0.0732
vt -0.0400 -0.0146
vt 0.0000 0.1377
vt 0.0000 0.0723
vt -0.0918 0.0000
vt 18.6250 -0.7441
vt 0.0000 -2.8984
vt 0.0000 0.0000
vt 0.0000 -1.1240
vt 0.0000 -4.1562
vt 0.0000 0.0000
vt 2.4414 2.3779
vt -4.2734 -0.0908
vt 0.0000 0.0000
vt 0.0000 -3.8047
vt -2.5234 -0.2188
vt 0.9375 -17.0869
vt 0.0000 0.0000
vt 0.7500 -15.6562
vt -2.3379 5.0674
vt -6.6523 -2.6836
vt 0.0000 0.0000
vt 0.0000 0.0000
vt 0.0000 -10.2773
vt 0.7500 -2.6250
vt 0.7891 -1.5547
vt -0.0918 -0.6504
vt 0.0000 1.6562
vt 2.4092 0.6270
vt -2.1172 -0.1816
vt 0.0039 0.0010
vt -15.9727 21.3125
vt -6.2852 -7.6191
vt 0.0068 -1.4619
vt -4.7109 0.0078
vt 0.0000 0.0000
vt 28.2246 -14.5000
vt 2.4062 0.7188
vt 0.0068 0.0039
vt -12.9980 -3.8467
vt 23.6445 -17.9697
vt -5.3564 -29.9141
vt 0.0000 0.0000
vt 0.0000 -10.6191
vt 0.7500 -3.4629
vt 8.7881 -0.0312
vt 2.4121 -1.3994
vt -5.3359 0.0059
vt 0.0029 0.0010
vt 0.0000 0.0000
vt 25.6719 8.5186
vt 0.7500 13.4375
vt 3.2549 6.4443
vt 2.3125 0.2188
vt 0.0000 0.0000
vt 0.0000 0.0000
vt -1.0234 -2.0869
vt -4.2725 -0.0908
vt -0.6201 -8.2422
vt 0.0000 0.0000
vt -2.2432 -1.3359
vt 0.0000 0.0000
vt -4.2725 -0.0898
vt -0.6826 -2.8984
vt 0.0000 0.0000
vt 0.0000 0.0000
vt -8.1787 0.0000
vt -4.2725 -0.0898
vt -0.0303 -4.8984
vt 0.0000 0.0000
vt -13.9531 0.1387
vt 0.7500 0.0049
vt 2.5986 4.1309
vt -4.6816 1.4121
vt 1.7568 -5.8359
vt 0.0000 -2.4922
vt -4.1172 -0.0303
vt 0.0020 0.0000
vt -11.3037 -2.4307
vt -4.6172 -0.0225
vt 0.0000 0.0000
vt 0.0000 -9.6162
vt -1.5225 0.0000
vt -0.5889 -7.4609
vt 0.0000 0.0000
vt -1.6211 -0.8076
vt -4.2725 -0.0898
vt 0.0000 0.0000
vt 0.7500 -7.8037
vt -4.0234 0.0068
vt 0.0000 0.0000
vt 0.0000 -6.6465
vt 0.0020 0.0000
vt 28.4375 -31.5000
vt 0.7500 -0.3672
vt 0.0000 0.0000
vt -0.4609 -10.2100
vt -0.0586 0.0000
vt -0.6191 0.0059
vt -0.3711 -7.6152
vt 0.0000 0.0000
vt 0.7500 8.2500
vt 0.0078 -3.8369
vt 0.0000 0.0000
vt -1.9619 -2.1494
vt 1.5049 -3.8057
vt 0.0078 -0.2461
vt -0.9717 0.0391
vt 0.0000 0.0000
vt 0.0000 0.0000
vt 0.2188 0.0312
vt 0.0000 0.0000
vt -0.1064 0.1689
vt 10.1943 -21.7920
vt 10.3398 10.1943
vt 0.0000 24.7002
vt 17.4863 -14.4531
vt -0.0137 0.0000
vt -1.4717 0.0254
vt 0.0068 0.0068
vt 0.0000 0.0000
vt 0.2227 0.0332
vt 0.0000 0.0000
vt -0.1064 0.1689
vt 20.1689 18.6641
vt 8.1553 2.2500
vt -2.3711 0.1592
vt 8.6924 1.8818
vt 0.0000 0.0000
vt 0.2539 0.0332
vt 0.0000 0.0000
vt -0.0137 0.0000
vt 0.0000 17.2920
vt 21.6943 19.1963
vt -30.2461 15.4463
vt 0.1289 0.0000
vt -0.0137 0.0000
vt 0.0000 17.2920
vt 13.9033 5.5479
vt 0.7500 0.3750
vt -1.8691 -7.7422
vt 0.0059 -1.9932
vt 0.0000 0.0000
vt 2.0059 -4.5547
vt 0.0049 -0.0605
vt -30.9189 -24.8037
vt 0.2422 28.5068
vt 0.7500 0.0000
vt -8.8379 0.9131
vt 1.5625 -2.3750
vt 0.0000 0.7500
vt -0.2188 -2.6875
vt 0.3750 0.0000
vt 0.7500 -2.2754
vt 0.0000 0.0000
vt -4.1162 -0.0303
vt 0.0029 0.0000
vt -2.3984 -0.8672
vt -0.6826 -8.1162
vt 0.0000 0.0000
vt 0.7500 -1.3379
vt 0.0000 0.0000
vt 0.0000 -1.5254
vt -5.8057 -7.8984
vt 0.0000 0.0000
vt 2.6328 0.0000
vt 0.0000 0.0000
vt -0.5557 -1.5557
vt -2.8682 -11.0840
vt 0.0000 -2.6494
vt -3.4619 -0.6797
vt 0.0078 -8.7100
vt -4.5547 -4.5234
vt 0.0000 -2.8057
vt -0.3994 -25.8965
vt -0.8047 -0.5547
vt 0.0312 10.7607
vt 24.0166 0.5664
vt 0.0000 -0.2119
vt 2.6328 0.0000
vt -1.9609 -5.3672
vt 0.0000 0.0000
vt -1.6504 -0.5264
vt 8.7559 0.0000
vt 0.0000 0.4688
vt -0.8750 0.7246
vt 0.0000 -11.0254
vt -1.7432 0.0059
vt -4.2725 -0.0898
vt -0.1846 -2.2734
vt 0.0000 0.0000
vt 11.6641 24.2998
vt 0.7500 -0.5869
vt -1.3975 -8.8037
vt 0.0020 0.0000
vt 0.0000 -2.7188
vt 1.1875 1.7559
vt -0.1504 0.4395
vt 0.0078 -9.8340
vt -1.8359 -0.3086
vt 0.0000 -5.9912
vt -0.0625 0.3125
vt -31.6465 19.5371
vt 3.6250 1.0000
vt 0.0000 -3.9307
vt 2.9131 -4.3066
vt 0.0000 -2.1533
vt 0.0000 0.0107
vt -2.3047 -6.0234
vt 0.7500 -6.8203
vt -3.3359 -2.9609
vt -0.0264 -6.5527
vt -4.1797 -4.0234
vt -6.9912 -1.3057
vt 11.2188 1.2852
vt -0.4014 -7.9287
vt 0.0000 0.0000
vt -20.7402 -19.1641
vt 0.7500 0.6934
vt -4.1484 -1.3975
vt 0.0000 0.0000
vt -2.4912 -7.7412
vt -0.8701 0.0000
vt 0.7500 -0.7500
vt -8.8398 -14.1846
vt 0.0000 0.0000
vt 0.0703 -0.1504
vt 0.0000 -6.6250
vt 0.0000 -1.0312
vt 2.0000 5.7812
vt 1.1875 -1.9014
vt 0.0000 0.0107
vt -3.5244 -3.5234
vt -22.3965 -15.8018
vt 0.7500 0.0000
vt -11.6514 -13.4990
vt 0.0000 0.0000
vt -9.2217 1.5342
vt 0.0000 -3.9932
vt -2.5557 -4.1475
vt 0.2578 -10.2422
vt 0.0000 -25.1152
vt -8.9043 24.7969
vt 0.0000 0.0000
vt -30.6035 -21.9170
vt 16.6797 6.3223
vt -0.0801 0.0000
vt -25.9375 -31.3711
vt -1.5234 -0.9004
vt -0.1533 -4.3359
vt 0.0000 0.0000
vt 20.0430 -23.6543
vt 0.7500 -0.9639
vt -2.4307 0.0078
vt 0.0000 0.0000
vt 0.0000 -0.4609
vt -4.1162 -0.0303
vt 0.0000 0.0000
vt 6.2676 -17.9258
vt 16.6553 -13.5000
vt -1.7734 -1.6504
vt -0.5264 -5.2109
vt 0.0000 0.0000
vt 0.7500 -0.5557
vt -10.9600 -0.9600
vt 0.0000 0.0000
vt -0.1533 0.0000
vt 0.9697 -18.7617
vt 0.7500 -1.1191
vt -5.1475 1.5400
vt 0.0000 0.0000
vt -4.1162 -0.0303
vt 0.0029 0.0000
vt -2.9619 -0.0879
vt -4.2725 -0.0898
vt -0.0303 -4.4609
vt 0.0000 0.0000
vt 1.0703 -7.7773
vt 0.7500 0.0000
vt -9.1162 -0.9922
vt -1.7432 -3.4922
vt 0.0059 0.0000
vt 0.7500 0.0000
vt -1.1475 1.0400
vt -0.6494 -2.3682
vt 0.0000 0.0000
vt -2.0547 -1.9629
vt -4.2119 2.9404
vt 0.0000 0.7559
vt -0.2773 -0.0605
vt -26.4941 18.9844
vt -0.0605 -8.6162
vt 0.0000 0.0000
vt 0.7500 -2.1797
vt -6.5225 -3.2100
vt 0.0000 -5.3662
vt 0.0029 0.0000
vt 0.4883 -5.7246
vt 0.0000 9.4814
vt 0.7500 -2.2754
vt -4.6475 -0.8662
vt 1.4688 -1.4678
vt -4.1152 -0.0303
vt 0.0020 0.0000
vt 5.3809 -1.1562
vt -1.8750 3.9375
vt 6.1631 0.1895
vt 0.0000 -2.2129
vt 0.7500 -0.0566
vt 0.0000 -9.7090
vt 6.5254 1.7725
vt 25.6152 14.5244
vt 0.7500 -0.5889
vt -2.8047 3.7891
vt 0.0000 0.0000
vt 0.0000 -0.2754
vt -3.3994 -2.7148
vt 0.0000 0.0000
vt -4.0342 4.8115
vt 0.7500 -1.3379
vt 0.0000 0.0000
vt 0.0000 -0.1182
vt -3.4287 -2.9951
vt 0.0000 0.0000
vt 26.3271 9.8232
vt 0.7500 -2.5840
vt 0.0107 -7.1797
vt -0.0303 -8.0225
vt 0.0000 0.0000
vt -22.5762 23.5508
vt 0.0000 -9.4619
vt 0.7500 -2.5840
vt 0.0107 -7.1807
vt -0.0244 -7.9912
vt 0.0000 0.0000
vt -3.7109 -0.5244
vt -4.3047 2.8789
vt 0.0000 -2.4609
vt -0.2764 -0.2461
vt -2.6797 -1.8682
vt -4.2783 2.8779
vt 0.0000 -2.7109
vt -0.2773 -0.0605
vt 0.7500 -0.5547
vt -6.2412 3.6025
vt -0.1221 -3.4609
vt -3.3682 -2.7148
vt 0.0000 0.0000
vt -15.0166 18.3867
vt 0.0068 -4.3359
vt 0.0000 -1.6807
vt -0.2148 -0.1533
vt 0.7500 -3.3672
vt -8.2109 -4.1797
vt 0.1289 -8.0566
vt 0.0000 0.0000
vt 0.0000 1.1943
vt -4.1494 -2.9951
vt 0.0000 0.0000
vt 0.7500 -32.0000
vt -2.2109 -1.3379
vt -21.7471 0.0293
vt 0.7500 0.0059
vt -10.6475 0.0088
vt 0.0000 0.0000
vt 0.0000 0.0000
vt -0.8057 -7.0225
vt -0.1221 -17.3027
vt 0.0000 0.0000
vt 0.7500 31.5713
vt 0.0059 -0.9326
vt -9.5859 -5.5244
vt 0.0068 -9.6494
vt 0.0000 0.0000
vt 0.1621 -0.3711
vt -3.6182 -1.0869
vt -4.2725 -0.0898
vt -0.0605 -4.4609
vt -1.3066 -0.9326
vt 0.4453 -0.4648
vt -0.0303 -8.5225
vt 0.0000 0.0000
vt 0.7500 -0.4951
vt -0.5264 2.0361
vt 1.0996 -0.7109
vt -0.0283 -0.4004
vt 0.4131 0.0000
vt 0.0000 0.0000
vt 0.1953 0.0312
vt -0.0605 -9.4600
vt 4.3184 -0.3066
vt 0.0000 6.1006
vt 0.0000 0.0000
vt 0.1250 -0.8438
vt 12.3750 -2.0938
vt -1.0879 0.0029
vt -4.2725 -0.0908
vt -0.6201 -2.2734
vt 0.0000 0.0000
vt 0.7500 -2.8369
vt -5.8037 -1.5537
vt -0.0303 0.0000
vt 8.6748 -13.4580
vt -2.9609 -2.8984
vt -0.0303 -5.1162
vt 0.0000 0.0000
vt 4.5508 -17.4746
vt 0.7500 -0.8691
vt -10.0547 -0.3984
vt 0.0000 0.0000
vt -1.0547 -0.0303
vt 0.0000 0.0000
vt 0.1641 -0.0605
vt -0.0605 -9.3662
vt 0.0000 0.0000
vt 0.7500 0.0059
vt -13.4316 4.2871
vt -3.0869 0.0078
vt 0.0000 0.0000
vt -1.0742 -0.0811
vt 0.0283 -0.0732
vt 0.0000 0.0000
vt 0.0049 -6.3672
vt 0.0000 0.0000
vt 2.8350 -11.9609
vt -2.3359 -0.3066
vt -4.2725 -0.0908
vt -0.3711 -4.3047
vt 0.0000 0.0000
vt 28.4492 -25.2764
vt 6.5293 -25.9912
vt 0.7500 -3.4297
vt -0.6787 -3.2109
vt 0.0000 0.0000
vt 0.0029 0.0000
vt 26.7139 -20.5303
vt 0.7500 8.0000
vt -0.0625 -7.8975
vt 0.0000 0.0000
vt 0.0000 0.0000
vt 0.9717 -0.5566
vt 0.0059 -0.0605
vt -9.4404 -7.1836
vt 23.4844 12.6875
vt 0.5166 29.1924
vt -9.0225 -2.4609
vt -0.0303 -11.3975
vt 0.0000 0.0000
vt 16.4463 11.0977
vt 0.7500 -0.7119
vt -0.1211 0.0000
vt -5.7930 -29.6631
vt -4.3057 -0.7754
vt -0.6797 -6.9287
vt -0.0020 0.0137
vt -0.0098 0.0596
vt -0.0186 0.0986
vt -0.0273 0.0859
vt -0.0381 0.0020
vt -0.0381 0.0020
vt -0.0381 0.0020
vt -0.0381 0.0020
vt -0.0381 0.0020
vt -0.0381 0.0020
vt -0.0381 0.0020
vt -0.0381 0.0020
vt 0.7500 -1.0879
vt -1.6191 0.0068
vt 0.0059 -0.2773
vt 0.0000 -3.6807
vt 0.0039 -0.2441
vt -0.0918 0.0000
vt -7.8750 1.2500
vt 0.7500 -0.7119
vt -1.7109 -0.5537
vt 0.0000 0.0000
vt 0.0059 -2.9922
vt 0.0000 0.0000
vt 0.0000 0.0000
vt -0.0303 -2.1797
vt 0.0000 0.0000
vt 0.7500 0.9375
vt -11.4902 -10.9902
vt 2.3203 -12.2402
vt -8.8984 -4.8389
vt 0.4424 0.0000
vt 0.7500 -31.5098
vt 2.0625 -1.0264
vt -9.7129 -0.4688
vt 0.0000 0.0000
vt -0.8701 -2.6191
vt 0.0000 0.0000
vt 0.1211 0.0000
vt 0.0078 0.0000
vt 0.2549 19.8594
vt 0.0000 -0.0938
vt 0.0000 0.0254
vt -0.0938 -0.1309
vt 0.0938 0.1260
vt 0.0850 0.0508
vt -0.2305 -0.1162
vt -0.0254 0.0166
vt 0.0918 -0.2090
vt 0.1211 0.0000
vt 0.0078 0.0000
vt -16.4912 0.0020
vt 0.0000 -0.0938
vt 0.0000 0.0254
vt -0.0938 -0.1309
vt 0.0938 0.1260
vt 0.0850 0.0508
vt -0.2305 -0.1162
vt -0.0254 0.0166
vt 0.0918 -0.2090
vt 16.0781 -31.6221
vt 0.1211 0.0000
vt 0.0078 0.0000
vt 0.2549 19.8594
vt 0.7500 -31.5098
vt 2.3193 -8.9912
vt -6.8047 -1.8691
vt 2.1562 0.0000
vt -0.4941 -7.2100
vt 0.1211 0.0000
vt 0.0078 0.0000
vt 10.9941 0.9023
vt 0.0166 0.0850
vt -0.2090 -0.2305
vt 0.0000 -0.0938
vt 0.0000 0.0254
vt -0.0938 -0.1309
vt 0.0000 -0.0254
vt 0.0000 0.0918
vt -13.9053 17.5811
vt 0.0977 0.1357
vt 0.0850 0.0508
vt -0.2305 -0.1162
vt -0.0938 0.1211
vt 0.0254 0.0078
vt -0.1309 10.9941
vt 0.7500 -31.5098
vt 0.0000 0.0000
vt -0.9326 -4.8672
vt 0.1211 0.0000
vt 0.0078 0.0000
vt -31.8750 12.2979
vt 0.0000 -0.0938
vt 0.0000 0.0254
vt -0.0938 -0.1309
vt 0.0938 0.1260
vt 0.0850 0.0508
vt -0.2305 -0.1162
vt -0.0254 0.0166
vt 0.0918 -0.2090
vt 0.1211 0.0000
vt 0.0078 0.0000
vt -31.8750 2.7598
vt 0.0000 -0.0938
vt 0.0000 0.0254
vt -0.0938 -0.1309
vt 0.0938 0.1260
vt 0.0850 0.0508
vt -0.2305 -0.1162
vt -0.0254 0.0166
vt 0.0918 -0.2090
vt -4.2725 -0.0898
vt 0.0020 -10.8350
vt 0.0000 0.0000
vt 0.0283 -0.6953
vt -4.7422 3.7217
vt 4.4736 -0.2422
vt 0.0000 0.0000
vt -27.4326 -11.3096
vt 24.6602 9.2178
vt -2.4287 0.5312
vt -1.8340 -0.3057
vt -1.7412 -5.5225
vt 0.4531 11.7480
vt 0.7500 11.1875
vt 0.0000 0.0000
vt 5.2188 0.3438
vt 0.0000 0.0000
vt -0.4062 2.2812
vt 1.2188 -1.5312
vt 0.0000 0.0000
vt 0.0000 -0.7812
vt 0.0000 0.0000
vt 0.0000 0.0000
vt 0.7266 -6.8047
vt 0.0000 -0.7812
vt 4.1562 0.6562
vt -1.8438 0.2812
vt -4.4971 -1.1191
vt 0.0000 -13.8037
vt -3.9326 1.0371
vt 0.0000 0.0000
vt 0.0000 0.0000
vt 0.7500 0.0000
vt 0.9736 5.4102
vt 0.0000 0.0000
vt -0.2451 -2.0244
vt 0.0000 -9.6875
vt 0.0000 0.0000
vt 0.0000 -10.7188
vt -5.6875 0.1562
vt -10.4033 6.3945
vt -30.3916 23.4688
vt 1.8779 0.0000
vt 0.0000 0.0000
vt -2.0566 -1.2451
vt -1.1250 0.8438
vt 0.7500 0.0000
vt 1.6289 6.1270
vt 0.0000 0.0000
vt 0.5352 1.1934
vt 0.0000 -11.4375
vt 0.0000 0.0000
vt 0.0000 -3.5312
vt 2.5049 -21.8516
vt 0.7500 0.0000
vt 10.4424 -2.4336
vt 0.0000 -13.6562
vt 0.0000 0.0000
vt 0.0000 -29.0625
vt 3.9355 25.6104
vt 0.7500 0.0000
vt 2.2861 6.3799
vt 0.0000 0.0000
vt 0.0029 -13.6562
vt 0.0000 0.0000
vt 0.0000 -4.9688
vt -30.6797 0.3760
vt -18.2969 0.1895
vt 0.5693 -1.4600
vt -7.3350 -2.4609
vt -1.1250 0.8438
vt -1.3125 0.0000
vt 23.2520 -11.1387
vt -3.3672 -12.2412
vt -1.1250 0.8438
vt -1.3125 0.0000
vt 0.0283 0.1133
vt 1.6621 -0.0234
vt -1.1250 0.8438
vt -1.1250 0.8438
vt -6.3047 -5.1475
vt -1.1250 0.8438
vt 0.7500 0.0000
vt 0.0088 0.0088
vt 0.0000 0.0000
vt -5.4600 -2.0244
vt -0.2461 -1.4316
vt -28.0000 0.2549
vt -3.4922 -3.8359
vt 0.0000 0.0000
vt 0.0000 0.0000
vt 0.0049 -5.1787
vt 0.0000 -3.3672
vt 3.3828 0.0000
vt 0.7500 0.0000
vt 0.0059 -0.1846
vt -0.0605 -0.8076
vt 0.0000 -0.0312
vt -0.0625 0.6875
vt 2.0312 0.0000
vt -0.0625 0.0000
vt 0.0078 -5.8672
vt 0.0000 0.6875
vt -4.2812 -0.1250
vt 0.0000 0.0000
vt 0.7500 0.0000
vt 0.0000 0.0000
vt 0.0059 -5.1797
vt 0.0000 15.7871
vt 0.7500 0.0000
vt 6.0381 -6.0859
vt 0.0000 0.6875
vt 0.0000 0.0000
vt 0.0088 -1.0254
vt 0.0000 0.0000
vt 0.0000 0.0000
vt 16.7383 -11.2324
vt 0.0283 -0.2109
vt 0.0039 0.0000
vt 0.0000 -2.4971
vt -10.9609 14.2549
vt -1.8047 -0.2773
vt 0.0000 0.0000
vt 0.0283 -0.1709
vt -1.2129 -1.8691
vt -0.0283 -2.3066
vt 0.0000 0.0000
vt 0.0000 -0.7119
vt -1.8125 0.0000
vt 0.0000 0.0000
vt 0.7500 2.2188
vt 0.0000 0.0000
vt 0.7500 0.0000
vt -4.3037 1.5068
vt 0.2500 1.8438
vt 0.0000 -12.4062
vt 0.0000 0.0000
vt 0.7500 0.0000
vt -3.1494 1.5049
vt 0.2500 1.8438
vt 0.0000 -12.4062
vt 0.0000 0.0000
vt 0.7500 0.0000
vt 4.8770 3.8457
vt 0.0000 -12.4062
vt 0.0000 0.0000
vt 0.7500 0.8154
vt -2.0000 9.1250
vt 0.0000 -6.6201
vt 0.0000 0.0000
vt 0.7500 0.8125
vt -2.2148 7.7246
vt -3.9297 -4.1162
vt 0.0000 0.0000
vt -0.6504 -2.0547
vt -3.7119 1.1943
vt 5.7500 0.3789
vt -7.6777 -23.9502
vt 0.0000 -3.7100
vt -4.0859 -2.5225
vt -29.9785 0.5186
vt 10.3955 -13.2412
vt -15.9648 -18.6201
vt 14.2637 -20.1338
vt -2.6562 -4.9688
vt 0.0625 5.6914
vt 6.2188 -0.7500
vt 0.0039 12.4971
vt 6.3301 -14.4189
vt 0.7500 -32.0000
vt -3.5547 -0.2773
vt 0.0000 0.0000
vt -24.7637 -7.8496
vt 24.6992 -31.8662
vt 0.7500 -32.0000
vt -2.1875 0.0625
vt 0.0000 0.0000
vt -0.5205 5.2695
vt -22.8203 12.5176
vt 28.5967 -31.4902
vt -2.6484 -4.9629
vt 1.7188 3.5312
vt -0.4336 0.0000
vt 0.0645 3.7559
vt 12.4688 -27.1875
vt 15.7744 -15.9980
vt 8.3604 29.1348
vt -2.0332 -1.1582
vt 14.2881 23.1846
vt 14.2832 -12.3047
vt 0.7500 -32.0000
vt 0.0000 0.0000
vt -1.2188 -3.0000
vt 5.5801 -3.3340
vt -25.8564 5.0020
vt 4.9785 16.0645
vt -12.3877 0.9316
vt 0.9316 12.0918
vt -0.2148 -8.3848
vt -8.3848 13.1406
vt -10.8828 -1.9561
vt -1.1582 -0.2148
vt -0.2148 -7.3857
vt -7.3936 -26.6621
vt -1.9258 -18.8457
vt -7.3955 28.8789
vt -31.1445 10.2188
vt -8.3936 25.9404
vt -1.8955 -19.4531
vt -9.3916 22.5420
vt 22.5420 -15.2578
vt 0.7500 8.0000
vt -0.3057 -16.5840
vt 2.6875 0.0000
vt -3.4297 -2.6797
vt 0.0078 -0.2461
vt -20.8896 31.4785
vt -11.9619 18.0029
vt -30.6992 -21.9590
vt -3.1221 -3.7109
vt -4.2715 -0.0889
vt 0.0000 0.0000
vt 0.7500 -3.0586
vt 0.0000 -8.7402
vt 0.7500 0.0068
vt 0.0000 0.0000
vt -0.2148 0.0000
vt 16.7881 -10.5977
vt -2.7422 -2.3672
vt 0.0000 -6.4609
vt -0.0908 0.0039
vt 0.7500 -1.8994
vt 0.0029 0.0000
vt 0.7080 -7.8877
vt 16.1074 14.0156
vt 0.7500 0.1611
vt -3.2725 -9.1475
vt -20.9590 -15.7412
vt 0.0049 0.0000
vt 5.6387 -9.4561
vt -6.2725 -1.4619
vt -4.7109 0.0078
vt 0.0000 0.0000
vt -25.2744 -15.9951
vt -6.5039 29.3613
vt 7.0127 -2.8242
vt -25.7109 -15.3184
vt -25.7812 4.0625
vt -25.9043 -17.8242
vt -25.9043 -17.8252
vt -25.9043 -17.8252
vt -6.2412 -1.4619
vt 0.0000 0.0000
vt -3.0176 13.6816
vt 26.3789 23.3418
vt -24.7178 25.0977
vt -27.9990 22.0869
vt 26.8057 22.0869
vt 19.7588 22.0869
vt 19.7979 23.0732
vt -4.3994 -0.3994
vt -1.6562 -1.2812
vt 0.0000 0.0000
vt 0.7500 0.2500
vt -9.0225 -10.2412
vt 0.0059 9.2930
vt 19.5967 -8.9961
vt -9.2598 -2.4111
vt -28.6562 1.0361
vt 31.5234 13.1455
vt -24.7412 22.0879
vt 31.4463 22.0889
vt 22.7979 22.0869
vt 19.7432 22.0938
vt 28.7725 19.8057
vt 0.7500 1.5078
vt 0.0000 -4.5869
vt 0.1934 0.0000
vt 27.6191 19.9180
vt 15.9688 0.0986
vt 0.0283 -1.0332
vt 0.0000 0.0000
vt -1.6562 -1.2812
vt 0.0000 0.0000
vt 0.2373 -18.5713
vt 24.2188 -7.2998
vt 0.0000 0.0000
vt 5.7109 -21.3516
vt 0.7500 0.0078
vt -2.0244 0.0068
vt -1.6797 -3.2422
vt 0.0000 -6.2109
vt -0.0605 0.0029
vt 0.0000 0.0000
vt -0.7129 -0.0293
vt -0.0244 -0.0918
vt -3.9912 -10.2725
vt 0.0000 0.0000
vt 0.0049 0.0000
vt -0.4004 -2.8984
vt 0.0000 0.0000
vt 14.0029 -0.4688
vt -29.7949 11.4170
vt -1.5537 -1.6494
vt 0.0000 -2.3438
vt 2.4707 -8.2100
vt 0.0000 -7.0537
vt -3.3369 -2.1807
vt 0.7500 0.7861
vt 0.0000 0.0000
vt 0.7500 0.7812
vt 0.0000 0.0000
vt 0.0000 0.0000
vt 0.7500 -2.0576
vt -5.2100 2.2578
vt -2.2812 -0.7500
vt 0.0000 0.0000
vt 0.3799 -2.9932
vt 0.0039 -1.4629
vt -5.3037 -2.7725
vt 0.0000 -8.3350
vt -1.4941 -1.2754
vt 0.7500 -0.5244
vt -5.8037 -4.2100
vt 0.0029 0.0000
vt 12.5947 21.0869
vt 1.0000 20.5996
vt -2.3047 -2.2432
vt -5.0625 2.8750
vt -0.0605 -9.3662
vt 0.0000 0.0000
vt 0.7500 -1.9619
vt 0.0000 0.0000
vt -12.3350 -2.0869
vt -3.6172 -5.9287
vt 0.0068 -3.2422
vt -0.0303 -9.0850
vt 0.0000 0.0000
vt -4.3047 -2.8984
vt 0.0000 0.0107
vt 0.7500 0.8750
vt -7.1836 -4.7139
vt -0.8369 -1.8057
vt 0.0000 -12.2402
vt 0.7500 -11.1494
vt 0.1953 7.9131
vt -8.1484 -2.2432
vt -0.2432 -3.8057
vt 0.0000 -14.8027
vt 0.0059 -18.5244
vt -6.1494 -30.0000
vt 0.7500 -2.4004
vt -2.2812 -0.7500
vt 0.0000 0.0000
vt 0.0000 -1.0234
vt -4.1152 -0.0303
vt 0.7500 4.3750
vt 0.0000 0.0000
vt -0.8750 -0.0312
vt -0.0039 0.0400
vt 0.0762 -0.0078
vt 0.0928 0.1152
vt -0.0020 0.1240
vt 0.0898 -0.0029
vt 0.0000 0.0000
vt 0.0000 0.0000
vt -20.2275 0.2324
vt 0.0898 -0.0029
vt 0.1553 0.1924
vt -0.0215 0.2041
vt -20.2275 0.2324
vt 0.0898 -0.0029
vt -0.4951 -14.3965
vt -1.1172 -2.3994
vt -1.2109 0.0000
vt 0.7500 16.0000
vt 0.0000 0.0000
vt 13.0381 6.2793
vt 6.7002 20.6602
vt 0.2881 -7.5039
vt 6.6875 -18.5898
vt 13.0322 6.5293
vt 0.7500 -0.1211
vt -12.8027 0.0098
vt 0.0000 0.0000
vt -1.9609 -5.0850
vt -4.1162 -0.0303
vt 0.0059 0.0000
vt 0.7500 -0.4639
vt -12.5225 -1.4287
vt 0.0000 0.0000
vt -0.7422 -6.4287
vt -4.1162 -0.0303
vt 0.0059 0.0000
vt 2.9375 0.0000
vt -2.3379 0.6924
vt 0.0059 0.0010
vt 0.0000 -0.9941
vt -0.0918 -0.3086
vt 0.7500 -5.0566
vt 0.0000 0.0000
vt 0.3438 1.1875
vt 0.0000 -18.0244
vt -7.1367 6.8350
vt -4.4297 -3.5234
vt -0.4336 -7.9600
vt 0.0000 0.0000
vt -0.7139 0.0059
vt 0.0000 0.0000
vt -4.2734 -0.0908
vt -0.0605 -3.0547
vt 0.0000 0.0000
vt 0.0000 0.0000
vt -2.3125 0.5625
vt 0.0000 0.0000
vt -6.8877 5.0654
vt -0.1172 -29.2100
vt -2.4609 -1.4004
vt 0.0000 0.0000
vt 20.2188 26.7939
vt -6.5918 -15.7188
vt 0.7500 0.0039
vt 0.0039 -0.1494
vt 0.0000 0.0000
vt -2.1494 -2.7422
vt 0.0000 -2.4297
vt -4.1172 -0.0303
vt 0.0039 0.0000
vt -2.2119 -0.3389
vt -0.1221 -5.4922
vt 0.0000 0.0000
vt -14.4922 -14.5205
vt -3.4307 -0.7139
vt 0.0000 0.0000
vt -0.0918 -7.5537
vt 0.0000 0.0000
vt -0.7451 -2.0869
vt 0.0039 0.0000
vt 0.0000 -3.5557
vt -0.7764 -0.7764
vt -1.7744 -1.7129
vt -0.2119 0.0000
vt -4.2734 -0.0908
vt -0.2461 -5.3672
vt 0.0000 0.0000
vt 3.3779 0.2500
vt -1.5625 -13.8125
vt 0.0000 0.0000
vt 2.9102 0.2500
vt -1.5625 -13.8125
vt 0.0000 0.0000
vt 2.2363 18.5000
vt 0.7500 0.0000
vt -3.6836 3.1621
vt 0.0000 0.0000
vt 0.0000 -11.9688
vt 1.2500 0.0000
vt 0.7500 0.0000
vt -3.6221 3.2871
vt 0.0000 0.0000
vt 3.4375 -1.5625
vt 0.0000 -11.9688
vt 1.2500 0.0000
vt 0.7500 0.0000
vt -3.9326 3.2559
vt 0.0000 0.0000
vt 0.0000 -11.9688
vt 1.2500 0.0000
vt -12.3242 -28.8916
vt 0.7500 0.0000
vt -3.5596 3.6611
vt 0.0000 0.0000
vt 0.0000 -11.9688
vt 1.2500 0.0000
vt -0.4307 -0.3691
vt 0.0000 0.0000
vt -1.6182 -4.8359
vt -16.6982 -26.7285
vt 0.7500 -3.1514
vt -4.9629 1.4111
vt 0.0000 0.0000
vt 3.7500 -5.0000
vt 0.0000 0.0000
vt 0.0000 -4.9619
vt -0.0918 -0.1846
vt -4.9316 2.2529
vt 0.0000 -4.5254
vt 0.7500 -15.3125
vt 0.0000 0.0000
vt -3.0273 -7.3125
vt 0.0000 0.0000
vt 1.6250 0.0000
vt -0.0312 0.0000
vt 0.0000 7.3193
vt 0.0000 0.9375
vt 0.0000 0.0000
vt 0.0000 0.0000
vt 0.7500 0.0068
vt -12.8662 0.0078
vt 0.0049 -1.2129
vt -3.4932 0.0049
vt 0.0000 0.0000
vt -30.2334 -15.3623
vt -4.8662 0.0029
vt 0.0000 0.0000
vt 0.0000 -0.2422
vt -3.4922 -0.5576
vt 0.0000 -0.3379
vt -0.5576 -0.1514
vt 0.7500 0.0068
vt -11.5225 0.0088
vt -3.9922 -6.4609
vt 0.0049 -1.2441
vt -3.4932 0.0049
vt 0.0000 0.0000
vt 0.0000 0.0000
vt 0.0000 7.2520
vt 0.0000 0.0000
vt 0.0000 0.0000
vt 0.7500 -15.3047
vt 0.0068 0.0068
vt 1.6289 0.0000
vt 0.7500 0.0059
vt -6.0596 -9.3096
vt 0.4756 -0.5605
vt 0.0000 -15.7734
vt 3.6318 -2.8379
vt 6.1953 -0.0312
vt 0.0000 0.0000
vt 0.7500 -0.1562
vt 0.0000 0.0000
vt -0.2764 -0.2188
vt 0.0000 0.0000
vt 0.6875 -1.8750
vt 0.0000 0.0000
vt 0.0000 -5.0234
vt -1.3066 0.0322
vt 0.0000 -0.3691
vt -0.0312 0.0020
vt 0.7500 -0.0889
vt -11.6787 -0.0557
vt 0.0000 0.0000
vt 0.0029 0.0000
vt 0.7500 0.0000
vt 1.0391 0.3828
vt 0.0000 0.0000
vt 0.0000 -13.6562
vt 0.0000 0.0000
vt 0.0000 -1.5625
vt 2.7891 1.5938
vt -1.1250 0.8438
vt -0.9688 -9.1250
vt 0.7500 0.0000
vt -0.9307 4.2246
vt 0.0000 0.0000
vt 0.0000 -13.6562
vt 0.0000 0.0000
vt 0.0000 -1.5625
vt -26.1416 11.0000
vt 0.7500 0.0000
vt -1.3682 -0.8994
vt 0.0000 0.0000
vt -0.0273 -0.0254
vt -0.0859 -0.0303
vt 0.0000 0.0000
vt 2.6309 -9.8750
vt -1.0879 0.0000
vt -1.6562 0.0000
vt 0.0068 -0.3066
vt 0.0068 0.0020
vt 0.0000 -2.5557
vt -0.2158 -0.5264
vt -0.6484 -0.2158
vt -2.0273 0.0000
vt -1.6807 -0.5889
vt 0.7500 0.0000
vt -0.0879 -0.7451
vt 0.0000 0.0000
vt -0.0303 -0.0879
vt 0.0000 0.0000
vt 0.7500 0.7812
vt 0.0000 0.0000
vt 0.0000 0.0000
vt 0.0049 -0.6826
vt 0.0000 0.0000
vt 0.0000 2.9688
vt 22.0000 -29.6875
vt 0.2500 -32.0000
vt 0.0000 -14.5625
vt 0.5957 -3.8076
vt 4.5361 0.0000
vt 0.0000 0.0000
vt 0.0000 2.2842
vt 0.0000 0.0000
vt 0.7500 4.0000
vt 0.0068 -24.7090
vt 2.9775 -4.5527
vt 0.0000 0.0000
vt -1.6494 -6.9307
vt -25.0889 -18.3418
vt 30.0039 -23.2783
vt 0.7500 -9.1250
vt 1.7871 2.4727
vt 1.7812 0.0000
f 77/77 28/28 42/42
f 79/79 110/110 3/3
f 95/95 122/122 30/30
f 102/102 76/76 95/95
f 128/128 98/98 1/1
f 17/17 122/122 81/81
f 1/1 3/3 81/81
f 82/82 49/49 65/65
f 112/112 108/108 125/125
f 14/14 86/86 102/102
f 86/86 72/72 82/82
f 41/41 107/107 31/31
f 128/128 17/17 98/98
f 73/73 10/10 29/29
f 12/12 25/25 36/36
f 75/75 40/40 56/56
f 126/126 9/9 93/93
f 39/39 76/76 109/109
f 87/87 105/105 70/70
f 94/94 128/128 15/15
f 3/3 112/112 65/65
f 16/16 1/1 106/106
f 17/17 12/12 1/1
f 33/33 2/2 113/113
f 1/1 1/1 47/47
f 58/58 65/65 57/57
f 73/73 85/85 1/1
f 79/79 1/1 1/1
f 126/126 7/7 86/86
f 78/78 19/19 35/35
f 102/102 33/33 73/73
f 83/83 80/80 51/51
f 43/43 106/106 81/81
f 97/97 20/20 41/41
f 4/4 1/1 18/18
f 116/116 120/120 5/5
f 28/28 107/107 17/17
f 5/5 107/107 71/71
f 81/81 117/117 46/46
f 22/22 4/4 107/107
f 112/112 17/17 36/36
f 31/31 14/14 19/19
f 28/28 53/53 41/41
f 78/78 97/97 50/50
f 34/34 114/114 66/66
f 3/3 114/114 66/66
f 6/6 2/2 4/4
f 85/85 2/2 71/71
f 90/90 13/13 70/70
f 82/82 66/66 24/24
f 2/2 94/94 2/2
f 56/56 17/17 18/18
f 13/13 87/87 5/5
f 52/52 17/17 56/56
f 119/119 70/70 79/79
f 97/97 11/11 34/34
f 3/3 2/2 99/99
f 27/27 1/1 12/12
f 41/41 79/79 12/12
f 48/48 11/11 106/106
f 97/97 67/67 9/9
f 32/32 43/43 3/3
f 6/6 116/116 36/36
f 47/47 5/5 2/2
f 58/58 97/97 6/6
f 65/65 13/13 81/81
f 1/1 33/33 15/15
f 117/117 44/44 5/5
f 119/119 103/103 79/79
f 24/24 116/116 30/30
f 32/32 14/14 27/27
f 86/86 120/120 8/8
f 21/21 26/26 41/41
f 111/111 65/65 19/19
f 97/97 125/125 113/113
f 33/33 113/113 1/1
f 97/97 125/125 113/113
f 113/113 118/118 1/1
f 94/94 1/1 3/3
f 21/21 87/87 69/69
f 21/21 98/98 117/117
f 45/45 108/108 33/33
f 25/25 61/61 33/33
f 111/111 101/101 3/3
f 73/73 57/57 39/39
f 50/50 47/47 13/13
f 46/46 46/46 2/2
f 97/97 57/57 48/48
f 93/93 11/11 101/101
f 93/93 12/12 5/5
f 42/42 33/33 81/81
f 106/106 33/33 31/31
f 17/17 90/90 19/19
f 87/87 4/4 42/42
f 81/81 23/23 105/105
f 92/92 115/115 17/17
f 5/5 64/64 6/6
f 11/11 26/26 114/114
f 37/37 4/4 12/12
f 1/1 72/72 64/64
f 80/80 33/33 35/35
f 111/111 75/75 1/1
f 126/126 44/44 94/94
f 18/18 2/2 13/13
f 36/36 5/5 100/100
f 29/29 28/28 84/84
f 35/35 38/38 57/57
f 44/44 75/75 92/92
f 20/20 2/2 1/1
f 105/105 57/57 31/31
f 33/33 108/108 92/92
f 1/1 3/3 58/58
f 90/90 61/61 99/99
f 3/3 30/30 109/109
f 82/82 125/125 99/99
f 53/53 42/42 27/27
f 82/82 110/110 91/91
f 60/60 42/42 17/17
f 84/84 94/94 43/43
f 57/57 42/42 21/21
f 95/95 95/95 110/110
f 82/82 30/30 27/27
f 56/56 42/42 23/23
f 5/5 77/77 59/59
f 56/56 3/3 106/106
f 49/49 12/12 2/2
f 73/73 56/56 69/69
f 117/117 1/1 56/56
f 26/26 22/22 33/33
f 26/26 22/22 33/33
f 35/35 40/40 6/6
f 70/70 107/107 27/27
f 79/79 6/6 2/2
f 85/85 75/75 37/37
f 32/32 43/43 36/36
f 97/97 66/66 9/9
f 4/4 17/17 23/23
f 83/83 4/4 51/51
f 36/36 33/33 18/18
f 49/49 53/53 30/30
f 80/80 62/62 4/4
f 65/65 88/88 100/100
f 63/63 73/73 109/109
f 66/66 46/46 114/114
f 65/65 51/51 44/44
f 16/16 105/105 113/113
f 64/64 32/32 114/114
f 84/84 110/110 66/66
f 90/90 37/37 5/5
f 12/12 83/83 115/115
f 32/32 67/67 35/35
f 128/128 99/99 128/128
f 128/128 118/118 29/29
f 10/10 89/89 95/95
f 99/99 36/36 97/97
f 88/88 19/19 15/15
f 50/50 17/17 127/127
f 55/55 10/10 54/54
f 25/25 22/22 1/1
f 27/27 1/1 5/5
f 84/84 35/35 19/19
f 25/25 29/29 125/125
f 76/76 35/35 65/65
f 109/109 114/114 70/70
f 95/95 4/4 39/39
f 3/3 22/22 49/49
f 107/107 59/59 20/20
f 125/125 28/28 1/1
f 95/95 108/108 62/62
f 98/98 4/4 97/97
f 95/95 76/76 66/66
f 87/87 118/118 110/110
f 95/95 98/98 68/68
f 95/95 128/128 68/68
f 96/96 28/28 68/68
f 96/96 54/54 66/66
f 96/96 76/76 64/64
f 96/96 90/90 62/62
f 96/96 92/92 58/58
f 6/6 68/68 10/10
f 23/23 1/1 124/124
f 96/96 70/70 56/56
f 96/96 2/2 58/58
f 95/95 22/22 60/60
f 97/97 8/8 114/114
f 112/112 53/53 113/113
f 12/12 55/55 2/2
f 67/67 1/1 72/72
f 99/99 78/78 53/53
f 74/74 27/27 93/93
f 3/3 1/1 121/121
f 10/10 25/25 97/97
f 75/75 41/41 14/14
f 117/117 116/116 21/21
f 97/97 20/20 65/65
f 1/1 1/1 1/1
f 74/74 43/43 104/104
f 101/101 116/116 69/69
f 117/117 113/113 117/117
f 1/1 102/102 56/56
f 70/70 92/92 34/34
f 16/16 1/1 2/2
f 45/45 78/78 47/47
f 31/31 39/39 34/34
f 113/113 53/53 47/47
f 15/15 33/33 1/1
f 68/68 21/21 5/5
f 3/3 37/37 36/36
f 19/19 55/55 35/35
f 15/15 87/87 7/7
f 74/74 97/97 30/30
f 7/7 21/21 11/11
f 101/101 3/3 114/114
f 75/75 63/63 87/87
f 59/59 43/43 80/80
f 78/78 50/50 49/49
f 64/64 71/71 9/9
f 124/124 21/21 91/91
f 1/1 56/56 95/95
f 103/103 15/15 4/4
f 50/50 71/71 11/11
f 5/5 1/1 9/9
f 5/5 1/1 1/1
f 111/111 96/96 79/79
f 112/112 97/97 17/17
f 36/36 1/1 1/1
f 49/49 3/3 15/15
f 47/47 1/1 1/1
f 3/3 37/37 2/2
f 61/61 33/33 15/15
f 18/18 62/62 52/52
f 49/49 62/62 33/33
f 29/29 72/72 103/103
f 85/85 18/18 92/92
f 36/36 114/114 60/60
f 85/85 122/122 69/69
f 101/101 123/123 67/67
f 10/10 17/17 109/109
f 107/107 32/32 33/33
f 67/67 49/49 81/81
f 77/77 73/73 115/115
f 52/52 100/100 65/65
f 22/22 10/10 97/97
f 79/79 126/126 123/123
f 60/60 42/42 2/2
f 2/2 41/41 3/3
f 11/11 19/19 5/5
f 125/125 74/74 125/125
f 81/81 123/123 97/97
f 1/1 1/1 1/1
f 100/100 127/127 85/85
f 22/22 44/44 81/81
f 113/113 97/97 101/101
f 127/127 2/2 74/74
f 96/96 79/79 93/93
f 100/100 94/94 100/100
f 27/27 121/121 57/57
f 81/81 123/123 97/97
f 1/1 1/1 1/1
f 67/67 7/7 51/51
f 100/100 1/1 2/2
f 100/100 6/6 83/83
f 15/15 22/22 22/22
f 17/17 127/127 113/113
f 33/33 7/7 17/17
f 65/65 118/118 1/1
f 21/21 94/94 52/52
f 72/72 26/26 127/127
f 34/34 127/127 51/51
f 53/53 7/7 20/20
f 65/65 118/118 1/1
f 46/46 54/54 1/1
f 81/81 128/128 51/51
f 84/84 7/7 21/21
f 3/3 128/128 51/51
f 65/65 128/128 65/65
f 4/4 117/117 53/53
f 3/3 7/7 4/4
f 21/21 128/128 114/114
f 33/33 108/108 49/49
f 4/4 103/103 51/51
f 5/5 10/10 19/19
f 75/75 119/119 78/78
f 94/94 42/42 62/62
f 79/79 25/25 102/102
f 92/92 19/19 54/54
f 94/94 109/109 98/98
f 123/123 68/68 22/22
f 114/114 88/88 35/35
f 117/117 15/15 105/105
f 22/22 104/104 88/88
f 37/37 119/119 30/30
f 1/1 101/101 100/100
f 106/106 1/1 1/1
f 44/44 55/55 19/19
f 102/102 3/3 73/73
f 101/101 60/60 87/87
f 47/47 87/87 100/100
f 83/83 53/53 38/38
f 87/87 23/23 103/103
f 51/51 21/21 28/28
f 45/45 4/4 126/126
f 128/128 113/113 21/21
f 41/41 3/3 40/40
f 92/92 54/54 5/5
f 4/4 37/37 106/106
f 47/47 33/33 8/8
f 9/9 10/10 9/9
f 93/93 24/24 9/9
f 128/128 127/127 1/1
f 57/57 43/43 108/108
f 117/117 23/23 25/25
f 97/97 123/123 1/1
f 4/4 68/68 40/40
f 51/51 27/27 88/88
f 42/42 118/118 17/17
f 71/71 69/69 71/71
f 15/15 21/21 1/1
f 78/78 87/87 81/81
f 39/39 68/68 39/39
f 110/110 45/45 1/1
f 104/104 75/75 86/86
f 23/23 21/21 63/63
f 126/126 90/90 62/62
f 79/79 40/40 124/124
f 64/64 14/14 45/45
f 37/37 17/17 24/24
f 37/37 125/125 13/13
f 21/21 97/97 42/42
f 105/105 6/6 80/80
f 92/92 37/37 107/107
f 25/25 97/97 34/34
f 105/105 6/6 78/78
f 117/117 1/1 3/3
f 23/23 117/117 4/4
f 61/61 37/37 49/49
f 22/22 41/41 37/37
f 67/67 4/4 36/36
f 97/97 18/18 22/22
f 123/123 35/35 121/121
f 65/65 41/41 69/69
f 28/28 4/4 121/121
f 44/44 113/113 46/46
f 13/13 45/45 94/94
f 126/126 126/126 46/46
f 94/94 27/27 22/22
f 33/33 75/75 56/56
f 63/63 71/71 92/92
f 63/63 71/71 92/92
f 63/63 71/71 92/92
f 33/33 2/2 1/1
f 46/46 23/23 67/67
f 83/83 26/26 20/20
f 33/33 78/78 33/33
f 118/118 28/28 27/27
f 51/51 88/88 7/7
f 43/43 27/27 52/52
f 71/71 113/113 9/9
f 105/105 22/22 61/61
f 110/110 81/81 16/16
f 101/101 38/38 1/1
f 76/76 49/49 61/61
f 46/46 56/56 41/41
f 44/44 68/68 66/66
f 36/36 28/28 34/34
f 65/65 44/44 75/75
f 49/49 104/104 113/113
f 49/49 104/104 113/113
f 113/113 111/111 36/36
f 67/67 2/2 20/20
f 6/6 97/97 1/1
f 3/3 113/113 65/65
f 49/49 104/104 113/113
f 113/113 113/113 37/37
f 68/68 121/121 5/5
f 51/51 11/11 23/23
f 39/39 74/74 25/25
f 71/71 84/84 6/6
f 90/90 48/48 2/2
f 9/9 61/61 13/13
f 82/82 60/60 65/65
f 17/17 83/83 58/58
f 23/23 77/77 69/69
f 63/63 25/25 18/18
f 102/102 57/57 19/19
f 57/57 119/119 5/5
f 8/8 67/67 65/65
f 83/83 65/65 51/51
f 53/53 73/73 36/36
f 48/48 97/97 58/58
f 95/95 65/65 27/27
f 52/52 116/116 19/19
f 35/35 1/1 50/50
f 83/83 18/18 1/1
f 3/3 40/40 1/1
f 1/1 1/1 1/1
f 1/1 35/35 7/7
f 34/34 43/43 46/46
f 1/1 25/25 1/1
f 40/40 87/87 40/40
f 1/1 41/41 97/97
f 45/45 1/1 1/1
f 69/69 119/119 69/69
f 69/69 122/122 21/21
f 49/49 1/1 13/13
f 67/67 126/126 77/77
f 20/20 113/113 69/69
f 69/69 2/2 69/69
f 106/106 79/79 61/61
f 116/116 72/72 41/41
f 68/68 1/1 1/1
f 36/36 98/98 31/31
f 95/95 28/28 6/6
f 27/27 60/60 21/21
f 33/33 58/58 33/33
f 97/97 11/11 65/65
f 117/117 127/127 36/36
f 33/33 127/127 21/21
f 113/113 128/128 17/17
f 51/51 40/40 5/5
f 101/101 45/45 90/90
f 98/98 11/11 68/68
f 117/117 1/1 115/115
f 33/33 113/113 85/85
f 115/115 128/128 19/19
f 97/97 11/11 65/65
f 97/97 2/2 65/65
f 15/15 61/61 51/51
f 88/88 19/19 43/43
f 49/49 124/124 5/5
f 37/37 44/44 24/24
f 55/55 46/46 13/13
f 10/10 57/57 75/75
f 54/54 90/90 77/77
f 93/93 116/116 11/11
f 65/65 1/1 95/95
f 73/73 9/9 42/42
f 76/76 10/10 46/46
f 73/73 9/9 42/42
f 38/38 67/67 20/20
f 99/99 82/82 33/33
f 49/49 126/126 21/21
f 116/116 65/65 75/75
f 100/100 12/12 83/83
f 6/6 97/97 73/73
f 117/117 127/127 20/20
f 116/116 127/127 69/69
f 3/3 100/100 76/76
f 9/9 50/50 17/17
f 91/91 17/17 52/52
f 53/53 67/67 26/26
f 120/120 105/105 19/19
f 62/62 12/12 69/69
f 50/50 1/1 1/1
f 60/60 15/15 73/73
f 1/1 110/110 106/106
f 60/60 15/15 73/73
f 1/1 110/110 106/106
f 45/45 83/83 69/69
f 30/30 17/17 74/74
f 66/66 65/65 1/1
f 5/5 24/24 105/105
f 121/121 106/106 25/25
f 42/42 26/26 93/93
f 78/78 91/91 87/87
f 1/1 62/62 115/115
f 109/109 73/73 123/123
f 73/73 114/114 66/66
f 91/91 119/119 38/38
f 73/73 10/10 108/108
f 115/115 40/40 34/34
f 37/37 8/8 18/18
f 104/104 65/65 4/4
f 55/55 50/50 18/18
f 109/109 83/83 94/94
f 31/31 84/84 36/36
f 49/49 1/1 48/48
f 100/100 30/30 2/2
f 110/110 13/13 113/113
f 92/92 51/51 23/23
f 104/104 10/10 43/43
f 81/81 1/1 100/100
f 1/1 1/1 1/1
f 49/49 5/5 57/57
f 43/43 67/67 54/54
f 15/15 107/107 99/99
f 77/77 114/114 49/49
f 63/63 24/24 69/69
f 14/14 12/12 117/117
f 57/57 31/31 119/119
f 91/91 2/2 61/61
f 101/101 47/47 68/68
f 107/107 58/58 23/23
f 119/119 55/55 103/103
f 86/86 12/12 17/17
f 1/1 1/1 97/97
f 101/101 89/89 115/115
f 104/104 5/5 70/70
f 75/75 52/52 99/99
f 107/107 2/2 89/89
f 1/1 73/73 2/2
f 43/43 51/51 41/41
f 1/1 38/38 97/97
f 77/77 26/26 100/100
f 89/89 79/79 34/34
f 109/109 85/85 60/60
f 34/34 128/128 117/117
f 5/5 125/125 84/84
f 84/84 127/127 82/82
f 88/88 28/28 104/104
f 50/50 102/102 6/6
f 102/102 127/127 49/49
f 83/83 15/15 105/105
f 19/19 8/8 65/65
f 37/37 5/5 97/97
f 45/45 11/11 50/50
f 4/4 6/6 52/52
f 1/1 1/1 1/1
f 65/65 102/102 9/9
f 10/10 21/21 73/73
f 60/60 7/7 110/110
f 106/106 69/69 104/104
f 42/42 53/53 14/14
f 8/8 97/97 1/1
f 7/7 11/11 41/41
f 28/28 5/5 1/1
f 61/61 1/1 1/1
f 113/113 10/10 57/57
f 85/85 5/5 1/1
f 73/73 9/9 95/95
f 63/63 31/31 3/3
f 66/66 105/105 116/116
f 106/106 86/86 42/42
f 43/43 60/60 46/46
f 59/59 54/54 17/17
f 35/35 52/52 5/5
f 114/114 110/110 84/84
f 53/53 24/24 20/20
f 97/97 3/3 80/80
f 36/36 35/35 82/82
f 19/19 22/22 105/105
f 66/66 91/91 63/63
f 33/33 1/1 1/1
f 81/81 9/9 81/81
f 86/86 59/59 101/101
f 2/2 21/21 27/27
f 89/89 125/125 2/2
f 113/113 2/2 81/81
f 99/99 26/26 42/42
f 81/81 7/7 33/33
f 65/65 16/16 97/97
f 81/81 108/108 69/69
f 53/53 128/128 84/84
f 85/85 1/1 25/25
f 122/122 86/86 1/1
f 81/81 122/122 33/33
f 33/33 126/126 21/21
f 19/19 67/67 113/113
f 4/4 67/67 40/40
f 63/63 39/39 58/58
f 115/115 56/56 1/1
f 89/89 15/15 83/83
f 5/5 85/85 82/82
f 81/81 122/122 33/33
f 33/33 96/96 65/65
f 113/113 110/110 97/97
f 40/40 101/101 25/25
f 56/56 128/128 61/61
f 47/47 57/57 65/65
f 54/54 21/21 40/40
f 122/122 43/43 57/57
f 53/53 5/5 12/12
f 26/26 63/63 94/94
f 65/65 1/1 1/1
f 108/108 101/101 58/58
f 39/39 76/76 33/33
f 24/24 102/102 100/100
f 110/110 103/103 19/19
f 120/120 87/87 33/33
f 44/44 94/94 127/127
f 65/65 20/20 83/83
f 65/65 114/114 3/3
f 90/90 80/80 34/34
f 27/27 114/114 124/124
f 2/2 11/11 42/42
f 10/10 49/49 44/44
f 5/5 42/42 81/81
f 44/44 53/53 38/38
f 40/40 14/14 33/33
f 65/65 12/12 21/21
f 35/35 74/74 57/57
f 35/35 51/51 6/6
f 37/37 2/2 87/87
f 71/71 105/105 71/71
f 1/1 11/11 79/79
f 61/61 89/89 1/1
f 3/3 124/124 90/90
f 18/18 127/127 4/4
f 4/4 114/114 116/116
f 66/66 73/73 106/106
f 15/15 92/92 21/21
f 38/38 79/79 79/79
f 35/35 24/24 65/65
f 66/66 55/55 113/113
f 74/74 92/92 115/115
f 18/18 86/86 68/68
f 1/1 73/73 20/20
f 33/33 20/20 104/104
f 11/11 82/82 17/17
f 56/56 113/113 1/1
f 50/50 22/22 1/1
f 25/25 29/29 37/37
f 69/69 71/71 35/35
f 35/35 96/96 97/97
f 64/64 34/34 124/124
f 43/43 23/23 70/70
f 30/30 24/24 9/9
f 36/36 66/66 67/67
f 79/79 39/39 77/77
f 4/4 44/44 71/71
f 101/101 84/84 16/16
f 9/9 53/53 27/27
f 23/23 15/15 82/82
f 89/89 62/62 97/97
f 20/20 55/55 69/69
f 40/40 32/32 69/69
f 36/36 83/83 20/20
f 83/83 65/65 18/18
f 1/1 19/19 3/3
f 123/123 78/78 102/102
f 57/57 31/31 92/92
f 75/75 77/77 37/37
f 36/36 124/124 37/37
f 15/15 2/2 64/64
f 33/33 46/46 98/98
f 101/101 1/1 1/1
f 1/1 1/1 1/1
f 26/26 13/13 7/7
f 4/4 38/38 118/118
f 85/85 43/43 22/22
f 75/75 36/36 4/4
f 28/28 120/120 128/128
f 11/11 86/86 27/27
f 66/66 3/3 34/34
f 15/15 40/40 26/26
f 38/38 29/29 67/67
f 23/23 89/89 115/115
f 99/99 62/62 40/40
f 36/36 37/37 39/39
f 69/69 105/105 117/117
f 69/69 1/1 85/85
f 97/97 1/1 123/123
f 111/111 83/83 45/45
f 79/79 1/1 2/2
f 1/1 80/80 8/8
f 17/17 38/38 33/33
f 42/42 7/7 108/108
f 90/90 31/31 80/80
f 17/17 57/57 12/12
f 8/8 35/35 33/33
f 42/42 75/75 8/8
f 121/121 123/123 1/1
f 31/31 23/23 21/21
f 24/24 8/8 40/40
f 47/47 30/30 111/111
f 1/1 81/81 9/9
f 49/49 34/34 56/56
f 6/6 43/43 10/10
f 65/65 74/74 49/49
f 100/100 15/15 83/83
f 8/8 69/69 34/34
f 83/83 73/73 51/51
f 2/2 65/65 17/17
f 1/1 86/86 17/17
f 25/25 108/108 1/1
f 34/34 27/27 92/92
f 17/17 23/23 27/27
f 69/69 33/33 100/100
f 11/11 26/26 115/115
f 1/1 46/46 49/49
f 85/85 68/68 54/54
f 1/1 18/18 45/45
f 1/1 18/18 32/32
f 65/65 35/35 90/90
f 10/10 65/65 1/1
f 25/25 23/23 38/38
f 49/49 57/57 14/14
f 89/89 59/59 1/1
f 93/93 9/9 68/68
f 12/12 95/95 74/74
f 95/95 53/53 105/105
f 17/17 107/107 65/65
f 33/33 9/9 63/63
f 1/1 2/2 7/7
f 98/98 19/19 75/75
f 69/69 107/107 15/15
f 36/36 93/93 58/58
f 115/115 38/38 42/42
f 9/9 65/65 35/35
f 121/121 73/73 17/17
f 35/35 106/106 81/81
f 29/29 67/67 88/88
f 75/75 43/43 114/114
f 97/97 1/1 1/1
f 49/49 7/7 17/17
f 65/65 118/118 1/1
f 122/122 62/62 3/3
f 91/91 90/90 13/13
f 91/91 47/47 105/105
f 82/82 107/107 85/85
f 1/1 87/87 75/75
f 65/65 109/109 1/1
f 109/109 10/10 112/112
f 85/85 115/115 17/17
f 5/5 102/102 65/65
f 71/71 37/37 13/13
f 19/19 4/4 23/23
f 9/9 41/41 104/104
f 89/89 17/17 14/14
f 24/24 41/41 6/6
f 125/125 1/1 105/105
f 71/71 42/42 89/89
f 107/107 117/117 29/29
f 34/34 66/66 69/69
f 10/10 73/73 69/69
f 79/79 126/126 31/31
f 86/86 67/67 49/49
f 39/39 15/15 99/99
f 108/108 125/125 1/1
f 109/109 9/9 9/9
f 5/5 35/35 68/68
f 101/101 50/50 81/81
f 85/85 51/51 106/106
f 12/12 33/33 33/33
f 78/78 59/59 47/47
f 59/59 69/69 96/96
f 1/1 65/65 1/1
f 42/42 3/3 49/49
f 10/10 123/123 64/64
f 27/27 97/97 81/81
f 4/4 34/34 75/75
f 32/32 60/60 121/121
f 85/85 5/5 25/25
f 1/1 71/71 37/37
f 58/58 1/1 3/3
f 53/53 18/18 61/61
f 1/1 71/71 37/37
f 58/58 1/1 3/3
f 21/21 46/46 12/12
f 13/13 79/79 81/81
f 1/1 71/71 37/37
f 58/58 1/1 3/3
f 1/1 71/71 37/37
f 58/58 1/1 3/3
f 1/1 71/71 37/37
f 58/58 1/1 3/3
f 1/1 71/71 37/37
f 58/58 1/1 3/3
f 18/18 18/18 101/101
f 107/107 18/18 17/17
f 1/1 71/71 37/37
f 58/58 1/1 3/3
f 81/81 85/85 86/86
f 81/81 16/16 52/52
f 3/3 124/124 98/98
f 34/34 121/121 124/124
f 13/13 69/69 103/103
f 81/81 122/122 33/33
f 33/33 110/110 113/113
f 13/13 91/91 12/12
f 49/49 79/79 96/96
f 91/91 61/61 102/102
f 69/69 30/30 50/50
f 81/81 122/122 33/33
f 33/33 88/88 81/81
f 113/113 110/110 98/98
f 100/100 69/69 58/58
f 17/17 1/1 15/15
f 49/49 25/25 9/9
f 49/49 128/128 65/65
f 49/49 128/128 65/65
f 49/49 128/128 65/65
f 112/112 65/65 97/97
f 86/86 82/82 74/74
f 39/39 94/94 30/30
f 97/97 65/65 1/1
f 90/90 48/48 109/109
f 44/44 8/8 102/102
f 6/6 110/110 7/7
f 60/60 95/95 60/60
f 84/84 118/118 117/117
f 29/29 12/12 23/23
f 101/101 81/81 41/41
f 15/15 22/22 86/86
f 2/2 24/24 31/31
f 59/59 104/104 111/111
f 62/62 29/29 12/12
f 66/66 3/3 59/59
f 67/67 21/21 122/122
f 122/122 28/28 31/31
f 103/103 6/6 86/86
f 101/101 18/18 1/1
f 80/80 23/23 118/118
f 91/91 10/10 105/105
f 3/3 13/13 69/69
f 18/18 57/57 33/33
f 2/2 1/1 84/84
f 38/38 98/98 42/42
f 79/79 3/3 1/1
f 5/5 62/62 100/100
f 1/1 69/69 4/4
f 9/9 13/13 53/53
f 78/78 25/25 102/102
f 101/101 71/71 6/6
f 104/104 5/5 87/87
f 95/95 17/17 121/121
f 103/103 6/6 86/86
f 95/95 18/18 1/1
f 37/37 7/7 37/37
f 100/100 1/1 2/2
f 44/44 60/60 97/97
f 60/60 11/11 121/121
f 45/45 39/39 25/25
f 2/2 34/34 50/50
f 118/118 10/10 2/2
f 49/49 23/23 34/34
f 105/105 11/11 30/30
f 2/2 35/35 60/60
f 15/15 6/6 23/23
f 8/8 4/4 5/5
f 64/64 50/50 81/81
f 57/57 105/105 49/49
f 121/121 96/96 8/8
f 42/42 75/75 68/68
f 86/86 52/52 36/36
f 32/32 50/50 2/2
f 34/34 1/1 1/1
f 126/126 81/81 4/4
f 55/55 11/11 41/41
f 21/21 64/64 52/52
f 5/5 21/21 90/90
f 113/113 39/39 9/9
f 37/37 123/123 108/108
f 37/37 41/41 5/5
f 128/128 1/1 34/34
f 9/9 118/118 84/84
f 67/67 9/9 17/17
f 13/13 33/33 25/25
f 41/41 86/86 19/19
f 33/33 83/83 81/81
f 77/77 110/110 49/49
f 3/3 68/68 99/99
f 113/113 1/1 51/51
f 71/71 115/115 75/75
f 83/83 1/1 1/1
f 17/17 7/7 15/15
f 2/2 115/115 42/42
f 57/57 32/32 94/94
f 58/58 26/26 119/119
f 49/49 1/1 1/1
f 1/1 1/1 1/1
f 115/115 65/65 19/19
f 120/120 55/55 3/3
f 100/100 34/34 4/4
f 91/91 43/43 19/19
f 127/127 86/86 113/113
f 90/90 75/75 105/105
f 43/43 120/120 1/1
f 24/24 19/19 28/28
f 58/58 69/69 11/11
f 2/2 120/120 57/57
f 126/126 47/47 3/3
f 68/68 118/118 85/85
f 52/52 115/115 85/85
f 97/97 1/1 5/5
f 83/83 20/20 57/57
f 11/11 37/37 96/96
f 33/33 9/9 11/11
f 107/107 1/1 5/5
f 113/113 7/7 52/52
f 25/25 116/116 1/1
f 20/20 125/125 99/99
f 36/36 128/128 51/51
f 113/113 1/1 65/65
f 49/49 3/3 81/81
f 86/86 100/100 33/33
f 25/25 6/6 24/24
f 13/13 87/87 35/35
f 84/84 1/1 51/51
f 95/95 53/53 65/65
f 5/5 32/32 49/49
f 14/14 17/17 1/1
f 127/127 1/1 1/1
f 65/65 1/1 98/98
f 40/40 97/97 57/57
f 111/111 69/69 121/121
f 109/109 1/1 63/63
f 75/75 101/101 54/54
f 56/56 24/24 80/80
f 29/29 70/70 24/24
f 19/19 97/97 1/1
f 10/10 91/91 1/1
f 65/65 1/1 1/1
f 33/33 1/1 1/1
f 97/97 17/17 8/8
f 59/59 34/34 1/1
f 83/83 11/11 99/99
f 53/53 26/26 52/52
f 22/22 40/40 1/1
f 70/70 122/122 15/15
f 104/104 66/66 35/35
f 97/97 1/1 113/113
f 65/65 1/1 126/126
f 52/52 66/66 82/82
f 104/104 33/33 125/125
f 14/14 103/103 19/19
f 61/61 2/2 22/22
f 34/34 45/45 21/21
f 6/6 34/34 43/43
f 23/23 15/15 4/4
f 83/83 12/12 1/1
f 5/5 47/47 97/97
f 92/92 116/116 97/97
f 8/8 27/27 13/13
f 99/99 106/106 102/102
f 62/62 1/1 97/97
f 1/1 60/60 50/50
f 62/62 27/27 100/100
f 78/78 89/89 87/87
f 53/53 123/123 99/99
f 99/99 119/119 83/83
f 116/116 1/1 17/17
f 2/2 107/107 1/1
f 12/12 33/33 14/14
f 56/56 18/18 54/54
f 9/9 123/123 61/61
f 18/18 53/53 39/39
f 128/128 65/65 67/67
f 83/83 34/34 120/120
f 20/20 117/117 101/101
f 19/19 120/120 53/53
f 68/68 80/80 85/85
f 99/99 125/125 63/63
f 21/21 19/19 17/17
f 67/67 3/3 99/99
f 114/114 17/17 30/30
f 71/71 3/3 72/72
f 49/49 57/57 111/111
f 126/126 18/18 12/12
f 90/90 126/126 1/1
f 34/34 70/70 29/29
f 126/126 114/114 18/18
f 5/5 53/53 110/110
f 5/5 58/58 47/47
f 78/78 87/87 5/5
f 3/3 74/74 86/86
f 2/2 33/33 5/5
f 127/127 1/1 4/4
f 5/5 128/128 127/127
f 4/4 1/1 1/1
f 4/4 28/28 53/53
f 67/67 9/9 4/4
f 58/58 68/68 113/113
f 89/89 41/41 7/7
f 1/1 70/70 101/101
f 88/88 110/110 90/90
f 2/2 23/23 34/34
f 7/7 61/61 112/112
f 65/65 111/111 69/69
f 35/35 15/15 77/77
f 24/24 49/49 110/110
f 79/79 1/1 2/2
f 6/6 67/67 2/2
f 103/103 62/62 43/43
f 77/77 39/39 41/41
f 85/85 91/91 85/85
f 7/7 44/44 41/41
f 12/12 122/122 53/53
f 42/42 104/104 44/44
f 75/75 109/109 106/106
f 29/29 54/54 14/14
f 39/39 59/59 102/102
f 120/120 57/57 61/61
f 49/49 118/118 23/23
f 49/49 1/1 1/1
f 126/126 102/102 53/53
f 124/124 77/77 116/116
f 95/95 33/33 4/4
f 53/53 50/50 110/110
f 33/33 29/29 95/95
f 67/67 70/70 9/9
f 3/3 60/60 80/80
f 113/113 53/53 101/101
f 69/69 27/27 1/1
f 27/27 2/2 1/1
f 20/20 103/103 126/126
f 81/81 32/32 67/67
f 19/19 124/124 34/34
f 79/79 54/54 69/69
f 8/8 27/27 58/58
f 81/81 32/32 34/34
f 82/82 124/124 17/17
f 81/81 30/30 99/99
f 34/34 124/124 50/50
f 81/81 30/30 20/20
f 67/67 124/124 66/66
f 81/81 30/30 67/67
f 18/18 124/124 49/49
f 81/81 30/30 49/49
f 114/114 124/124 33/33
f 37/37 111/111 118/118
f 101/101 127/127 37/37
f 46/46 56/56 21/21
f 112/112 125/125 97/97
f 9/9 21/21 116/116
f 35/35 86/86 87/87
f 92/92 15/15 122/122
f 91/91 82/82 39/39
f 72/72 22/22 6/6
f 52/52 11/11 99/99
f 29/29 74/74 84/84
f 92/92 5/5 6/6
f 53/53 107/107 44/44
f 72/72 114/114 107/107
f 51/51 4/4 63/63
f 30/30 5/5 1/1
f 92/92 5/5 7/7
f 4/4 50/50 49/49
f 49/49 1/1 1/1
f 13/13 33/33 4/4
f 17/17 77/77 89/89
f 101/101 1/1 43/43
f 5/5 66/66 37/37
f 7/7 122/122 30/30
f 4/4 27/27 14/14
f 37/37 21/21 92/92
f 49/49 1/1 1/1
f 53/53 102/102 17/17
f 25/25 3/3 1/1
f 8/8 65/65 17/17
f 91/91 3/3 46/46
f 40/40 109/109 37/37
f 124/124 73/73 68/68
f 42/42 10/10 103/103
f 65/65 120/120 17/17
f 99/99 94/94 51/51
f 116/116 4/4 20/20
f 1/1 1/1 1/1
f 35/35 23/23 99/99
f 7/7 62/62 99/99
f 119/119 77/77 85/85
f 7/7 62/62 91/91
f 115/115 73/73 81/81
f 7/7 66/66 75/75
f 103/103 71/71 71/71
f 7/7 70/70 43/43
f 7/7 74/74 27/27
f 7/7 73/73 9/9
f 2/2 9/9 125/125
f 104/104 111/111 75/75
f 112/112 2/2 31/31
f 9/9 9/9 28/28
f 120/120 6/6 27/27
f 49/49 104/104 17/17
f 81/81 18/18 65/65
f 49/49 124/124 65/65
f 73/73 21/21 88/88
f 27/27 81/81 67/67
f 86/86 75/75 72/72
f 52/52 57/57 99/99
f 73/73 67/67 26/26
f 121/121 77/77 18/18
f 26/26 95/95 54/54
f 27/27 15/15 97/97
f 11/11 93/93 114/114
f 27/27 118/118 21/21
f 108/108 106/106 85/85
f 22/22 58/58 107/107
f 114/114 83/83 1/1
f 42/42 53/53 33/33
f 63/63 84/84 37/37
f 24/24 47/47 1/1
f 3/3 88/88 6/6
f 101/101 97/97 111/111
f 15/15 6/6 109/109
f 30/30 109/109 31/31
f 7/7 28/28 88/88
f 33/33 21/21 26/26
f 5/5 68/68 101/101
f 4/4 48/48 70/70
f 105/105 65/65 17/17
f 16/16 85/85 63/63
f 113/113 102/102 7/7
f 5/5 70/70 97/97
f 76/76 112/112 2/2
f 2/2 13/13 115/115
f 101/101 71/71 102/102
f 121/121 31/31 69/69
f 37/37 33/33 17/17
f 85/85 24/24 9/9
f 45/45 71/71 7/7
f 107/107 109/109 10/10
f 68/68 89/89 108/108
f 115/115 123/123 51/51
f 53/53 127/127 84/84
f 1/1 5/5 1/1
f 1/1 5/5 1/1
f 36/36 115/115 68/68
f 100/100 128/128 100/100
f 114/114 23/23 96/96
f 71/71 71/71 9/9
f 101/101 99/99 41/41
f 92/92 17/17 120/120
f 106/106 39/39 17/17
f 8/8 27/27 29/29
f 4/4 97/97 102/102
f 94/94 29/29 17/17
f 61/61 59/59 113/113
f 37/37 113/113 5/5
f 1/1 115/115 97/97
f 115/115 81/81 49/49
f 9/9 55/55 81/81
f 27/27 1/1 1/1
f 9/9 45/45 68/68
f 122/122 47/47 5/5
f 24/24 8/8 3/3
f 57/57 97/97 38/38
f 61/61 83/83 67/67
f 125/125 104/104 9/9
f 112/112 114/114 17/17
f 128/128 119/119 53/53
f 93/93 32/32 85/85
f 60/60 33/33 79/79
f 1/1 2/2 43/43
f 27/27 116/116 55/55
f 105/105 68/68 45/45
f 41/41 73/73 26/26
f 27/27 87/87 15/15
f 37/37 82/82 75/75
f 27/27 19/19 88/88
f 54/54 45/45 66/66
f 17/17 1/1 1/1
f 3/3 126/126 69/69
f 20/20 128/128 68/68
f 69/69 109/109 47/47
f 85/85 13/13 24/24
f 56/56 48/48 1/1
f 84/84 69/69 36/36
f 20/20 119/119 116/116
f 127/127 85/85 2/2
f 91/91 81/81 1/1
f 84/84 5/5 12/12
f 117/117 27/27 115/115
f 100/100 6/6 65/65
f 125/125 1/1 1/1
f 33/33 7/7 127/127
f 100/100 1/1 95/95
f 20/20 126/126 98/98
f 65/65 119/119 49/49
f 2/2 4/4 110/110
f 112/112 9/9 63/63
f 90/90 80/80 44/44
f 77/77 30/30 39/39
f 58/58 30/30 7/7
f 8/8 68/68 122/122
f 58/58 30/30 40/40
f 87/87 73/73 91/91
f 106/106 94/94 103/103
f 22/22 9/9 99/99
f 122/122 94/94 102/102
f 86/86 72/72 19/19
f 85/85 52/52 13/13
f 60/60 108/108 6/6
f 3/3 126/126 69/69
f 20/20 128/128 68/68
f 17/17 1/1 1/1
f 3/3 126/126 69/69
f 20/20 128/128 68/68
f 33/33 9/9 65/65
f 1/1 3/3 12/12
f 93/93 69/69 84/84
f 39/39 60/60 9/9
f 107/107 41/41 51/51
f 68/68 39/39 119/119
f 74/74 90/90 14/14
f 68/68 39/39 119/119
f 67/67 77/77 25/25
f 120/120 51/51 76/76
f 125/125 92/92 49/49
f 111/111 47/47 15/15
f 128/128 127/127 1/1
f 128/128 123/123 1/1
f 128/128 68/68 1/1
f 1/1 51/51 85/85
f 98/98 28/28 21/21
f 65/65 115/115 86/86
f 100/100 78/78 68/68
f 73/73 109/109 121/121
f 8/8 33/33 17/17
f 107/107 97/97 10/10
f 98/98 24/24 6/6
f 78/78 46/46 101/101
f 39/39 83/83 32/32
f 10/10 85/85 2/2
f 40/40 111/111 108/108
f 42/42 15/15 120/120
f 13/13 22/22 7/7
f 102/102 29/29 64/64
f 120/120 61/61 79/79
f 7/7 20/20 79/79
f 81/81 1/1 4/4
f 30/30 13/13 73/73
f 74/74 20/20 17/17
f 17/17 65/65 65/65
f 79/79 19/19 80/80
f 15/15 49/49 79/79
f 84/84 10/10 38/38
f 46/46 101/101 54/54
f 65/65 1/1 34/34
f 127/127 105/105 124/124
f 98/98 90/90 4/4
f 100/100 2/2 1/1
f 36/36 97/97 1/1
f 65/65 10/10 4/4
f 105/105 1/1 65/65
f 73/73 20/20 85/85
f 37/37 1/1 68/68
f 85/85 29/29 75/75
f 80/80 47/47 106/106
f 14/14 91/91 18/18
f 37/37 112/112 69/69
f 116/116 128/128 18/18
f 35/35 13/13 48/48
f 74/74 85/85 15/15
f 70/70 76/76 40/40
f 17/17 1/1 1/1
f 3/3 126/126 69/69
f 100/100 2/2 52/52
f 86/86 9/9 94/94
f 113/113 26/26 66/66
f 102/102 83/83 55/55
f 25/25 55/55 75/75
f 65/65 2/2 111/111
f 119/119 25/25 49/49
f 123/123 21/21 1/1
f 65/65 2/2 111/111
f 43/43 8/8 63/63
f 37/37 60/60 113/113
f 102/102 84/84 17/17
f 4/4 60/60 75/75
f 86/86 9/9 94/94
f 113/113 26/26 66/66
f 49/49 30/30 4/4
f 29/29 4/4 91/91
f 98/98 17/17 114/114
f 45/45 67/67 5/5
f 94/94 80/80 48/48
f 99/99 36/36 97/97
f 88/88 19/19 15/15
f 50/50 17/17 127/127
f 120/120 47/47 87/87
f 126/126 56/56 67/67
f 77/77 22/22 1/1
f 96/96 97/97 124/124
f 5/5 81/81 85/85
f 70/70 50/50 14/14
f 43/43 106/106 22/22
f 1/1 5/5 1/1
f 1/1 5/5 1/1
f 79/79 2/2 42/42
f 25/25 34/34 82/82
f 112/112 33/33 1/1
f 79/79 80/80 9/9
f 112/112 117/117 94/94
f 86/86 21/21 8/8
f 34/34 87/87 47/47
f 87/87 126/126 52/52
f 55/55 34/34 81/81
f 92/92 49/49 25/25
f 114/114 5/5 79/79
f 47/47 1/1 2/2
f 122/122 3/3 35/35
f 4/4 10/10 7/7
f 98/98 106/106 23/23
f 81/81 84/84 123/123
f 51/51 106/106 100/100
f 103/103 45/45 116/116
f 10/10 88/88 8/8
f 99/99 122/122 68/68
f 57/57 53/53 119/119
f 2/2 112/112 51/51
f 8/8 77/77 2/2
f 37/37 88/88 121/121
f 100/100 89/89 65/65
f 59/59 109/109 125/125
f 110/110 122/122 3/3
f 21/21 116/116 4/4
f 118/118 2/2 33/33
f 28/28 114/114 48/48
f 1/1 60/60 5/5
f 111/111 114/114 36/36
f 110/110 79/79 25/25
f 108/108 97/97 35/35
f 92/92 49/49 4/4
f 1/1 10/10 81/81
f 25/25 40/40 1/1
f 2/2 56/56 78/78
f 118/118 13/13 81/81
f 81/81 7/7 2/2
f 4/4 34/34 29/29
f 65/65 10/10 12/12
f 63/63 97/97 1/1
f 114/114 66/66 75/75
f 15/15 97/97 33/33
f 50/50 25/25 8/8
f 116/116 4/4 20/20
f 1/1 1/1 1/1
f 47/47 109/109 41/41
f 50/50 32/32 65/65
f 7/7 66/66 67/67
f 19/19 26/26 21/21
f 28/28 123/123 43/43
f 15/15 89/89 31/31
f 75/75 50/50 65/65
f 72/72 20/20 21/21
f 16/16 71/71 29/29
f 33/33 76/76 108/108
f 119/119 56/56 23/23
f 59/59 108/108 41/41
f 113/113 1/1 1/1
f 1/1 121/121 97/97
f 12/12 61/61 42/42
f 1/1 9/9 109/109
f 41/41 111/111 47/47
f 59/59 123/123 8/8
f 17/17 32/32 53/53
f 66/66 15/15 47/47
f 97/97 41/41 46/46
f 76/76 35/35 104/104
f 121/121 21/21 30/30
f 125/125 74/74 110/110
f 67/67 14/14 66/66
f 102/102 21/21 26/26
f 4/4 59/59 68/68
f 4/4 128/128 68/68
f 2/2 79/79 105/105
f 42/42 107/107 104/104
f 1/1 24/24 128/128
f 52/52 86/86 44/44
f 25/25 4/4 17/17
f 105/105 29/29 86/86
f 107/107 15/15 114/114
f 11/11 49/49 23/23
f 83/83 3/3 33/33
f 81/81 97/97 22/22
f 29/29 61/61 27/27
f 22/22 77/77 7/7
f 51/51 84/84 99/99
f 127/127 72/72 89/89
f 89/89 16/16 15/15
f 102/102 1/1 73/73
f 33/33 1/1 88/88
f 97/97 17/17 88/88
f 33/33 17/17 87/87
f 77/77 118/118 97/97
f 97/97 33/33 87/87
f 73/73 115/115 98/98
f 97/97 17/17 71/71
f 63/63 111/111 99/99
f 97/97 113/113 39/39
f 81/81 128/128 113/113
f 33/33 2/2 1/1
f 38/38 96/96 66/66
f 88/88 95/95 35/35
f 9/9 37/37 121/121
f 71/71 32/32 1/1
f 113/113 39/39 57/57
f 80/80 64/64 33/33
f 120/120 52/52 118/118
f 34/34 42/42 104/104
f 42/42 110/110 34/34
f 53/53 77/77 108/108
f 2/2 40/40 50/50
f 78/78 88/88 63/63
f 66/66 7/7 41/41
f 3/3 5/5 75/75
f 68/68 126/126 5/5
f 1/1 12/12 44/44
f 31/31 1/1 2/2
f 69/69 1/1 1/1
f 34/34 8/8 9/9
f 109/109 54/54 6/6
f 18/18 106/106 25/25
f 115/115 120/120 6/6
f 45/45 32/32 38/38
f 5/5 126/126 52/52
f 113/113 128/128 83/83
f 31/31 20/20 70/70
f 111/111 47/47 35/35
f 23/23 97/97 121/121
f 26/26 113/113 67/67
f 33/33 1/1 17/17
f 70/70 20/20 88/88
f 97/97 62/62 31/31
f 51/51 15/15 76/76
f 69/69 55/55 110/110
f 8/8 89/89 33/33
f 69/69 77/77 111/111
f 63/63 109/109 5/5
f 70/70 35/35 110/110
f 78/78 41/41 11/11
f 100/100 5/5 19/19
f 51/51 10/10 84/84
f 17/17 125/125 51/51
f 2/2 19/19 22/22
f 35/35 74/74 17/17
f 1/1 1/1 12/12
f 116/116 3/3 21/21
f 9/9 21/21 74/74
f 2/2 89/89 24/24
f 4/4 49/49 3/3
f 13/13 76/76 76/76
f 1/1 128/128 125/125
f 80/80 1/1 13/13
f 114/114 5/5 67/67
f 104/104 12/12 2/2
f 29/29 56/56 7/7
f 104/104 108/108 65/65
f 3/3 53/53 1/1
f 111/111 65/65 19/19
f 87/87 53/53 101/101
f 73/73 75/75 51/51
f 3/3 121/121 100/100
f 69/69 128/128 113/113
f 33/33 125/125 33/33
f 35/35 121/121 113/113
f 38/38 74/74 1/1
f 4/4 121/121 100/100
f 69/69 128/128 113/113
f 74/74 33/33 1/1
f 88/88 86/86 75/75
f 87/87 49/49 117/117
f 81/81 3/3 17/17
f 83/83 119/119 100/100
f 33/33 124/124 65/65
f 17/17 1/1 1/1
f 39/39 82/82 13/13
f 123/123 105/105 30/30
f 51/51 58/58 88/88
f 76/76 38/38 68/68
f 4/4 43/43 110/110
f 105/105 83/83 85/85
f 80/80 54/54 13/13
f 89/89 30/30 70/70
f 26/26 97/97 3/3
f 13/13 1/1 34/34
f 3/3 33/33 67/67
f 81/81 125/125 77/77
f 73/73 53/53 17/17
f 32/32 112/112 44/44
f 8/8 40/40 36/36
f 21/21 31/31 82/82
f 115/115 114/114 27/27
f 109/109 50/50 96/96
f 121/121 59/59 24/24
f 93/93 91/91 46/46
f 53/53 127/127 50/50
f 103/103 40/40 108/108
f 73/73 41/41 26/26
f 97/97 41/41 22/22
f 109/109 41/41 18/18
f 69/69 37/37 2/2
f 100/100 69/69 105/105
f 65/65 37/37 2/2
f 3/3 68/68 97/97
f 45/45 37/37 4/4
f 67/67 2/2 89/89
f 21/21 37/37 8/8
f 2/2 65/65 81/81
f 41/41 75/75 35/35
f 89/89 27/27 103/103
f 48/48 73/73 5/5
f 125/125 23/23 87/87
f 8/8 38/38 105/105
f 17/17 68/68 33/33
f 116/116 115/115 2/2
f 36/36 85/85 70/70
f 99/99 117/117 101/101
f 86/86 33/33 125/125
f 2/2 83/83 11/11
f 75/75 6/6 97/97
f 2/2 87/87 12/12
f 67/67 8/8 17/17
f 2/2 89/89 11/11
f 99/99 21/21 18/18
f 11/11 16/16 43/43
f 41/41 1/1 60/60
f 31/31 1/1 102/102
f 88/88 70/70 4/4
f 112/112 127/127 58/58
f 107/107 87/87 57/57
f 3/3 11/11 25/25
f 109/109 23/23 112/112
f 43/43 30/30 22/22
f 109/109 53/53 122/122
f 43/43 16/16 103/103
f 2/2 117/117 4/4
f 12/12 1/1 97/97
f 11/11 19/19 69/69
f 125/125 107/107 106/106
f 5/5 78/78 1/1
f 107/107 51/51 20/20
f 12/12 5/5 2/2
f 31/31 29/29 25/25
f 55/55 13/13 65/65
f 29/29 56/56 31/31
f 31/31 29/29 25/25
f 43/43 19/19 98/98
f 124/124 85/85 33/33
f 88/88 18/18 12/12
f 1/1 1/1 31/31
f 16/16 5/5 1/1
f 1/1 64/64 67/67
f 1/1 1/1 116/116
f 68/68 65/65 1/1
f 56/56 37/37 50/50
f 14/14 55/55 72/72
f 61/61 10/10 124/124
f 37/37 122/122 128/128
f 11/11 46/46 73/73
f 35/35 42/42 83/83
f 73/73 107/107 90/90
f 81/81 1/1 1/1
f 121/121 61/61 72/72
f 103/103 51/51 33/33
f 68/68 3/3 123/123
f 35/35 7/7 33/33
f 16/16 118/118 82/82
f 21/21 34/34 5/5
f 88/88 112/112 124/124
f 123/123 85/85 51/51
f 49/49 117/117 42/42
f 87/87 85/85 80/80
f 33/33 116/116 65/65
f 41/41 27/27 81/81
f 2/2 8/8 84/84
f 77/77 82/82 1/1
f 43/43 17/17 19/19
f 1/1 6/6 95/95
f 55/55 25/25 1/1
f 100/100 11/11 67/67
f 47/47 1/1 2/2
f 57/57 74/74 11/11
f 71/71 47/47 112/112
f 55/55 24/24 15/15
f 71/71 13/13 48/48
f 77/77 33/33 112/112
f 100/100 79/79 63/63
f 25/25 49/49 71/71
f 69/69 110/110 12/12
f 31/31 62/62 19/19
f 119/119 99/99 124/124
f 61/61 29/29 1/1
f 48/48 23/23 52/52
f 34/34 126/126 34/34
f 113/113 126/126 17/17
f 34/34 47/47 103/103
f 44/44 6/6 5/5
f 113/113 126/126 17/17
f 46/46 59/59 112/112
f 37/37 105/105 85/85
f 71/71 47/47 112/112
f 55/55 24/24 15/15
f 71/71 13/13 48/48
f 77/77 33/33 112/112
f 100/100 79/79 63/63
f 25/25 49/49 71/71
f 51/51 126/126 35/35
f 75/75 67/67 61/61
f 117/117 14/14 43/43
f 85/85 65/65 13/13
f 74/74 35/35 77/77
f 74/74 41/41 107/107
f 98/98 22/22 35/35
f 35/35 13/13 88/88
f 74/74 37/37 43/43
f 119/119 33/33 113/113
f 74/74 37/37 75/75
f 113/113 44/44 67/67
f 16/16 3/3 5/5
f 95/95 105/105 7/7
f 33/33 33/33 25/25
f 66/66 24/24 121/121
f 122/122 88/88 22/22
f 2/2 25/25 87/87
f 4/4 76/76 75/75
f 76/76 75/75 93/93
f 4/4 89/89 53/53
f 80/80 81/81 37/37
f 3/3 110/110 25/25
f 103/103 9/9 63/63
f 76/76 75/75 13/13
f 3/3 43/43 61/61
f 76/76 76/76 69/69
f 2/2 73/73 47/47
f 35/35 101/101 65/65
f 71/71 11/11 35/35
f 35/35 105/105 65/65
f 72/72 123/123 14/14
f 106/106 61/61 8/8
f 68/68 32/32 17/17
f 67/67 57/57 1/1
f 69/69 13/13 22/22
f 42/42 7/7 101/101
f 5/5 11/11 97/97
f 9/9 57/57 96/96
f 5/5 1/1 102/102
f 33/33 37/37 90/90
f 68/68 23/23 94/94
f 66/66 41/41 38/38
f 4/4 121/121 117/117
f 99/99 33/33 35/35
f 49/49 63/63 27/27
f 76/76 119/119 17/17
f 117/117 63/63 27/27
f 49/49 5/5 15/15
f 65/65 1/1 1/1
f 1/1 114/114 1/1
f 83/83 82/82 38/38
f 93/93 1/1 75/75
f 89/89 123/123 25/25
f 10/10 49/49 5/5
f 65/65 18/18 102/102
f 102/102 77/77 33/33
f 99/99 77/77 82/82
f 58/58 47/47 46/46
f 10/10 90/90 20/20
f 50/50 6/6 21/21
f 29/29 39/39 69/69
f 15/15 25/25 11/11
f 61/61 49/49 62/62
f 2/2 57/57 65/65
f 11/11 65/65 24/24
f 40/40 121/121 60/60
f 101/101 128/128 113/113
f 100/100 118/118 53/53
f 55/55 33/33 61/61
f 2/2 94/94 66/66
f 10/10 85/85 57/57
f 28/28 22/22 71/71
f 31/31 80/80 72/72
f 33/33 1/1 8/8
f 26/26 52/52 7/7
f 80/80 37/37 83/83
f 5/5 38/38 18/18
f 53/53 89/89 10/10
f 85/85 122/122 111/111
f 60/60 120/120 113/113
f 23/23 11/11 78/78
f 65/65 22/22 114/114
f 58/58 43/43 29/29
f 21/21 34/34 41/41
f 72/72 69/69 9/9
f 45/45 102/102 26/26
f 8/8 26/26 29/29
f 52/52 91/91 73/73
f 9/9 59/59 17/17
f 65/65 1/1 8/8
f 119/119 113/113 13/13
f 92/92 88/88 7/7
f 46/46 1/1 92/92
f 104/104 69/69 103/103
f 117/117 19/19 7/7
f 117/117 32/32 8/8
f 40/40 74/74 100/100
f 1/1 65/65 33/33
f 53/53 103/103 87/87
f 14/14 15/15 109/109
f 36/36 38/38 127/127
f 117/117 123/123 37/37
f 1/1 1/1 1/1
f 123/123 108/108 9/9
f 48/48 12/12 106/106
f 75/75 96/96 113/113
f 39/39 40/40 98/98
f 110/110 21/21 46/46
f 3/3 91/91 77/77
f 63/63 57/57 93/93
f 71/71 68/68 77/77
f 111/111 89/89 2/2
f 78/78 66/66 89/89
f 49/49 115/115 86/86
f 46/46 26/26 33/33
f 113/113 3/3 101/101
f 37/37 105/105 85/85
f 51/51 82/82 115/115
f 23/23 34/34 57/57
f 98/98 1/1 1/1
f 1/1 113/113 84/84
f 97/97 5/5 39/39
f 46/46 99/99 16/16
f 33/33 1/1 25/25
f 119/119 33/33 1/1
f 67/67 13/13 66/66
f 82/82 124/124 33/33
f 2/2 128/128 83/83
f 117/117 120/120 53/53
f 85/85 127/127 68/68
f 119/119 34/34 61/61
f 73/73 14/14 45/45
f 69/69 110/110 73/73
f 69/69 39/39 11/11
f 99/99 82/82 115/115
f 104/104 111/111 106/106
f 8/8 81/81 122/122
f 17/17 65/65 35/35
f 84/84 128/128 117/117
f 35/35 114/114 37/37
f 21/21 70/70 79/79
f 65/65 75/75 93/93
f 14/14 21/21 56/56
f 59/59 91/91 101/101
f 14/14 61/61 88/88
f 53/53 105/105 110/110
f 22/22 94/94 8/8
f 49/49 115/115 118/118
f 30/30 78/78 8/8
f 47/47 121/121 118/118
f 38/38 78/78 16/16
f 47/47 125/125 118/118
f 42/42 78/78 39/39
f 48/48 1/1 118/118
f 50/50 78/78 71/71
f 48/48 3/3 118/118
f 58/58 78/78 95/95
f 51/51 102/102 41/41
f 43/43 11/11 122/122
f 11/11 1/1 89/89
f 54/54 97/97 98/98
f 11/11 7/7 73/73
f 50/50 105/105 98/98
f 89/89 38/38 48/48
f 43/43 26/26 7/7
f 29/29 42/42 109/109
f 69/69 128/128 19/19
f 4/4 53/53 53/53
f 33/33 81/81 97/97
f 60/60 65/65 81/81
f 78/78 53/53 115/115
f 19/19 125/125 103/103
f 83/83 1/1 97/97
f 68/68 4/4 4/4
f 49/49 128/128 1/1
f 1/1 1/1 1/1
f 49/49 117/117 65/65
f 112/112 75/75 26/26
f 51/51 4/4 3/3
f 49/49 128/128 1/1
f 1/1 1/1 1/1
f 99/99 4/4 19/19
f 49/49 128/128 1/1
f 18/18 99/99 25/25
f 4/4 12/12 112/112
f 37/37 29/29 114/114
f 8/8 66/66 1/1
f 92/92 45/45 73/73
f 84/84 128/128 114/114
f 66/66 106/106 97/97
f 14/14 47/47 120/120
f 65/65 1/1 3/3
f 110/110 80/80 32/32
f 69/69 119/119 55/55
f 5/5 6/6 121/121
f 65/65 1/1 1/1
f 113/113 8/8 17/17
f 97/97 123/123 33/33
f 29/29 17/17 48/48
f 69/69 121/121 41/41
f 89/89 1/1 3/3
f 113/113 8/8 17/17
f 97/97 123/123 33/33
f 88/88 40/40 121/121
f 63/63 30/30 39/39
f 99/99 124/124 112/112
f 117/117 49/49 32/32
f 109/109 83/83 73/73
f 103/103 108/108 51/51
f 30/30 77/77 40/40
f 6/6 18/18 2/2
f 21/21 36/36 39/39
f 60/60 36/36 86/86
f 36/36 116/116 107/107
f 4/4 97/97 49/49
f 13/13 80/80 41/41
f 17/17 33/33 1/1
f 115/115 4/4 84/84
f 76/76 32/32 55/55
f 22/22 26/26 96/96
f 99/99 25/25 29/29
f 43/43 82/82 65/65
f 65/65 51/51 67/67
f 50/50 81/81 73/73
f 119/119 57/57 28/28
f 50/50 81/81 73/73
f 119/119 57/57 28/28
f 50/50 81/81 73/73
f 119/119 57/57 28/28
f 50/50 81/81 73/73
f 127/127 57/57 29/29
f 51/51 83/83 94/94
f 1/1 1/1 87/87
f 65/65 72/72 1/1
f 76/76 18/18 85/85
f 52/52 1/1 62/62
f 1/1 1/1 75/75
f 51/51 91/91 35/35
f 61/61 16/16 82/82
f 99/99 10/10 41/41
f 88/88 59/59 35/35
f 82/82 90/90 55/55
f 50/50 89/89 85/85
f 65/65 17/17 1/1
f 97/97 8/8 104/104
f 4/4 41/41 77/77
f 122/122 18/18 89/89
f 86/86 29/29 56/56
f 109/109 57/57 98/98
f 111/111 56/56 40/40
f 97/97 8/8 104/104
f 4/4 41/41 77/77
f 50/50 52/52 70/70
f 22/22 52/52 69/69
f 122/122 18/18 89/89
f 86/86 29/29 56/56
f 69/69 117/117 87/87
f 49/49 85/85 55/55
f 7/7 119/119 63/63
f 93/93 73/73 46/46
f 7/7 48/48 60/60
f 98/98 43/43 37/37
f 56/56 26/26 11/11
f 69/69 118/118 84/84
f 56/56 25/25 105/105
f 78/78 81/81 11/11
f 56/56 25/25 43/43
f 126/126 81/81 11/11
f 63/63 45/45 99/99
f 17/17 47/47 52/52
f 64/64 83/83 35/35
f 35/35 86/86 114/114
f 116/116 2/2 84/84
f 6/6 43/43 9/9
f 105/105 92/92 70/70
f 49/49 97/97 67/67
f 6/6 71/71 40/40
f 48/48 56/56 93/93
f 45/45 123/123 36/36
f 4/4 108/108 93/93
f 4/4 1/1 52/52
f 113/113 128/128 65/65
f 101/101 113/113 117/117
f 116/116 4/4 20/20
f 1/1 1/1 1/1
f 9/9 3/3 43/43
f 53/53 1/1 49/49
f 65/65 1/1 8/8
f 118/118 1/1 27/27
f 5/5 1/1 37/37
f 1/1 7/7 16/16
f 38/38 17/17 77/77
f 38/38 17/17 77/77
f 38/38 17/17 78/78
f 38/38 17/17 77/77
f 41/41 39/39 120/120
f 54/54 35/35 17/17
f 68/68 101/101 3/3
f 4/4 12/12 102/102
f 34/34 68/68 108/108
f 109/109 41/41 114/114
f 71/71 87/87 81/81
f 99/99 66/66 6/6
f 19/19 29/29 10/10
f 5/5 34/34 13/13
f 4/4 1/1 1/1
f 43/43 22/22 118/118
f 120/120 113/113 33/33
f 101/101 109/109 21/21
f 25/25 98/98 1/1
f 2/2 12/12 45/45
f 80/80 31/31 65/65
f 53/53 21/21 12/12
f 7/7 32/32 55/55
f 84/84 97/97 30/30
f 125/125 105/105 30/30
f 14/14 8/8 43/43
f 19/19 33/33 91/91
f 23/23 7/7 18/18
f 1/1 1/1 1/1
f 1/1 1/1 1/1
f 1/1 1/1 1/1
f 45/45 81/81 5/5
f 71/71 41/41 126/126
f 126/126 1/1 74/74
f 1/1 1/1 1/1
f 1/1 1/1 1/1
f 1/1 1/1 1/1
f 62/62 126/126 61/61
f 97/97 2/2 1/1
f 4/4 33/33 2/2
f 20/20 1/1 3/3
f 66/66 32/32 33/33
f 4/4 33/33 2/2
f 65/65 1/1 1/1
f 1/1 4/4 33/33
f 65/65 1/1 1/1
f 1/1 4/4 33/33
f 17/17 66/66 66/66
f 7/7 6/6 69/69
f 59/59 3/3 17/17
f 17/17 65/65 33/33
f 65/65 15/15 19/19
f 19/19 121/121 65/65
f 1/1 61/61 3/3
f 107/107 64/64 1/1
f 65/65 1/1 1/1
f 1/1 4/4 33/33
f 67/67 1/1 1/1
f 1/1 1/1 20/20
f 6/6 10/10 11/11
f 37/37 78/78 93/93
f 15/15 106/106 20/20
f 35/35 108/108 74/74
f 6/6 10/10 11/11
f 108/108 100/100 20/20
f 6/6 10/10 11/11
f 117/117 6/6 109/109
f 83/83 49/49 20/20
f 35/35 108/108 66/66
f 6/6 10/10 11/11
f 117/117 6/6 105/105
f 87/87 1/1 64/64
f 83/83 49/49 20/20
f 35/35 107/107 48/48
f 6/6 10/10 11/11
f 48/48 107/107 20/20
f 35/35 105/105 28/28
f 115/115 101/101 110/110
f 66/66 9/9 49/49
f 113/113 5/5 17/17
f 113/113 6/6 33/33
f 12/12 13/13 40/40
f 18/18 24/24 76/76
f 60/60 65/65 65/65
f 68/68 66/66 76/76
f 98/98 48/48 69/69
f 21/21 127/127 68/68
f 116/116 97/97 69/69
f 112/112 17/17 1/1
f 80/80 111/111 41/41
f 1/1 1/1 90/90
f 112/112 26/26 69/69
f 48/48 5/5 34/34
f 33/33 3/3 27/27
f 109/109 41/41 2/2
f 9/9 9/9 44/44
