# Conker's Bad Fur Day — Real 3D Model (Spooky Models)
o assets10_model_069

v -24.3100 27.0600 13.4100
v 33.2800 0.0000 0.0000
v -16.3900 -34.5400 -34.9300
v 0.0000 0.0000 7.6800
v 5.1200 0.0000 0.0000
v -2.7300 -32.6600 19.6300
v 0.0000 0.0000 7.6800
v -21.0000 -10.9100 -0.2500
v -15.3100 0.0000 0.0000
v 30.8400 -1.6100 10.0100
v -6.4200 11.8800 -17.6800
v 7.6800 0.0000 0.0000
v -0.4900 -15.8500 -2.0000
v 20.5400 15.6600 17.7400
v 7.6800 0.0000 0.0000
v 32.8500 31.2600 32.8300
v -39.9000 -5.6600 -0.9700
v 7.6800 0.0000 0.0000
v 5.1200 0.0000 0.0000
v 20.5400 15.6600 17.7400
v 32.4500 31.5000 32.3000
v 20.5400 15.6600 17.7400
v 20.5400 15.6600 17.7400
v 10.2400 0.0000 0.0000
v 0.6600 28.5400 15.6600
v 30.7200 0.0000 0.0000
v 10.2700 7.8300 10.1500
v 20.5400 15.6600 17.7400
v 7.8300 7.8800 -9.4500
v 28.5400 2.5600 0.0000
v 31.9800 30.8200 31.3000
v 9.1500 0.0000 0.0000
v 0.0000 14.9600 0.0000
v 0.0000 15.9200 0.0000
v 0.0000 15.9200 0.0000
v 0.0000 15.9200 0.0000
v 0.0000 15.9200 0.0000
v 0.0000 15.9200 0.0000
v 0.0000 15.9200 0.0000
v 0.0000 15.9200 0.0000
v 0.0000 15.9200 0.0000
v 0.0000 15.9200 0.0000
v 0.0000 15.9200 0.0000
v 0.0000 15.9200 0.0000
v 0.0000 15.9200 0.0000
v 0.0000 15.9200 0.0000
v 0.0000 15.9200 0.0000
v 0.0000 15.9200 0.0000
v 0.0000 15.9200 0.0000
v 0.0000 15.9200 0.0000
v 0.0000 15.9200 0.0000
v 0.0000 15.9200 0.0000
v 0.0000 15.9200 0.0000
v 0.0000 15.9200 0.0000
v 0.0000 15.9200 0.0000
v 0.0000 15.9200 0.0000
v 0.0000 15.9200 0.0000
v 0.0000 15.9200 0.0000
v 0.0000 15.9200 0.0000
v 0.0000 15.9200 0.0000
v 0.0000 15.9200 0.0000
v 0.0000 15.9200 0.0000
v 0.0000 16.8800 0.0000
v 0.0000 16.8800 0.0000
v 0.0000 16.8800 0.0000
v 0.0000 16.8800 0.0000
v 0.0000 16.8800 0.0000
v 0.0000 16.8800 0.0000
v 0.0000 16.8800 0.0000
v 0.0000 16.8800 0.0000
v 0.0000 16.8800 0.0000
v 0.0000 16.8800 0.0000
v 0.0000 16.8800 0.0000
v 0.0000 16.8800 0.0000
v 0.0000 16.8800 0.0000
v 0.0000 16.8800 0.0000
v 0.0000 16.8800 0.0000
v 0.0000 16.8800 0.0000
v 0.0000 16.8800 0.0000
v 0.0000 16.8800 0.0000
v 0.0000 16.8800 0.0000
v 0.0000 16.8800 0.0000
v 0.0000 16.8800 0.0000
v 0.0000 16.8800 0.0000
v 0.0000 16.8800 0.0000
v 0.0000 16.8800 0.0000
v 0.0000 16.8800 0.0000
v 0.0000 16.8800 0.0000
v 0.0000 16.8800 0.0000
v 0.0000 16.8800 0.0000
v 0.0000 16.8800 0.0000
v 0.0000 17.8400 0.0000
v 0.0000 17.8400 0.0000
v 0.0000 17.8400 0.0000
v 0.0000 17.8400 0.0000
v 0.0000 17.8400 0.0000
v 0.0000 17.8400 0.0000
v 0.0000 18.8000 0.0000
v 0.0000 19.7600 0.0000
v 0.0000 19.7600 0.0000
v 0.0000 19.7600 0.0000
v 0.0000 20.7200 0.0000
v 0.0000 20.7200 0.0000
v 0.0000 20.7200 0.0000
v 0.0000 20.7200 0.0000
v 0.0000 21.6800 0.0000
v 0.0000 21.6800 0.0000
v 0.0000 21.6800 0.0000
v 0.0000 22.6400 0.0000
v 0.0000 23.6000 0.0000
v 0.0000 23.6000 0.0000
v 0.0000 25.5200 0.0000
v 0.0000 26.4800 0.0000
v 0.0000 27.4400 0.0000
v 0.0000 27.4400 0.0000
v 0.0000 27.4400 0.0000
v 0.0000 27.4400 0.0000
v 0.0000 27.4400 0.0000
v 0.0000 27.4400 0.0000
v 0.0000 27.4400 0.0000
v 0.0000 27.4400 0.0000
v 0.0000 29.3600 0.0000
v 0.0000 30.3200 0.0000
v 0.0000 31.2800 0.0000
v 0.0000 31.2800 0.0000
v -2.5400 11.3200 -2.5400
v 0.0000 3.5900 -2.5400
v -2.5300 3.7100 0.0000
v -2.5400 13.5500 -2.5300
v 0.0000 3.5900 -2.5300
v 0.0000 0.0000 -2.5400
v -2.5000 8.8200 -2.5000
v 0.0000 8.8700 -2.5000
v -2.5400 11.3200 -2.5400
v 0.0000 3.5900 -2.5400
v -2.5300 3.7100 0.0000
v 0.0000 10.6100 -2.5200
v 0.0000 0.0000 -2.5200
v 0.0000 10.6000 0.0000
v 0.0000 10.6100 -2.5200
v 0.0000 0.0000 -2.5200
v 0.0000 10.6000 0.0000
v -2.5400 11.3200 -2.5400
v 0.0000 3.5900 -2.5400
v -2.5300 3.7100 0.0000
v -2.5400 13.5500 -2.5300
v 0.0000 3.5900 -2.5300
v -2.5000 17.2600 -2.4400
v 0.0000 0.0000 -2.4400
v -2.5000 17.2600 -2.4400
v 0.0000 0.0000 -2.4400
v -2.5200 15.1900 -2.5200
v 0.0000 0.0000 -2.5200
v -2.5200 15.3200 -2.5200
v 0.0000 0.0000 -2.5200
v 0.0000 0.0000 -2.5000
v -2.5000 8.8200 -2.5000
v 0.0000 8.8700 -2.5000
v 0.0000 0.0000 -2.5400
v 12.9000 6.4200 30.7400
v -17.8500 0.0000 0.0000
v -11.3900 -4.7000 -1.6100
v -20.6100 38.4000 0.0000
v -5.1100 0.0000 0.0000
v 11.7200 6.9000 23.1400
v 0.0000 0.8000 -10.2500
v 25.6000 0.0000 0.0000
v 0.0000 0.8000 -10.2500
v 25.6000 0.0000 0.0000
v 0.0000 0.8000 -10.2500
v 25.6000 0.0000 0.0000
v 0.0000 0.8000 -10.2500
v 0.0000 0.8000 -10.2500
v 0.0000 0.8000 -10.2500
v 25.6000 0.0000 0.0000
v 0.0000 0.8000 -10.2500
v 0.0000 0.8000 -10.2500
v 25.6000 0.0000 0.0000
v 5.1200 0.0000 0.0000
v 5.1200 0.0000 0.0000
v 5.1200 0.0000 0.0000
v 5.1200 0.0000 0.0000
v 0.0000 0.2400 0.0000
v 35.3000 10.9900 -13.5100
v -20.3300 0.0000 0.0000
v -2.5600 0.0000 0.0000
v -30.0900 0.0000 0.0000
v -30.7500 -0.1300 -2.4900
v -0.7300 -7.6300 0.0000
v 20.5400 35.9000 22.5600
v -1.0900 -6.7700 9.8000
v -30.0800 36.1100 -30.0800
v -20.4300 0.0000 0.0000
v 2.5600 0.0000 0.0000
v 36.0400 0.2600 -20.5100
v 28.1600 0.0000 0.0000
v 38.4000 0.0000 0.0000
v -7.6100 0.0000 0.0000
v -33.2700 -32.9800 26.8800
v 17.7900 -15.3400 0.0000
v 1.7100 -12.7300 -11.3600
v -2.5700 2.9600 -1.2300
v 33.2800 0.0000 0.0000
v -4.8900 0.0000 0.0000
v 5.1200 0.0000 0.0000
v -21.2700 20.0800 9.8900
v -14.9700 0.0000 0.0000
v -20.4900 38.4300 9.1500
v -21.8300 -7.7400 -36.8100
v 8.3300 -31.0700 25.0100
v 7.6800 0.0000 0.0000
v 8.3000 0.1200 3.7400
v 22.9300 38.4000 0.0000
v -0.2100 -7.5100 -24.3900
v 0.3300 25.0400 15.2900
v 35.0800 35.5600 6.2100
v 2.5600 0.0000 0.0000
v 5.1400 30.8400 5.2400
v 17.9200 0.0000 0.0000
v 2.5600 0.0000 0.0000
v -3.4700 -5.0900 0.0000
v -17.6900 0.0000 0.0000
v -28.7800 13.9700 30.7100
v 2.5600 0.0000 0.0000
v -37.0700 2.4900 -12.4800
v 12.8600 30.2400 -35.0600
v -6.9700 23.5500 -36.4000
v -12.4900 0.0000 0.0000
v 39.3200 22.7200 35.6800
v 14.9400 13.6700 35.4800
v -24.8600 -32.8800 -19.9700
v -15.2000 13.4100 -19.6900
v -26.6400 -11.5700 -15.2700
v -9.0200 21.5700 38.4200
v 3.5200 -20.6200 -13.6300
v 19.7200 7.8200 1.8200
v 6.3800 28.0000 -29.6500
v 30.0400 -15.0500 -16.2200
v 39.4400 2.5000 2.3500
v 17.9200 0.0000 0.0000
v 19.2000 -15.9600 9.3800
v -4.9200 19.3900 -38.2400
v 31.7600 0.2000 2.8200
v 0.0000 6.5600 0.0000
v 0.0000 9.0400 0.0000
v 0.0000 11.1200 0.0000
v 0.0000 13.8400 0.0000
v 0.0000 15.9200 0.0000
v 0.0000 17.9200 0.0000
v 0.0000 20.3200 0.0000
v 0.0000 22.3200 0.0000
v 0.0000 24.3200 0.0000
v 0.0000 25.3600 0.0000
v 0.0000 27.4400 0.0000
v 0.0000 29.3600 0.0000
v 0.0000 31.4400 0.0000
v 0.0000 33.5200 0.0000
v 0.0000 35.6800 0.0000
v 0.0000 37.7600 0.0000
v 0.0000 39.6800 0.0000
v 0.0000 0.1600 0.0000
v 0.1600 5.1200 0.0000
v 1.3300 1.3200 0.0000
v 7.6800 7.7300 0.0000
v 2.5800 0.0000 0.0000
v 0.6200 0.6300 0.6400
v 0.0000 0.1600 0.0000
v 0.0000 38.4000 5.1300
v 0.8700 0.8900 0.9100
v 0.9900 0.8800 0.9600
v 0.0000 0.1600 0.0000
v 0.0000 0.1600 0.0000
v 0.2400 15.3600 0.0000
v -0.6400 0.0000 0.0000
v 1.3800 1.3900 1.4200
v 0.0000 0.1600 0.0000
v 0.0000 0.1600 0.0000
v 0.1000 0.1500 0.2100
v 0.3800 0.3900 0.2600
v 0.3200 0.3300 0.1800
v 0.1900 0.2000 1.9700
v 0.1300 1.9300 1.9400
v 0.0000 0.1600 0.0000
v 2.5600 17.9200 5.1200
v 0.6900 0.7000 0.7100
v 0.0000 0.1600 0.0000
v 0.0000 0.1600 0.0000
v 0.0000 0.1600 0.0000
v 0.0000 10.2400 5.1200
v 1.3400 1.3500 1.3600
v 10.2800 28.2400 0.0000
v -2.5100 2.5600 0.1600
v 0.0400 0.0000 0.0000
v 0.8600 0.8400 0.0000
v 10.2800 10.2400 0.0000
v 0.0000 1.2000 0.0000
v -2.5600 0.0000 0.0100
v 0.0200 0.0000 0.0000
v 0.4600 0.5000 0.5100
v 0.5300 0.5200 0.5800
v 0.0000 2.0000 0.0000
v 0.0400 0.0000 0.0000
v 10.2600 25.6000 0.0000
v 0.0000 2.0000 0.0000
v 0.0400 0.0000 0.0000
v 0.0000 0.1600 0.0000
v -0.6400 0.0000 0.0000
v 0.0000 0.1600 0.0000
v 0.1600 5.1200 5.1300
v 0.6700 0.6800 0.0000
v 7.6800 0.0600 0.0000
v 0.0000 1.7000 0.0000
v -2.5100 2.5600 0.0000
v 0.0500 0.0000 0.0000
v 0.0000 0.1600 0.0000
v 0.1000 7.6800 0.0000
v 0.0700 0.0000 0.0000
v 1.5900 1.5800 1.6000
v 5.1600 30.8100 0.0000
v 7.7200 0.0000 0.0000
v 0.0000 0.0300 0.0000
v 0.0000 0.1600 0.0000
v 0.0000 0.1600 0.0000
v 0.0000 0.1600 0.0000
v 0.0000 5.1200 5.1200
v 0.8000 0.7700 0.0000
v 7.6800 33.4600 0.0000
v 0.0000 3.0100 0.0000
v 0.0000 0.1600 0.0000
v 0.0000 10.2400 0.0000
v 0.3400 1.2700 1.2800
v 7.6800 35.9400 0.0000
v 0.0400 0.0000 0.0000
v 0.0000 0.1600 0.0000
v 0.3200 7.6800 0.0000
v -8.3200 0.0000 0.0000
v 1.6300 1.4200 1.4300
v 0.0000 3.0000 0.0000
v 0.0400 0.0000 0.0000
v 1.5100 0.0000 0.0000
v 0.0400 0.0000 0.0000
v 0.0000 0.1600 0.0000
v 0.3200 2.5600 0.0000
v -8.3200 0.0000 0.0000
v 1.4400 0.0000 0.0000
v 0.0000 0.6000 0.0000
v 0.0000 2.0000 0.0000
v 0.0200 0.0000 0.0000
v 0.0000 0.1600 0.0000
v 0.0000 2.5600 0.0000
v 2.0200 0.0000 0.0000
v 0.0400 0.0000 0.0000
v 0.0000 0.1600 0.0000
v 0.0000 2.5600 0.0000
v 1.8400 0.0000 0.0000
v 0.0400 0.0000 0.0000
v 0.0000 0.0400 0.0000
v 0.0000 0.1600 0.0000
v 0.0000 5.1200 0.0000
v 0.4300 0.4400 0.0000
v 7.6800 0.0000 0.0000
v 0.0400 0.0000 0.0000
v 0.0000 0.1600 0.0000
v 0.0000 30.7200 0.0000
v 0.0000 0.0400 0.0500
v 0.0300 0.0900 1.9200
v 0.0400 0.0000 0.0000
v 0.0000 0.1600 0.0000
v 0.0000 12.8000 0.0000
v 1.1700 1.1800 1.1900
v 0.0000 0.1600 0.0000
v 0.0000 2.5600 0.0000
v -0.1600 0.0000 0.0000
v 1.8600 0.0000 0.0000
v 7.6800 0.0000 0.0000
v 0.0000 0.1600 0.0000
v 0.1600 5.1200 0.0000
v -8.3200 0.0000 0.0000
v 1.6400 1.6500 0.0000
v 0.0400 0.0000 0.0000
v 0.0000 0.1600 0.0000
v 0.0000 15.3600 0.0000
v 1.0700 1.0800 1.0900
v 0.0000 0.1600 0.0000
v 0.0000 5.1200 0.0000
v 1.3000 1.3100 0.0000
v 0.0000 0.0200 0.0000
v 0.0000 0.1600 0.0000
v 0.0000 2.5600 0.0000
v -0.6400 0.0000 0.0000
v 1.8900 0.0000 0.0000
v 0.0400 0.0000 0.0000
v 1.9600 0.0000 0.0000
v 7.6800 0.0000 0.0000
v 0.0000 0.1600 0.0000
v 0.0000 5.1200 0.0000
v 0.0000 0.8400 0.0000
v 1.2600 1.1600 0.0000
v 0.0000 0.1600 0.0000
v 0.0000 10.2400 0.0000
v 1.9500 1.7600 1.7500
v 0.0500 0.0000 0.0000
v 0.0000 0.1600 0.0000
v 0.0000 12.8000 0.0000
v 0.1600 0.0000 0.0000
v 0.4200 0.1800 0.3000
v 0.0000 0.1600 0.0000
v 0.0000 12.8000 0.0000
v 1.6900 1.7000 1.7100
v 0.0000 0.1600 0.0000
v 0.0000 5.1200 0.0000
v 20.4800 0.0000 0.0000
v 1.6800 1.7300 0.0000
v 5.1200 0.0000 0.0000
v 0.0400 0.0000 0.0000
v 0.0000 0.1600 0.0000
v 0.0000 10.2400 0.0000
v 1.8000 1.8100 1.8200
v 10.2800 0.0000 0.0000
v 0.0000 0.1600 0.0000
v 0.0000 5.1200 0.0000
v 1.0100 0.9800 0.0000
v 10.2800 0.0000 0.0000
v 0.0100 2.5600 0.0000
v 1.0500 0.9800 0.0000
v 0.0700 3.1200 0.0100
v 0.1700 24.4000 0.0100
v 0.3800 29.6000 0.0000
v 0.3900 16.4000 0.0100
v 0.4600 36.1600 0.0000
v 0.4900 -30.8800 0.0000
v 0.5200 25.3600 0.0000
v 0.5200 -12.3200 0.0000
v 0.5500 23.6800 0.0000
v 0.6700 0.7200 0.0000
v 0.7100 -12.1600 0.0000
v 0.8200 26.2400 0.0000
v 0.9000 -26.9600 0.0000
v 1.1000 1.5200 0.0000
v 1.1900 -13.9200 0.0000
v 1.2300 10.2400 0.0000
v 1.3200 -39.2800 0.0100
v 1.4000 27.1200 0.0100
v 1.4900 27.4400 0.0100
v 1.6900 9.3600 0.0300
v 1.7500 -0.7200 0.0000
v 2.7100 3.8400 0.0100
v 2.9300 25.0400 0.0000
v 3.1800 -3.1200 0.0000
v 3.2200 -38.8000 0.0000
v 3.2300 -29.8400 0.0100
v 3.2600 -4.5600 0.0200
v 3.3900 20.8000 0.0000
v 3.4500 25.4400 0.0200
v 3.5900 7.3600 0.0000
v -7.9300 -33.2900 -32.7800
v -30.7300 24.0400 23.6600
v 11.1200 0.0000 0.0000
v 6.0000 0.0000 0.0000
v 2.5500 -0.0100 -0.1300
v -0.0100 -0.0100 -0.0100
v 22.3900 -15.8900 -7.8400
v -26.2500 -0.0100 -0.0100
v 12.1600 -0.0300 3.5200
v -0.0100 -0.0100 -0.0400
v 0.0000 0.0000 2.5500
v 30.8000 0.0000 0.0000
v 0.0000 0.0000 -0.1300
v 6.0000 0.0000 0.0000
v -9.5400 5.3300 -26.8800
v 0.0000 0.0000 1.3400
v -0.0100 -0.0100 -0.0400
v 28.3000 10.2600 0.3200
v 4.7300 -35.5200 28.3300
v -28.8200 -23.2400 -26.8400
v -0.0100 -7.2400 20.4800
v -1.9100 10.8300 -13.4500
v -7.9100 5.1600 31.4900
v -6.2500 -0.0100 -0.8300
v 12.2000 26.0700 -28.0600
v 10.6800 -31.6900 -4.1700
v 15.4400 19.5500 6.4200
v 6.0000 0.0000 0.0000
v 0.0000 6.0000 0.0000
v 0.0000 0.0000 2.5500
v 0.0000 2.5500 -32.7800
v 30.1200 22.2800 -0.9200
v 3.8400 -29.3100 23.7400
v -16.3200 31.8400 3.5100
v -23.7100 15.1700 -6.9500
v -13.2600 -0.0100 -0.0100
v 21.1200 21.9900 -22.7200
v -4.7400 3.1900 -0.0200
v -0.1900 -0.0100 -9.6600
v 0.0000 2.5500 -32.8000
v 0.3200 0.3200 0.3200
v 0.3200 0.3200 0.3200
v 0.3200 0.3200 0.3200
v 0.3200 0.3200 0.3200
v 0.3200 0.3200 0.3200
v 0.3200 0.3200 0.3200
v 0.3200 0.3200 0.3200
v -1.2200 5.9500 -0.1100
v -31.6300 -37.4000 26.4800
v -19.2500 15.7700 -14.7400
v -1.8900 -0.0100 -0.0200
v -0.0100 -0.0100 -0.0500
v -16.3300 -26.1300 -29.8800
v 0.3200 0.3200 0.3200
v 0.3200 0.3200 0.3200
v 0.3200 0.3200 0.3200
v 0.3200 0.3200 0.3200
v 0.3200 0.3200 0.3200
v 0.3200 0.3200 0.3200
v 0.3200 0.3200 0.3200
v 0.3200 0.3200 0.3200
v 3.8600 15.1700 -0.0100
v -31.9600 15.4700 -3.5000
v -0.0100 -0.0100 -0.1300
v 36.5700 -34.8600 7.4100
v -1.9700 -0.1100 -0.0600
v 11.2600 -20.4800 1.2900
v 0.3200 0.3200 0.3200
v 0.3200 0.3200 0.3200
v 0.3200 0.3200 0.3200
v 0.3200 0.3200 0.3200
v -9.7500 -0.0100 -32.7800
v 1.2900 1.6000 38.4300
v 38.1900 -21.4500 -0.2600
v -17.1300 17.7200 28.0600
v 0.0000 0.0000 2.5500
v 0.3200 0.3200 0.3200
v 0.3200 0.3200 0.3200
v 0.3200 0.3200 0.3200
v 0.3200 0.3200 0.3200
v 0.3200 0.3200 0.3200
v 0.3200 0.3200 0.3200
v 0.3200 0.3200 0.3200
v 0.3200 0.3200 0.3200
v -12.3400 -2.5700 -32.8000
v -14.7200 0.0000 0.0000
v -0.0100 -29.4600 -0.1300
v 0.3200 0.3200 0.3200
v 0.3200 0.3200 0.3200
v 0.3200 0.3200 0.3200
v 0.3200 0.3200 0.3200
v 0.3200 0.3200 0.3200
v 0.3200 0.3200 0.3200
v 0.3200 0.3200 0.3200
v 0.3200 0.3200 0.3200
v 19.5300 -10.1600 -0.7100
v -39.0800 38.6300 19.3600
v -2.8900 -14.6300 -12.5700
v 0.0000 0.0000 14.4700
v 0.0000 0.0000 2.5500
v 0.0000 0.0000 -0.1300
v 0.0000 6.0000 0.0000
v -16.9400 27.5800 23.3000
v 0.0000 0.0000 2.5500
v -12.8100 -0.0700 -19.0500
v 11.5200 -35.8500 -32.7800
v 12.0700 -17.0300 38.1900
v 29.7500 -19.8300 28.5300
v 3.6600 -2.5300 -17.2300
v 27.1900 3.8100 -0.1300
v 6.3400 32.2600 -0.0100
v 15.9800 21.3200 13.5500
v -10.1500 -10.1600 16.7200
v 5.4100 13.0900 -9.0900
v -14.0700 0.2700 -28.3200
v -0.5100 13.7700 -4.7000
v 24.5800 -4.4100 -32.7100
v 38.8900 28.6600 -39.1900
v -0.0600 5.1100 -32.7800
v 14.9900 -35.6700 21.1700
v -0.0100 -0.0100 -0.0100
v -4.8100 -1.2900 -9.7500
v 1.9300 -39.0300 10.0500
v -21.1500 -15.5800 -14.3200
v -1.9000 -0.6700 -0.1300
v 32.4500 11.4500 -0.1300
v 0.0800 20.6600 17.3200
v 0.2700 2.9100 27.9400
v 20.4800 -23.0500 -32.8000
v -36.6500 -28.2200 -3.5300
v 0.3200 0.3200 0.3200
v 0.3200 0.3200 0.3200
v 0.3200 0.3200 0.3200
v 0.3200 0.3200 0.3200
v 0.3200 0.3200 0.3200
v 0.3200 0.3200 0.3200
v 0.3200 0.3200 0.3200
v 0.3200 0.3200 0.3200
v 11.9200 37.9400 31.2300
v -0.0100 -0.0100 -32.8000
v -39.0400 26.0000 4.4600
v 0.3200 0.3200 0.3200
v 0.3200 0.3200 0.3200
v 0.3200 0.3200 0.3200
v 0.3200 0.3200 0.3200
v 0.3200 0.3200 0.3200
v 0.3200 0.3200 0.3200
v 0.3200 0.3200 0.3200
v 0.3200 0.3200 0.3200
v 11.8100 10.3100 -1.7500
v -1.7600 -0.0600 -36.8800
v -35.0000 -16.7700 -28.6100
v -4.4300 -3.4600 -13.5000
v -0.0100 -14.4400 -24.3300
v 38.3300 25.4700 -0.0100
v 15.3800 -0.0100 -24.0000
v 0.0000 1.5200 0.3300
v -30.3000 28.7100 -0.0100
v -0.0100 -6.6500 32.0000
v -8.9000 21.1100 -0.0100
v 0.0000 0.0000 2.1900
v -35.6100 -31.6300 -3.4700
v -13.7500 -19.1200 25.7000
v -14.7300 -19.6700 -4.2000
v -0.0100 -13.0300 0.0400
v 35.0300 -20.5000 -10.7700
v 11.2000 15.7000 -15.5500
v -0.2500 -3.5800 -2.2300
v -6.9200 -5.6100 -8.2700
v -0.9400 7.6700 -32.8000
v -0.0100 28.0700 -26.0400
v -0.1400 -4.1200 -13.7800
v -0.4100 -0.0100 -0.0100
v 38.4400 14.1300 6.6600
v 23.4300 -10.2500 -0.0400
v 28.1700 6.0700 -13.6400
v 38.7100 0.1300 -24.4100
v -23.2600 -18.1700 -28.1300
v -0.0100 -0.0100 -2.8400
v 32.5600 21.5400 -28.6000
v 1.1200 10.2300 -32.8000
v -9.2100 -2.3300 -19.4900
v -3.5200 0.0000 2.5500
v 0.0000 0.0000 1.8300
v -21.5800 4.6600 -8.3300
v 0.0000 36.0600 4.1800
v -2.4900 22.7100 3.5800
v -6.9000 -0.0100 -0.1100
v -0.0100 -0.0100 -3.2900
v -4.0100 -0.0100 -0.1300
v 0.3600 -23.4200 -0.1300
v 18.1700 -7.3700 -8.3100
v 14.7500 36.6600 7.4300
v -27.1300 -0.0100 -19.6500
v 0.3200 0.3200 0.3200
v 0.3200 0.3200 0.3200
v 0.3200 0.3200 0.3200
v 0.3200 0.3200 0.3200
v 0.0000 0.3200 0.3200
v 0.3200 0.3200 0.3200
v 0.3200 0.3200 0.3200
v 0.3200 0.3200 0.3200
v 0.3500 2.1200 0.1200
v 10.2600 4.3800 -0.1300
v -21.2200 21.6000 0.0800
v 15.4000 1.9100 -6.7300
v -0.0100 -0.0100 -24.9900
v 0.3200 0.3200 0.3200
v 0.3200 0.3200 0.3200
v 0.3200 0.3200 0.3200
v 0.3200 0.3200 -0.1300
v 0.3200 0.3200 0.3200
v 0.3200 0.3200 0.3200
v 0.3200 0.3200 0.3200
v 0.3200 0.3200 0.3200
v -17.7400 15.0500 0.1400
v -15.3600 0.0000 1.1700
v 38.4000 -24.3200 22.1100
v 5.3800 16.9400 15.3500
v 8.3100 -0.3500 -0.6800
v -0.0100 -2.9400 2.4500
v 0.3200 0.3200 0.3200
v 0.3200 0.3200 0.3200
v 0.3200 0.3200 0.3200
v 0.3200 0.3200 0.3200
v 0.3200 0.3200 0.3200
v 0.3200 0.3200 0.3200
v 0.3200 0.3200 0.3200
v 0.3200 0.3200 0.0000
v -0.0100 -0.4700 -0.0100
v 0.0000 19.5600 38.6100
v -0.1900 -0.0100 -0.0100
v -0.0100 -0.6000 8.3300
v 18.0400 25.2100 -0.1300
v 3.5400 7.0400 24.5100
v 36.5800 7.6700 -32.8000
v -0.1600 -38.7800 -8.3600
v 23.7500 11.5100 -0.1100
v -0.0100 -0.0100 -0.0600
v 0.3200 0.3200 0.3200
v 0.3200 0.3200 0.3200
v 0.3200 0.3200 0.3200
v 0.3200 0.3200 0.3200
v 0.0000 0.3200 0.3200
v 0.3200 0.3200 0.3200
v 0.3200 0.3200 0.3200
v 0.3200 0.3200 0.3200
v 0.3200 2.5500 -32.8000
v 11.6000 24.7400 6.4800
v 2.5300 -29.5100 20.5900
v 23.1500 -39.3300 28.1500
v -0.0100 -0.3900 -10.2500
v 33.1000 -16.1500 38.9700
v -0.1400 26.1100 -11.5300
v 0.3200 0.3200 0.3200
v 0.3200 0.3200 0.3200
v 0.3200 0.3200 0.3200
v 0.3200 0.3200 0.3200
v 0.3200 0.3200 0.3200
v 0.3200 0.3200 0.3200
v 0.3200 0.3200 0.3200
v 0.3200 0.3200 0.0000
v -0.0100 -0.5700 0.3500
v 20.7200 5.1200 30.7400
v -17.4700 -8.2000 -0.4400
v 15.3500 37.2300 -0.1100
v -30.7000 6.7700 -30.7900
v -15.3700 -0.0200 -5.2300
v -28.2200 -14.7300 -0.0100
v -1.7200 -35.7400 9.0500
v 18.2000 14.1200 -0.1300
v -20.0200 -22.5000 26.3000
v -0.0100 -13.8000 -26.6800
v 0.3200 0.3200 0.3200
v 0.3200 0.3200 0.3200
v 0.3200 0.3200 0.3200
v 0.3200 0.3200 0.3200
v 0.3200 0.3200 0.3200
v 0.3200 0.3200 0.3200
v 0.3200 0.3200 0.3200
v 0.3200 0.3200 0.0000
v 38.6400 21.1800 32.9800
v 0.0000 0.0000 34.5600
v 0.0000 0.3200 0.6600
v -13.1500 -0.0100 -22.3600
v -27.2100 -0.0100 -6.7400
v -0.4200 30.1200 31.4100
v -21.0600 36.0000 1.4400
v 9.4200 35.9000 37.5400
v 32.4500 25.2700 -6.7200
v -0.0100 -0.0100 -0.0200
v -0.0100 -0.0100 -13.2500
v 0.0000 0.0000 -0.1300
v 12.8000 0.0000 0.0000
v -37.5200 -13.1900 -4.1800
v 29.2400 -6.7000 7.6800
v 38.0900 6.5100 20.9900
v 0.0000 0.0000 -0.1300
v 0.0000 0.0000 -0.1300
v -36.0200 -0.0100 -26.6400
v 2.1300 0.0000 -12.3000
v -29.0100 6.3000 -0.0100
v 18.0100 2.3600 1.0200
v -0.0100 -1.2900 -0.0100
v 0.7400 7.8900 -38.4600
v 16.3100 -5.8800 -0.1300
v -0.2600 -0.7300 -20.4700
v 38.0000 1.4400 3.3400
v -33.0100 31.1300 -2.0500
v 9.9000 28.3200 12.3400
v 33.9100 -3.5200 0.0000
v 0.0000 0.0000 -0.1300
v 0.0000 0.0000 1.8500
v 10.8700 -15.8200 5.2500
v 6.7500 23.0300 -15.9900
v 0.0000 0.0000 -0.1300
v 0.0000 0.0000 -0.1300
v 0.0000 0.0000 -0.1300
v 0.0000 0.0000 5.3000
v -0.0100 -0.1100 2.1500
v 23.4900 0.9900 -0.1300
v -0.0100 -8.0600 -0.1300
v -0.9300 -5.7700 -0.1300
v 1.7600 12.2300 1.9400
v -6.4900 -0.0100 -0.0100
v 16.5300 2.3200 1.4800
v 0.0000 0.0000 -0.1300
v 0.3200 0.3200 0.3200
v 0.3200 0.3200 0.3200
v 0.3200 0.3200 0.3200
v 0.3200 0.3200 0.3200
v 0.3200 0.3200 0.3200
v 0.3200 0.3200 0.3200
v 0.3200 0.3200 0.3200
v 0.3200 0.3200 0.3200
v -0.4900 -13.8200 -5.8600
v 25.9500 25.6300 38.0700
v 0.5100 -16.9100 -27.7500
v -12.7900 37.3800 -13.6900
v -17.7200 24.6500 -13.3900
v -0.0200 -12.8100 -0.7500
v -33.1300 25.8600 -20.8400
v 0.3200 0.3200 0.3200
v 0.3200 0.3200 0.3200
v 0.3200 0.3200 0.3200
v 0.3200 0.3200 0.3200
v 0.3200 0.3200 0.3200
v 0.3200 0.3200 0.3200
v 0.3200 0.3200 0.3200
v 0.3200 0.3200 0.3200
v 0.0000 0.2000 15.4200
v -19.0800 -17.0900 -0.1300
v -0.7400 28.2200 11.8800
v -25.7900 16.6700 38.2600
v 12.7300 10.6100 -0.1300
v -12.5300 6.4900 -9.8700
v 32.3400 18.1800 39.8900
v 12.2500 -14.2000 -9.4700
v -0.0200 33.4300 14.1500
v 0.0000 0.0000 -0.1300
v 0.3200 0.3200 0.3200
v 0.3200 0.3200 0.3200
v 0.3200 0.3200 0.3200
v 0.3200 0.3200 0.3200
v 0.3200 0.3200 0.3200
v 0.3200 0.3200 0.3200
v 0.3200 0.3200 0.3200
v 0.3200 0.3200 0.3200
v 0.3200 -18.6800 -35.9700
v 0.0000 0.0000 2.5500
v 0.0000 2.5500 -32.8000
v 0.0000 6.0000 0.0000
v 6.0000 0.0000 0.0000
v -0.0100 -0.0100 -11.2000
v -36.0500 -0.0100 -32.8000
v 0.0000 6.0000 0.0000
v 6.0000 0.0000 0.0000
v 0.0000 0.0000 2.5500
v 0.0000 2.5500 -32.8000
v -6.5600 0.0000 0.0000
v 0.0000 6.0000 0.0000
v 6.0000 0.0000 0.0000
v -31.1700 -0.0100 -0.4500
v 20.4800 2.5600 0.0000
v 0.0000 0.0000 -0.1300
v 0.0000 0.0000 15.4400
v -0.0200 -25.6100 -0.0600
v 14.3900 -1.4900 -0.1300
v -0.7300 -16.0100 -36.0600
v 0.0000 0.0000 -0.1300
v -0.0900 -0.0100 -0.1300
v -26.4300 39.3300 -8.7000
v 28.3400 5.5900 -3.2300
v -0.5700 4.7300 -0.1300
v 0.3200 0.3200 0.3200
v 0.3200 0.3200 0.3200
v 0.3200 0.3200 0.3200
v 0.3200 0.3200 0.3200
v 0.3200 0.3200 0.3200
v 0.3200 0.3200 0.3200
v 0.3200 0.3200 0.3200
v 0.3200 0.3200 0.3200
v -2.5600 0.0000 0.0000
v 0.0000 2.5500 -32.8000
v 0.0000 6.0000 0.0000
v 6.0000 0.0000 0.0000
v 0.0000 0.0000 2.5500
v 0.0000 2.5500 -32.8000
v 0.0000 6.0000 0.0000
v 6.0000 0.0000 0.0000
v 8.9800 6.0600 -37.2400
v 0.3200 0.3200 0.3200
v 0.3200 0.3200 0.3200
v 0.3200 0.3200 0.3200
v 0.3200 0.3200 0.3200
v 0.0000 0.3200 0.3200
v 0.3200 0.3200 0.3200
v 0.3200 0.3200 0.3200
v 0.3200 0.3200 0.3200
v 0.3200 0.3200 0.3200
v 0.3200 0.3200 0.3200
v 0.3200 0.3200 0.3200
v 0.3200 0.3200 0.3200
v -0.0100 -0.0100 -10.0400
v -38.6500 25.4300 -6.0400
v 6.1900 13.4400 0.4600
v -1.9400 -4.2100 11.1000
v 0.0000 0.0000 0.2600
v 3.8900 2.2700 4.6400
v -2.3100 34.0100 -28.1300
v 5.7400 -1.3200 -13.7500
v -26.3300 -0.0100 -0.0300
v 18.7000 18.9700 -0.1300
v 39.5600 4.3100 6.9700
v -22.2000 -9.4500 -23.6200
v 31.6800 29.5800 -3.8600
v 0.8000 0.0000 0.0000
v 24.3800 2.5900 0.0900
v -4.1700 -0.3500 -0.5500
v 0.3200 0.3200 0.3200
v 0.3200 0.3200 0.3200
v 0.3200 0.3200 0.3200
v 0.3200 0.3200 0.3200
v 0.3200 0.3200 0.3200
v 0.3200 0.3200 0.3200
v 0.3200 0.3200 0.3200
v 0.3200 0.3200 0.3200
v 19.5800 28.2600 17.5400
v -0.9200 -1.7200 0.8300
v 0.1100 2.6400 36.5300
v 3.1300 38.2800 24.4700
v -0.0100 -3.6000 -14.5700
v -0.0300 -0.0100 -0.2300
v -6.8100 -8.5400 -34.1000
v 0.0000 0.0000 28.0500
v -0.0400 22.3200 3.0000
v 2.1400 -6.9000 -6.9000
v 22.0000 24.4300 35.1300
v 30.1400 1.6300 27.5600
v -18.4200 -0.3400 30.1400
v 1.8200 0.7200 6.3000
v -25.8100 23.2200 0.2200
v -18.6500 -15.2300 -0.1300
v 39.1400 21.0400 32.0200
v -5.1200 23.0000 4.5000
v -39.0300 0.2500 -5.7800
v 11.5600 9.1500 13.9400
v 2.7400 -2.5000 26.1900
v -35.3700 -0.0100 -13.4500
v -21.7700 -22.5900 -20.5400
v 6.4800 0.9200 27.2900
v 2.9900 -28.0400 24.2900
v -8.3100 -4.3900 -8.2800
v 29.7000 -15.7700 -0.1300
v -34.6900 -38.4100 -24.9800
v 30.1800 36.4800 -13.5400
v -25.4500 2.9400 -0.8200
v -0.0100 -3.8100 -0.1300
v -15.8900 30.4600 35.9100
v -25.4800 -36.4800 10.7700
v -0.0100 -0.2500 36.2500
v 2.5700 20.4700 -5.9900
v 21.9600 -32.1000 -0.0100
v 0.0000 0.3600 0.0000
v -7.3700 -0.0100 -26.6500
v -23.0500 -4.0200 19.2000
v -37.6700 2.4800 23.6100
v 29.0600 -0.0100 -0.1300
v -0.0200 -0.2000 -10.3100
v -0.2900 34.6800 -0.1300
v -0.2600 20.4800 1.9500
v 1.6600 15.3500 -6.4100
v 0.3200 0.3200 0.3200
v 0.3200 0.3200 0.3200
v 0.3200 0.3200 0.3200
v 0.3200 0.3200 0.3200
v 0.3200 0.3200 0.3200
v 0.3200 0.3200 0.3200
v 0.3200 0.3200 0.3200
v 0.3200 0.3200 0.3200
v -0.0300 -0.0100 -0.0200
v -6.1700 -0.0100 -0.2400
v 14.0900 16.6400 -13.7200
v 7.7800 -10.9900 -0.1300
v -5.1300 -0.0100 -1.9300
v -1.1600 -0.0100 -29.4500
v -0.0100 -13.4500 -0.0100
v -37.6300 15.3900 -0.1300
v -36.5300 -31.0900 -0.2400
v 5.4400 -20.3200 17.9100
v 29.3800 -17.8500 -6.4600
v 0.0000 0.0000 -0.1300
v 32.2400 -39.1600 -18.2500
v -4.1700 -14.7200 11.8900
v 24.3800 6.4000 7.9000
v 28.6100 23.7200 16.8800
v -0.0100 -0.0100 -0.0100
v 5.1600 5.1300 13.2100
v 23.6700 -0.0800 -0.1300
v -0.0500 -11.9000 -0.1300
v -27.8800 26.0600 -3.0400
v 30.0800 31.3600 -0.1300
v 0.0000 0.0000 -5.0800
v 0.0000 0.0000 -0.0100
v 17.6300 20.6300 -0.1300
v 31.9000 -7.3700 -24.5700
v -28.0400 5.0000 16.6300
v 16.5600 26.2600 0.1900
v 33.2700 28.1500 -6.4500
v 21.2500 -7.4200 -5.0700
v -19.2400 3.9400 -0.1300
v -1.9200 16.9200 23.2200
v 3.6400 39.4000 -30.2900
v 1.5500 -17.2700 -0.1300
v -12.2800 5.2200 6.6400
v -0.0100 -0.0600 -0.0600
v 3.2700 -18.0000 -0.1300
v 33.1100 -5.5200 18.0400
v -2.2400 13.9300 1.1700
v -10.0400 -4.5200 2.5300
v 27.6700 -37.7600 23.0900
v 31.6800 1.3000 -0.1300
v 21.6800 -15.1800 22.3000
v -19.0200 38.0200 3.5000
v 21.8900 -30.7000 -0.1300
v -16.6000 6.4000 -0.1300
v 10.2400 1.2900 -0.1300
v 1.7700 -2.2300 37.9000
v 13.2100 -6.7200 -0.0200
v -16.4500 16.0100 12.8500
v -0.4700 -0.0100 -23.1000
v -1.2900 -0.0100 -0.1300
v -3.2900 -0.0100 -1.7500
v -0.2100 -0.0100 -0.4300
v 0.3200 0.3200 0.3200
v 0.3200 0.3200 0.3200
v 0.3200 0.3200 0.3200
v 0.3200 0.3200 0.3200
v 0.3200 0.3200 0.3200
v 0.3200 0.3200 0.3200
v -2.5600 0.0000 0.0000
v 39.3100 -8.2800 39.7300
v 29.3600 35.1100 -23.2000
v -15.6900 -0.0100 -0.0100
v -0.0100 -15.8000 -16.2700
v -0.0100 -7.0300 -37.4200
v 0.3200 20.4800 5.8100
v 24.3800 12.9200 34.0800
v -0.0100 -0.0100 -6.8100
v 12.3700 2.4000 26.0600
v -0.0100 -0.0200 -6.7500
v 16.7100 -0.5100 -3.5500
v 22.5400 33.9500 29.1900
v -0.0100 -1.7900 10.2900
v -7.5200 22.6600 3.1100
v 4.3200 28.6400 -10.3900
v -28.8000 4.9600 20.6500
v -0.1200 32.4100 32.7900
v -0.0100 -23.9700 -9.6800
v 31.4700 -0.5100 -0.1300
v 35.0400 -38.4800 -0.1300
v -20.9400 -1.1100 -10.3900
v 7.7800 1.6400 -4.6200
v -0.0100 -0.0100 -0.0100
v 13.2700 -14.8800 10.5400
v -0.2700 -0.0100 -2.0500
v -20.4900 12.8500 12.8500
v -26.6300 -2.0100 -20.3800
v -4.4900 -0.0100 -0.0100
v 34.8300 27.5000 -25.0200
v -19.1100 -15.2100 -0.1300
v 10.2400 0.0000 0.0000
v 26.3900 25.9200 -1.4500
v 20.4700 -0.4300 -9.5200
v 32.9100 1.9000 16.1600
v 31.3500 -38.1800 -0.1300
v 0.0000 0.0000 -0.1300
v 0.3200 0.3200 0.3200
v 0.3200 0.3200 0.3200
v 0.3200 0.3200 0.3200
v 0.3200 0.3200 0.3200
v 0.3200 0.3200 0.3200
v 0.3200 0.3200 0.3200
v 0.3200 0.3200 0.3200
v 0.3200 0.3200 0.3200
v -30.7300 0.3200 0.3200
v 0.3200 0.3200 0.3200
v 0.3200 0.3200 0.3200
v 0.3200 0.3200 0.3200
v 0.3200 0.0000 0.0000
v 0.3200 0.3200 0.3200
v 0.3200 0.3200 0.3200
v 0.3200 0.3200 0.3200
v 0.3200 0.3200 0.3200
v 17.3100 2.0800 -5.8400
v -4.8200 -15.2100 -0.1300
v 30.8200 0.2200 -20.9000
v -15.6600 -9.9400 30.7200
v -14.8600 2.2300 -22.4700
v 0.0000 0.0000 2.5500
v 12.0400 0.0000 0.0000
v 0.0000 2.5500 -32.8000
v 0.0000 0.0000 0.3900
v 3.6400 0.1900 0.3100
v 33.4700 9.1300 0.9600
v 34.8800 -25.8400 2.3400
v -26.4800 0.0000 0.0000
v -9.6500 -23.4200 -16.6200
v 20.9400 26.8800 -9.5700
v -16.7700 -0.0100 -0.0400
v 36.5800 7.5000 -19.9700
v -3.8000 34.2900 -1.8800
v -10.4500 -23.2400 -15.7000
v -0.2800 3.8300 -7.9800
v 5.5000 -39.3000 -0.1300
v -0.0100 -0.0100 -28.2900
v 3.6500 23.7000 19.2800
v 0.0000 6.0000 0.0000
v 6.0000 0.0000 0.0000
v 0.0000 0.0000 -0.1300
v 6.0000 0.0000 0.0000
v 0.0000 0.0000 2.5500
v 0.0000 0.0000 -0.1300
v 0.0000 0.0000 2.5500
v 0.0000 2.5500 -32.7800
v 0.0000 6.0000 0.0000
v 0.0000 0.0000 2.5500
v 0.0000 2.5500 -32.8000
v 0.0000 6.0000 0.0000
v 6.0000 0.0000 0.0000
v 0.0000 0.0000 -0.1300
v 0.0000 2.5500 -32.8000
v 0.0000 6.0000 0.0000
v 6.0000 0.0000 0.0000
v 0.0000 0.0000 -0.1300
v 6.0000 0.0000 0.0000
v 0.0000 0.0000 2.5500
v 0.0000 0.0000 -0.1300
v 0.0000 0.0000 2.5500
v 0.0000 2.5500 -32.7800
v 0.0000 6.0000 0.0000
v 0.0000 0.0000 2.5500
v 0.0000 2.5500 -32.8000
v 0.0000 6.0000 0.0000
v 6.0000 0.0000 0.0000
v 0.0000 0.0000 -0.1300
v 0.0000 2.5500 -32.8000
v 0.0000 6.0000 0.0000
v 6.0000 0.0000 0.0000
v 0.0000 0.0000 -0.1300
v 6.0000 0.0000 0.0000
v 0.0000 0.0000 2.5500
v 0.0000 0.0000 -0.1300
v 0.0000 0.0000 2.5500
v 0.0000 2.5500 -32.7800
v 0.0000 6.0000 0.0000
v 0.0000 0.0000 2.5500
v 0.0000 2.5500 -32.8000
v 0.0000 6.0000 0.0000
v 6.0000 0.0000 0.0000
v 0.0000 0.0000 -0.1300
v 0.0000 2.5500 -32.8000
v 0.0000 6.0000 0.0000
v 6.0000 0.0000 0.0000
v 0.0000 0.0000 -0.1300
v 6.0000 0.0000 0.0000
v 0.0000 0.0000 2.5500
v 0.0000 0.0000 -0.1300
v 0.0000 0.0000 2.5500
v 0.0000 2.5500 -32.7800
v 0.0000 6.0000 0.0000
v 0.0000 0.0000 2.5500
v 0.0000 2.5500 -32.8000
v 0.0000 6.0000 0.0000
v 6.0000 0.0000 0.0000
v 0.0000 0.0000 -0.1300
v 0.0000 2.5500 -32.8000
v 0.0000 6.0000 0.0000
v 6.0000 0.0000 0.0000
v 0.0000 0.0000 -0.1300
v 6.0000 0.0000 0.0000
v 0.0000 0.0000 2.5500
v 0.0000 0.0000 -0.1300
v 0.0000 0.0000 2.5500
v 0.0000 2.5500 -32.7800
v 0.0000 6.0000 0.0000
v 0.0000 0.0000 2.5500
v 0.0000 2.5500 -32.8000
v 0.0000 6.0000 0.0000
v 6.0000 0.0000 0.0000
v 0.0000 0.0000 -0.1300
v 0.0000 2.5500 -32.8000
v 0.0000 6.0000 0.0000
v 6.0000 0.0000 0.0000
v 0.0000 0.0000 -0.1300
v 6.0000 0.0000 0.0000
v 0.0000 0.0000 2.5500
v 0.0000 0.0000 -0.1300
v 0.0000 0.0000 2.5500
v 0.0000 2.5500 -32.7800
v 0.0000 6.0000 0.0000
v 0.0000 0.0000 2.5500
v 0.0000 2.5500 -32.8000
v 0.0000 6.0000 0.0000
v 6.0000 0.0000 0.0000
v 0.0000 0.0000 -0.1300
v 0.0000 2.5500 -32.8000
v 0.0000 6.0000 0.0000
v 6.0000 0.0000 0.0000
v 0.0000 0.0000 -0.1300
v 0.3200 0.3200 0.3200
v 0.3200 0.3200 0.3200
v 0.3200 0.3200 0.3200
v 0.3200 0.3200 0.3200
v 0.3200 0.3200 0.3200
v 0.3200 0.3200 0.3200
v 0.3200 0.3200 0.3200
v 0.3200 0.3200 0.3200
v 6.0000 0.0000 0.0000
v 0.3200 0.3200 0.3200
v 0.3200 0.3200 0.3200
v 0.3200 0.3200 0.3200
v 0.3200 0.3200 0.3200
v -30.7300 0.0000 0.0000
v -2.5600 0.0000 0.0000
v 0.0000 0.0000 0.8800
v 0.0000 0.8800 5.1200
v 0.8800 5.1200 2.5500
v 3.2000 21.5900 -24.9300
v -38.7900 -33.0700 23.6600
v 38.8200 -20.4900 -32.8000
v -4.1700 -14.1900 -10.9800
v 12.9900 22.0200 -21.6900
v 11.0500 20.5500 30.2600
v -35.6500 -5.0700 -0.3400
v -17.5400 29.3900 13.4900
v -0.0100 -0.0300 -34.2400
v -17.2100 33.9100 -19.3600
v 15.1800 20.5100 10.5600
v -1.3000 -9.2300 -2.5700
v 28.1500 -4.5300 -37.4300
v -12.5600 7.9100 -0.2200
v 26.6400 15.7300 -21.1700
v 33.8200 23.4100 -27.8700
v -9.8100 23.0400 -21.2100
v -4.1800 -4.1500 10.5800
v 8.9800 21.8400 -8.3200
v 39.8200 10.2000 -5.9400
v 5.8200 -28.0200 26.5300
v -0.5600 -5.2800 -29.1300
v 28.6000 2.5500 -32.8000
v 2.6600 -7.6800 16.9700
v 0.3200 0.3200 -0.1300
v 0.3200 0.3200 0.3200
v 0.3200 0.3200 0.3200
v 0.3200 0.3200 0.3200
v 0.3200 0.3200 0.3200
v -0.0100 -31.3700 -0.4400
v -6.0900 -37.2900 -27.5300
v 35.5400 11.0100 -21.6300
v 28.7000 29.9600 27.5800
v 36.0400 -14.3700 18.3800
v -36.3700 -24.4500 18.1900
v 2.0100 1.4500 4.2900
v 25.8100 27.5200 0.2600
v 1.9400 29.5100 14.4300
v 0.6100 38.8200 -15.1600
v -37.2600 -11.4500 -0.1300
v -17.2600 -34.2200 -0.1300
v -0.6500 -27.5200 -4.8500
v 17.5400 -26.4100 -14.0800
v -6.5100 -33.5300 16.7800
v -6.4400 -0.0100 -10.0800
v -0.0300 3.8300 -0.4400
v 10.9100 10.2400 3.4900
v 6.7200 0.2400 23.3900
v -0.5800 9.3500 -0.0700
v -22.2100 -20.5300 -32.8600
v 32.4100 -36.1400 -32.3000
v 2.0800 13.0300 -0.1300
v 0.3200 0.3200 0.3200
v 0.3200 0.3200 0.3200
v 0.3200 0.3200 0.3200
v 0.3200 0.3200 0.3200
v 0.3200 0.3200 0.3200
v 0.3200 0.3200 0.3200
v 0.3200 0.3200 0.3200
v 0.3200 0.3200 0.0000
v -36.0700 39.7700 13.5400
v 0.3200 0.3200 0.3200
v 0.3200 0.3200 0.3200
v 0.3200 0.3200 0.3200
v 0.3200 0.3200 0.3200
v 0.3200 0.3200 0.3200
v 0.3200 0.3200 0.3200
v 0.3200 0.3200 0.3200
v 0.3200 0.3200 0.3200
v -19.8100 23.0900 12.8400
v -17.5700 -0.0100 -0.0200
v -13.6200 12.6200 -0.4400
v 0.3200 0.3200 0.3200
v 0.3200 0.3200 0.3200
v 0.3200 0.3200 0.3200
v 0.3200 0.3200 0.3200
v 0.3200 0.3200 0.3200
v 0.3200 0.3200 0.3200
v 0.3200 0.3200 0.3200
v 0.3200 0.3200 0.3200
v 4.6400 12.7900 -32.8000
v -0.0100 -30.1300 -14.9300
v -0.9200 -0.4600 -2.7800
v -2.5700 -0.0100 -25.6100
v -0.0300 9.9100 -0.0100
v -7.2100 29.4300 -0.2700
v -33.6000 25.6000 0.8100
v -25.7900 -32.7000 -0.1300
v -15.1200 20.2600 -25.9800
v -0.0100 -0.0100 -0.0100
v 0.1300 23.7200 26.9400
v -27.6100 -5.1300 -32.8000
v -0.0100 -0.1100 -0.0100
v -2.5400 26.2900 -5.7800
v -0.0100 -0.0100 -0.0100
v -1.8000 -30.0600 -35.5000
v 15.4100 7.4800 -0.1300
v 13.1200 0.3200 0.3200
v 0.3200 0.3200 0.3200
v 0.3200 0.3200 0.3200
v 0.3200 0.3200 0.3200
v 0.3200 2.5500 -32.8000
v 29.3500 35.8400 36.4400
v -7.4500 -14.0500 -6.3500
v 10.4000 12.3600 39.7700
v -0.0100 -15.4700 1.7600
v -7.6900 -1.4500 -0.1300
v 38.1800 -8.4100 -0.8500
v -8.2700 -0.4400 -23.0500
v 32.1700 27.3100 -0.1300
v -0.0300 28.1500 -1.0500
v 3.2400 -19.2300 -4.1400
v -38.6500 -9.3900 -9.5200
v -0.0100 -27.3700 -0.2100
v 3.3900 -18.4100 -23.2700
v -39.7500 -0.5000 1.6300
v -0.0100 -0.0100 -10.5300
v 0.0000 0.0000 -0.1300
v 0.3200 0.3200 0.3200
v 0.3200 0.3200 0.3200
v 0.3200 0.3200 0.3200
v 0.3200 0.3200 0.3200
v 0.3200 0.3200 0.3200
v 0.3200 0.3200 0.3200
v 0.3200 0.3200 0.3200
v 0.3200 0.3200 0.3200
v -4.8000 31.9900 -30.0700
v 0.1300 -0.0100 -0.0400
v 2.8800 0.2500 -11.7400
v -10.4700 -30.1900 32.7800
v 0.0000 0.0000 2.5500
v 0.0000 2.5500 -32.7800
v 6.0000 0.0000 0.0000
v 0.0000 0.0000 -0.1300
v -0.0100 -14.6700 1.5600
v 36.9500 -22.1900 -4.6900
v 29.7000 -27.2700 -13.3500
v -0.0100 -27.2500 -0.1300
v 18.0300 3.1600 0.9600
v -12.8100 -0.0100 -28.3600
v -0.0100 -0.0100 -6.7400
v 20.5600 20.5200 9.4700
v -0.0100 -8.9700 -0.0100
v -1.3300 -5.2900 -0.0100
v 24.3100 -17.6800 -22.3400
v 0.0000 0.0000 -0.9400
v -0.0600 16.8900 6.6800
v -0.0100 -0.0100 -7.9300
v 8.0200 27.5300 3.5600
v 38.6900 16.8300 -0.0100
v -0.2200 -0.9900 -0.1300
v -25.1000 -25.9000 -0.1300
v -10.6900 -0.0200 -31.1900
v 20.1500 -32.4500 -0.1300
v -0.1600 -28.6900 18.8300
v -0.8400 -2.7600 -0.1300
v -29.9600 -35.2100 -3.4800
v -29.4400 0.3200 0.6500
v 9.9400 7.4500 21.8100
v -0.0100 -24.4700 22.5200
v 32.6300 -0.0100 -0.0100
v 1.4900 0.3300 36.2000
v -0.0100 -0.8900 -1.0000
v -22.2900 35.6000 3.3300
v -1.6300 -0.7300 -0.1200
v 32.7000 -36.6700 -39.7000
v -0.0100 -0.0100 -0.0100
v 5.2100 11.6900 26.8800
v -1.7400 -6.3700 2.6100
v 31.6800 3.3200 0.0000
v 6.0000 0.0000 0.0000
v 0.0000 0.0000 -0.2100
v -0.0100 -0.0200 -0.0100
v 0.3200 0.3200 0.3200
v 0.3200 0.3200 0.3200
v 0.3200 0.3200 0.3200
v 0.3200 0.3200 0.3200
v 0.3200 0.3200 0.3200
v 0.3200 0.3200 0.3200
v 0.3200 0.3200 0.3200
v -30.7300 0.3200 0.3200
v -0.0100 -17.2800 1.8200
v -31.9500 25.9200 -4.1600
v -0.0100 -0.0100 -0.0100
v -14.1600 16.9300 -0.1300
v -9.9700 -35.9400 -30.7000
v -26.4500 21.8300 27.2000
v 25.3000 5.5200 10.3000
v 1.3600 -35.4500 2.6300
v -0.0900 -0.0100 -10.0700
v -13.9300 9.2100 -0.1300
v 15.4000 -37.8400 -0.1300
v 10.2600 0.6300 -2.9000
v -1.0500 31.3900 32.1100
v -4.8900 11.5700 3.0700
v 0.3200 0.3200 0.3200
v 0.3200 0.3200 0.3200
v 0.3200 0.3200 0.3200
v 0.3200 0.3200 0.3200
v 0.3200 0.3200 0.3200
v 0.3200 0.3200 0.3200
v 24.9000 10.7200 4.7500
v 2.0800 0.1200 -0.1300
v -0.0100 -0.4500 -1.7200
v 0.3200 0.3200 0.3200
v 0.3200 0.3200 0.3200
v 0.3200 0.3200 0.3200
v 0.3200 0.3200 0.3200
v 0.3200 0.3200 0.3200
v 0.3200 0.3200 0.3200
v 0.3200 0.3200 0.3200
v 0.0000 0.0000 0.0100
v 21.2600 -5.7500 7.0600
v -24.6200 -14.5600 29.1000
v 0.0000 0.0000 1.2900
v 0.0000 0.0000 24.2300
v 0.0000 12.9900 -20.0800
v -38.4700 -1.1100 -2.4900
v -0.0100 -29.5300 -0.1300
v -0.5800 29.6900 23.4500
v 18.5000 -30.3300 -0.1300
v 2.6100 0.7500 -0.1300
v 0.0000 1.9200 6.9200
v 0.0000 0.0000 0.2400
v -10.8900 -0.0100 -2.3200
v -2.5200 5.4000 -17.1000
v 8.4000 -0.0100 -35.2900
v 0.0000 0.6200 -31.6900
v -23.0200 37.7100 -10.0800
v -21.5400 5.2600 12.1800
v -0.0100 -0.0100 -13.9600
v 0.1900 22.0800 -18.8300
v 0.3200 0.3200 0.3200
v 0.3200 0.3200 -0.1300
v 0.3200 0.3200 0.3200
v 0.3200 0.3200 0.3200
v 0.3200 0.3200 0.3200
v 0.3200 0.3200 0.3200
v -0.0100 -0.0100 -0.1000
v -0.0100 -6.7300 -0.3400
v -0.9600 0.0000 0.0000
v 0.0000 0.0000 -0.1300
v 0.0000 2.5500 -32.8000
v 0.0000 6.0000 0.0000
v 6.0000 0.0000 0.0000
v 20.4800 10.2000 25.8800
v 39.7500 -6.9000 -1.6400
v 22.7100 -30.7200 20.4700
v 36.5400 -0.9300 -0.0900
v -0.0100 -0.0100 -0.0100
v -0.0300 16.0100 10.3700
v -4.0500 -8.3600 24.0000
v 33.1100 -0.6900 -0.1300
v 0.0000 0.0000 2.5500
v 0.0000 6.0000 0.0000
v 10.2800 15.5200 17.7900
v 6.0000 0.0000 0.0000
v 0.0000 0.0000 2.5500
v -27.4400 2.5500 -32.7800
v -9.0600 -32.0400 31.3700
v 12.7900 -30.2900 -0.1300
v -27.8600 -0.0400 0.2700
v -0.0100 -26.5900 -12.4000
v 25.5900 -0.0100 -13.8000
v 5.1400 26.1900 -20.2800
v 0.0000 0.0000 -0.1300
v -0.0100 -0.0100 -0.0100
v 16.4700 -0.4100 -3.0600
v -7.5300 -2.5700 -32.8000
v -20.0400 -17.6900 32.7200
v -6.4100 -0.7000 29.4300
v 0.4000 5.3600 2.5500
v 2.0100 1.8500 23.6400
v -8.1300 22.2900 -36.3000
v -4.9600 0.2000 3.3700
v 5.3400 -1.7500 -0.1300
v 3.1400 39.0000 -2.2500
v 1.1500 -22.7300 -32.0400
v 37.7100 14.4200 -38.3100
v -7.9200 -0.1400 20.7300
v -36.1300 27.2000 -25.6200
v 4.2500 7.8200 -0.1300
v -1.1200 8.9500 21.1800
v 11.4200 -31.6100 -37.6300
v -0.5900 23.0300 -32.8000
v 31.4900 17.2300 36.7100
v 2.8900 0.7400 -0.1300
v -0.2300 -7.5600 -31.4300
v 0.0000 0.0000 2.5500
v 0.0000 0.0000 -0.1300
v 0.0000 0.0000 2.5500
v -0.0100 -0.0100 -0.0100
v -1.1800 23.7900 -0.1300
v -17.3900 -33.5900 -37.8300
v 5.1600 37.2300 -9.2300
v -0.0100 -0.1800 -31.0600
v 19.2700 -0.0100 -26.8100
v -0.2700 -10.2500 -1.1700
v -0.0100 -0.2500 0.0000
v -0.0100 -0.0100 -18.9800
v 6.0000 0.0000 0.0000
v 0.0000 6.0000 0.0000
v -7.0500 -2.1200 23.0600
v -23.8800 -14.0900 -0.0100
v 9.6800 17.6700 3.5700
v 0.0000 0.0000 2.5500
v 0.0000 0.0000 -0.1300
v 0.0100 -36.7600 24.5900
v -6.7900 7.7900 21.3300
v 3.0800 -0.0400 -0.0700
v 3.6300 8.2100 27.3700
v -0.0100 -10.9900 2.1600
v 0.0000 0.0000 -0.1300
v 2.5600 0.0000 0.0000
v 0.0000 2.5500 -32.8000
v 0.0000 6.0000 0.0000
v 15.0300 -28.9900 27.0900
v 0.0000 6.0000 0.0000
v 0.0000 0.0000 2.5500
v 0.0000 2.5500 -32.7800
v 0.0000 6.0000 0.0000
v 0.0000 2.5500 -0.0200
v -21.3000 30.1200 21.0600
v 0.0000 0.0000 0.0100
v 0.0000 0.0000 -0.1300
v -0.0100 -13.0300 -32.4600
v 3.0800 -0.0100 -15.0300
v -0.4200 -30.3200 21.9300
v -10.3300 -0.0200 -39.1300
v -0.0100 -10.6400 -0.1300
v -0.6500 -0.0100 -0.2300
v 6.3900 -8.2000 1.9300
v -30.7200 0.0000 1.3600
v -7.1200 -0.9600 -36.2800
v 5.7600 20.5200 10.5600
v -18.9100 -36.2100 32.7800
v -0.0100 -0.0100 -0.0100
v 7.0600 25.8600 -12.1400
v 0.0000 0.0000 2.5500
v 0.0000 0.0000 -0.1300
v -17.6900 -0.0100 -0.3600
v -39.6600 1.8600 38.1500
v 2.4900 -0.0100 -32.7800
v 0.0000 6.0000 0.0000
v 6.0000 0.0000 0.0000
v 24.9500 -10.9200 -0.7400
v 0.0000 0.0000 -0.1300
v 0.0000 2.5500 -32.8000
v 0.0000 0.0300 4.2400
v 0.0000 6.0000 0.0000
v 25.9700 32.5400 -0.2300
v 12.1800 13.3500 -28.2100
v 25.0000 5.1100 -32.8000
v 0.0100 3.0500 0.6000
v 26.0000 0.0000 0.0000
v 0.0000 2.5500 -32.7800
v 0.0000 6.0000 0.0000
v 0.0000 0.0000 2.5500
v 0.0000 2.5500 -32.8000
v 0.0000 0.0000 0.0400
v -1.0500 -0.8900 -19.0100
v 30.8000 2.5500 -32.8000
v 0.0900 23.7400 19.4900
v -2.1600 -35.2100 -16.9000
v -0.0100 -0.0200 -27.9000
v -2.8900 -5.7900 -3.3900
v -0.1100 2.1200 0.0500
v 23.5200 -29.4700 8.3200
v -0.1700 -1.8500 -0.0100
v 39.1200 -13.6800 5.6000
v 31.4300 -1.9600 0.0700
v -11.0600 -21.3600 -14.9100
v 0.0000 2.5500 -32.8000
v 0.0000 6.0000 0.0000
v 6.0000 0.0000 0.0000
v 0.0000 0.0000 -0.1300
v 0.0000 2.5500 -32.8000
v 0.0000 6.0000 0.0000
v 6.0000 0.0000 0.0000
v 0.0000 0.0000 -0.1300
v 6.0000 0.0000 0.0000
v 0.0000 0.0000 2.5500
v 0.0000 0.0000 -0.1300
v 0.0000 0.0000 2.5500
v 0.0000 2.5500 -32.7800
v 0.0000 6.0000 0.0000
v 10.9200 -0.0100 -34.2800
v -1.9200 -17.3800 10.1400
v -2.8900 -12.2100 -0.8600
v -0.0100 -7.6600 12.8200
v -13.4500 -0.5300 -30.3700
v 18.8800 6.9800 -5.6700
v -16.9700 -15.1300 -33.1600
v 0.0000 0.0000 0.3900
v 0.0000 0.0000 21.4900
v 18.4600 -13.0300 -16.1400
v 0.3200 0.3200 0.3200
v 0.3200 0.3200 0.3200
v 0.3200 0.3200 0.3200
v 0.3200 2.5500 -32.8000
v 0.3200 0.3200 0.3200
v 0.3200 0.3200 0.3200
v 0.3200 0.3200 0.3200
v 0.3200 0.3200 0.3200
v 0.3200 0.3200 0.3200
v -0.0100 -0.1900 -0.0100
v -25.8700 -31.6200 30.6600
v -0.0100 -3.9700 -0.0100
v 6.0000 0.0000 0.0000
v 0.0000 0.0000 2.5500
v 6.0000 0.0000 0.0000
v 0.0000 0.0000 2.5500
v 0.0000 2.5500 -32.7800
v 15.4800 -0.0500 -0.1300
v -7.6000 -4.2600 -13.9600
v -1.5000 21.9600 1.8000
v -0.0100 -0.0100 -1.6100
v 0.0000 0.0000 1.1700
v -0.0300 19.1900 -0.0100
v 27.9400 -0.0100 -32.8000
v 0.0000 0.0200 10.6400
v 0.0000 2.5500 -32.7800
v 0.0000 6.0000 0.0000
v -0.0100 -0.0100 -0.0100
v -2.7900 -39.3500 -1.3300
v 0.0000 0.0000 2.5500
v 0.0000 2.5500 -32.7800
v 0.0000 6.0000 0.0000
v 0.0000 0.0000 2.5500
v 0.0000 2.5500 -32.7800
v 0.0000 6.0000 0.0000
v 6.0000 0.0000 0.0000
v 0.0000 0.0000 2.5500
v 6.0000 3.2000 0.0000
v 0.3200 0.3200 0.3200
v 0.3200 0.3200 0.3200
v 0.3200 0.3200 0.3200
v 0.3200 0.3200 0.3200
v 0.3200 0.3200 0.3200
v 0.3200 0.3200 0.7600
v -2.5600 0.0000 0.0000
v 0.0000 21.4700 -11.7200
v -10.2700 -8.3300 -6.1600
v -4.3100 -7.4600 33.5300
v -0.0100 -0.0600 3.4000
v -2.0900 -20.4900 -32.8000
v 20.5400 1.5700 -0.0100
v -33.2900 -3.2100 -2.3500
v 0.0000 0.0000 2.5500
v 0.0000 0.0000 -0.1300
v 0.0000 6.0000 0.0000
v -14.4100 -7.9100 -1.2900
v -0.0100 -0.0100 -0.1300
v 0.0000 2.5500 -32.8000
v -1.2900 -0.0100 -0.0100
v 0.0000 0.0000 -0.1300
v 10.2400 0.0000 0.0000
v 0.0000 6.0000 0.0000
v 0.0000 0.0000 2.5500
v 0.0000 2.5500 -32.8000
v 0.0000 6.0000 0.0000
v 7.8300 38.8600 12.2700
v -0.0100 -15.4500 -4.5800
v 0.0000 6.0000 0.0000
v 31.6400 7.7100 5.1800
v 0.0000 0.0000 2.5500
v 0.0000 2.5500 -32.7800
v 0.0000 6.0000 0.0000
v 6.0000 0.0000 0.0000
v 0.0000 0.0000 2.5500
v 0.0000 2.5500 -32.8000
v 0.0000 6.0000 0.0000
v 6.0000 0.0000 0.0000
v 0.0000 1.2800 5.2500
v 6.8600 23.0900 39.6700
v 11.9700 6.4300 -3.5100
v 36.1600 -16.7700 -4.7800
v -39.0400 12.7900 -32.7800
v 0.0000 6.0000 0.0000
v 6.0000 0.0000 0.0000
v 6.6700 -15.6900 -3.9300
v 0.0000 6.0000 0.0000
v 6.0000 0.0000 0.0000
v 0.0000 0.0000 -0.1300
v -2.2900 -10.0600 2.7400
v 2.1200 7.3900 0.3400
v -19.1700 -22.5000 -0.4000
v 7.2300 -37.8500 -17.7300
v 0.0000 0.0000 2.5500
v 0.0000 2.5500 -32.7800
v 0.0000 6.0000 0.0000
v 0.0000 0.0000 2.5500
v 0.0000 2.5500 -32.8000
v 0.0000 6.0000 0.0000
v 6.0000 0.0000 0.0000
v 21.1200 -29.9100 -10.9500
v -0.0100 -0.0100 -0.1000
v -0.0100 -33.2900 -32.8000
v 10.7300 20.8400 4.2000
v 24.6600 -37.4400 17.1200
v 23.6500 -0.6400 2.7700
v 1.8300 33.2700 -32.8000
v -0.3700 -0.0100 -3.3400
v 17.5900 -0.1300 1.2900
v 34.2300 -0.0100 -0.0100
v 0.3200 0.3200 0.3200
v 0.3200 0.3200 0.3200
v 0.3200 0.3200 0.3200
v 0.3200 0.3200 0.3200
v 0.3200 0.3200 0.3200
v 0.3200 0.3200 0.3200
v 0.3200 0.3200 0.3200
v -0.0100 -0.0100 -2.2800
v 19.3700 0.1300 12.9100
v 9.9500 12.4600 -6.5900
v 36.0700 -23.0500 -32.8000
v -3.5300 -0.0100 -0.0200
v -12.9100 1.8000 0.2300
v -32.3500 33.2700 -32.8000
v -8.4600 -0.0100 -6.7500
v -26.2900 -0.5500 0.0400
v 2.5300 0.0900 -0.1300
v 5.1200 18.0900 1.2800
v -38.2200 -12.2200 -0.1300
v 6.0000 0.0000 0.0000
v 0.0000 0.0000 -0.1300
v 6.0000 0.0000 0.0000
v 0.0000 0.0000 2.5500
v 0.0000 0.0000 -0.1300
v 0.0000 0.0000 2.5500
v 0.0000 2.5500 -32.7800
v 0.0000 0.0000 -0.6900
v 0.0000 6.0000 3.2000
v 39.0800 2.1200 -0.1300
v 0.3200 0.3200 0.3200
v 0.3200 0.3200 0.3200
v 0.3200 0.3200 0.3200
v 0.3200 0.3200 0.3200
v -2.2400 0.3200 0.3200
v -0.0100 -0.0500 -0.0100
v -0.6500 -5.1300 -2.3800
v -0.0600 35.9700 3.6900
v 12.8900 -0.0100 -16.6400
v 2.4000 0.3000 11.5800
v -3.1200 5.1400 -11.7800
v -14.9800 2.2800 1.8000
v -30.5000 -0.2300 -20.7300
v 36.0900 33.5900 -0.1300
v 26.2600 -23.8600 -0.1300
v -16.6000 7.1900 -33.2400
v 38.3900 -0.0100 -0.0800
v -0.0100 -0.0100 -0.0100
v 11.7600 26.4400 34.7500
v 0.0000 0.0000 -0.1300
v 0.0000 0.0000 -0.1300
v -28.1300 4.4700 -16.5600
v -20.5100 -35.8500 -0.0100
v -34.9700 30.7100 -32.8000
v 28.3500 0.1900 17.9400
v -39.2800 22.4700 -0.2300
v -26.6200 -0.0100 -0.1100
v 25.3000 -35.4100 -7.3500
v 37.5400 -7.6400 26.8700
v 1.2900 19.2000 25.1100
v 0.0000 0.0000 2.0400
v -0.0100 -14.2900 -13.1700
v -34.8900 -38.2500 -10.1400
v 5.5700 -13.5000 27.4800
v 29.3500 -8.2500 1.9700
v 0.3200 0.3200 0.3200
v 0.3200 0.3200 0.3200
v 0.3200 0.3200 0.3200
v 0.3200 0.3200 0.3200
v 0.3200 0.3200 0.3200
v 0.3200 0.3200 0.3200
v 0.1300 12.8000 3.1100
v -23.2300 -37.4700 -26.8200
v 4.6700 -39.0800 7.6800
v -0.6700 28.1500 -32.8000
v 1.6000 5.9400 17.1100
v -29.6300 25.5900 -0.0500
v 11.9000 26.3200 -3.9600
v -22.0100 -39.6800 13.1600
v 10.7000 8.4300 -19.1500
v 23.1800 9.0600 -6.6800
v -0.0100 -0.0100 -13.9500
v -0.0100 -0.0100 -0.0100
v 0.3200 0.3200 0.3200
v 0.3200 0.3200 0.3200
v 0.3200 0.3200 0.3200
v 0.3200 0.3200 2.5500
v -0.0100 -0.0100 -0.0100
v -5.4100 9.7500 5.1200
v -3.3600 5.1100 -15.8500
v 19.9400 2.4000 6.2200
v 0.3200 0.3200 0.3200
v 0.3200 0.3200 0.3200
v 0.3200 0.3200 0.3200
v 0.3200 0.3200 -0.1300
v 0.3200 0.3200 0.3200
v 0.3200 0.3200 0.3200
v 0.3200 0.3200 0.3200
v 0.3200 0.3200 0.3200
v 0.3200 0.3200 0.3200
v 0.3200 0.3200 0.3200
v 0.3200 0.3200 0.3200
v 4.4700 -0.0400 5.5000
v -25.4500 4.3800 -20.9000
v 35.5700 -2.0100 -15.3600
v -35.8400 0.0800 20.6400
v 7.7800 15.3600 1.7100
v -30.1600 -9.6000 29.2000
v 0.0900 0.0400 17.9500
v 2.7100 -5.3800 6.1100
v -5.4900 -2.2100 20.8300
v 0.3200 0.3200 0.3200
v 0.3200 0.3200 0.3200
v 0.3200 0.3200 0.3200
v 0.3200 0.3200 0.3200
v 0.3200 0.3200 0.3200
v 0.3200 0.3200 0.3200
v 0.3200 0.3200 0.3200
v 0.3200 0.3200 0.3200
v 0.3200 0.3200 0.0100
v 0.0000 0.0000 3.9600
v -2.5600 0.0000 0.0000
v 23.0300 -0.4100 -0.0100
v -25.4100 -9.5600 33.4300
v -0.4100 -0.0100 -4.3100
v -20.4900 -0.0100 -0.0100
v 8.9700 20.4700 -32.8000
v 36.0400 10.5600 -10.8400
v -0.0100 -0.0100 -0.4800
v 34.0000 14.6700 -0.1300
v 0.0000 0.0000 2.0900
v 0.0000 -39.6800 1.6000
v 0.3200 0.3200 0.3200
v 0.3200 0.3200 0.3200
v 0.3200 0.3200 0.3200
v 0.3200 0.3200 0.3200
v -15.3700 0.0000 0.0000
v 39.1900 -0.0900 -0.0200
v -15.5300 -20.4900 -0.1300
v -0.0100 -0.0100 -0.0100
v -29.5400 -7.4500 -0.0500
v -6.9300 -8.9000 -6.8400
v 11.9100 -6.9500 31.9000
v -3.7100 -27.2900 -15.2700
v 6.4000 37.0000 -31.6200
v 0.3200 0.3200 0.3200
v 0.3200 0.3200 0.3200
v 0.3200 0.3200 0.3200
v 0.3200 0.3200 0.3200
v 0.3200 0.3200 0.3200
v 0.3200 0.3200 0.3200
v 0.3200 0.3200 0.3200
v -0.0100 -14.2000 29.5600
v -2.6300 -2.4200 -23.1200
v -37.7200 0.2500 -24.8700
v -13.4400 1.0400 1.8200
v 36.1000 -1.6800 13.3800
v -0.0100 -1.2900 -0.0100
v 35.8300 -0.0300 12.8300
v 38.8300 -7.4600 -28.4900
v 1.7500 -0.0100 -13.4100
v 11.3500 39.1600 -12.4500
v 3.8800 -1.0300 0.2100
v 32.5900 -0.1900 -13.3700
v 27.3600 37.6000 27.0300
v -19.6400 29.1100 -4.0000
v 0.0000 0.0000 2.5500
v 37.5000 0.0000 0.0000
v 0.3200 0.3200 0.3200
v 0.3200 0.3200 0.3200
v 0.3200 0.3200 0.3200
v 0.3200 0.3200 0.3200
v 0.3200 0.3200 0.3200
v 0.3200 0.3200 0.3200
v 0.3200 0.3200 0.3200
v 0.3200 0.3200 0.3200
v -3.1700 20.5200 -35.2200
v -0.9500 -28.1700 -1.0300
v -0.7500 0.0400 10.9200
v -24.0700 31.3300 9.6200
v -0.0100 -0.0100 -0.0100
v 0.3200 0.3200 0.3200
v 0.3200 0.3200 0.3200
v 0.3200 0.3200 0.3200
v 0.3200 0.3200 0.3200
v 0.3200 0.3200 0.3200
v 0.3200 0.3200 0.3200
v 0.3200 0.3200 0.3200
v 11.5200 22.8000 10.2400
v 0.0000 1.6000 0.1400
v 8.5000 30.7100 -32.8000
v 1.8800 2.3700 19.1000
v -19.0000 -20.2000 -18.6100
v 0.0000 0.0000 2.5500
v 0.0000 2.5500 -32.7800
v 0.0000 6.0000 0.0000
v 0.0000 2.2500 32.9500
v 0.8600 15.3600 10.2000
v 10.3100 -3.3000 -12.2100
v -13.5300 0.0800 1.0200
v 1.2700 -3.2400 8.9300
v -3.5500 13.0500 -12.3500
v -0.1000 -4.0100 -35.2200
v -10.2400 0.0000 39.0300
v -10.1000 1.9700 36.6000
v 14.3900 -27.8900 -0.2500
v -0.0100 -0.0100 -27.9800
v 35.2600 -2.1200 -15.4700
v -20.3300 5.5000 -0.3400
v -4.9700 -2.1000 0.5700
v -7.9700 12.1200 -0.1300
v -1.6800 0.0000 0.0000
v 0.0000 0.0000 -0.1300
v 6.0000 0.0000 0.0000
v 0.0000 0.0000 2.5500
v 0.0000 0.0000 -0.1300
v 0.0000 0.0000 2.5500
v 0.0000 2.5500 -32.7800
v 0.0000 6.0000 0.0000
v 0.0000 0.0000 2.5500
v 0.0000 2.5500 -32.8000
v 0.0000 6.0000 0.0000
v 6.0000 0.0000 0.0000
v 0.0000 0.0000 -0.1300
v 0.0000 2.5500 -32.8000
v 0.0000 6.0000 0.0000
v 6.0000 0.0000 0.0000
v -4.6100 18.9400 22.7200
v 0.3200 0.3200 0.3200
v 0.3200 0.3200 0.3200
v 0.3200 0.3200 0.3200
v 0.3200 0.3200 0.3200
v 0.0000 0.3200 0.3200
v 0.3200 0.3200 0.3200
v 0.3200 0.3200 0.3200
v 0.3200 0.3200 0.3200
v 0.3200 0.8200 2.7200
v -2.7900 -26.0900 -26.0400
v -0.0400 -7.8200 6.6900
v -8.9200 25.3400 -20.0500
v -0.0100 -0.0100 -32.7800
v 0.3200 0.3200 0.3200
v 0.3200 0.3200 0.3200
v 0.3200 0.3200 0.3200
v 0.3200 0.3200 0.3200
v 6.0000 0.0000 0.0000
v 0.3200 0.3200 0.3200
v 0.3200 0.3200 0.3200
v 0.3200 0.3200 0.3200
v 0.3200 0.3200 0.3200
v 0.3200 0.3200 0.3200
v 0.3200 0.3200 0.3200
v 0.3200 0.3200 0.3200
v 0.3200 0.3200 0.3200
v -8.6100 -1.2200 -19.0400
v 2.9300 -6.5900 -6.4100
v 0.0000 0.0000 2.1800
v -4.1900 13.4300 -2.9200
v -26.8900 -0.0100 -1.4900
v 1.0200 7.3100 9.0200
v 18.4300 -0.0100 -0.3600
v -0.0100 -0.0100 -0.8300
v -0.4900 -0.0100 -0.5000
v 7.7400 28.7600 2.2100
v 28.2000 0.0000 0.0000
v 0.0000 0.0000 1.1400
v -0.0100 -18.0900 -3.3200
v 38.4600 0.0000 0.0000
v 0.0000 2.5500 -32.8000
v 0.0000 0.0000 0.4300
v 0.0000 0.4300 -33.6800
v 0.4300 -33.6800 0.0000
v 1.7600 13.8800 2.4800
v 13.8800 2.4800 0.0000
v 2.4800 0.0000 0.0000
v -20.4800 0.0000 0.0000
v -38.4100 -0.0100 -0.0100
v -0.2500 4.8600 -0.0600
v 0.0000 5.1100 -32.8000
v 4.1800 30.8300 -0.1300
v -0.0100 -2.3700 37.1900
v 20.4800 4.1600 0.7800
v -7.9300 -25.6100 -32.7800
v 5.1500 3.9200 0.0700
v -28.0100 -39.6800 -10.4800
v 0.0000 0.0000 2.5500
v -1.2800 10.4500 5.1700
v 0.0000 0.0000 20.2100
v -33.6800 0.0000 0.0000
v 0.0000 0.0000 2.5500
v 0.0000 0.0000 -0.1300
v 0.0000 0.0000 0.4300
v 1.7600 13.8800 2.4800
v -20.4800 2.5500 -30.0000
v -22.8500 -23.2500 -0.1300
v -0.5100 -14.7900 -0.1300
v -22.5200 -13.9100 -28.2500
v 33.3300 15.9900 -0.1300
v 20.8300 -32.5300 -0.1300
v 0.0000 2.5500 -32.7800
v 0.3200 0.3200 0.3200
v 0.3200 0.3200 0.3200
v 0.3200 0.3200 0.3200
v 0.3200 0.3200 0.3200
v 0.3200 0.3200 0.3200
v 0.3200 0.3200 0.3200
v 0.3200 0.3200 0.3200
v 0.0000 -18.2400 4.2800
v 0.0000 27.7000 7.0500
v 13.4700 -39.6700 -2.6600
v -0.0800 -16.0100 -0.0100
v 21.1800 0.4500 14.1900
v 0.0000 0.0000 1.0600
v 0.0000 0.1400 -20.1200
v 10.2500 11.7200 12.7900
v -0.0100 -0.0100 -13.9800
v 24.3200 2.5500 -32.8000
v 0.0000 2.0800 1.8400
v 0.1000 3.5500 -34.1700
v -14.6000 20.4800 0.0000
v 0.0000 0.0000 2.5500
v 0.0000 2.5500 -32.7800
v 0.0000 0.0000 0.4300
v 0.0000 0.4300 -33.6800
v 1.7600 13.8800 2.4800
v -33.6800 0.0000 0.0000
v 13.8800 2.4800 0.0000
v -20.4800 0.0000 0.0000
v 0.0000 0.0000 2.5500
v 0.0000 2.5500 -32.8000
v 0.0000 0.0000 0.4300
v 0.0000 0.4300 -33.6800
v 0.4300 -33.6800 0.0000
v 1.7600 13.8800 2.4800
v 13.8800 2.4800 0.0000
v 2.4800 0.0000 0.0000
v -20.4800 0.0000 0.0000
v 0.0000 0.0000 -0.1300
v 0.0000 2.5500 -32.8000
v 0.0000 0.4300 -33.6800
v 0.4300 -33.6800 0.0000
v 13.8800 2.4800 0.0000
v 2.4800 0.0000 0.0000
v 17.3400 -0.0100 -23.4800
v -32.0500 1.6000 -31.3700
v -38.4700 -34.8800 -17.7500
v 6.5400 13.6400 -35.4900
v 20.2100 -29.0300 -10.0200
v -26.2300 -1.7300 12.2300
v -21.7700 -0.2300 -6.7000
v 26.0200 11.6300 37.5000
v -22.1400 -31.0200 0.9200
v -26.2900 -5.5000 18.1200
v 0.0000 0.0000 2.5500
v 0.0000 2.5500 -32.7800
v 0.0000 0.0000 0.4300
v 1.7600 13.8800 2.4800
v -33.6800 0.0000 0.0000
v -20.4800 0.0000 0.0000
v 0.0000 0.0000 2.5500
v 0.0000 2.5500 -32.8000
v -6.2600 30.2200 5.8600
v -0.9300 -33.5800 19.7600
v 8.3500 18.3700 -0.1100
v -0.0500 -0.0100 -0.1300
v -0.0100 -0.0100 -0.0100
v -0.0100 -8.1300 19.2400
v -20.1300 -10.2600 -4.6500
v 0.1400 1.0500 -0.1300
v -0.0200 28.1500 -32.7800
v -33.6800 0.0000 0.4300
v 0.0000 0.4300 -33.6800
v 1.7600 13.8800 2.4800
v 13.8800 2.4800 0.0000
v -20.4800 0.0000 0.0000
v 0.0000 0.0000 -0.1300
v 0.0000 2.5500 -32.8000
v -0.0100 -0.3300 -0.0100
v 13.8800 2.4800 0.0000
v -20.4800 0.0000 0.0000
v 0.0000 0.0000 -0.1300
v -0.0100 -18.5000 28.1600
v 22.4000 10.2300 -32.8000
v 10.3400 5.1900 12.4800
v 2.2400 13.8800 2.4800
v -29.2300 -25.2000 31.9600
v 0.0000 0.4300 -33.6800
v 0.4300 -33.6800 0.0000
v -33.6800 0.0000 0.0000
v 13.8800 2.4800 0.0000
v 2.4800 0.0000 0.0000
v 0.0000 0.0000 2.5500
v 0.0000 0.0000 -0.1300
v 0.4300 -33.6800 0.0000
v 0.0000 2.5500 -32.8000
v 13.8800 2.4800 0.0000
v 0.3200 0.3200 0.3200
v 0.3200 0.3200 0.3200
v 0.3200 0.3200 0.3200
v 0.3200 0.3200 0.3200
v 30.7800 27.9600 24.3700
v -14.0500 -37.7900 -0.1300
v -0.0100 -22.1900 -10.9800
v -0.0100 -0.0100 -3.3300
v -1.3100 -8.0100 -10.6400
v -0.0100 -10.4700 25.6600
v -19.1500 20.9900 8.5900
v -0.1700 -0.0100 -32.8000
v -0.0100 -0.0100 -0.0100
v -0.0100 -0.0100 -2.8200
v 0.8500 9.6600 -1.9200
v 0.3200 0.3200 0.3200
v 0.3200 0.3200 0.3200
v 0.3200 0.3200 0.3200
v 0.3200 0.3200 2.5500
v 0.3200 0.3200 0.3200
v 0.3200 0.3200 0.3200
v 0.3200 0.3200 0.3200
v 0.3200 0.3200 0.3200
v -1.6900 -23.6800 -18.6900
v 23.2400 11.6400 -0.1300
v 0.0000 0.0000 2.0800
v 0.0000 0.0000 1.4000
v -1.4500 -21.9500 -10.9400
v 21.8100 2.7200 16.8000
v -30.0000 -10.4400 31.3800
v -3.7100 3.9800 -16.3800
v -8.4500 -0.0100 -0.4900
v 0.0400 0.0000 0.0000
v -0.0100 -0.0100 -0.0100
v -24.2900 36.0000 5.7700
v 0.2700 1.1000 -0.1300
v 0.0000 0.0000 1.0600
v 0.0000 0.0000 1.4900
v 0.0000 1.6000 1.0200
v 0.0000 0.0000 2.4100
v -25.6000 0.0000 0.0000
v 0.0000 1.6000 1.7000
v 0.0000 0.6400 1.0900
v 0.0000 0.0000 1.2800
v 5.2600 0.0000 -19.4000
v -1.6400 -21.4000 6.0400
v -2.5700 -0.0100 -0.5100
v 8.5300 -8.4500 -15.9300
v -0.0100 -0.0100 -0.0100
v -0.0100 -0.0100 -0.0100
v 0.0000 0.0000 2.0100
v -8.4800 0.0000 0.0000
v -0.0100 -0.0100 -0.2100
v -26.5500 0.0000 0.0000
v -28.3500 0.0000 0.0000
v 0.0000 1.4400 0.0400
v 0.0000 21.3900 26.8100
v 28.4000 32.3400 36.2900
v -14.2700 -0.6400 -0.1300
v -0.0100 -0.0100 -0.0100
v -0.0100 -0.0100 -0.0100
v -0.2300 -13.2500 -7.0500
v 23.9900 -25.1500 -29.8000
v 0.0000 0.0000 2.3300
v 1.2800 0.0000 23.1500
v 1.8400 0.0000 2.2000
v 2.0400 0.0100 13.7500
v 0.0000 1.9200 0.0100
v 3.7100 31.6100 33.1400
v -26.5100 -26.8900 -0.1300
v 0.0000 2.0800 0.0000
v 0.0000 0.0000 1.9200
v 0.0000 1.2800 0.0100
v 2.0800 0.0900 -0.1300
v 1.8600 -34.8700 -39.4400
v -2.9200 -2.5700 -0.0200
v -0.0100 -0.0300 -11.9300
v -32.5000 25.7000 -5.0700
v 0.0000 1.6700 0.0000
v 0.0000 0.0000 1.5000
v 12.2300 -20.6200 33.1900
v -0.0100 -1.8400 -3.6500
v -0.0100 -0.0100 -1.1500
v -9.2700 -19.2100 -0.0100
v 0.0000 0.0000 1.4500
v 3.3300 -36.4500 26.6700
v -0.0100 -0.0100 -0.0300
v 1.5400 0.0000 21.9800
v 26.4300 1.3200 26.6000
v -6.4000 0.0000 0.0000
v 0.0000 2.2400 0.0500
v 0.0000 0.0000 1.4400
v 0.0000 0.0000 1.7200
v -9.8300 -3.6300 -29.1400
v 0.0000 0.0000 2.5300
v -34.4800 31.6600 -25.5000
v 13.6100 19.0100 37.3200
v 18.4600 25.0100 -26.7500
v -2.0900 -7.6900 -0.1800
v -3.9700 14.6100 -0.0100
v 7.6700 -0.0100 -0.0100
v 2.2400 7.1600 1.7100
v -2.8100 -2.1600 -0.1300
v -0.0100 -0.0100 -4.8000
v -0.0100 -0.0100 -0.2600
v -0.2700 -21.4500 37.8400
v 0.0000 0.0000 2.4900
v -27.0500 7.3500 17.5100
v 0.0000 2.0800 0.2100
v 0.0000 0.0000 1.3300
v -0.0100 -0.0100 -10.4000
v 1.3000 0.0100 1.2900
v 0.0000 0.0000 2.2800
v -25.6100 -0.4300 29.7000
v 27.7200 -0.3300 -17.7500
v 0.0000 0.0000 2.4900
v 0.0000 1.6100 1.2500
v -20.6500 -18.1100 -0.6700
v 39.4600 8.0000 -0.1300
v 0.0000 0.0000 0.3200
v 0.3200 0.3200 0.3200
v 0.3200 0.3200 0.3200
v 0.3200 0.3200 0.3200
v 0.3200 0.3200 0.3200
v 0.3200 0.3200 0.3200
v 0.3200 0.3200 0.3200
v 0.3200 0.3200 0.3200
v 0.3200 0.3200 0.3200
v 0.3200 0.3200 0.3200
v 0.3200 0.3200 0.3200
v 0.3200 0.3200 0.3200
v 0.3200 0.3200 0.3200
v 0.3200 0.3200 0.3200
v 0.3200 0.3200 0.3200
v 0.3200 0.3200 0.3200
v -12.8200 -0.3300 -2.5600
v -0.3300 -0.5100 -1.0600
v -2.0900 -1.1800 -1.5500
v -1.0100 -39.9300 -27.3000
v -11.1400 35.9800 6.6400
v -0.0100 37.2600 31.1700
v 38.0100 -25.0500 30.1800
v -17.7800 -10.5800 24.4200
v 0.3200 0.3200 0.3200
v 0.3200 2.5500 -32.8000
v 0.3200 0.3200 0.3200
v 0.3200 0.3200 0.3200
v 0.3200 0.3200 0.3200
v 0.3200 0.3200 0.3200
v 5.6500 17.2700 -7.0400
v -28.7500 -2.1500 -33.9500
v 26.8900 4.6400 -0.1300
v -28.3300 -31.4800 -10.5700
v 16.1200 0.3200 0.3200
v 0.3200 0.3200 0.3200
v 0.3200 0.3200 0.3200
v 0.3200 0.3200 0.3200
v 0.3200 2.5500 -32.7800
v 0.3200 0.3200 0.3200
v 0.3200 0.3200 0.3200
v 0.3200 0.3200 0.3200
v 0.3200 0.3200 0.3200
v 21.2100 -39.6100 -6.9600
v 0.3200 0.3200 0.3200
v 0.3200 0.3200 0.3200
v 0.3200 0.3200 0.3200
v 0.3200 0.3200 0.3200
v 0.3200 0.3200 0.3200
v 23.1500 -0.0100 -0.6400
v 0.0000 0.0000 -0.1300
v 0.0000 2.5500 -32.8000
v 0.0000 0.0000 0.7100
v -2.4100 2.7800 -10.5000
v 0.0000 0.0000 2.9200
v 5.4300 -0.0100 -25.6100
v 11.3300 -0.2700 -3.3400
v 22.4600 -10.2500 -0.0400
v -0.0100 -0.6500 -20.5100
v 0.3200 0.3200 0.3200
v 0.3200 0.3200 0.3200
v 0.3200 0.3200 0.3200
v 0.3200 0.3200 -0.1300
v -33.0500 -28.8100 -0.0100
v -1.6100 -1.7700 -13.8800
v 0.3200 0.3200 0.3200
v 0.3200 0.3200 0.3200
v 0.3200 0.3200 0.3200
v 0.3200 0.3200 0.3200
v 1.0300 -19.3200 12.6900
v 0.0000 0.0000 2.5500
v 0.0000 0.0000 -0.1300
v 0.0000 6.0000 0.0000
v 6.0000 0.0000 0.0000
v 0.0000 0.0000 2.5500
v 0.0000 2.5500 -32.8000
v 0.0000 6.0000 0.0000
v 6.0000 0.0000 0.0000
v 0.0000 2.2400 0.0000
v 24.7800 -0.0100 -32.8000
v 33.4400 -33.2600 -39.0300
v 6.0000 0.0000 0.0000
v 5.7400 -32.9100 -0.1300
v 0.0000 0.0000 -0.1300
v -0.6500 -4.2700 -37.9900
v 11.3200 -0.0300 -29.8500
v 0.0000 0.0000 -0.1300
v 0.0000 2.5500 -32.8000
v 0.0000 6.0000 0.0000
v 6.0000 0.0000 0.0000
v 0.0000 0.0000 -0.1300
v 6.0000 0.0000 0.0000
v 0.0000 0.0000 0.2500
v 0.0000 0.0000 2.5500
v 0.0000 2.5500 -32.8000
v 0.0000 6.0000 0.0000
v 6.0000 0.0000 0.0000
v 0.0000 0.0000 -0.1300
v 0.0000 2.5500 -32.8000
v 0.0000 6.0000 0.0000
v 6.0000 0.0000 0.0000
v 0.0000 0.0000 -0.1300
v 3.5800 -7.5800 12.3500
v -6.8500 15.7400 8.0200
v -0.0100 -30.5800 -0.1300
v 0.0000 6.0000 0.0000
v 6.0000 0.0000 0.0000
v 0.0000 0.0000 -0.1300
v 0.0000 2.5500 -32.8000
v 0.0000 6.0000 0.0000
v 6.0000 0.0000 0.0000
v 0.0000 0.0000 -0.1300
v 0.0000 2.5500 -32.8000
v 6.0000 0.0000 0.0000
v 0.0000 0.0000 2.5500
v 0.0000 0.0000 -0.1300
v -22.4100 2.2700 32.0600
v -0.0100 -0.0100 -4.7500
v -10.8800 5.1700 -24.0700
v 0.0000 6.0000 0.0000
v 6.0000 0.0000 0.0000
v -0.1100 10.8100 -24.5100
v -6.1500 20.7900 32.6300
v -3.0200 -0.6500 -15.3800
v -13.4600 -21.2900 -0.0200
v 7.8000 33.2700 -32.8000
v -0.0100 -0.0400 -6.4100
v -16.1600 0.0000 0.0000
v 0.0000 6.0000 0.0000
v 0.0000 0.0000 2.5500
v 0.0000 2.5500 -32.8000
v 0.0000 6.0000 0.0000
v 6.0000 0.0000 0.0000
v 0.0000 0.0000 -0.1300
v 0.0000 2.5500 -32.8000
v 0.0000 6.0000 0.0000
v 6.0000 0.0000 0.0000
v 0.0000 0.0000 -0.1300
v 6.0000 0.0000 0.0000
v 0.0000 0.0000 2.5500
v 0.0000 0.0000 -0.1300
v 0.0000 0.0000 2.5500
v 0.0000 2.5500 -32.7800
v 0.0000 6.0000 0.0000
v 0.0000 0.0000 2.5500
v 0.0000 2.5500 -32.8000
v 0.0000 6.0000 0.0000
v 6.0000 0.0000 0.0000
v -0.0100 -0.0400 -11.8600
v -0.0100 -2.0600 5.1000
v 0.3200 0.3200 0.3200
v 0.3200 0.3200 0.3200
v 0.3200 0.3200 0.3200
v 0.3200 0.3200 0.3200
v 0.3200 0.3200 0.3200
v 0.3200 0.3200 0.3200
v 0.3200 0.3200 0.3200
v 0.3200 0.3200 0.3200
v -0.0100 -16.1000 -16.8800
v -27.4200 -23.3200 -23.5800
v 0.0000 6.0000 0.0000
v 6.0000 0.0000 0.0000
v 0.0000 0.0000 -0.1300
v 0.0000 2.5500 -32.8000
v -0.0100 -0.0600 -0.1300
v 6.0000 0.0000 0.0000
v 0.0000 0.0000 -0.1300
v 0.0000 2.5500 -32.8000
v 0.0000 0.0000 23.0600
v -23.2500 -4.2400 -4.8400
v 30.7100 -6.9100 -0.0400
v -0.0100 -0.0100 -0.0100
v 0.0000 0.0000 2.5500
v 0.0000 0.0000 -0.1300
v 2.5600 0.0000 0.0000
v 0.0000 6.0000 0.0000
v 0.0000 0.0000 2.5500
v 0.0000 2.5500 -32.7800
v 0.0000 6.0000 0.0000
v 6.0000 0.0000 0.0000
v 0.0000 0.0000 2.5500
v 0.0000 2.5500 -32.8000
v 0.0000 6.0000 0.0000
v 6.0000 0.0000 0.0000
v 0.0000 0.0000 -0.1300
v 0.0000 2.5500 -32.8000
v 6.0000 0.0000 0.0000
v 0.0000 0.0000 -0.1300
v 0.0000 0.0000 2.5500
v 0.0000 0.0000 -0.1300
v 0.0000 6.0000 0.0000
v 0.0000 0.0000 2.5500
v 0.0000 2.5500 -32.7800
v 0.0000 6.0000 0.0000
v 6.0000 0.0000 0.0000
v 0.0000 0.0000 2.5500
v 0.0000 2.5500 -32.8000
v 0.0000 6.0000 0.0000
v 6.0000 0.0000 0.0000
v 0.0000 0.0000 -0.1300
v 0.0000 2.5500 -32.8000
v 25.1200 23.6800 4.7900
v 0.0000 0.0000 -0.1300
v 0.0000 1.6000 0.4000
v -0.0100 -0.0100 -23.4600
v 0.3200 0.3200 0.3200
v 0.3200 0.3200 0.3200
v 0.3200 0.3200 0.3200
v 0.3200 0.3200 0.3200
v 0.3200 0.3200 0.3200
v 0.3200 0.3200 0.3200
v 0.3200 0.3200 0.3200
v 0.3200 0.3200 0.3200
v 4.2600 -13.8100 29.6900
v 6.0000 0.0000 0.0000
v 0.0000 0.0000 2.5500
v 0.0000 0.0000 -0.1300
v 0.3200 0.3200 0.3200
v 0.3200 0.3200 0.3200
v 0.3200 0.3200 0.3200
v 0.3200 0.3200 0.3200
v 0.3200 0.3200 0.3200
v -30.7300 0.0000 0.0000
v 23.0100 6.4900 24.8700
v -14.4100 -29.1500 -14.1700
v -11.3800 36.7200 5.2200
v 0.0000 0.0000 1.5100
v 25.9600 7.4100 33.3000
v 38.0600 -18.5200 11.0800
v 28.0900 23.1800 -0.1300
v -7.5900 -0.8500 23.7000
v 11.6100 -4.0700 -5.3700
v 0.3200 0.3200 0.3200
v 0.3200 0.3200 0.3200
v 0.3200 0.3200 0.3200
v 0.3200 0.3200 -0.1300
v 0.3200 0.3200 0.3200
v 0.3200 0.3200 0.3200
v 0.3200 0.3200 0.3200
v 0.3200 0.3200 0.3200
v 29.0400 35.8300 -0.0100
v -0.0100 -0.0100 -32.8000
v 0.3200 0.3200 0.3200
v 0.3200 0.3200 0.3200
v 0.3200 0.3200 0.3200
v 0.3200 0.3200 0.3200
v 0.3200 0.3200 0.3200
v 0.3200 0.3200 0.3200
v 0.3200 0.3200 0.3200
v 0.3200 0.3200 0.3200
v 19.8700 -30.9300 15.5500
v -0.0100 -0.0100 -0.0100
v 22.0200 24.8200 23.2900
v -0.2400 13.5200 0.0600
v -13.4000 12.2600 3.2900
v -8.3200 -9.0400 13.9600
v 13.2800 -27.1000 -2.0400
v -0.0100 -1.5300 -0.1300
v 0.3200 0.3200 0.3200
v 0.3200 0.3200 0.3200
v 0.3200 0.3200 0.3200
v 0.3200 2.5500 -32.7800
v 0.3200 0.3200 0.3200
v 0.3200 0.3200 0.3200
v 0.3200 0.3200 0.3200
v 0.3200 0.3200 0.3200
v -0.0600 0.4000 18.2800
v 16.4200 -7.9900 -24.1600
v 0.9900 31.4400 0.0000
v 0.0000 0.0000 -0.1300
v 20.5300 6.4000 20.4300
v 19.1900 -0.1400 24.3900
v 0.0000 2.5500 -32.8000
v 0.0000 6.0000 0.0000
v 6.0000 0.0000 0.0000
v 0.0000 0.0000 -0.1300
v 0.0000 2.5500 -32.8000
v 0.0000 6.0000 3.2000
v 39.7900 24.9300 -0.0600
v 0.0000 6.0000 0.0000
v 0.3200 0.3200 0.3200
v 0.3200 0.3200 0.3200
v 0.3200 0.3200 0.3200
v 0.3200 0.3200 0.3200
v 0.3200 0.3200 0.3200
v 0.3200 0.3200 0.3200
v 0.3200 0.3200 0.3200
v 3.3400 2.5500 -32.8000
v 23.8900 32.6500 23.9500
v 0.0000 0.0000 -0.1300
v 0.0000 2.5500 -32.8000
v 0.0000 0.0000 0.1700
v 0.0000 0.0000 5.4400
v -0.0100 -0.0600 -0.1300
v 2.6100 -22.0200 -11.4100
v -0.0100 -0.0100 -6.0000
v -0.1200 -0.0200 -1.8300
v -0.5900 -2.4700 -0.1300
v 23.9400 -14.0800 30.7200
v -4.7000 34.4400 -0.0100
v 0.0500 24.1400 18.1500
v -0.0100 -0.0100 -0.7100
v 0.3200 0.3200 0.3200
v 0.3200 0.3200 0.3200
v 0.3200 0.3200 0.3200
v 0.3200 0.3200 0.3200
v 0.3200 0.3200 0.3200
v 0.3200 0.3200 0.3200
v 0.3200 0.3200 0.3200
v 0.3200 0.3200 0.3200
v -0.0700 -38.1500 -13.1200
v 31.0700 25.6000 26.9100
v -0.9100 21.2700 -3.7400
v 4.2600 15.3500 -32.8000
v 0.0000 20.5600 12.9000
v 0.0000 6.0000 0.0000
v 0.3200 0.3200 0.3200
v 0.3200 0.3200 0.3200
v 0.3200 0.3200 0.3200
v 0.3200 0.3200 -0.1300
v 39.6800 0.0000 1.7600
v -22.5800 29.5100 0.4200
v -7.1300 33.2800 1.0200
v 2.8800 0.3200 0.3200
v 0.3200 0.3200 0.3200
v 0.3200 0.3200 0.3200
v 0.3200 0.3200 0.3200
v 0.3200 2.5500 -32.8000
v 20.4600 -28.4900 -12.1400
v 26.1500 -0.5100 -0.0100
v 33.3500 7.6700 -32.7800
v 0.3200 0.3200 0.3200
v 0.3200 0.3200 0.3200
v 0.3200 0.3200 0.3200
v 0.3200 0.3200 0.3200
v 29.1000 21.3000 5.4400
v -23.9100 -8.4000 17.7800
v -24.8900 12.8000 21.3600
v -23.3200 -20.2100 15.5300
v 0.3200 0.3200 0.3200
v 0.3200 0.3200 0.3200
v 0.3200 0.3200 0.3200
v 0.3200 0.3200 -0.1300
v 0.3200 0.3200 0.3200
v 0.3200 0.3200 0.3200
v 0.3200 0.3200 0.3200
v 0.3200 0.3200 0.3200
v -30.7300 0.0000 0.0000
v -0.0100 -0.0100 -30.0200
v -0.0100 -3.7000 16.4900
v -26.4800 -13.3100 2.5500
v -34.2400 -35.9400 -0.2100
v -31.5300 13.6600 27.1800
v -4.8100 10.2500 -0.1300
v -30.4000 7.4300 -19.8500
v 0.3200 0.3200 0.3200
v 0.3200 0.3200 0.3200
v 0.3200 0.3200 0.3200
v 0.3200 0.3200 0.3200
v 0.3200 0.3200 0.3200
v 0.3200 0.3200 0.3200
v 2.4500 -0.9700 23.9000
v 0.3200 0.3200 0.3200
v 0.3200 0.3200 0.3200
v 0.3200 0.3200 0.3200
v 0.3200 0.3200 0.3200
v 0.3200 0.3200 0.3200
v 0.3200 0.3200 0.3200
v 0.3200 0.3200 0.3200
v 0.3200 0.3200 0.0900
v -3.8500 -0.0100 -11.2800
v -20.8900 -0.1500 -33.3600
v 0.3200 0.3200 0.3200
v 0.3200 0.3200 0.3200
v 0.3200 0.3200 0.3200
v 0.3200 0.3200 0.3200
v 0.3200 0.3200 0.3200
v 0.3200 0.3200 0.3200
v 0.3200 0.3200 0.3200
v 0.3200 0.3200 0.3200
v 0.6900 -10.9000 -0.1300
v -14.6700 -22.3400 20.6800
v 0.0000 6.0000 0.0000
v 8.0000 -10.2500 -30.7000
v -12.7500 18.1700 -0.9000
v 9.0200 30.1200 8.9300
v 0.0000 0.0000 -0.1300
v 21.7500 -0.0300 13.4800
v 0.0000 28.1500 -32.7800
v -27.9200 20.7400 -4.7400
v -39.6600 -4.8400 25.5600
v 18.8600 26.3600 1.2400
v -20.4900 -2.5700 -32.8000
v -1.1300 -9.0900 20.8000
v 5.5300 -30.4200 21.3100
v -0.0100 -0.2900 0.8600
v -0.0100 20.5500 -16.8500
v 21.2700 -0.0100 -0.0100
v -6.7700 -7.6900 -32.8000
v -11.9500 -14.0900 -0.0200
v -29.8500 -19.0000 10.2300
v 11.8800 16.8000 0.0400
v 30.9200 23.6700 -1.3400
v -1.3500 -27.6700 -13.1900
v 10.9400 -3.0000 13.4700
v -20.4800 13.7600 10.8000
v 37.2100 7.2900 -19.4900
v 18.3200 -23.3600 36.7000
v 15.1200 36.7300 -17.0700
v -12.7600 -20.0000 16.9700
v -0.0100 -0.0600 -0.0100
v 0.0000 0.0000 2.5500
v 0.3200 0.3200 0.3200
v 0.3200 0.3200 0.3200
v 0.3200 0.3200 0.3200
v 0.3200 0.3200 -0.1300
v 0.3200 0.3200 0.3200
v 0.3200 0.3200 0.3200
v 0.3200 0.3200 0.3200
v 0.3200 0.3200 0.3200
v -35.8800 -1.1200 21.1300
v -0.0100 -0.0100 -15.6300
v 7.4600 12.8400 21.8400
v 33.9100 -0.0100 -0.4500
v 39.2100 26.2800 -5.3200
v 0.3200 0.3200 0.3200
v 0.3200 0.3200 0.3200
v 0.3200 0.3200 0.3200
v 0.3200 0.3200 0.3200
v 0.3200 0.3200 0.3200
v 0.3200 0.3200 0.3200
v 0.3200 0.3200 0.3200
v 0.3200 0.3200 0.3200
v -0.0100 5.1500 2.4600
v 26.7200 -35.0200 -1.8900
v 8.2300 -37.2800 1.0400
v -4.1700 -0.0100 -0.0100
v 20.4800 26.6200 -0.0100
v 30.9400 33.7300 -0.1300
v -39.3700 0.6500 28.6900
v 7.9100 -26.6400 -31.9800
v 23.1500 -37.9500 -9.0400
v 2.2400 2.5900 -35.8400
v -0.0100 -28.1600 -14.8600
v 5.7100 3.2300 -9.5400
v -27.9600 36.6400 10.0800
v 0.3200 0.3200 0.3200
v 0.3200 0.3200 0.3200
v 0.3200 0.3200 0.3200
v -38.8000 -17.9300 -32.8000
v -12.3100 2.6500 24.6800
v 14.9000 -15.3600 0.5700
v -22.8600 1.0700 -4.3700
v 7.8900 1.9600 16.1600
v 7.9500 37.3000 -0.1300
v -34.1600 7.6700 -32.8000
v -0.4100 -0.0100 -0.0100
v 19.3500 -5.1300 -0.7300
v 11.8600 10.3800 3.0500
v -28.1600 6.3300 -4.4700
v -0.0300 -0.0100 -0.2200
v -33.2100 0.4800 31.3500
v -2.0300 -35.2700 35.0900
v 7.9200 28.1500 -32.8000
v 9.9200 -17.6100 2.0000
v 4.5900 -0.0100 -0.0100
v -0.0100 -8.9700 5.0500
v 0.3200 0.3200 0.3200
v 0.3200 0.3200 0.3200
v 0.3200 0.3200 0.3200
v 0.3200 0.3200 0.3200
v 0.3200 0.3200 0.3200
v 0.3200 0.3200 0.3200
v 0.3200 0.3200 0.3200
v 0.3200 0.3200 0.3200
v -2.5600 0.0000 0.0000
v 1.2600 -11.1600 28.2200
v 33.2700 -8.4500 -0.0400
v -0.0100 -0.0100 -0.0100
v -13.1400 -17.6700 -30.3300
v -13.0300 -3.8300 -30.2500
v 34.4800 -12.9000 -18.5600
v -22.2300 -7.7100 -0.1300
v 15.3700 23.7600 27.5900
v -0.0100 -2.1700 -32.6400
v -13.7200 26.8700 -0.0800
v 0.0000 6.0000 0.0000
v 0.0000 0.0000 2.5500
v 0.0000 2.5500 -32.7800
v 0.0000 6.0000 0.0000
v 6.0000 0.0000 0.0000
v 0.0000 0.0000 2.5500
v 0.0000 2.5500 -32.8000
v 0.0000 6.0000 0.0000
v 6.0000 0.0000 0.0000
v 1.2800 1.6300 27.6100
v 20.3200 33.2700 -32.8000
v 0.3200 0.3200 0.3200
v 0.3200 0.3200 0.3200
v 0.3200 0.3200 0.3200
v 0.3200 0.3200 0.3200
v -30.7800 -2.5600 0.0000
v 5.2800 30.0800 3.3300
v -0.2300 -28.1700 -32.8000
v -20.4900 -3.2100 -12.6300
v 33.6300 5.7500 -5.5100
v 1.3600 0.6500 1.9400
v 1.0700 30.5100 -0.1300
v 0.3200 0.3200 0.3200
v 0.3200 0.3200 0.3200
v 0.3200 0.3200 2.5500
v 0.3200 0.3200 0.3200
v 0.3200 0.3200 0.3200
v 0.3200 0.3200 0.3200
v 0.3200 0.3200 0.3200
v -1.1600 -34.1100 -31.7200
v -16.6500 -22.4100 -12.6200
v 13.6200 30.7400 31.7300
v 6.6200 -0.0100 -32.7800
v 0.3200 0.3200 0.3200
v 0.3200 0.3200 0.3200
v 0.3200 0.3200 0.3200
v 0.3200 0.3200 0.3200
v 0.3200 0.3200 0.3200
v 0.3200 2.5500 -32.7800
v -11.5800 -13.1300 -0.0500
v 33.5100 34.9700 33.3500
v -5.5800 -5.9400 -0.5700
v 0.3200 0.3200 0.3200
v 0.3200 0.3200 0.3200
v 0.3200 0.3200 0.3200
v 0.3200 0.3200 0.3200
v 0.3200 0.3200 0.3200
v -0.0100 -0.0100 -0.0100
v -35.9600 0.0600 4.0700
v 0.3200 0.3200 0.3200
v 0.3200 0.3200 0.3200
v 0.3200 0.3200 0.3200
v 0.3200 0.3200 0.3200
v 6.0000 0.0000 0.0000
v 0.0000 0.9600 2.7300
v -7.8500 -1.1100 -37.7800
v -34.8500 -5.6800 30.8200
v -0.0100 -0.0100 -0.0100
v -38.2500 -15.0900 -8.0900
v 0.3200 0.3200 0.3200
v 0.3200 0.3200 0.3200
v 0.3200 0.3200 0.3200
v 0.3200 0.3200 0.3200
v 2.7100 -3.1400 2.8200
v 0.0000 0.0000 1.8100
v 20.0200 21.7000 -27.2000
v -31.4100 -0.0200 -0.1300
v -20.6600 -34.6700 39.1100
v 0.3200 0.3200 0.3200
v 0.3200 0.3200 0.3200
v 0.3200 0.3200 0.3200
v 0.3200 0.3200 0.3200
v 0.3200 0.3200 0.3200
v 0.3200 0.3200 0.3200
v 0.3200 0.3200 0.3200
v 0.3200 0.3200 0.3200
v 34.1100 22.5900 35.6700
v 0.1600 -15.5700 -21.8400
v -20.2100 24.4300 -5.3000
v -9.1200 20.5600 13.7300
v 0.3200 0.3200 0.3200
v 0.3200 0.3200 0.3200
v 0.3200 0.3200 0.3200
v 0.3200 0.3200 -0.1300
v 21.6700 33.4100 -0.0100
v 11.1200 -24.4900 -32.0900
v -0.0100 -0.0100 -1.7100
v -38.0300 -4.7800 -11.6300
v -19.4100 -1.1900 -0.0100
v -2.0900 -3.5300 -1.9500
v 0.0000 38.8600 -29.4400
v -25.2700 22.2300 -0.0100
v 23.3200 -23.4200 20.3600
v 22.9900 -17.1300 -30.3600
v -11.5300 -1.1200 5.2800
v 12.6100 22.8800 30.8400
v 9.2700 -0.0100 -0.1300
v -15.6800 -20.6900 3.6300
v 12.4000 3.8600 8.5100
v 11.3000 30.5500 38.0000
v 5.5600 -38.4100 -32.8000
v -24.4900 -24.4100 4.3300
v 38.4000 -13.3400 15.8700
v 15.3600 -36.7900 -31.3500
v 0.0000 6.0000 0.0000
v 0.0000 0.0000 2.5500
v 2.5600 -14.3200 6.7600
v -5.6700 -13.1500 -0.4800
v 0.0000 0.0000 2.5500
v 0.0000 2.5500 -32.7800
v 0.4300 16.6800 10.6800
v -16.2200 10.8800 -29.1100
v -38.6900 -0.1400 -0.0100
v 29.7600 4.4400 -0.1300
v 0.0000 0.0000 -0.1300
v 0.0000 0.0000 2.5500
v 0.0000 0.0000 -0.1300
v 0.0000 0.0000 0.0200
v 0.0000 0.0000 0.0200
v 33.8500 -0.8100 21.9600
v -21.0700 3.0800 -19.3100
v 6.3200 20.0600 -0.1300
v 0.0000 1.6000 0.4400
v 31.8300 -0.0100 -21.3200
v -18.6900 30.4400 0.6600
v -0.0100 -0.0100 -0.0600
v 0.0000 6.0000 3.2000
v -0.9800 -7.4000 -6.4300
v 32.0400 -30.6100 35.9600
v 29.9000 -31.9400 -32.9700
v -8.0600 -4.7500 -6.4200
v -0.5000 28.2800 11.5400
v -0.0100 -0.0100 -0.0200
v -0.0100 -28.1700 -32.7800
v -0.0100 -0.0100 -0.0100
v -0.0100 -26.6600 -22.3700
v 6.5100 -12.2900 -9.5300
v -1.5300 -13.9300 -17.6800
v -18.6900 -23.2500 32.6100
v 7.2300 1.8400 -12.5500
v -21.7700 -16.2700 14.3600
v -22.3500 24.5100 -0.1300
v -11.5300 -0.0100 -0.0100
v -0.0100 -0.0100 -0.1600
v 19.8700 12.9300 1.1900
v -0.0100 -0.0100 -16.0600
v 0.0000 0.0000 1.5200
v -25.6100 -2.5000 -8.6200
v -5.3700 -4.7200 1.4000
v 25.9900 -3.4700 1.1000
v -2.7100 -17.9300 -32.8000
v 30.2200 30.1200 2.4800
v 26.1700 -36.4900 -22.1200
v 6.0000 0.0000 0.0000
v 0.0000 0.0000 -0.1300
v 25.0600 19.2800 1.8800
v -38.5700 -1.0400 26.2700
v 0.0000 6.0000 0.0000
v 6.0000 0.0000 0.0000
v 0.0000 0.0000 2.5500
v 0.0000 2.5500 -32.8000
v 2.5500 -0.0100 -0.0100
v 0.0000 6.0000 0.0000
v 6.0000 0.0000 0.0000
v -1.1800 -25.6100 -32.8000
v -34.0100 -0.0100 -0.2400
v -20.4900 -0.0100 -1.6400
v 23.8100 -30.3400 31.8800
v -25.5700 39.7700 -0.1300
v 0.0000 0.0000 2.5500
v -0.0100 -1.6900 -0.0100
v -11.5500 -0.1700 -0.0100
v 11.2600 7.9500 -34.0200
v 26.8100 31.3000 4.8700
v 16.7200 11.9200 17.7000
v 1.1300 -26.9200 0.0800
v -25.8400 -0.0100 -0.0100
v 0.0000 0.0000 -0.1300
v 0.0000 2.5500 -32.8000
v 6.0000 0.0000 0.0000
v 27.9700 -25.4400 -13.7100
v 29.8200 -11.5500 -14.6400
v -2.2500 -0.0100 -0.9700
v 9.8200 30.2200 21.7500
v 0.0300 -6.9700 -25.6100
v -0.0100 -0.0100 -0.0200
v 0.4600 -0.3100 -0.1300
v -0.1900 -21.7700 -27.3000
v 12.8000 3.7100 3.3800
v -19.2000 0.0300 -0.1300
v -15.1500 -8.5100 -0.4700
v -0.0100 -0.0100 -0.0100
v -0.0100 -0.0100 -32.8000
v 0.3200 0.3200 0.3200
v 0.3200 0.3200 0.3200
v 0.3200 0.3200 0.3200
v 0.3200 0.3200 0.3200
v 0.3200 0.3200 0.3200
v 30.8400 30.8400 -7.6800
v 1.4400 7.7600 15.3600
v 0.3200 0.3200 0.3200
v 0.3200 0.3200 0.3200
v 0.3200 0.3200 0.3200
v 0.3200 0.3200 0.3200
v -8.0000 -34.5300 -22.6000
v -1.6100 -27.2700 34.9200
v 0.0000 0.0000 -0.1300
v 0.3200 0.3200 0.3200
v 0.3200 0.3200 0.3200
v 0.3200 0.3200 0.3200
v 0.3200 0.3200 0.3200
v 0.3200 0.3200 0.3200
v 0.3200 0.3200 0.3200
v 0.3200 0.3200 0.3200
v 0.3200 0.3200 0.3200
v 0.0000 0.0000 0.4500
v -30.7300 0.0000 0.0000
v 2.5700 -19.6700 9.1300
v -39.2100 5.8900 4.2100
v -27.6700 -1.7000 -2.6500
v -0.0100 -14.5700 -0.0100
v 0.0000 0.0000 -0.1300
v 0.3200 0.3200 0.3200
v 0.3200 0.3200 0.3200
v 0.3200 0.3200 0.3200
v 0.3200 0.3200 0.3200
v 0.3200 0.3200 0.3200
v 0.3200 0.3200 0.3200
v 0.3200 0.3200 0.3200
v 0.3200 0.3200 0.3200
v 8.3300 20.8500 -37.9300
v 6.0000 3.2000 0.0000
v 33.5800 34.0000 -6.4600
v 29.6200 20.5000 3.8900
v 0.0000 0.0000 0.1800
v 38.2400 11.5600 0.0800
v 0.3200 0.3200 0.3200
v 0.3200 0.3200 0.3200
v 0.3200 0.3200 0.3200
v 0.3200 0.3200 0.3200
v 0.3200 0.3200 0.3200
v 0.3200 0.3200 0.3200
v 0.3200 0.3200 0.3200
v 4.4600 6.9500 27.6900
v 8.3100 -0.0100 -27.5000
v -9.5800 39.7400 9.9300
v 15.2100 15.1100 35.6000
v 27.8400 5.1100 -32.8000
v 0.3200 0.3200 0.3200
v 0.3200 0.3200 0.3200
v 0.3200 0.3200 0.3200
v 0.3200 0.3200 0.3200
v 0.3200 0.3200 0.3200
v -17.3100 -5.1300 -32.7800
v 0.4100 -22.4800 -0.1300
v 2.9000 36.3800 30.5600
v -18.0900 -13.4900 -30.2800
v -4.3700 23.8900 1.2900
v 5.4400 3.0200 -14.8700
v 20.9000 -36.8800 35.3100
v -0.0100 -10.2500 -7.0200
v -0.0100 -28.3000 -5.3600
v 0.3200 0.3200 0.3200
v 0.3200 0.3200 0.3200
v 0.3200 2.5500 -32.8000
v 0.3200 0.3200 0.3200
v 0.3200 0.3200 0.3200
v 0.3200 0.3200 0.3200
v 0.3200 0.3200 0.3200
v 19.5100 -30.7300 -32.7800
v 0.8200 -23.3600 18.3700
v -16.7500 15.6900 10.7100
v -0.0100 -0.0100 -0.0600
v 14.2000 35.0200 17.7400
v -36.9800 20.4700 -32.7800
v 4.8200 -27.6100 -1.3700
v 2.2800 -2.5700 -1.2900
v -39.6900 -0.0100 -1.9300
v 6.3800 -21.0700 -12.9700
v 0.6500 27.6000 24.9100
v 8.3400 20.8400 32.7300
v 0.3200 0.3200 0.3200
v 0.3200 0.3200 0.3200
v 0.3200 0.3200 0.3200
v 0.3200 0.3200 0.3200
v -10.2500 -0.7800 -0.1300
v 1.9700 0.3800 -5.6100
v -0.1900 -12.8100 -32.7800
v -4.1700 -7.8500 -6.3100
v -3.0100 -29.6600 -24.3800
v 0.9900 34.0400 35.2400
v 0.0000 0.0000 2.5500
v 0.0000 2.5500 -32.7800
v 10.1600 2.5600 17.6400
v 0.3200 0.3200 0.3200
v 0.3200 0.3200 0.3200
v 0.3200 0.3200 0.3200
v 0.3200 0.3200 0.3200
v 0.0000 0.0000 0.3900
v -0.0100 -0.0100 -0.0100
v 5.1400 13.9000 -0.1300
v -10.3800 23.2700 -0.1300
v 0.0000 0.0000 2.5500
v 0.0000 2.5500 -32.8000
v 0.0000 6.0000 3.2000
v -7.2500 -13.7400 -0.1300
v 0.0000 0.0000 2.5500
v 0.0000 2.5500 -32.8000
v 0.9600 -38.8400 -0.8400
v 0.0000 0.0000 -0.1300
v 6.0000 0.0000 0.0000
v 0.0000 0.0000 2.5500
v 0.0000 0.0000 -0.1300
v 0.0000 0.0000 0.0100
v 6.0000 0.0000 0.0000
v 23.0500 6.5000 7.8400
v 0.3200 0.3200 0.3200
v 0.3200 0.3200 0.3200
v 0.3200 0.3200 0.3200
v 0.3200 0.3200 0.3200
v -0.0100 -0.0100 -7.5200
v -0.0100 -0.6500 -3.5500
v 7.2300 -0.0100 -0.0900
v 28.6100 19.4700 39.2200
v 0.3200 0.3200 0.3200
v 0.3200 0.3200 0.3200
v 0.3200 0.3200 0.3200
v 0.3200 0.3200 0.3200
v 0.3200 0.3200 0.3200
v 0.3200 0.3200 0.3200
v 0.3200 0.3200 0.3200
v 0.0000 6.0000 0.0000
v -28.1600 10.2300 -32.7800
v -13.4500 -27.0200 6.3900
v 0.3200 0.3200 0.3200
v 0.3200 0.3200 0.3200
v 0.3200 0.3200 0.3200
v 0.3200 0.3200 0.3200
v 0.3200 0.3200 0.3200
v 0.3200 0.3200 0.3200
v 0.3200 0.3200 0.3200
v 0.3200 0.3200 0.3200
v -20.8600 8.5100 -0.1300
v 0.3200 0.3200 0.3200
v 0.3200 0.3200 0.3200
v 0.3200 0.3200 0.3200
v 0.3200 0.3200 0.3200
v 0.0000 6.0000 0.0000
v 0.3200 0.3200 0.3200
v 0.3200 0.3200 0.3200
v 0.3200 0.3200 0.3200
v 0.3200 0.3200 0.3200
v 24.6900 31.2000 -0.1300
v 0.3200 0.3200 0.3200
v 0.3200 0.3200 0.3200
v 0.3200 0.3200 0.3200
v 0.3200 0.3200 0.3200
v 0.0000 0.0000 0.3200
v 0.3200 0.3200 0.3200
v 0.3200 0.3200 0.3200
v 0.3200 0.3200 0.3200
v 0.3200 0.3200 0.0000
v 6.0000 0.0000 0.0000
v -26.8900 -0.0100 -3.7000
v -12.7500 -21.3300 -0.1300
v 20.8300 -7.5400 -0.2600
v -16.8400 -29.2900 -1.9600
v -14.6700 37.6300 -4.6500
v -0.3400 28.2000 22.3500
v 7.2800 36.4900 -19.0900
v -0.0100 -0.0100 -0.0200
v 0.3200 0.3200 0.3200
v 0.3200 0.3200 0.3200
v 0.3200 0.3200 0.3200
v 0.3200 0.3200 0.3200
v 0.0000 0.3200 0.3200
v 0.3200 0.3200 0.3200
v 0.3200 0.3200 0.3200
v 0.3200 0.3200 0.3200
v 35.5100 -17.7300 -0.1100
v 23.7200 35.3200 29.4900
v -30.5600 17.1900 -13.5300
v 11.7900 -5.4100 -16.1700
v -0.1100 2.0300 -25.0600
v -39.2200 23.3600 0.2100
v -9.8500 16.7900 -0.0100
v 15.8000 1.2100 -4.2400
v -10.8200 -34.4000 24.4900
v -10.7200 26.0800 17.7400
v 19.9400 24.8300 36.5300
v 6.7400 0.8400 26.9400
v 0.0000 0.0000 1.3500
v 0.0000 0.0000 2.5000
v -11.6900 -0.0100 -26.0700
v -13.9200 0.0000 16.0800
v -26.8900 -39.9000 27.6300
v 5.1000 2.7500 15.2800
v 2.3100 14.2100 -0.0700
v 0.3200 0.3200 0.3200
v 0.3200 0.3200 0.3200
v 0.3200 0.3200 0.3200
v 0.3200 0.3200 0.3200
v 0.3200 0.3200 0.3200
v 0.3200 0.3200 0.3200
v 0.3200 0.3200 0.3200
v 0.3200 0.3200 0.3200
v 0.0000 0.0000 0.5200
v 6.7400 25.7000 25.5200
v -0.0100 -0.0100 -0.0200
v 0.0000 0.0000 -0.1300
v 6.0000 0.0000 0.0000
v 0.0000 0.0000 2.5500
v 0.0000 0.0000 -0.1300
v 2.9400 -30.7300 -33.6800
v 2.8800 7.3600 12.5800
v 0.0000 6.0000 3.2000
v -9.3300 -10.2500 -32.8000
v -26.7600 32.4300 -0.2300
v 38.5600 1.8900 -1.6800
v -27.6700 7.6700 -32.8000
v 20.7700 -6.6300 0.0600
v -0.4500 -0.0900 -26.9300
v 5.7700 17.9100 -0.0100
v 15.4600 25.8400 28.2500
v 2.8100 -0.8800 0.5400
v -2.5700 -0.0100 -1.2000
v -0.0100 -0.0100 -0.0200
v 38.5100 9.6200 20.8700
v 32.2000 -11.0300 0.1600
v 0.3200 0.3200 0.3200
v 0.3200 0.3200 0.3200
v 0.3200 0.3200 0.3200
v 0.3200 2.5500 -32.7800
v 0.3200 0.3200 0.3200
v 0.3200 0.3200 0.3200
v 0.3200 0.3200 0.3200
v 0.3200 0.3200 0.3200
v 26.2800 22.5900 -30.7300
v 20.4900 9.6600 -4.8500
v 10.4900 25.4600 -1.6100
v -0.0100 -2.5700 -32.7800
v 7.2800 27.5800 11.7200
v -32.0100 -10.1600 -25.6400
v 11.0600 28.4400 36.6000
v -15.2200 -10.2500 -32.8000
v -28.8900 -4.8300 2.8800
v -0.2300 -0.2300 -0.1300
v -14.9900 6.2000 -9.1500
v -14.7200 -10.9900 25.3000
v -12.4500 -25.6500 -0.0200
v 2.4200 -36.8600 28.1700
v 24.6500 -29.3400 -12.8400
v -0.0100 -0.0100 -0.0100
v 0.0000 0.0000 -0.1300
v 0.0000 2.5500 -32.8000
v 0.0000 6.0000 0.0000
v 6.0000 0.0000 0.0000
v 0.0000 2.3900 -0.0600
v 0.3200 0.3200 0.3200
v 0.3200 0.3200 0.3200
v 0.3200 0.3200 0.3200
v 0.3200 0.3200 0.3200
v 0.0000 0.0000 0.3200
v 0.3200 0.3200 0.3200
v 0.3200 0.3200 0.3200
v 0.3200 0.3200 0.3200
v 0.3200 0.3200 0.4400
v 38.2500 0.0000 0.0000
v 23.4900 20.4700 -32.7800
v 0.0000 0.0000 14.4000
v 6.0000 0.0000 0.0000
v 0.0000 0.0000 -0.1300
v 0.0000 0.0000 -0.1300
v 0.0000 2.5500 -32.8000
v 0.0000 6.0000 0.0000
v 6.0000 0.0000 0.0000
v 0.0000 0.4400 10.5200
v 36.8900 -0.0100 -25.6400
v -36.8600 3.0400 19.2200
v -0.7800 -35.6500 -0.0100
v -35.5000 30.7100 -32.8000
v 0.3200 0.3200 0.3200
v 0.3200 0.3200 0.3200
v 0.3200 0.3200 0.3200
v 0.3200 0.3200 2.5500
v 3.2900 -31.8500 -23.1500
v -17.6000 -4.5100 -0.1300
v 0.0000 2.5500 -32.7800
v 0.0000 6.0000 0.0000
v 0.0000 0.0000 -0.1300
v 0.0000 2.5500 -32.8000
v 0.0000 6.0000 0.0000
v 6.0000 0.0000 0.0000
v -35.8300 -22.0100 -0.0100
v -2.6500 -0.0100 -1.6900
v -8.3100 16.1800 29.3700
v 0.3200 0.3200 0.3200
v 0.3200 0.3200 0.3200
v 0.3200 0.3200 0.3200
v 0.3200 0.3200 0.3200
v 0.3200 0.3200 0.3200
v 0.3200 0.3200 0.3200
v 0.3200 0.3200 0.3200
v 0.3200 0.3200 0.3200
v 0.3200 0.3200 0.3200
v -0.9800 -17.5000 -0.1300
v 0.3200 0.3200 2.5500
v 0.3200 0.3200 0.3200
v 0.3200 0.3200 0.3200
v 0.3200 0.3200 0.3200
v 0.3200 0.3200 0.3200
v 0.3200 0.3200 0.3200
v 0.3200 0.3200 0.3200
v 0.3200 0.3200 0.3200
v 0.3200 0.3200 2.5500
v 0.3200 0.3200 0.3200
v 0.3200 0.3200 0.3200
v 0.3200 0.3200 0.3200
v 0.3200 0.3200 0.3200
v -0.0100 -0.0100 -0.8900
v 22.7800 -11.0800 30.2400
v -1.8900 -33.1000 -5.3900
v 0.3200 0.3200 0.3200
v 0.3200 0.3200 0.3200
v 0.3200 0.3200 0.3200
v 0.3200 0.3200 0.3200
v 0.3200 0.3200 0.3200
v 0.3200 0.3200 0.3200
v 0.3200 0.3200 0.3200
v 0.3200 0.3200 0.3200
v 0.3200 0.3200 0.3200
v 0.3200 0.3200 0.3200
v 0.3200 0.3200 0.3200
v 19.6600 30.1200 17.6600
v 0.3200 0.3200 0.3200
v 0.3200 0.3200 0.3200
v 0.3200 0.3200 0.3200
v 0.3200 0.3200 0.3200
v 0.3200 0.3200 0.3200
v 0.3200 0.3200 0.3200
v 0.3200 0.3200 2.5500
v 24.3600 32.6000 17.3800
v -1.4500 -19.5800 -18.8400
v 0.3200 0.3200 0.3200
v 0.3200 0.3200 0.3200
v 0.3200 0.3200 0.3200
v 0.3200 0.3200 0.3200
v 0.3200 0.3200 0.3200
v 0.3200 0.3200 0.3200
v 0.3200 0.3200 0.3200
v 0.3200 0.3200 0.3200
v 0.3200 0.3200 0.3200
v 0.3200 0.3200 0.3200
v 0.3200 0.3200 0.3200
v 0.3200 0.3200 0.3200
v 0.3200 0.3200 0.3200
v 0.3200 0.3200 0.3200
v 0.3200 0.3200 0.3200
v 6.0000 0.0000 0.0000
v 0.1600 1.9200 5.6900
v 0.3200 0.3200 0.3200
v 0.3200 0.3200 0.3200
v 0.3200 0.3200 0.3200
v 0.3200 0.3200 0.3200
v 30.7200 3.2800 0.0000
v 6.0000 0.0000 0.0000
v 0.3200 0.3200 0.3200
v 0.3200 0.3200 0.3200
v 0.3200 0.3200 0.3200
v 0.3200 0.3200 0.3200
v -30.7300 0.0000 0.0000
v -18.2500 -27.2100 -0.2700
v 0.0000 0.0000 0.3200
v 0.3200 0.3200 0.3200
v 0.3200 0.3200 0.3200
v 0.3200 0.3200 0.3200
v 0.3200 0.3200 0.3200
v 0.3200 0.3200 0.3200
v 0.3200 0.3200 0.3200
v 0.3200 0.3200 0.3200
v 28.2900 20.4700 -32.7800
v -18.5300 14.7200 31.1400
v 0.1100 -15.4200 15.7400
v 5.1200 0.0000 0.0000
v -39.6500 9.8000 30.2800
v 4.2400 -4.7400 35.5600
v 0.3200 0.3200 0.3200
v 0.3200 0.3200 0.3200
v 0.3200 0.3200 0.3200
v 0.3200 0.3200 0.3200
v 0.3200 0.3200 0.3200
v 0.3200 0.3200 0.3200
v 6.0000 0.0000 0.0000
v 30.3600 20.4800 1.6100
v -0.0100 -0.0100 -0.1300
v 5.1100 -0.0100 -0.0100
v 0.3200 0.3200 0.3200
v 0.3200 0.3200 0.3200
v 0.3200 0.3200 0.3200
v 0.3200 0.3200 0.3200
v 0.3200 0.3200 0.3200
v 0.3200 0.3200 0.3200
v 0.3200 0.3200 0.3200
v -2.2400 0.7400 10.5800
v -12.9800 38.4900 3.3600
v 0.3200 0.3200 0.3200
v 0.3200 0.3200 0.3200
v 0.3200 0.3200 0.3200
v 0.3200 0.3200 0.3200
v 0.3200 0.3200 0.3200
v 0.3200 0.3200 0.3200
v 0.3200 0.3200 2.5500
v 0.0000 0.0000 2.5500
v 0.3200 0.3200 0.3200
v 0.3200 0.3200 0.3200
v 0.3200 0.3200 0.3200
v 0.3200 0.3200 0.3200
v 0.3200 0.3200 0.3200
v 0.3200 0.3200 0.3200
v 0.3200 0.3200 0.3200
v 0.3200 0.3200 0.3200
v 0.0000 0.0000 -17.5600
v 36.7700 -27.7800 3.1600
v -11.0500 -36.2200 -34.0700
v -17.3900 -0.0200 2.7400
v 34.0900 0.6000 -5.7600
v -0.0100 -3.3400 5.1600
v -8.6200 2.2400 0.4000
v -2.8400 -0.2100 -25.8300
v -0.0100 -32.1400 23.5000
v -28.7200 14.6700 10.9100
v -1.7400 38.6400 17.5300
v -0.0100 -0.0100 -0.0100
v -0.0100 -0.0100 -0.3800
v -0.0100 -0.0100 -29.8100
v -35.7000 -38.0900 19.6600
v -0.0100 -0.0100 -30.6400
v -0.0100 -0.0100 -5.4300
v -2.0600 -6.4800 -30.9400
v -3.6000 14.8300 25.2000
v -10.7600 23.7000 -0.1300
v -1.2000 -0.0100 -0.6100
v -30.1500 -0.0100 -0.1200
v -0.0100 -22.2900 -18.5500
v 35.1900 -0.3400 -30.5400
v 0.0000 0.0000 -0.1300
v 0.3200 0.3200 0.3200
v 0.3200 0.3200 0.3200
v 0.3200 0.3200 0.3200
v 0.3200 0.3200 0.3200
v 0.3200 0.3200 0.3200
v 0.3200 0.3200 0.3200
v 0.3200 0.3200 0.3200
v 0.3200 0.3200 0.3200
v 0.0000 1.7600 20.7300
v 26.4200 18.6200 -0.0100
v 1.4700 10.2800 -17.0400
v -18.6100 1.2900 -0.1300
v 27.2800 -35.7500 37.4000
v -23.5700 -24.3300 -6.2300
v 35.4000 20.4700 -32.8000
v 14.8700 22.7100 1.7200
v -34.8800 -38.4100 -32.8000
v -24.8800 0.5600 17.6100
v -12.2800 -1.6000 33.2500
v -24.7700 -28.1700 -6.1500
v -0.0100 -6.7200 11.0100
v 28.7500 -3.9800 -0.1300
v 25.4700 -23.5600 0.0700
v -21.3400 -4.3700 -3.6500
v -16.4300 28.6100 11.8800
v 25.4600 -15.7400 37.6400
v 13.4200 14.1500 3.0600
v 28.1500 -1.2400 25.7000
v 0.0000 -12.0000 13.1700
v 12.9000 0.3200 15.5200
v -0.0100 -0.0100 -0.0100
v -20.3200 12.4200 -7.9300
v -14.6700 -10.2500 -13.4100
v 32.9800 -34.6700 -0.1400
v -2.0100 -0.2800 4.9000
v -0.0100 -0.0100 -24.3500
v -21.4600 38.3900 -9.6700
v -0.0100 -0.0100 -0.0100
v -0.0100 -0.0100 -0.0100
v -0.1300 30.7200 2.5000
v 21.2400 1.6800 36.4400
v -0.0100 -0.0100 -0.0100
v -0.1300 28.4000 -18.6500
v -0.9500 -8.1800 12.4800
v 0.8900 -2.5700 -32.8000
v -31.7000 -37.9200 -18.0100
v -10.2900 5.2900 26.9200
v 13.5000 10.2300 -32.8000
v -35.7000 -1.0500 -15.9400
v -16.4700 -1.9100 10.1300
v -0.7800 -35.2100 -16.1900
v 7.8500 -21.5900 24.8200
v -3.4600 -0.0100 -32.8000
v 19.4100 29.4400 -25.6100
v -2.9300 -37.7300 19.3000
v -12.5200 16.3900 12.7500
v 14.3700 30.7100 -0.0200
v -8.8300 33.4700 -3.4400
v -4.6100 -35.8500 -0.0100
v 0.3100 0.0000 -0.1300
v -1.6100 -16.6500 -30.8500
v -9.5400 37.2600 -27.1300
v 35.8100 -1.1700 32.9900
v -0.0100 -0.7300 -0.1300
v -26.5700 -0.0100 -9.7400
v -27.3000 -26.0200 -7.7300
v 31.9900 -23.7700 -14.4500
v 16.6400 1.4600 -0.1300
v 20.7700 22.9900 20.2300
v 6.0000 28.2600 0.7400
v -0.1400 20.7100 -6.9600
v -21.8800 2.3300 28.8700
v 17.8900 2.5200 5.1200
v -0.9700 -0.0100 -0.5500
v 5.2800 3.0100 -27.8300
v -0.8100 -0.0100 -0.5200
v -1.2400 -9.8700 -1.2900
v -26.9200 -23.6500 17.7800
v -4.9200 14.0400 -39.5500
v -0.0100 -0.0100 -0.0100
v -0.0400 -22.4700 36.4800
v -0.0100 -0.0100 -0.0100
v -4.6000 16.8200 -0.1300
v -0.0100 -1.7700 -0.2300
v -6.8100 -3.2100 -0.0100
v -30.5600 36.3000 0.1800
v -8.3300 -0.0300 -0.5800
v 3.9200 -5.6200 -0.1300
v 11.5200 -6.1900 -13.2000
v -0.0100 -0.0100 -6.5700
v 18.0100 0.3800 0.8700
v 36.1500 22.2500 -0.1800
v 37.5300 -25.3100 -2.5100
v 23.8200 -0.2100 2.5900
v -0.0100 -0.0100 -0.6100
v 32.0100 -0.0700 -1.6500
v -0.1000 -20.4900 -0.0100
v -39.6800 -0.1200 1.4000
v 18.8500 -10.0300 38.2600
v -2.5700 -2.9900 -7.8600
v -10.7200 0.9600 -0.1300
v -0.5400 28.2600 -37.2100
v -37.1300 2.1300 21.7600
v -12.8700 -7.9200 -17.8200
v 12.5000 2.2400 2.2700
v 2.3400 12.1500 -1.8400
v 5.0500 -0.0800 -15.6100
v 2.5600 3.0100 -33.1900
v -22.4100 -1.7000 -25.6300
v 0.0000 0.0000 -0.1300
v 20.4800 0.0000 0.0000
v 0.3200 0.3200 0.3200
v 0.3200 0.3200 0.3200
v 0.3200 0.3200 0.3200
v 0.3200 0.3200 0.3200
v 0.3200 0.3200 0.3200
v 0.3200 0.3200 0.3200
v 0.3200 0.3200 0.3200
v 0.3200 0.3200 0.3200
v 19.7400 32.1800 37.6000
v -21.7000 30.1400 27.6400
v -35.7000 -15.1000 -21.2200
v 0.0000 0.0000 -0.1300
v 12.8000 0.0000 0.0000
v 0.0000 0.0000 -0.1300
v 0.0000 0.0000 -0.1300
v 0.0000 0.3400 32.1000
v -0.6100 23.9700 11.7400
v 22.5500 -0.0900 -0.0600
v 29.8000 1.2500 0.2100
v 21.8300 34.2200 -39.4000
v 0.0000 0.0000 -0.1300
v 2.5500 -19.9000 6.2900
v -1.1900 -4.5000 8.4400
v 20.4800 0.0000 0.0000
v 29.5900 2.8600 -1.2300
v -0.1100 26.8900 0.1500
v 0.3200 0.3200 0.3200
v 0.3200 0.3200 0.3200
v 0.3200 0.3200 0.3200
v 0.3200 0.3200 0.3200
v 0.3200 0.3200 0.3200
v 0.3200 0.3200 0.3200
v 0.3200 0.3200 0.3200
v 0.3200 0.3200 0.3200
v 24.3300 -10.3300 23.1500
v 34.4600 -11.5800 -0.1300
v 2.0500 22.8800 -0.1300
v 0.5900 -21.3300 -22.6000
v -0.0300 -4.4900 -20.5300
v 2.2000 -22.4600 -17.2400
v 0.0000 0.0000 2.0600
v -0.3600 -21.4300 21.6000
v -0.0100 -0.0100 -0.1000
v -11.1400 30.1200 25.9100
v 31.1700 -31.9100 1.7200
v 30.8700 17.9300 -32.5300
v -1.7000 -27.9700 0.0500
v -0.0100 -14.0900 -0.0100
v -37.7700 -1.9600 -32.0700
v -1.1300 -0.0100 -0.8800
v 12.6900 1.7200 2.5700
v -0.0100 -13.9300 -0.0100
v -0.0100 -26.2500 -0.0100
v -4.3100 -0.0100 -0.2700
v -0.0100 -0.0200 -0.1300
v 0.0000 0.0000 2.5500
v 0.0000 2.5500 -32.8000
v 12.9400 -2.3900 -0.1300
v 18.0800 1.5900 39.3700
v -0.8400 -20.4900 -0.0300
v 9.5500 4.9900 -10.6800
v -9.5600 -8.4500 -33.6100
v -10.2600 25.0500 -34.0100
v 33.0600 3.0400 -11.3000
v -0.0100 -13.5300 -0.0100
v -4.6300 -0.0100 -0.2200
v 2.5800 14.8000 14.8200
v -0.0100 -0.8000 20.2200
v -10.3800 -33.4100 -25.7700
v 20.8000 10.3000 7.7000
v -10.2400 4.0700 -30.7200
v -31.3100 7.6700 -32.8000
v -0.0100 -0.0100 -0.5000
v 5.5000 -0.0100 -32.8000
v -0.0100 -3.2600 20.1500
v -1.2900 -2.5700 -32.8000
v -7.6800 11.2700 35.6600
v 25.3800 28.1500 -32.8000
v 0.0000 2.5600 0.0000
v 0.0000 0.0000 -0.1300
v 0.0000 1.7700 20.4500
v -0.0100 -0.1000 -2.5700
v 12.8600 -30.7000 -9.0500
v 0.0000 0.3200 0.3200
v 0.3200 0.3200 0.3200
v 0.3200 0.3200 0.3200
v 0.3200 0.3200 0.3200
v 0.3200 0.3200 0.3200
v 0.3200 0.3200 0.3200
v 0.3200 0.3200 0.3200
v 0.3200 0.3200 0.3200
v 0.0000 6.0000 0.0000
v 0.3200 0.3200 0.3200
v 0.3200 0.3200 0.3200
v 0.3200 0.3200 0.3200
v 0.3200 0.3200 0.3200
v -2.2400 0.3200 0.3200
v 0.3200 0.3200 0.3200
v 0.3200 0.3200 0.3200
v 0.3200 0.3200 0.3200
v -0.0100 -0.0100 -6.6100
v -14.1400 -0.0100 -0.1800
v -9.3100 1.6800 0.0300
v 0.3200 0.3200 0.3200
v 0.3200 0.3200 0.3200
v 0.3200 0.3200 0.3200
v 0.3200 0.3200 0.3200
v 0.0000 0.3200 0.3200
v 0.3200 0.3200 0.3200
v 0.3200 0.3200 0.3200
v 0.3200 0.3200 0.3200
v 0.3200 0.0000 -30.7300
v -15.2100 23.6700 19.7400
v 21.7800 14.8200 0.3300
v -0.0100 -0.0100 -0.0100
v 22.3600 38.0800 -39.1600
v -20.5700 21.3400 2.7700
v -34.1000 30.3000 20.5000
v -14.9500 13.0500 -0.4400
v -3.2100 2.6200 10.2400
v 0.0000 0.0000 -0.1300
v 0.0000 2.5500 -32.8000
v 0.0000 0.0000 2.4000
v 28.4400 7.8800 0.8900
v 0.0000 0.0000 2.5500
v 0.0000 2.5500 -32.8000
v 0.0000 6.0000 0.0000
v 6.0000 0.0000 0.0000
v 0.0000 0.0000 2.5500
v 0.0000 2.5500 -32.8000
v 0.0000 6.0000 0.0000
v 6.0000 0.0000 0.0000
v -9.7000 -19.0400 12.8000
v -0.0100 -0.0100 -2.2500
v 16.6800 -0.0100 -1.1000
v -0.0100 -0.0100 -0.0400
v 26.3000 0.1600 5.8600
v -0.2100 -0.0100 -32.8000
v 0.0000 2.5500 -32.8000
v 0.0000 0.0000 0.6500
v 0.3200 0.3200 0.3200
v 0.3200 0.3200 0.3200
v 0.3200 0.3200 0.3200
v 0.3200 0.3200 2.5500
v 0.3200 0.3200 0.3200
v 0.3200 0.3200 0.3200
v 0.3200 0.3200 0.3200
v 0.3200 0.3200 0.3200
v 0.3200 0.3200 0.3200
v 0.3200 0.3200 0.3200
v 0.3200 0.3200 0.3200
v 0.3200 0.3200 2.6200
v 17.7500 33.2000 33.9800
v 0.3200 0.3200 0.3200
v 0.3200 0.3200 0.3200
v 0.3200 0.3200 0.3200
v 0.3200 0.3200 0.3200
v 0.3200 0.3200 0.3200
v 0.3200 0.3200 0.3200
v 0.3200 0.3200 0.3200
v 0.3200 0.3200 0.0000
v 21.1800 12.5000 8.6200
v 0.0400 10.3400 24.5200
v 26.8400 0.6300 1.1600
v 0.3200 0.3200 0.3200
v 0.3200 0.3200 0.3200
v 0.3200 0.3200 0.3200
v 0.3200 0.3200 0.3200
v 0.3200 0.3200 0.3200
v 0.3200 0.3200 0.3200
v -5.1400 -2.5600 0.0000
v 30.8000 0.0800 30.7800
v -2.4100 2.5900 -34.4800
v 0.0000 0.0000 -0.1300
v 0.3200 0.3200 0.3200
v 0.3200 0.3200 0.3200
v 0.3200 0.3200 0.3200
v 0.3200 0.3200 0.3200
v 0.3200 0.3200 0.3200
v 0.3200 0.3200 0.3200
v 0.3200 0.3200 0.3200
v 0.3200 0.3200 0.3200
v -2.5600 0.0000 0.0000
v 0.3200 0.3200 0.3200
v 0.3200 0.3200 0.3200
v 0.3200 0.3200 0.3200
v 0.3200 0.3200 0.3200
v 0.3200 0.3200 0.3200
v 0.3200 0.3200 0.3200
v 0.3200 0.3200 0.3200
v 0.3200 0.3200 0.3200
v 17.7500 -0.0100 -13.2600
v 38.1700 -29.9600 4.0000
v 12.2100 14.0700 -0.4400
v -0.6300 0.8400 -8.3900
v -10.6600 35.8800 10.2500
v -4.4200 33.7800 -0.1300
v 0.0000 0.0000 -0.1300
v 0.0000 6.0000 0.0000
v 6.0000 3.2000 0.0000
v -10.2500 25.3200 -3.6400
v 31.7100 9.9700 -0.0300
v -20.5100 -35.7100 26.4500
v 1.7700 -39.6400 0.9900
v 1.2900 20.4800 -0.1300
v 38.3900 -6.1100 30.9100
v 5.6200 17.4000 1.4300
v -0.0100 -0.0100 -2.5100
v -0.6500 -11.5800 -12.8300
v -0.3300 9.6100 17.6300
v 21.9100 34.8100 -20.3000
v 0.0000 0.0000 2.5500
v 14.4100 0.0000 0.0000
v 0.0000 2.5500 -32.8000
v 0.0000 0.0000 2.5500
v 0.0000 0.0000 15.4200
v 15.6900 21.1300 8.3600
v 14.1600 0.0000 0.0000
v 6.0000 0.0000 0.0000
v 0.0000 0.0000 2.5500
v 0.0000 2.5500 -32.8000
v 0.0000 6.0000 0.0000
v 6.0000 0.0000 0.0000
v -0.0100 -0.0100 39.1000
v -2.5700 -35.2400 -16.1700
v 0.0000 6.0000 0.0000
v 6.0000 0.0000 0.0000
v -12.8000 0.0200 11.3400
v 0.0000 0.0000 2.1900
v -0.0100 -0.8500 -0.0100
v 30.9000 -0.0100 -15.2900
v -1.0100 -5.1300 -11.0700
v 0.0000 6.0000 0.0000
v 6.0000 0.0000 0.0000
v -7.2200 28.3800 20.5900
v 0.0000 0.0000 2.5500
v 0.0000 2.5500 -32.8000
v 0.0000 6.0000 0.0000
v 6.0000 0.0000 0.0000
v 0.0000 0.0000 2.5500
v 0.0000 0.0000 1.3100
v -2.6600 -25.3900 38.5100
v -0.0100 -0.7900 12.2000
v -0.0100 -9.1700 -14.6300
v -0.0100 -0.0100 -0.0100
v -0.0100 -0.0300 32.0100
v -0.0100 -0.0100 -32.8000
v 28.9000 -39.6000 -36.5400
v 0.0000 0.0000 -0.1300
v 0.0000 2.6600 10.2500
v 3.2000 33.6100 31.6600
v -36.6400 -20.4800 -0.1300
v -12.9100 38.6800 37.9800
v -0.0100 -1.3700 -0.1300
v 1.3200 0.1000 7.4300
v 20.9600 2.0600 11.0300
v 19.2400 -36.3800 -36.4600
v 20.6800 20.5300 7.6800
v -3.2100 -0.0100 -2.2500
v 0.0000 0.0000 -0.1300
v -29.2200 21.1100 -9.0200
v 23.0600 13.6000 -0.1300
v -17.4800 -17.4800 25.4800
v -6.8100 -5.6800 -0.1300
v -0.4700 -0.0100 -23.1400
v 36.2400 -22.5500 8.6400
v -2.5700 -0.0100 -0.0400
v 16.7800 -0.0100 -0.0100
v -0.0100 -0.0100 -0.0100
v 23.7100 -32.5200 -0.1300
v -0.0100 -0.0100 -0.6500
v 30.1400 21.4300 -11.1700
v -0.0100 -0.0100 -3.8000
v 0.0000 0.0000 -0.1300
v 0.0000 0.0000 -0.1300
v 0.0000 0.0000 -0.1300
v 0.0000 0.0000 -0.1300
v 0.0000 0.0000 -0.1300
v 0.0000 0.0000 -0.1300
v 0.0000 0.0000 -0.1300
v -14.2500 22.5500 -14.3800
v -0.0100 -0.0100 -24.7600
v 0.0600 23.0300 -32.8000
v 21.0600 17.1300 33.3600
v -6.4100 -0.0100 -32.8000
v 1.9300 18.9300 26.5800
v 0.3200 0.3200 0.3200
v 0.3200 0.3200 0.3200
v 0.3200 0.3200 0.3200
v 0.3200 0.3200 0.3200
v 6.0000 0.0000 0.0000
v 0.3200 0.3200 0.3200
v 0.3200 0.3200 0.3200
v 0.3200 0.3200 0.3200
v 0.3200 0.3200 0.3200
v 0.2600 38.0600 29.7900
v 23.4900 35.8300 -6.4500
v -10.8900 -39.9700 -0.0100
v 0.0000 0.0000 2.5500
v 0.0000 2.5500 -32.8000
v 0.0000 6.0000 0.0000
v 6.0000 0.0000 0.0000
v 0.0000 0.0000 -16.3900
v 39.1900 -0.0100 -0.5400
v -0.0100 -0.0100 -0.0700
v -0.0100 -0.0100 -32.8000
v -19.7900 20.0400 12.0800
v 6.0000 0.0000 0.0000
v 1.2300 15.4400 0.0000
v 0.0000 0.0000 2.5500
v 0.0000 2.5500 -32.8000
v 0.0000 0.0000 0.2400
v 26.8700 34.5500 32.0000
v 0.0000 0.0000 -0.2300
v -0.0100 -2.6300 -0.0100
v 16.0100 16.0800 -26.8000
v 27.1700 -36.2400 -17.2200
v 0.0000 0.0000 -0.1300
v -14.6200 10.4800 10.6400
v -27.2500 -17.4300 -5.8100
v -0.0100 -9.2600 -0.1300
v 2.6600 30.8600 4.6000
v 22.3400 4.3400 30.7300
v -35.5200 -27.9400 -24.3600
v 31.9500 -0.0100 -32.8000
v -0.0100 -0.0100 -20.5300
v -0.0100 -0.0100 -32.8000
v 0.3200 0.3200 0.3200
v 0.3200 0.3200 0.3200
v 0.3200 0.3200 0.3200
v 0.3200 0.3200 0.3200
v 0.0000 6.0000 0.0000
v 0.3200 0.3200 0.3200
v 0.3200 0.3200 0.3200
v 0.3200 0.3200 0.3200
v 0.3200 0.3200 0.3200
v 6.0000 0.0000 0.0000
v -26.4100 -0.9500 -0.0400
v 37.6700 -29.1900 -0.1300
v 35.2300 17.4000 -0.1300
v 0.0000 0.0000 2.5500
v 0.0000 2.5500 -32.8000
v 0.0000 6.0000 0.0000
v 6.0000 0.0000 0.0000
v -0.0100 -0.0100 -32.8000
v 23.7100 10.3400 19.8800
v -5.9800 6.5400 -0.1300
v 0.0000 0.0000 2.5500
v 0.0000 2.5500 -32.8000
v 0.0000 6.0000 0.0000
v 6.0000 0.0000 0.0000
v -0.0100 -1.7000 -3.7800
v 30.0400 -30.6400 14.0700
v -0.1700 -27.4500 -0.2400
v -0.0100 -2.7000 17.2700
v 18.6200 -33.4400 -22.8800
v -0.0100 -0.0100 -12.9400
v 36.6800 -0.4100 -5.9100
v 0.0000 0.0000 -0.1300
v 33.2800 0.0000 0.0000
v -36.2500 -35.9900 -0.0100
v 5.1100 0.6600 7.4000
v 0.0000 2.5500 -32.8000
v 0.0000 6.0000 0.0000
v 6.0000 0.0000 0.0000
v 0.0000 0.0000 2.5500
v 0.0000 2.5500 -32.8000
v 0.0000 6.0000 0.0000
v 6.0000 0.0000 0.0000
v 0.0000 0.0000 2.5500
v 0.0000 2.5500 -32.8000
v 0.0000 0.0000 0.3200
v 0.3200 0.3200 0.3200
v 0.3200 0.3200 0.3200
v 0.3200 0.3200 0.3200
v 0.3200 0.3200 0.3200
v 0.3200 0.3200 0.3200
v 0.3200 0.3200 0.3200
v 0.3200 0.3200 0.3200
v 0.3200 0.3200 0.3200
v 0.3200 0.3200 0.3200
v 0.3200 0.3200 0.3200
v 0.3200 0.3200 0.3200
v 0.3200 0.3200 0.3200
v 0.3200 0.3200 0.3200
v 0.3200 0.3200 0.3200
v 0.3200 0.3200 0.0000
v -16.8000 38.4700 3.0900
v -18.2000 -0.0100 -0.4900
v 34.8200 -26.8000 -34.2400
v -38.8100 -4.7400 -0.5900
v 26.9600 -6.5600 38.8700
v -4.8900 -3.3900 -1.7400
v -0.3900 11.7500 -1.1200
v -0.0100 -7.9400 -1.7700
v -7.8500 -1.6100 -0.1300
v -39.1000 -0.4200 30.2000
v -13.0900 -31.3200 23.7000
v 16.3400 -0.7500 -0.4200
v 29.5700 33.0200 -27.9900
v -39.6600 29.6200 -30.1100
v 0.0000 0.0000 -0.1300
v -0.3000 7.0300 -1.2100
v -3.4400 0.0000 0.0000
v -0.0100 -23.0500 -8.0400
v -25.0100 -15.3700 -32.8000
v -30.5100 -37.7600 -38.4000
v -0.0100 -0.0100 -0.1500
v -31.5400 22.4600 0.2000
v 28.6900 -27.9300 9.7400
v -0.0100 -0.0100 -0.0600
v -0.0900 -0.0100 -4.8000
v 38.1700 -28.1700 -0.0600
v -17.9300 -0.0100 -0.0100
v -22.5100 -15.3700 -0.0200
v 10.3500 38.0700 -19.9800
v 0.3200 0.3200 0.3200
v 0.3200 0.3200 0.3200
v 0.3200 0.3200 0.3200
v 0.3200 0.3200 0.3200
v 0.0000 0.3200 0.3200
v 0.3200 0.3200 0.3200
v 0.3200 0.3200 0.3200
v 0.3200 0.3200 0.3200
v 0.3200 0.0000 0.3200
v 0.3200 0.0000 0.0000
v 0.0000 0.0000 0.3600
v -30.7300 0.0000 0.0000
v 0.0000 0.0000 -0.1300
v 0.9600 0.0000 0.0000
v 0.0000 6.0000 0.0000
v 6.0000 0.0000 0.0000
v 9.1200 -31.3300 -21.9900
v -0.0100 -0.0100 -2.3000
v 0.0000 2.5500 -32.8000
v 0.0000 6.0000 0.0000
v 6.0000 0.0000 0.0000
v 0.0000 0.0000 2.5500
v 0.0000 2.5500 -32.8000
v 0.0000 6.0000 0.0000
v 6.0000 0.0000 0.0000
v 0.0000 0.0000 -0.1300
v 23.8900 -14.5200 18.8200
v 5.1400 -5.8100 -37.4000
v 21.7600 17.9100 -32.8000
v 0.0000 6.0000 0.0000
v 6.0000 0.0000 0.0000
v 0.0000 0.0000 2.5500
v 0.0000 2.5500 -32.8000
v 0.0000 6.0000 0.0000
v 6.0000 0.0000 0.0000
v 0.0000 0.0000 2.5500
v 0.0000 2.5500 -32.8000
v 0.0000 6.0000 0.0000
v 6.0000 0.0000 0.0000
v 0.3200 0.3200 0.3200
v 0.3200 0.3200 0.3200
v 0.3200 0.3200 0.3200
v 0.3200 0.3200 0.3200
v 0.0000 0.3200 0.3200
v 0.3200 0.3200 0.3200
v 0.3200 0.3200 0.3200
v 0.3200 0.3200 0.3200
v 0.3200 0.3200 -0.1300
v -0.0100 -0.1300 -0.0100
v 33.6100 12.7900 -32.8000
v -10.6500 -5.6000 21.0800
v 34.9700 -23.3000 21.3600
v -0.6500 -29.4500 -0.1200
v -15.9800 21.5600 -28.1600
v -0.0100 -0.0200 -24.4300
v 23.9900 -0.0100 -32.4500
v 1.8000 23.8600 18.1600
v -30.9600 -13.7400 27.7400
v -3.3100 4.4700 -33.2500
v -3.5300 -37.5800 -20.6600
v -0.0100 -0.3700 -34.8000
v 1.1100 2.5500 -32.8000
v -0.0100 -0.0200 39.6800
v -6.3100 23.0800 11.2500
v 0.3200 0.3200 0.3200
v 0.3200 0.3200 0.3200
v 0.3200 0.3200 0.3200
v 0.3200 0.3200 0.3200
v 0.0000 6.0000 0.0000
v 0.3200 0.3200 0.3200
v 0.3200 0.3200 0.3200
v 0.3200 0.3200 0.3200
v 0.3200 0.3200 0.3200
v 6.0000 0.0000 0.0000
v 29.9600 30.2600 2.1500
v -32.4800 -17.5000 -35.3300
v 7.9800 26.2200 -3.9300
v 37.1700 12.9100 -6.5700
v 36.2800 38.4000 0.0500
v -0.0100 -0.0100 -5.8600
v 0.0000 0.0000 -0.1300
v -4.8000 36.5000 -22.4600
v -26.6900 3.7900 16.0900
v -4.9800 -37.6600 -1.2200
v 0.3200 0.3200 0.3200
v 0.3200 0.3200 0.3200
v 0.3200 0.3200 0.3200
v 0.3200 0.3200 0.3200
v 0.3200 0.3200 0.3200
v 0.3200 0.3200 0.3200
v 0.3200 0.3200 0.3200
v 0.3200 0.3200 0.3200
v 34.8100 -5.5200 -34.6500
v 30.1800 10.8600 -35.8300
v -22.4900 32.5400 -5.1600
v 28.7000 -35.6000 16.9700
v 0.0000 0.0000 -0.1300
v 0.0000 0.0000 -0.1300
v 31.3500 -31.2400 10.2100
v 0.0000 0.0000 -0.1300
v 2.5500 -0.0100 -29.3400
v 11.0200 38.2900 -0.1300
v 0.3200 0.3200 0.3200
v 0.3200 0.3200 0.3200
v 0.3200 0.3200 0.3200
v 0.3200 0.3200 0.3200
v 0.0000 0.3200 0.3200
v 0.3200 0.3200 0.3200
v 0.3200 0.3200 0.3200
v 0.3200 0.3200 0.3200
v 0.0000 2.6400 15.4100
v -37.3400 -21.3000 28.2000
v 0.3200 0.3200 0.3200
v 0.3200 0.3200 0.3200
v 0.3200 0.3200 0.3200
v 0.3200 0.3200 -0.1300
v 0.3200 0.3200 0.3200
v 0.3200 0.3200 0.3200
v 0.3200 0.3200 0.3200
v 0.3200 0.3200 0.3200
v 0.6300 -11.4200 -3.7900
v 8.0900 -0.5300 -0.2600
v -11.4300 29.6700 -24.7300
v -16.8900 -38.3400 -0.1300
v 13.3200 -7.5000 -36.5400
v -39.6500 -30.7000 15.3500
v -14.9200 16.9500 -30.2800
v 11.6800 -22.3400 37.4800
v -0.7600 -12.3800 -0.1300
v -0.1900 -6.6600 -0.1300
v -2.2500 13.3900 -1.9100
v 10.7900 -13.6100 -14.9300
v 0.3200 0.3200 0.3200
v 0.3200 0.3200 0.3200
v 0.3200 0.3200 0.3200
v 0.3200 0.3200 0.3200
v 0.3200 0.3200 0.3200
v 0.3200 0.3200 0.3200
v 0.3200 0.3200 0.3200
v 0.3200 0.3200 0.3200
v -0.0100 -0.1500 -0.0100
v 18.2500 -39.3900 16.7900
v 0.3200 0.3200 0.3200
v 0.3200 0.3200 0.3200
v 0.3200 0.3200 0.3200
v 0.3200 0.3200 0.3200
v 0.3200 0.3200 0.3200
v 0.3200 0.3200 0.3200
v 0.3200 0.3200 0.3200
v 0.3200 0.3200 0.3200
v 17.5900 -1.6100 -0.6500
v -35.6700 3.7500 25.0200
v 15.9600 -1.0700 20.3300
v 12.7900 -3.9200 -30.7300
v 0.1800 1.4500 5.1700
v -1.4500 -0.0100 -0.8400
v -32.9600 14.4700 0.0600
v -0.0100 -6.0400 -0.8500
v 10.2700 0.0000 2.5400
v 10.6000 -0.0100 15.0400
v -0.3200 -13.9000 13.3700
v -20.6400 -34.8600 -6.2700
v -8.1100 8.0600 28.6200
v 1.9200 0.2400 22.6800
v -5.4100 25.1000 -27.1700
v -20.3900 -31.3300 20.8000
v 1.2800 0.0000 0.0000
v 29.8200 35.8800 6.9100
v 6.2700 -15.9000 -13.4100
v 0.0000 0.0000 2.5500
v -0.0100 -0.0100 -0.0400
v -29.7700 -0.0100 -0.0100
v 0.0000 0.0000 2.5500
v 0.0000 2.5500 -32.8000
v 0.0000 6.0000 0.0000
v 6.0000 0.0000 0.0000
v 0.0000 0.0000 2.5500
v 0.0000 2.5500 -32.8000
v 0.0000 6.0000 0.0000
v 6.0000 0.0000 0.0000
v 0.0000 0.0000 2.5500
v 0.0000 2.5500 -32.8000
v 0.0000 6.0000 0.0000
v 6.0000 0.0000 0.0000
v 0.0000 0.0000 2.5500
v 0.0000 2.5500 -32.8000
v 26.1900 -17.6900 -34.2900
v 0.0000 0.0000 2.5500
v 0.0000 2.5500 -32.8000
v 0.0000 6.0000 0.0000
v 6.0000 0.0000 0.0000
v -0.0100 -3.5300 -13.8000
v 0.0000 0.0000 2.5500
v 0.0000 2.5500 -32.8000
v 0.0000 6.0000 0.0000
v 6.0000 0.0000 0.0000
v 0.0000 0.0000 2.5500
v 0.0000 2.5500 -32.8000
v 0.0000 6.0000 0.0000
v 6.0000 0.0000 0.0000
v 0.0000 0.0000 2.5500
v 0.0000 2.5500 -32.8000
v 0.0000 6.0000 0.0000
v 6.0000 0.0000 0.0000
v 0.0000 0.0000 2.5500
v 0.0000 2.5500 -32.8000
v 0.0000 6.0000 0.0000
v 6.0000 0.0000 0.0000
v 0.0000 0.0000 2.5500
v 0.0000 2.5500 -32.8000
v 0.0000 0.0000 2.5500
v 5.1500 0.0000 20.5000
v 17.1200 -38.4100 -32.8000
v 19.2700 -3.4600 3.8900
v -32.3400 30.1500 -8.4700
v -0.0100 -0.1100 5.4700
v -32.0100 -30.7300 -32.8000
v -0.1300 -39.7500 5.1200
v -0.8100 -0.0100 -0.0100
v 0.0800 18.6900 0.0000
v 0.0000 0.0000 2.5500
v 0.0000 2.5500 -32.8000
v 0.0000 6.0000 0.0000
v 7.7200 7.7000 3.9000
v -0.0100 -0.0100 -0.6900
v -33.2800 4.1800 12.0600
v 17.6800 5.1100 -32.8000
v -0.0300 8.4500 6.2800
v 24.3100 -1.2900 -0.4700
v -0.9500 -14.5100 7.6900
v 0.0000 6.0000 0.0000
v 6.0000 0.0000 0.0000
v -38.6700 -12.8100 -32.8000
v 0.0000 0.0000 2.5500
v 25.6000 5.9400 0.9600
v -38.0900 -33.9200 17.4700
v 0.0000 0.0000 -0.1300
v 0.0000 0.0000 -0.1300
v -4.5100 -28.9400 -12.8200
v -2.1700 -15.0400 -33.0200
v -10.7100 -1.5100 26.4300
v 10.6400 29.8300 -4.7500
v -16.1200 -21.3400 -13.4500
v -27.6100 -6.7700 -12.6200
v 8.7200 16.8400 -0.1300
v 6.5400 -14.7900 -0.1300
v -11.3500 13.4800 19.3500
v -26.5400 21.2700 26.3100
v -4.3000 -28.1700 -0.0400
v -0.0100 -0.0100 -32.1300
v -12.8100 -0.0100 -14.5800
v 16.3300 25.2600 7.0300
v 0.0000 0.0000 -0.1300
v 0.0000 0.0000 -0.1300
v 0.0000 0.0000 -0.1300
v 0.0000 0.0000 -1.1500
v 0.0000 0.0000 12.5600
v -0.0100 -9.5200 -20.5200
v 14.7600 1.5300 -39.6800
v 0.0000 0.0000 -0.1300
v 0.0000 0.0000 -0.1300
v -0.0100 -6.6200 -0.1300
v -4.1700 -7.8400 26.9700
v 23.0400 19.8600 0.0100
v -21.6900 -3.8800 -2.0500
v 0.0000 2.5500 -32.8000
v 0.3200 0.3200 0.3200
v 0.3200 0.3200 0.3200
v 0.3200 0.3200 0.3200
v 0.3200 0.3200 0.3200
v 0.0000 6.0000 0.0000
v 0.3200 0.3200 0.3200
v 0.3200 0.3200 0.3200
v 0.3200 0.3200 0.3200
v 0.3200 0.3200 0.3200
v 6.0000 0.0000 0.0000
v 32.4000 27.2900 32.0600
v -0.2300 -5.1300 -32.8000
v -13.2100 -0.2500 -3.1400
v 3.3900 31.2600 3.0800
v -1.6100 -13.6900 10.0200
v 0.0000 1.4000 0.0900
v -0.0100 -0.0100 -0.0100
v 0.0000 0.0000 -0.1300
v 0.0000 0.0000 -0.1300
v -0.0100 -0.4300 28.6800
v 0.3200 0.3200 0.3200
v 0.3200 0.3200 0.3200
v 0.3200 0.3200 0.3200
v 0.3200 0.3200 0.3200
v 0.3200 0.3200 0.3200
v 0.3200 0.3200 0.3200
v 0.3200 0.3200 0.3200
v 0.3200 0.3200 0.0000
v 9.5900 -0.0100 -7.8100
v 15.4200 30.0600 -11.0400
v 23.3600 5.1600 1.4600
v 20.4700 -30.9100 -16.3900
v -0.0100 -0.0100 -0.0100
v -0.0100 -0.0100 -0.0300
v 0.0000 0.0000 2.5500
v -0.0100 -0.0100 -0.0100
v 32.3500 16.2000 -0.9300
v -0.0100 -10.3300 -17.9300
v 0.3200 0.3200 0.3200
v 0.3200 0.3200 0.3200
v 0.3200 0.3200 0.3200
v 0.3200 0.3200 0.3200
v 0.3200 0.3200 0.3200
v 0.3200 0.3200 0.3200
v 0.3200 0.3200 0.3200
v 0.3200 0.3200 0.3200
v -30.7300 0.0000 0.0000
v 6.4500 12.2000 10.2400
v -0.0100 -0.2800 -15.3000
v -0.3700 -0.1900 -32.8700
v -5.8700 -31.5600 -0.1300
v -26.6900 25.2300 17.5000
v 0.0000 0.0000 -0.1300
v 6.0000 3.2000 0.0000
v -0.0100 -0.3700 -3.4500
v -0.0100 -0.0800 10.4400
v -26.8900 -0.0100 -3.3600
v 0.0000 0.0000 -0.1300
v 0.3200 0.3200 0.3200
v 0.3200 0.3200 0.3200
v 0.3200 0.3200 0.3200
v 0.3200 0.3200 0.3200
v 0.3200 0.3200 0.3200
v 0.3200 0.3200 0.3200
v 0.3200 0.3200 0.3200
v 0.3200 0.3200 0.3200
v 0.3200 0.3200 0.3200
v 0.0000 0.0000 0.8800
v 0.0000 0.8800 5.1200
v 0.3200 0.3200 0.3200
v 0.3200 0.3200 0.3200
v 0.3200 0.3200 0.3200
v 0.3200 0.3200 0.3200
v 0.0000 0.0000 0.2200
v 7.5100 -19.3100 26.1200
v 0.0000 0.0000 -0.1300
v 0.3200 0.3200 0.3200
v 0.3200 0.3200 0.3200
v 0.3200 0.3200 0.3200
v 0.3200 0.3200 2.5500
v 0.3200 0.3200 0.3200
v 0.3200 0.3200 0.3200
v 0.3200 0.3200 0.3200
v 0.3200 0.3200 0.3200
v 0.3200 0.3200 0.3200
v 0.3200 0.3200 0.3200
v 0.3200 0.3200 0.3200
v -2.5600 0.0000 0.0000
v 2.4100 -16.3900 0.6100
v -0.0100 -0.0100 -0.0100
v 38.7400 5.4600 28.3400
v 0.3200 0.3200 0.3200
v 0.3200 0.3200 0.3200
v 0.3200 0.3200 0.3200
v 0.3200 0.3200 0.3200
v 0.3200 0.3200 0.3200
v 0.3200 0.3200 0.3200
v 0.3200 0.3200 0.3200
v 0.3200 0.3200 0.3200
v 0.0000 1.7100 0.0000
v -0.2400 0.1600 2.6900
v 28.1600 13.1100 -0.1300
v 30.3800 30.1200 0.8200
v -37.3800 -3.2200 -0.1300
v -2.5800 -5.9800 -0.1300
v -0.4500 -0.0100 -0.1100
v -0.0100 -15.3700 -0.0100
v 12.8000 0.0000 0.0000
v 0.0000 0.0000 -32.2100
v 9.6000 0.0000 -0.1300
v 15.3600 0.0000 0.0000
v 0.3200 0.3200 0.3200
v 0.3200 0.3200 0.3200
v 0.3200 0.3200 0.3200
v 0.3200 0.3200 0.3200
v 0.3200 0.3200 0.3200
v 0.3200 0.3200 0.3200
v 0.3200 0.3200 0.3200
v 0.3200 0.3200 0.3200
v 0.0000 0.8800 5.1200
v 0.3200 0.3200 0.3200
v 0.3200 0.3200 0.3200
v 0.3200 0.3200 0.3200
v 0.3200 0.3200 0.3200
v 0.8800 5.1200 2.5500
v 0.3200 0.3200 0.3200
v 0.3200 0.3200 0.3200
v 0.3200 0.3200 0.3200
v 0.3200 0.3200 0.0000
v 0.0000 0.0000 0.2800
v -30.7300 0.0000 0.0000
v 7.2900 25.7900 6.1400
v -0.0100 -0.0100 -0.0200
v 0.3200 0.3200 0.3200
v 0.3200 0.3200 0.3200
v 0.3200 0.3200 0.3200
v 0.3200 0.3200 0.3200
v 6.0000 0.0000 0.0000
v 0.3200 0.3200 0.3200
v 0.3200 0.3200 0.3200
v 0.3200 0.3200 0.3200
v 0.3200 0.3200 0.3200
v -2.5600 0.0000 0.0000
v -36.8300 -16.3300 -9.4900
v -0.5600 9.7500 -7.1500
v 16.3600 -1.1100 11.6200
v 13.9900 -3.8400 -36.3800
v 0.3200 0.3200 0.3200
v 0.3200 0.3200 0.3200
v 0.3200 0.3200 0.3200
v 0.3200 0.3200 -0.1300
v 0.3200 0.3200 0.3200
v 0.3200 0.3200 0.3200
v 0.3200 0.3200 0.3200
v 0.3200 0.3200 0.3200
v -21.9800 32.6300 -2.5200
v 27.8400 9.1200 -34.2600
v -31.3100 32.1100 24.3400
v -16.8100 -6.9200 15.7100
v 3.5400 2.2000 0.0200
v -29.7200 -27.5700 -0.1300
v 31.3600 23.8400 -13.9700
v -2.7300 -0.0100 -0.1300
v 20.2100 19.2100 -0.1300
v -6.3500 -21.0100 5.1100
v 22.4100 -20.2300 4.2200
v -36.9700 -0.0100 -0.0100
v 0.0000 0.0000 -0.1300
v 7.6800 0.0000 0.0000
v 0.3200 0.3200 0.3200
v 0.3200 0.3200 0.3200
v 0.3200 0.3200 0.3200
v 0.3200 0.3200 0.3200
v 0.3200 0.3200 0.3200
v 0.3200 0.3200 0.3200
v 0.3200 0.3200 0.3200
v 0.3200 0.3200 0.3200
v 0.3200 0.3200 0.3200
v 0.3200 0.3200 0.3200
v 0.3200 0.3200 0.3200
v 0.3200 0.3200 0.3200
v 0.3200 0.3200 0.3200
v 0.3200 0.3200 0.3200
v 0.3200 0.3200 0.3200
v 0.3200 0.3200 0.3200
v 0.3200 0.3200 0.3200
v -7.7400 0.0000 0.0000
v 37.5200 -14.9000 -34.0000
v -17.8500 -32.0100 -0.0100
v 0.0000 -27.5600 3.7100
v -21.7700 0.0000 -39.3100
v -0.6900 18.5500 -15.3700
v 0.3200 0.3200 0.3200
v 0.3200 0.3200 0.3200
v 0.3200 0.3200 0.3200
v 0.3200 0.3200 0.3200
v 0.3200 0.3200 0.3200
v 0.3200 0.3200 0.3200
v 0.3200 0.3200 0.3200
v 0.3200 0.3200 0.0000
v -33.5800 18.0800 -4.3600
v -0.0100 -0.0100 -0.0100
v -0.0100 -31.8700 -0.0100
v -0.7300 -10.4300 26.7200
v -0.0100 -1.7400 -0.0100
v -2.5700 -0.0100 -0.1500
v 0.3200 0.3200 0.3200
v 0.3200 0.3200 0.3200
v 0.3200 0.3200 0.3200
v 0.3200 0.3200 0.3200
v 0.3200 0.3200 0.3200
v -16.3900 -21.4400 3.4600
v 15.3600 0.0000 0.0000
v 17.8600 17.9100 -26.8900
v -25.6100 -33.1600 33.3300
v 15.3600 32.5600 -3.5400
v -0.0100 -0.0100 -0.0100
v 0.3200 0.3200 0.3200
v 0.3200 0.3200 0.3200
v 0.3200 0.3200 0.3200
v 0.3200 0.3200 0.3200
v 0.3200 0.3200 0.3200
v 0.3200 0.3200 0.3200
v 0.3200 0.3200 0.3200
v 0.3200 0.3200 0.0000
v 0.3200 0.3200 0.3200
v 0.3200 0.3200 0.3200
v 0.3200 0.3200 0.3200
v 0.3200 0.3200 0.3200
v 0.0000 0.0000 1.7100
v -30.7300 0.0000 0.0000
v 19.1900 -0.1600 0.6000
v -7.2200 -7.5900 4.7300
v 22.2900 0.0000 0.0000
v 0.0000 0.0000 0.0300
v -10.1000 -16.8600 -31.3000
v -0.5100 -0.1100 -27.0200
v -22.3800 28.1500 -0.1000
v -37.1200 0.1200 23.0800
v 1.6200 24.6300 -4.5000
v 23.0300 -0.3900 -17.5300
v -18.4100 -18.2500 -5.7700
v 8.2600 -0.5000 -27.5700
v -31.9400 21.1800 12.3400
v 22.6000 12.7100 -38.8200
v -36.8900 -0.6600 3.6000
v 0.3200 0.3200 0.3200
v 0.3200 0.3200 0.3200
v 0.3200 0.3200 0.3200
v 0.3200 0.3200 0.3200
v 0.3200 0.3200 0.3200
v 0.3200 0.3200 0.3200
v 0.3200 0.3200 0.3200
v 0.3200 0.3200 0.3200
v 19.1900 -0.1600 0.6000
v -39.1900 10.8700 -7.0300
v 1.6000 0.0500 -2.4000
v -16.3200 0.1600 3.9200
v 0.0000 0.0000 -0.1300
v 6.5900 15.6100 33.8800
v 1.4500 9.6000 21.0700
v -7.6800 31.6800 -0.1300
v 1.7600 34.5100 25.1400
v -0.0100 -0.0100 -17.0700
v 0.3200 0.3200 0.3200
v 0.3200 0.3200 0.3200
v 0.3200 0.3200 0.3200
v 0.3200 0.3200 0.3200
v 0.3200 0.3200 0.3200
v 0.3200 0.3200 0.3200
v 0.3200 0.3200 0.3200
v 0.3200 0.3200 0.3200
v 38.5500 38.5500 30.7200
v -0.0100 -0.5700 0.0000
v -31.7000 35.9000 11.5100
v -2.3100 -1.9300 -8.1500
v -25.4500 2.1800 -31.4600
v -20.8900 -30.6500 -35.9300
v -0.2500 -0.2200 -0.1300
v 4.9300 -0.4100 -0.0100
v 21.6000 -32.1300 -22.7700
v 38.1600 -7.5700 -16.7500
v -35.8400 5.7600 29.6000
v 25.6800 39.2800 -0.1300
v -30.7200 21.7900 -12.4000
v -3.8000 -25.6100 -0.1200
v -0.0100 -0.0100 -0.2900
v 21.2400 7.6800 0.0000
v 0.0000 0.0000 -0.1300
v -25.6100 -33.0100 -0.1300
v -6.0600 1.0000 -4.5800
v -0.0100 -24.3300 -0.0100
v 19.3700 23.3000 12.8700
v -13.3100 -2.7500 -0.1300
v 0.3200 0.3200 0.3200
v 0.3200 0.3200 0.3200
v 0.3200 0.3200 0.3200
v 0.3200 0.3200 0.3200
v 0.3200 0.3200 0.3200
v 0.3200 0.3200 0.3200
v 0.3200 0.3200 0.3200
v 0.3200 0.3200 0.3200
v -0.4600 -24.7400 -14.0200
v -4.2000 12.5500 -0.1300
v -36.1200 3.1900 -13.1900
v 0.3100 -17.2800 0.7400
v -0.0100 -6.7900 -0.1300
v -29.7500 -36.1500 -35.2600
v 1.1600 21.2200 24.8100
v 7.9400 5.0300 22.6500
v 4.6000 0.3600 25.2200
v -0.0100 -0.0700 -27.5200
v -35.4300 32.3100 -0.0100
v 0.5700 -32.1900 -8.7000
v 2.9700 -15.4000 -15.2300
v 32.3700 9.4100 26.9700
v -10.1300 -7.1500 -5.9300
v -0.0100 -0.0100 -0.0100
v 0.0000 0.0000 -0.1300
v 31.2100 26.9100 23.2900
v 6.7900 30.1100 -0.1300
v 0.3200 0.3200 0.3200
v 0.3200 0.3200 0.3200
v 0.3200 0.3200 0.3200
v 0.3200 0.3200 0.3200
v 0.3200 0.3200 0.3200
v 0.3200 0.3200 0.3200
v 18.2900 36.6100 37.1600
v 18.5900 35.9300 -0.1300
v -31.3700 -15.8700 32.6500
v -35.8500 -0.0100 -0.0200
v 12.8100 23.0500 5.3200
v -7.9300 -12.8100 -32.8000
v 0.3200 0.3200 0.3200
v 0.3200 0.3200 0.3200
v 0.3200 0.3200 0.3200
v 0.3200 0.3200 2.5500
v 0.3200 0.3200 0.3200
v 0.3200 0.3200 0.3200
v 0.3200 0.3200 0.3200
v 0.3200 0.3200 0.3200
v -31.1500 -0.0200 2.5500
v 12.1600 3.5700 -15.8900
v -34.6100 -26.9200 -4.4800
v 6.0000 0.0000 0.0000
v 0.0000 0.0000 2.5500
v 0.0000 2.5500 -32.8000
v 0.0000 6.0000 0.0000
v 6.0000 0.0000 0.0000
v 0.0000 0.0000 2.5500
v 0.0000 2.5500 -32.8000
v 0.0000 0.0000 1.3200
v 0.0000 0.1800 20.5600
v 12.4100 -7.2600 4.0900
v 0.0000 0.0000 -0.1300
v 0.0000 8.0100 0.0000
v -9.1500 -3.5700 38.3300
v -23.8800 25.4100 -11.7000
v 0.3900 -0.7400 -28.2900
v 11.2800 0.0000 0.0000
v 0.3200 0.3200 0.3200
v 0.3200 0.3200 0.3200
v 0.3200 0.3200 0.3200
v 0.3200 0.3200 0.3200
v 0.3200 0.3200 0.3200
v 0.3200 0.3200 0.3200
v 0.3200 0.3200 0.3200
v 0.3200 0.3200 0.3200
v -3.2400 -23.0500 -32.8000
v -14.4600 0.0000 1.5800
v 0.3200 0.3200 0.3200
v 0.3200 0.3200 0.3200
v 0.3200 0.3200 0.3200
v 0.3200 0.3200 2.5500
v 0.3200 0.3200 0.3200
v 0.3200 0.3200 0.3200
v 0.3200 0.3200 0.3200
v 0.3200 0.3200 0.3200
v 0.3200 0.3200 0.3200
v 0.3200 0.3200 0.3200
v 0.3200 0.3200 0.3200
v 0.3200 0.3200 0.0000
v -2.5600 0.0000 0.0000
v 0.0000 7.8300 38.5500
v 24.3700 -2.4500 -38.3800
v 36.3500 -0.0600 23.0400
v 22.4000 -30.0900 -2.2100
v -35.6900 -15.9800 -31.1400
v -20.4600 -20.1700 -0.1300
v 39.2200 19.3400 19.2000
v -0.8200 36.5200 11.0900
v 15.2100 -20.4800 34.8500
v 25.7900 36.4700 -0.1300
v 0.9200 5.0200 -0.1300
v 25.0900 -0.4900 -0.1300
v -11.0500 -3.4600 37.9200
v 0.2600 19.8000 29.1500
v -21.4600 -26.1900 -36.4300
v -0.0100 -0.0100 -0.0100
v 0.3200 0.3200 0.3200
v 0.3200 0.3200 0.3200
v 0.3200 0.3200 0.3200
v 0.3200 0.3200 0.3200
v 0.3200 0.3200 0.3200
v 0.3200 0.3200 0.3200
v 0.3200 0.3200 0.3200
v 0.3200 0.3200 0.0000
v 0.3200 0.3200 0.3200
v 0.3200 0.3200 0.3200
v 0.3200 0.3200 0.3200
v 0.0000 0.0000 0.4400
v -30.7300 0.0000 0.0000
v -0.0100 -2.8800 -0.1300
v -19.9900 -28.1800 -0.1300
v -2.5700 -5.7700 -25.6100
v -6.8900 -25.6600 1.8600
v -0.0100 -7.6800 4.0400
v -33.2800 1.3000 19.7500
v -23.4500 -2.9400 -20.5300
v -37.4200 25.1000 -28.9200
v 34.1500 -15.3900 -39.9200
v 11.5200 0.0000 0.0000
v 0.0000 0.0000 1.8000
v 17.2800 4.1700 7.4000
v 33.4700 12.1600 3.5600
v 0.1600 29.8400 -0.1300
v -7.6000 1.7700 34.0800
v -11.3800 -21.2100 -18.2500
v -4.5000 6.3900 -0.1300
v 20.1500 3.3000 -37.1900
v 1.8700 7.7600 11.7400
v 14.9400 -25.9300 -0.1300
v -23.4100 -25.0100 -0.1300
v 10.8000 30.7300 -0.1300
v 0.0000 0.0000 -0.1300
v 0.3200 0.3200 0.3200
v 0.3200 0.3200 0.3200
v 0.3200 0.3200 0.3200
v 0.3200 0.3200 0.3200
v 0.3200 0.3200 0.3200
v 0.3200 0.3200 0.3200
v 0.3200 0.3200 0.3200
v 0.3200 0.3200 0.3200
v -30.7300 5.3600 0.1000
v 30.4000 22.5700 38.9400
v -11.5300 -3.6900 -6.6700
v 28.4400 -0.0100 -15.1600
v -18.0300 -4.6300 -0.1300
v 5.6300 25.9700 -0.1300
v -32.1200 28.2200 10.9900
v 0.3200 0.3200 0.3200
v 0.3200 0.3200 0.3200
v 0.3200 0.3200 0.3200
v 0.3200 0.3200 0.3200
v 0.3200 0.3200 0.3200
v 0.3200 0.3200 0.3200
v 0.3200 0.3200 0.3200
v 4.5600 22.4000 12.4500
v 0.9300 0.0000 0.0000
v 30.1400 31.7400 11.0200
v 0.3200 0.3200 0.3200
v 0.3200 0.3200 0.3200
v 0.3200 0.3200 0.3200
v 0.3200 0.3200 0.3200
v 0.3200 0.3200 0.3200
v 0.3200 0.3200 0.3200
v 0.3200 0.3200 0.3200
v -28.8100 -2.8300 -11.7900
v 0.3200 0.3200 0.3200
v 0.3200 0.3200 0.3200
v 0.3200 0.3200 0.3200
v 0.3200 0.3200 0.3200
v 0.0000 0.3200 0.3200
v 0.3200 0.3200 0.3200
v 0.3200 0.3200 0.3200
v 0.3200 0.3200 0.3200
v 0.3200 0.3200 0.3200
v 0.3200 0.3200 0.3200
v 0.3200 0.3200 0.3200
v 0.3200 0.3200 0.3200
v -7.5400 -16.4200 -20.9000
v 0.3200 0.3200 0.3200
v 0.3200 0.3200 0.3200
v 0.3200 0.3200 0.3200
v 0.3200 0.3200 0.3200
v 0.0000 0.3200 0.3200
v 0.3200 0.3200 0.3200
v 0.3200 0.3200 0.3200
v 0.3200 0.3200 0.3200
v 2.2700 30.3000 30.1200
v 17.3500 25.2300 -17.3000
v 26.0700 -0.0400 -1.7300
v -2.5700 -2.0300 38.1700
v 3.2100 7.1700 -32.6000
v 0.3200 0.3200 0.3200
v 0.3200 0.3200 0.3200
v 0.3200 0.3200 0.3200
v 0.3200 0.3200 -0.1300
v 0.3200 0.3200 0.3200
v 0.3200 0.3200 0.3200
v 0.3200 0.3200 0.3200
v 0.3200 0.3200 0.3200
v 23.6200 24.3600 -17.2500
v 0.0000 0.0000 -0.1300
v 0.3200 0.3200 0.3200
v 0.3200 0.3200 0.3200
v 0.3200 0.3200 0.3200
v 0.3200 0.3200 0.3200
v 0.3200 0.3200 0.3200
v 0.3200 0.3200 0.3200
v 0.3200 0.3200 0.3200
v 0.3200 0.3200 0.3200
v -0.4400 34.5500 -4.7000
v 12.3800 0.0000 0.0000
v 0.3200 0.3200 0.3200
v 0.3200 0.3200 0.3200
v 0.3200 0.3200 0.3200
v 0.3200 0.3200 0.3200
v 0.3200 0.3200 0.3200
v 0.3200 0.3200 0.3200
v 0.3200 0.3200 0.3200
v 0.3200 0.3200 0.0000
v 0.0800 0.8600 24.1900
v -0.9700 -27.6600 -0.1300
v 26.3000 20.4800 0.0000
v 0.0000 0.0000 -0.1300
v 0.3200 0.3200 0.3200
v 0.3200 0.3200 0.3200
v 0.3200 0.3200 0.3200
v 0.3200 0.3200 0.3200
v 0.3200 0.3200 0.3200
v 0.3200 0.3200 0.3200
v 0.3200 0.3200 0.3200
v 0.3200 0.3200 0.3200
v -11.4000 -16.0400 26.9500
v -0.0100 -1.1500 20.9700
v 5.9200 30.1800 3.0100
v 31.9500 -5.5500 22.8200
v -0.3400 35.9800 2.4700
v 28.2400 -24.9300 28.1700
v 36.5800 9.1800 34.6900
v 0.3200 0.3200 0.3200
v 0.3200 0.3200 0.3200
v 0.3200 0.3200 0.3200
v 0.3200 0.3200 0.3200
v 0.3200 0.3200 0.3200
v 0.3200 0.3200 0.3200
v 0.3200 0.3200 0.3200
v 0.3200 0.3200 0.3200
v 0.0000 0.0000 24.0900
v 26.3000 31.3500 -37.8600
v -14.0900 -22.2000 -0.0100
v 0.3200 0.3200 0.3200
v 0.3200 0.3200 0.3200
v 0.3200 0.3200 0.3200
v 0.3200 0.3200 0.3200
v 0.3200 0.3200 0.3200
v 0.3200 0.3200 0.3200
v 0.3200 0.3200 0.3200
v 0.3200 0.3200 0.3200
v 14.8200 23.1800 2.4700
v -15.2300 29.9500 16.5800
v 20.4800 5.1600 32.7300
v 1.3200 30.8200 1.6000
v -21.6100 7.2800 13.3800
v -0.0100 -16.9700 -19.4800
v 5.2200 -27.0400 20.1100
v 20.8800 22.7200 21.7300
v 35.7300 -8.4000 38.1000
v 11.9200 17.5700 0.0800
v -0.0100 -0.0100 -0.3100
v -15.3900 -9.0300 -7.7100
v -25.8700 -1.5700 0.2200
v -7.6800 0.0000 0.0000
v 5.6100 -0.0800 21.1500
v 22.0800 10.6300 -7.6000
v -16.2200 1.8100 22.1200
v -24.3900 11.6100 22.6600
v -0.0100 -0.0100 -0.9100
v 32.3900 -0.0100 -1.3400
v 24.2300 3.6100 6.1000
v 0.0500 29.3500 4.6500
v -37.2400 -38.7700 -23.6900
v 35.8300 7.7600 15.3700
v 0.3200 0.3200 0.3200
v 0.3200 0.3200 0.3200
v 0.3200 0.3200 0.3200
v 0.3200 0.3200 0.3200
v 0.3200 0.3200 0.3200
v 0.3200 0.3200 0.3200
v 0.3200 0.3200 0.3200
v 0.3200 0.3200 0.3200
v 0.3200 0.3200 0.3200
v 0.3200 0.3200 0.3200
v 0.3200 0.3200 0.3200
v 20.5200 -0.3200 -13.8700
v 0.0000 0.0000 -0.1300
v 12.8000 0.0000 0.0000
v 0.0000 0.0000 -0.1300
v -16.3400 -0.1300 -0.8500
v -28.1500 15.4200 24.8400
v 0.0000 0.0000 -0.1300
v 0.0000 0.0000 -0.1300
v 14.9200 3.9600 5.1100
v 19.8900 11.4000 2.5000
v 26.4800 -37.9300 -0.1300
v -0.0100 -0.0100 -2.2500
v -28.0300 12.2000 5.0100
v -7.0500 -0.0100 -37.9600
v 9.5900 -0.0100 -1.5000
v 21.1800 10.3300 31.2400
v 0.0000 0.0000 -0.1300
v -20.5500 -30.6100 19.3200
v 23.1000 16.8200 -3.5200
v 0.0000 0.0000 -0.1300
v 0.0000 0.0000 -0.1300
v -28.6800 -12.5800 -0.1300
v 2.1800 29.4300 -0.0500
v 29.7200 0.0000 0.0000
v 10.5600 20.5600 12.8700
v -1.2900 -0.0900 -0.8700
v 7.0800 36.7800 -13.8300
v 14.3800 16.7500 17.9500
v -27.5100 2.4300 -0.1300
v -0.0900 -0.0100 -0.0100
v 30.4500 -23.0500 -1.2900
v 0.1300 -13.0500 29.9500
v 0.0000 0.0000 -0.1300
v 30.3000 25.2200 -25.5600
v 0.0000 0.0000 -0.1300
v 0.0000 1.2900 7.7000
v 0.0000 0.0000 -0.1300
v 0.0000 0.0000 0.6800
v -0.0100 -4.6600 -0.0100
v -0.7700 -7.4400 -33.1300
v 0.0000 0.0000 -0.1300
v -5.8700 26.7100 -11.3100
v 2.5100 0.1500 23.0400
v -4.3400 28.2600 22.8200
v 9.4200 28.2600 39.7000
v 30.5400 8.9300 1.2800
v 0.0000 0.0000 -0.1300
v 0.0000 0.0000 -0.1300
v 0.0000 0.0000 -0.1300
v -14.3400 21.4500 -20.4700
v 0.0000 0.0000 -0.1300
v 0.0000 0.0000 -0.1300
v -0.0100 -7.7400 -0.1300
v -5.2700 5.5100 10.3900
v 0.3200 0.3200 0.3200
v 0.3200 0.3200 0.3200
v 0.3200 0.3200 0.3200
v 0.3200 0.3200 0.3200
v 0.3200 0.3200 0.3200
v 0.3200 0.3200 0.3200
v 5.1100 -20.1500 8.0400
v -0.0100 -0.0100 -0.0100
v -1.0500 28.7400 15.4200
v 0.0000 0.0000 -0.1300
v 23.0400 0.0000 0.0000
v 0.0000 0.0000 2.6400
v 26.3000 0.2700 -28.8000
v -2.5700 -0.0100 -0.0100
v -0.0100 -0.0100 -0.0100
v -0.7800 -23.6900 -1.6900
v -7.5400 -35.8500 9.0200
v 0.0000 0.0000 -0.1300
v -0.0100 -25.6100 -0.0100
v -0.0100 -8.0000 1.4700
v 2.2500 -33.5800 -0.1300
v 6.0300 -25.7400 -4.6900
v -0.0100 -0.3300 -0.0100
v -22.0900 -17.8100 27.4800
v 0.0000 0.0000 -0.1300
v 0.0000 0.0000 -0.1300
v 33.0100 -0.0100 -7.5200
v 1.6800 0.8400 -38.3400
v 0.3200 0.3200 0.3200
v 0.3200 0.3200 0.3200
v 0.3200 0.3200 0.3200
v 0.3200 0.3200 0.3200
v 0.3200 0.3200 0.3200
v 0.3200 0.3200 0.3200
v 0.3200 0.3200 0.3200
v 37.6500 26.6400 13.9600
v 35.2500 17.0000 -0.0100
v -2.8900 -4.9200 -2.5000
v -2.0800 10.6200 -4.8700
v -0.0100 -0.0100 -0.0100
v 21.1500 9.3400 27.6200
v 12.8200 -34.4900 -0.1300
v -18.7200 1.1800 -8.9600
v 24.8300 -26.9100 -0.0100
v 24.4000 -22.0300 13.2100
v -0.3900 -0.0100 -0.1200
v 33.2800 0.0000 0.0000
v 34.0100 -20.6300 -31.5300
v -20.4800 0.0000 0.0000
v 0.0000 0.0000 -0.1300
v -20.4800 0.0000 0.0000
v 0.0000 0.0000 -0.1300
v -10.2700 10.1100 -15.6300
v -7.6300 -14.4600 -19.4700
v 19.9800 30.1400 32.5300
v -14.4600 30.1400 0.0000
v -2.4100 23.8200 -24.7200
v -9.6100 -18.4000 7.8400
v 0.0000 0.0000 -0.1300
v -1.9200 -27.9800 1.0800
v 0.0000 0.0000 -0.1300
v 0.3200 0.3200 0.3200
v 0.3200 0.3200 0.3200
v 0.3200 0.3200 0.3200
v 0.3200 0.3200 0.3200
v 0.3200 0.3200 0.3200
v 0.3200 0.3200 0.3200
v 0.3200 0.3200 0.3200
v 0.3200 0.3200 0.3200
v -13.3900 0.0000 0.0000
v 0.0000 0.0000 31.0400
v -7.8400 26.4000 12.3300
v -21.7000 30.2000 10.4600
v 5.9400 -24.9400 6.3400
v -11.3800 24.3600 2.1000
v -0.0100 -0.0100 -0.0100
v -28.5300 35.5600 -39.0600
v -9.1000 18.0000 14.0300
v 6.0800 0.3300 26.5700
v 30.1400 0.3500 5.0700
v 0.3200 0.3200 0.3200
v 0.3200 0.3200 0.3200
v 0.3200 0.3200 0.3200
v 0.3200 0.3200 0.3200
v 0.3200 0.3200 0.3200
v 0.3200 0.3200 0.3200
v 0.3200 0.3200 0.3200
v 0.3200 0.3200 0.3200
v -10.2700 -2.5500 -0.1300
v -0.0100 -0.0100 -3.5800
v 2.2400 30.7700 0.0700
v -0.0100 -0.0100 -15.6100
v 2.2900 -3.1000 1.9000
v -0.0100 -0.0100 -0.6000
v -0.0100 -28.1700 -0.0500
v 15.3600 0.0000 0.0000
v -0.0100 -1.7000 -0.3800
v -27.5700 -39.0500 -0.1300
v 2.3000 -14.7200 1.8800
v -0.0100 -0.0200 -0.1300
v 0.0000 0.0000 -0.1300
v 0.0000 0.0000 -0.1300
v 0.0000 0.0000 -0.1300
v 5.6800 4.6500 8.9100
v 0.6400 1.8300 22.1300
v 0.0100 35.8300 -3.8700
v -20.6500 -0.0100 -0.1300
v -17.7700 26.4600 -32.6600
v -10.5700 -0.0100 -5.3900
v 17.0000 23.4400 -0.1300
v -0.0100 -0.0100 -0.8500
v 0.0000 0.0000 -0.1300
v 0.0000 0.0000 -0.1300
v 0.0000 0.0000 -0.1300
v 0.0000 0.0000 -0.1300
v 16.3700 0.5100 36.5200
v -0.0100 -0.0100 -0.4300
v -27.2600 -31.6100 -9.8200
v -0.0300 1.3600 0.0000
v -39.9200 1.3800 -0.1300
v -8.0200 -22.1100 -6.1300
v 0.0000 0.0000 -0.1300
v 0.0000 0.0000 -0.1300
v 0.0000 0.0000 -0.1300
v 0.0000 0.0000 -0.1300
v 0.0000 0.0000 -0.1300
v 25.9900 -22.2600 -0.1800
v 0.0000 0.0000 -0.1300
v 0.0000 0.0000 -0.1300
v -0.0100 -0.1300 -0.0100
v 1.3600 1.0500 35.6600
v 2.6000 -17.7700 -26.2400
v -0.0100 -0.0100 -0.1300
v 23.4200 26.6300 -8.2000
v 0.0000 0.0000 -0.1300
v 0.0000 0.0000 -0.1300
v 0.0000 0.0000 -0.1300
v 1.3200 21.4500 7.7000
v 15.6300 -21.6500 -15.6100
v -11.7300 -0.0100 -20.4900
v -0.0100 -0.0100 -1.5800
v -0.0100 -0.0100 -29.8400
v 0.0000 0.0000 -0.1300
v 0.3200 0.3200 0.3200
v 0.3200 0.3200 0.3200
v 0.3200 0.3200 0.3200
v 0.3200 0.3200 0.3200
v 0.3200 0.3200 0.3200
v 0.3200 0.3200 0.3200
v 0.3200 0.3200 -0.1300
v -17.1300 30.7200 0.5400
v -16.4500 -3.5700 -0.1300
v 23.3300 -17.0700 38.6100
v 30.7100 -0.0100 -34.0200
v 23.2200 37.7100 -0.2100
v 0.0000 0.0000 -0.1300
v 0.0000 0.0000 -0.1300
v 0.0000 0.0000 1.3000
v 14.6400 2.2200 31.9600
v 30.3500 19.0400 -15.1800
v -0.0400 10.8500 14.7700
v 0.0000 0.0000 -0.1300
v 0.3200 0.3200 0.3200
v 0.3200 0.3200 0.3200
v 0.3200 0.3200 0.3200
v 0.3200 0.3200 0.3200
v 0.3200 0.3200 0.3200
v 0.3200 0.3200 0.3200
v 0.3200 0.3200 0.3200
v 0.3200 0.3200 0.3200
v -0.1700 -0.0100 -10.3900
v -0.1200 -33.1600 -0.4700
v 3.4400 0.1400 -38.0300
v 2.4000 0.0000 0.0000
v 0.0000 0.0000 -0.1300
v 15.8600 -24.4200 21.1200
v 3.0100 -26.2500 -3.1300
v 34.4400 -0.3100 22.5400
v 4.7100 -0.0200 -22.0900
v 0.0000 0.0000 -0.1300
v 0.0000 0.0000 -0.1300
v -16.1700 16.3300 20.7900
v -35.9700 -4.8200 -5.6000
v 30.3600 21.7900 2.1300
v 24.6400 -30.2800 -0.1000
v -0.0100 -26.6100 -20.5400
v 6.3900 -14.5500 -4.2700
v -2.1900 -10.7000 31.1300
v 0.0000 0.0000 -0.1300
v 0.0000 1.4100 -14.0500
v -0.0100 -0.0100 -0.0300
v -0.0100 -0.0100 -2.3900
v -0.0200 -0.0100 -0.0100
v -4.1100 -1.0100 -0.0100
v -9.6100 -0.0100 -0.2300
v 30.1400 12.3900 -26.0100
v -0.5500 -23.0500 -1.0500
v -0.0100 -0.0100 -2.8900
v 0.4500 29.4600 32.9700
v 28.1500 -0.1500 -0.3300
v 27.3300 14.3000 36.0000
v 39.9000 24.4900 -0.0100
v -0.8600 26.2800 0.1200
v -25.6100 -13.8600 -0.1300
v -30.8900 -0.0100 -13.0500
v -2.8300 -13.1900 37.1600
v -6.7700 -25.6300 -8.3000
v 8.2300 -25.2500 -17.5400
v 23.0600 5.5200 2.8800
v -26.5900 -34.9900 -0.1300
v -0.3400 36.0200 1.6700
v 10.0700 24.5500 10.8600
v -21.7000 30.2400 16.8300
v 0.0000 0.0000 -0.1300
v 0.0000 0.0000 -0.1300
v -2.9900 -0.0100 -0.0100
v -32.6400 -30.6000 34.2000
v -0.0100 -0.0100 -0.0100
v -4.9500 -30.1000 30.1300
v -34.8900 -6.0300 7.8300
v 4.4800 12.8400 -14.2500
v -0.0100 -0.0300 8.0200
v -0.0100 -0.0100 -0.0100
v 20.4800 1.8000 2.3800
v 0.9900 12.9500 26.7500
v 0.0000 0.0000 -0.1300
v -0.4100 -2.2500 -0.0100
v -36.8400 -23.7300 -0.1300
v -15.0700 -2.4900 0.0700
v -19.7000 16.8300 28.0300
v -0.0100 -0.9700 -0.1300
v -2.3000 20.4800 0.9400
v 0.0000 0.0000 -0.1300
v -0.0100 -0.1100 -0.1300
v 0.3200 0.3200 0.3200
v 0.3200 0.3200 0.3200
v 0.3200 0.3200 0.3200
v 0.3200 0.3200 0.3200
v 0.3200 0.3200 0.3200
v 0.3200 0.3200 0.3200
v 0.3200 0.3200 0.3200
v 0.3200 0.3200 0.0000
v 19.2100 39.8700 27.3200
v 19.7500 -0.0100 -0.0300
v 19.1900 13.5000 -0.1300
v 0.0000 2.6800 32.2200
v -16.0200 -1.9300 -33.6200
v 0.0000 11.1900 -29.5000
v -0.0100 -0.0100 -0.7200
v 26.2700 -21.1800 35.4800
v 24.3800 4.9000 -12.5100
v 0.0000 0.0000 -0.1300
v 0.0000 0.0000 -0.1300
v 0.0000 0.0000 -0.1300
v 1.2500 12.7100 -11.1400
v -0.3700 -22.2200 0.9600
v -0.0100 -0.0100 -0.0800
v -30.1200 13.5900 -10.6400
v -37.8100 -0.0100 -6.9900
v -6.7700 -0.0100 -0.0200
v 0.0000 0.0000 -0.1300
v 12.8000 0.0000 0.0000
v 0.0000 0.0000 -0.1300
v 0.3200 0.3200 0.3200
v 0.3200 0.3200 0.3200
v 0.3200 0.3200 0.3200
v 0.3200 0.3200 0.3200
v 0.3200 0.3200 0.3200
v 0.3200 0.3200 0.3200
v 0.3200 0.3200 0.3200
v 0.3200 0.3200 0.3200
v 0.0000 0.0000 0.0900
v 0.0000 0.8900 -29.4400
v 22.6700 -35.5700 -32.1300
v 0.1000 17.8400 -38.3300
v 6.0000 0.0000 0.0000
v 0.3200 0.3200 0.3200
v 0.3200 0.3200 0.3200
v 0.3200 0.3200 0.3200
v 0.3200 0.3200 0.3200
v 0.0000 0.3200 0.3200
v 0.3200 0.3200 0.3200
v 0.3200 0.3200 0.3200
v 0.3200 0.3200 0.3200
v 0.3200 2.5500 -32.8000
v -39.8800 -18.9200 -2.5400
v -14.0900 -0.0100 -0.4100
v -15.9700 38.3800 -3.3900
v -16.7900 -39.0500 -3.8700
v 0.3200 0.3200 0.3200
v 0.3200 0.3200 0.3200
v 0.3200 0.3200 0.3200
v 0.3200 0.3200 0.3200
v 0.3200 0.3200 0.3200
v 0.3200 0.3200 0.3200
v 0.3200 0.3200 0.3200
v 7.6800 -31.0800 -0.0100
v 20.7000 16.0800 -38.9200
v 0.3200 0.3200 0.3200
v 0.3200 0.3200 0.3200
v 0.3200 0.3200 0.3200
v 0.3200 0.3200 0.3200
v 0.3200 0.3200 0.3200
v 0.3200 0.3200 0.3200
v 0.3200 0.3200 0.3200
v 0.3200 0.3200 0.3200
v 0.0000 0.0000 0.3400
v 4.0300 4.7100 -10.2000
v -0.5300 -8.5800 -0.1300
v 24.2200 -0.0100 -0.0400
v 0.0000 0.0000 -0.1300
v 0.0000 0.0000 -2.5500
v 6.0000 0.0000 0.0000
v 0.0000 0.0000 -0.0100
v 39.8300 32.8200 -0.1300
v 0.0000 0.0000 -0.1300
v 4.0900 -8.0300 -37.6000
v -0.1800 -4.5600 8.4700
v 1.0700 -13.2600 0.3000
v 0.3200 0.3200 0.3200
v 0.3200 0.3200 0.3200
v 0.3200 0.3200 0.3200
v 0.3200 0.3200 0.3200
v 0.0000 6.0000 0.0000
v 0.3200 0.3200 0.3200
v 0.3200 0.3200 0.3200
v 0.3200 0.3200 0.3200
v 0.3200 0.3200 0.3200
v 6.0000 0.0000 0.0000
v 5.3100 -0.0100 2.4100
v 13.1800 -5.6800 27.7600
v -27.4100 7.6800 12.4900
v -0.0100 -24.0200 36.1800
v 24.6300 11.7800 26.3400
v 0.0000 0.3200 0.3200
v 0.3200 0.3200 0.3200
v 0.3200 0.3200 0.3200
v 0.3200 0.3200 0.3200
v 0.3200 0.3200 -0.1300
v 0.3200 0.3200 0.3200
v 0.3200 0.3200 0.3200
v 0.3200 0.3200 0.3200
v 0.3200 0.3200 0.3200
v -30.7300 0.0000 0.0000
v 20.4700 -6.2600 -0.1300
v -38.2200 27.2000 19.6100
v 39.4700 -0.0100 -6.5800
v 30.8800 4.4700 -5.1300
v 20.5900 34.5800 25.7200
v -38.9100 -10.2500 -0.1300
v -0.3800 12.8100 5.2300
v -38.2500 1.2700 30.3800
v -0.0100 -0.0100 -11.2700
v -27.0500 -3.6400 25.9600
v 7.6800 25.1100 -20.4900
v -16.5200 30.8000 22.4100
v 0.0000 0.0000 -0.1300
v 0.3200 0.3200 0.3200
v 0.3200 0.3200 0.3200
v 0.3200 0.3200 0.3200
v 0.3200 0.3200 0.3200
v 0.3200 0.3200 0.3200
v 0.3200 0.3200 0.3200
v 0.3200 0.3200 0.3200
v 0.3200 0.3200 0.3200
v 0.3200 0.3200 0.3200
v 0.3200 0.3200 0.3200
v 0.3200 0.3200 0.3200
v 0.3200 0.3200 0.0000
v 0.0000 0.0000 0.5100
v -30.7300 0.0000 0.0000
v -4.6600 -8.9000 -3.2100
v -2.2900 -6.4700 -6.4000
v 0.3200 0.3200 0.3200
v 0.3200 0.3200 0.3200
v 0.3200 0.3200 0.3200
v 0.3200 0.3200 0.3200
v 0.3200 0.3200 0.3200
v 0.3200 0.3200 0.3200
v 0.3200 0.3200 0.3200
v 0.3200 0.3200 0.3200
v 0.0000 -30.7300 0.3200
v 0.3200 0.3200 0.3200
v 0.3200 0.3200 0.3200
v 0.3200 0.3200 0.3200
v 0.3200 0.3200 0.0000
v 0.3200 0.3200 0.3200
v 0.3200 0.3200 0.3200
v 0.3200 0.3200 0.3200
v 0.3200 0.3200 0.3200
v 0.0000 0.0000 0.8800
v -32.2900 8.6300 -17.4300
v 0.0000 0.0000 -0.1300
v 0.3200 0.3200 0.3200
v 0.3200 0.3200 0.3200
v 0.3200 0.3200 0.3200
v 0.3200 0.3200 0.3200
v 0.3200 0.3200 0.3200
v 0.3200 0.3200 0.3200
v 0.3200 0.3200 0.3200
v 0.3200 0.3200 0.3200
v -0.6100 9.6000 2.1800
v 0.0000 0.0000 -0.1300
v 0.3200 0.3200 0.3200
v 0.3200 0.3200 0.3200
v 0.3200 0.3200 0.3200
v 0.3200 0.3200 0.3200
v 0.3200 0.3200 0.3200
v 0.3200 0.3200 0.3200
v 0.3200 0.3200 0.3200
v 0.3200 0.3200 0.3200
v 0.0000 0.0000 1.4900
v -30.7300 0.0000 0.0000
v 0.0000 0.9600 26.3800
v 5.7700 1.8200 -16.5900
v -1.8400 0.0000 1.2200
v 34.6700 -0.0400 30.7200
v 5.6400 -0.0400 -0.0100
v 0.3200 0.3200 0.3200
v 0.3200 0.3200 0.3200
v 0.3200 0.3200 0.3200
v 0.3200 0.3200 0.3200
v 0.3200 0.3200 0.3200
v 0.3200 0.3200 0.3200
v 0.3200 0.3200 0.3200
v 0.3200 0.3200 0.3200
v -30.7300 0.0000 0.0000
v 30.3900 -3.0500 -13.7900
v 20.5400 18.7500 -28.0000
v 0.3200 0.3200 0.3200
v 0.3200 0.3200 0.3200
v 0.3200 0.3200 0.3200
v 0.3200 0.3200 0.3200
v 0.3200 0.3200 0.3200
v 0.3200 0.3200 0.3200
v 0.3200 0.3200 0.3200
v 0.3200 0.3200 0.3200
v -22.4300 0.0400 28.2300
v 0.3200 0.3200 0.3200
v 0.3200 0.3200 0.3200
v 0.3200 0.3200 0.3200
v 0.3200 0.3200 0.3200
v 0.0000 0.3200 0.3200
v 0.3200 0.3200 0.3200
v 0.3200 0.3200 0.3200
v 0.3200 0.3200 0.3200
v 0.3200 0.3200 0.3200
v 0.3200 0.3200 0.3200
v 0.3200 0.3200 0.3200
v 0.3200 0.3200 0.3200
v 0.3200 0.3200 0.3200
v 0.3200 0.3200 0.3200
v 0.3200 0.3200 0.3200
v 0.3200 0.3200 0.3200
v 0.3200 0.3200 0.3200
v 0.3200 0.3200 0.3200
v 0.3200 0.3200 0.3200
v 0.3200 0.3200 0.3200
v 0.3200 0.3200 0.3200
v 0.3200 0.3200 0.3200
v 0.3200 0.3200 0.3200
v 0.3200 0.3200 0.0000
v 25.0800 6.3600 39.1500
v 23.0400 0.0000 0.0000
v 0.0000 0.0000 -10.7200
v -0.0100 -0.0100 -6.4100
v 0.3200 0.3200 0.3200
v 0.3200 0.3200 0.3200
v 0.3200 0.3200 0.3200
v 0.3200 0.3200 0.3200
v 0.3200 0.3200 0.3200
v 0.3200 0.3200 0.3200
v 0.3200 0.3200 0.3200
v 0.3200 0.3200 0.3200
v 22.4000 12.0100 18.1200
v 0.3200 0.3200 0.3200
v 0.3200 0.3200 0.3200
v 0.3200 0.3200 0.3200
v 0.3200 0.3200 0.3200
v 0.0000 0.3200 0.3200
v 0.3200 0.3200 0.3200
v 0.3200 0.3200 0.3200
v 0.3200 0.3200 0.3200
v -0.0100 -0.0100 -0.0100
v 21.3000 2.2600 22.3400
v 0.3200 0.3200 0.3200
v 0.3200 0.3200 0.3200
v 0.3200 0.3200 0.3200
v 0.3200 0.3200 -0.1300
v 0.3200 0.3200 0.3200
v 0.3200 0.3200 0.3200
v 0.3200 0.3200 0.3200
v 0.3200 0.3200 0.3200
v 25.6000 18.1200 -0.1300
v 5.6300 -1.1700 -14.5400
v 0.0000 0.3200 0.3200
v 0.3200 0.3200 0.3200
v 0.3200 0.3200 0.3200
v 0.3200 0.3200 0.3200
v 0.3200 0.3200 -0.1300
v 0.3200 0.3200 0.3200
v 0.3200 0.3200 0.3200
v 0.3200 0.3200 0.3200
v 0.3200 0.3200 0.3200
v -0.0100 -0.7700 -0.4600
v 30.7700 29.8800 -38.1400
v -35.7000 -35.1800 -1.3000
v -1.7000 -0.0100 -8.2300
v -38.4100 -0.0100 -0.0300
v 0.3200 0.3200 0.3200
v 0.3200 0.3200 0.3200
v 0.3200 0.3200 0.3200
v 0.3200 0.3200 -0.1300
v 0.3200 0.3200 0.3200
v 0.3200 0.3200 0.3200
v 0.3200 0.3200 0.3200
v 0.3200 0.3200 0.3200
v 31.0000 33.7500 -0.0100
v -0.2300 -17.1900 -14.2700
v -27.4500 -2.8900 -6.4900
v 0.3200 0.3200 0.3200
v 0.3200 0.3200 0.3200
v 0.3200 0.3200 0.3200
v 0.3200 0.3200 0.3200
v 0.3200 0.3200 0.3200
v 0.3200 0.3200 0.3200
v 0.3200 0.3200 0.3200
v 0.3200 0.3200 0.3200
v -35.9900 -0.3300 -0.0100
v -0.0100 -11.2100 -1.2400
v 23.2600 -1.3100 -0.1300
v -3.3200 -30.4200 -36.0300
v -26.6200 -4.7300 -16.3800
v 0.0000 0.0000 -0.1300
v 0.3200 0.3200 0.3200
v 0.3200 0.3200 0.3200
v 0.3200 0.3200 0.3200
v 0.3200 0.3200 0.3200
v 0.3200 0.3200 0.3200
v 0.3200 0.3200 0.3200
v 0.3200 0.3200 0.3200
v 0.3200 0.3200 0.3200
v 0.3200 0.3200 0.3200
v 0.7800 -2.6400 30.2000
v -0.7400 27.5800 0.7600
v -11.8600 -27.0700 -3.8500
v -8.4300 -26.8700 -0.1300
v -25.5200 30.1400 3.8300
v 24.0600 -4.5700 -7.5500
v 7.6400 -1.8600 -0.1300
v 0.0000 0.0000 -0.1300
v 0.0000 0.0000 -0.1300
v 0.0000 0.0000 -0.1300
v 0.0000 0.1200 22.8000
v 36.1600 11.3800 -0.1300
v 18.5800 12.8600 19.9400
v -0.0100 -0.0100 -2.2700
v 16.6800 0.3000 -0.1300
v -4.3100 12.7900 -7.5500
v 12.4100 -1.6700 -2.3400
v 0.0000 0.0000 -0.1300
v 0.0000 0.0000 -0.1300
v 0.0000 1.3100 18.4400
v 33.9600 -29.2800 26.9100
v 9.4800 28.2200 2.3900
v -0.0100 -0.0100 -2.5700
v -9.4400 -35.2700 14.2200
v -4.5600 26.3600 10.4700
v 0.0000 0.0000 -0.1300
v 2.6500 0.0000 10.5500
v 6.7000 -17.4600 -15.8800
v -14.4800 21.1800 19.9200
v -30.5100 26.8300 -23.1500
v -0.0100 -0.0100 -11.0600
v 0.0000 0.0000 0.8600
v 0.0000 0.0000 -0.1300
v 0.0000 0.0000 -0.1300
v 0.0000 0.0000 -0.1300
v 13.4400 2.5600 1.2800
v -24.3300 23.3600 0.0200
v 24.3600 15.5900 -16.3600
v 9.8000 30.1800 3.9000
v -38.0900 20.9600 9.7600
v 20.5100 5.6000 0.0000
v 0.0000 0.0000 -0.1300
v 0.0000 0.0000 -0.1300
v -31.5200 -6.0600 22.5600
v 0.0000 0.0000 -0.1300
v 0.0000 0.0000 -0.1300
v 39.3900 -14.5200 34.4000
v 11.4400 11.0400 -0.1300
v 7.7400 27.6300 3.8600
v 0.3200 0.3200 0.3200
v 0.3200 0.3200 0.3200
v 0.3200 0.3200 0.3200
v 0.3200 0.3200 0.3200
v 0.0000 0.3200 0.3200
v 0.3200 0.3200 0.3200
v 0.3200 0.3200 0.3200
v 0.3200 0.3200 0.3200
v -0.0100 -0.0100 -5.1500
v -33.3600 21.1800 24.1000
v -0.0100 -26.8200 39.8300
v -0.0100 -0.0100 -0.0100
v -2.1100 0.0100 -0.0300
v -0.6900 -12.2400 1.8300
v -31.9400 30.1400 1.8400
v 0.0000 1.6900 -25.6100
v 20.5400 7.7000 2.5600
v 5.1100 -0.6500 -11.8400
v 0.0000 0.4900 12.2400
v 2.2900 8.9100 -0.1300
v -0.0100 -12.2300 22.7800
v -1.2900 -0.0400 16.6000
v 0.0000 0.0000 -0.1300
v 0.0000 0.0000 -0.1300
v 0.0000 0.0000 -0.1300
v 0.0000 0.0000 2.6400
v -20.4500 30.4600 0.0000
v -31.8600 27.5600 22.8600
v -6.6000 -5.1000 24.3800
v 0.0000 0.0000 -0.1300
v 0.0000 0.0000 -0.1300
v 0.0000 0.0000 -0.1300
v 0.0000 0.0000 0.1200
v -0.6900 -0.1500 0.1800
v 0.0000 0.0000 -0.1300
v 0.0000 0.0000 -0.1300
v 0.0000 0.0000 -0.1300
v 10.2400 0.0000 0.0000
v 23.0400 -12.1600 -13.5700
v -0.0200 -30.3600 -16.7900
v 0.0000 0.0000 -0.1300
v 0.0000 0.0000 -0.1300
v -0.7200 -39.8700 1.9200
v 0.0000 0.0000 -0.1300
v 2.5600 0.0000 0.0000
v 0.0000 0.0000 -0.1300
v 0.0000 0.0000 2.3600
v -0.8300 23.8700 -16.3300
v 0.0000 0.0000 -0.1300
v 0.3200 0.3200 0.3200
v 0.3200 0.3200 0.3200
v 0.3200 0.3200 0.3200
v 0.3200 0.3200 0.3200
v 0.3200 0.3200 0.3200
v 0.3200 0.3200 0.3200
v 0.3200 0.3200 0.3200
v 0.3200 0.3200 0.3200
v 0.0000 0.0000 -0.1300
v -0.0400 6.5400 -0.1300
v 0.3500 -33.9900 10.7000
v -0.0100 -15.6900 -1.0600
v -0.0100 -0.0100 -0.0100
v 0.0000 0.0000 -0.1300
v 0.0000 0.0000 -0.1300
v 0.0000 0.0000 -0.1300
v 0.0000 0.0000 7.6800
v -0.0700 -38.3100 -32.8800
v 0.0000 0.0000 -0.1300
v 0.0000 0.0000 -0.1300
v 0.0000 0.0000 -0.1300
v 0.0000 0.0000 -0.1300
v 0.0000 0.0000 -0.1300
v 0.0000 0.0000 -0.1300
v 0.0000 1.0300 -0.3200
v 0.9300 12.8800 20.1300
v 0.0000 0.0000 -0.1300
v 0.0000 0.0000 -0.1300
v 0.0000 0.0000 -0.1300
v 0.0000 0.0000 -0.1300
v -0.9700 -5.6200 -32.3900
v -1.5000 0.0000 0.0000
v 0.3200 0.3200 0.3200
v 0.3200 0.3200 0.3200
v 0.3200 0.3200 0.3200
v 0.3200 0.3200 0.3200
v 0.3200 0.3200 0.3200
v 0.3200 0.3200 0.3200
v 0.3200 0.3200 0.3200
v 0.3200 0.3200 0.3200
v 0.3200 0.3200 0.3200
v 0.3200 0.3200 0.3200
v 0.3200 0.3200 0.3200
v 0.3200 0.3200 0.0000
v 0.3200 0.3200 0.3200
v 0.3200 0.3200 0.3200
v 0.3200 0.3200 0.3200
v 0.3200 0.3200 0.3200
v 19.7400 0.0000 1.6300
v 0.0000 0.0000 16.7500
v -0.6500 -0.9800 -13.7800
v 33.2800 17.3900 -0.1300
v 21.6300 36.3000 0.1700
v 0.0000 0.0000 -0.1300
v 10.2400 0.0000 0.0000
v 0.0000 0.0000 -0.1300
v 0.0000 0.0000 -0.1300
v 0.0000 0.3900 -0.2900
v 35.1900 -0.6500 -12.0900
v 28.4700 -21.9700 -5.9200
v -0.0100 -14.9100 -0.1300
v -0.0100 -0.1900 -0.4200
v 0.0000 0.0000 -0.1300
v 0.0000 0.0000 -0.1300
v -24.4900 -0.0100 -1.6600
v -14.2500 15.4300 11.1400
v 0.0000 0.0000 -0.1300
v 12.8000 0.0000 0.0000
v 0.3200 0.3200 0.3200
v 0.3200 0.3200 0.3200
v 0.3200 0.3200 0.3200
v 0.3200 0.3200 0.3200
v 0.3200 0.3200 0.3200
v 0.3200 0.3200 0.3200
v 0.3200 0.3200 0.3200
v 0.3200 0.3200 0.3200
v 18.5700 -10.3800 -13.9200
v 2.0800 2.8600 2.5200
v -26.8900 -0.0600 34.3100
v 14.1500 39.8000 21.2400
v -23.0100 32.6800 -14.9400
v -27.3000 -32.0200 -6.9400
v -0.0100 -35.8000 8.8900
v 27.7000 20.8500 12.0300
v -8.7700 28.1500 -1.4200
v -0.8700 13.8900 -0.1300
v -31.8700 -15.0700 -1.9900
v -9.6100 -0.0100 -7.6800
v -7.0900 -1.1300 -10.5900
v 2.5600 11.0600 -28.8800
v 19.5200 -30.3500 33.4100
v 0.0000 0.0000 2.3500
v 11.5800 -15.1300 -1.2000
v -29.1200 9.5500 -1.9000
v 0.0000 0.0000 1.7800
v -1.6600 -2.6100 -26.5500
v 0.0000 0.0000 2.4200
v -15.3700 -10.9300 14.5400
v 0.0000 1.8300 0.0000
v -0.0100 -14.0400 16.4500
v 0.0000 0.0000 1.6700
v -21.2900 -22.2100 -20.5900
v -17.1600 -21.7700 -0.1100
v 0.0000 0.0000 1.4900
v 15.4700 20.8000 -14.4600
v 1.3400 0.1600 21.3900
v 21.6600 -4.8600 30.2700
v -0.0100 -0.0100 -8.9700
v 11.6300 -13.0100 -1.2800
v -0.0100 -0.0100 -0.0700
v -9.8200 14.1800 16.6900
v -0.0100 -0.0100 -37.6500
v -0.0100 -2.6100 -27.6600
v 5.8300 19.1400 -29.6700
v -8.6500 -0.0100 -0.2800
v 0.0000 0.0000 1.5000
v -0.0100 -0.0100 -3.3100
v -0.0100 -0.2500 -5.1500
v -0.0100 -0.4000 -0.1300
v -0.8100 -0.0100 -0.0100
v -0.0100 -0.0100 -3.8900
v -37.4500 -0.0100 -0.2400
v -0.3300 -0.0100 -0.0300
v -0.0100 -0.0100 -0.0100
v -16.2500 -0.4900 -0.3900
v -36.5500 -12.8700 -0.1200
v -0.0100 -0.0100 -0.0100
v 24.1400 -13.3800 -2.7800
v -0.0100 -2.5700 -0.0100
v -0.0100 -0.0100 -0.0100
v 0.0000 0.0000 0.4800
v 0.0000 0.0000 1.3200
v 0.0000 0.0000 0.6200
v 21.9200 0.0000 0.0000
v -29.9500 0.0000 0.0000
v -0.0100 -0.1700 -13.5000
v -1.7500 -27.4800 25.8200
v -0.0100 -31.6100 23.5100
v 0.0000 0.0000 1.5200
v 0.0000 0.0000 1.7200
v -35.3400 -37.2500 28.8800
v 0.1600 0.0500 -0.1300
v 0.0000 0.3200 0.3200
v 0.3200 0.3200 0.3200
v 0.3200 0.3200 0.3200
v 0.3200 0.3200 0.3200
v 0.3200 0.3200 0.3200
v 0.3200 0.3200 0.3200
v 0.3200 0.3200 0.3200
v 0.3200 0.3200 0.3200
v 0.3200 0.3200 0.3200
v 7.4300 13.2100 -20.4700
v 0.0000 0.0000 1.6800
v -2.3000 -12.6600 -30.7400
v -0.0100 -10.8100 33.0800
v 0.0000 2.4000 0.6100
v 0.0000 0.0000 1.7600
v 0.0000 2.2400 11.0800
v 0.0000 0.0000 2.4400
v -31.3700 -0.0400 -0.0100
v -36.7700 -10.6000 -6.2300
v -0.1900 -0.0100 -0.1000
v 0.0000 0.0000 1.5000
v 2.5200 0.3200 2.2400
v 0.0000 0.0000 1.8100
v -5.8500 -13.9100 37.8800
v 0.6400 16.0000 36.9500
v 0.0000 0.0000 0.0400
v 2.4500 16.7000 38.1800
v 27.0300 20.7600 0.6700
v 10.5700 -4.4700 33.9100
v 0.0000 0.0000 1.0600
v -2.3000 -12.1400 -10.3200
v -0.0100 -0.0100 -8.3500
v 20.9100 1.3000 -0.1300
v -1.9300 -0.0100 -37.2200
v 35.5000 -27.9700 -34.9300
v 5.3700 38.4700 -32.2600
v 0.0000 0.0000 -0.1300
v 0.0000 0.0000 -0.1300
v 0.0000 0.0000 -0.1300
v 0.0000 0.0000 -0.1300
v 0.0000 0.0000 -0.1300
v 14.2700 4.2200 25.5900
v -0.0100 -0.0100 -9.6500
v -32.4900 -6.4000 -24.7600
v -12.6400 39.5100 -26.7900
v -0.0100 -0.0100 -0.0100
v 1.7000 -3.6200 1.7300
v 16.5800 16.1500 -1.0300
v -35.2400 -30.0500 28.1900
v -20.4900 -0.0100 -0.0500
v 12.4400 17.1400 -17.2700
v 2.2800 1.0900 -0.1300
v 0.0000 0.0000 1.9200
v 0.0000 2.2400 0.4100
v -24.3900 -6.8300 27.4300
v -6.6700 -0.8100 -30.2900
v -0.0100 -0.0100 -0.0100
v 20.7600 -12.5000 -25.3700
v 0.0000 0.0000 2.4900
v 3.8900 20.8400 7.3800
v -0.0100 -0.0100 -0.0100
v 0.0000 0.0000 2.2300
v 4.1800 -12.8000 1.7800
v 30.7000 -7.7000 1.8600
v -19.3900 3.2800 24.3500
v 3.6300 36.2800 0.3600
v -38.5500 23.8900 -0.1300
v 10.5000 34.2400 18.2500
v 1.8600 2.8100 15.3800
v -20.9000 0.0000 0.0000
v 0.0000 0.0000 0.0400
v 35.9800 16.1700 0.4300
v 5.2800 31.6700 31.3800
v 0.0000 2.0800 0.0000
v 0.0000 0.0000 1.2800
v -1.7700 13.4100 -11.0500
v 0.4100 -1.7600 2.7600
v 0.0000 0.0000 1.9600
v 0.0000 1.4300 13.7200
v 0.0000 0.0000 1.4000
v 0.0000 0.0000 0.1700
v -0.0100 -7.2900 20.8400
v 9.8800 0.6600 31.6000
v 27.0300 -37.3200 -0.1300
v 0.0000 0.0000 1.8300
v 0.0000 0.0000 0.2800
v 27.4700 -18.0000 -0.0100
v 23.2600 -26.9300 28.7000
v -11.3200 -0.3100 -8.1100
v 1.9300 10.8100 36.5100
v -0.7100 -30.7300 28.8200
v 6.8300 31.4200 9.6800
v 38.9300 -9.9600 -0.1300
v 0.0000 0.0000 0.0400
v -26.8800 0.0000 0.0000
v 27.8800 -6.3700 -0.1300
v -4.4300 -4.3800 19.4300
v 30.5300 -29.8100 -17.6500
v 11.7500 -0.3200 -16.0800
v 1.8100 -0.3200 -14.9100
v -7.3200 34.6100 -4.3800
v 0.3200 0.3200 0.3200
v 0.3200 0.3200 0.3200
v 0.3200 0.3200 0.3200
v 0.3200 0.3200 0.3200
v 0.3200 0.3200 0.3200
v 0.3200 0.3200 0.3200
v 0.3200 0.3200 0.3200
v 0.3200 0.3200 0.3200
v 0.0000 0.0000 2.2100
v 0.0000 2.1300 4.4500
v 0.0000 0.0000 1.5000
v 16.6400 0.0000 0.0000
v 2.1200 0.0100 15.5900
v 0.0000 1.8200 5.1200
v 15.2400 -20.6200 0.4800
v -2.8900 -0.0100 -4.5400
v 19.3000 0.2100 26.7000
v -2.0900 -0.0100 -0.0100
v -0.0100 -0.0100 -14.1800
v -0.0100 -0.0100 -0.0100
v 38.1900 -19.2500 10.8200
v 1.2900 0.0000 12.0800
v -35.3400 10.5600 32.9000
v -2.2100 -32.6800 -4.8100
v -0.0100 -39.5800 -7.9900
v -33.5100 5.3900 4.1400
v 10.8600 -11.9400 16.0900
v -7.2900 -39.2700 0.0000
v 15.5400 -0.0100 -2.7800
v -21.7700 35.3500 -0.5400
v 20.1600 15.9800 39.9300
v -0.0100 -2.6200 -5.2300
v 24.5400 14.2200 22.4300
v 7.2700 -18.5300 15.5800
v 0.0000 6.0000 0.0000
v 0.3200 0.3200 0.3200
v 0.3200 0.3200 0.3200
v 0.3200 0.3200 0.3200
v 0.3200 0.3200 0.3200
v 0.3200 0.3200 0.3200
v 0.3200 0.3200 0.3200
v 0.3200 0.3200 0.3200
v 0.3200 0.3200 0.3200
v 0.3200 0.3200 0.3200
v 0.3200 0.3200 0.3200
v 0.3200 0.3200 0.3200
v 0.3200 0.3200 0.3200
v 0.3200 0.3200 0.3200
v 0.3200 0.3200 0.3200
v 0.3200 0.3200 0.3200
v 0.0200 9.1500 -17.5200
v 34.2400 0.0000 0.0000
v -0.0100 -4.3600 -27.3200
v 0.0000 2.5500 -32.4800
v 27.9100 -18.5300 26.1900
v -31.0700 29.0500 23.8700
v 0.7000 33.2800 16.8300
v 29.5100 30.2800 -27.9800
v -0.0100 -0.0100 -0.0200
v 3.4600 -3.5800 34.4100
v -19.5600 -16.6800 -5.7800
v -33.7300 -34.8600 13.0700
v -29.6000 0.0000 14.3300
v -22.4000 0.0500 -15.6300
v 27.6500 -24.3800 11.4400
v 0.0000 0.0000 0.0600
v 7.9900 35.8800 15.4700
v 0.0000 0.0000 0.0400
v -0.0100 -0.0100 -0.2400
v -31.2300 -0.0100 -1.6600
v -5.3500 -0.0100 -0.4700
v -0.0100 -0.0100 -0.0100
v -3.1700 15.3700 -10.4200
v 0.0500 10.2300 -32.4800
v 0.0000 0.0000 0.1400
v 0.0000 2.5500 -32.4800
v 0.0000 0.0000 2.5500
v 2.4800 0.0000 0.0000
v 14.0000 2.4800 0.0000
v 1.7600 14.0000 2.4800
v 0.0000 2.5500 -32.4800
v 0.0000 0.0000 2.5500
v 2.4800 0.0000 0.0000
v 14.0000 2.4800 0.0000
v 1.7600 14.0000 2.4800
v 0.0000 2.5500 -32.4800
v 0.0000 0.0000 2.5500
v 2.4800 0.0000 0.0000
v 14.0000 2.4800 0.0000
v 1.7600 14.0000 2.4800
v 0.0000 2.5500 -32.4800
v -28.6100 -0.0100 -0.0100
v 0.0000 2.5500 -32.4800
v 0.0000 0.0000 2.5500
v 2.4800 0.0000 0.0000
v 14.0000 2.4800 0.0000
v 1.7600 14.0000 2.4800
v 27.8100 -23.5000 11.1700
v -0.0100 -0.0100 -10.6200
v -21.0200 -30.9400 -1.2000
v 0.3200 0.3200 0.3200
v 0.3200 0.3200 0.3200
v 0.3200 0.3200 0.3200
v 0.3200 0.3200 0.3200
v 0.3200 0.3200 0.3200
v 0.3200 0.3200 0.3200
v 0.3200 0.3200 0.3200
v 0.3200 0.3200 0.3200
v 0.3200 0.3200 0.0000
v 4.3800 36.4000 1.3300
v -4.3200 -13.1600 -6.8300
v -0.0100 -0.3100 -2.2900
v 0.0000 1.7700 0.0900
v -0.0100 -0.0100 -11.0800
v -10.1400 0.0000 0.0000
v 0.0000 2.5500 -32.4800
v 0.0000 0.0000 2.5500
v 2.4800 0.0000 0.0000
v 14.0000 2.4800 0.0000
v 1.7600 14.0000 2.4800
v 2.2900 -30.7300 -32.4800
v -3.1700 -1.0500 -22.4200
v -0.0100 -16.1900 -3.2100
v 15.7500 10.2400 -13.6400
v -0.0100 -0.0100 -0.0100
v -21.7700 -0.0100 -25.1500
v -10.2600 -33.8400 -8.3300
v -0.0100 -1.3400 -0.0900
v -0.0100 -0.0100 -0.0100
v -0.0100 -0.0100 -0.0700
v -20.4800 0.0000 0.0000
v -0.0100 -0.0100 -0.0200
v -25.7100 -35.8500 -31.4700
v -15.9400 -31.8700 -9.2500
v 0.0000 0.0000 -0.1300
v 0.4300 -14.8800 0.0000
v 0.0000 0.4300 -14.8800
v 0.0000 0.0000 0.4300
v -14.8800 0.0000 0.0000
v 0.0000 0.0000 -0.1300
v 0.4300 -14.8800 0.0000
v -20.4800 0.0000 0.0000
v 0.0000 0.4300 -14.8800
v 0.0000 0.0000 0.4300
v -0.0100 -0.0100 -4.8000
v 12.3100 -17.1700 22.8600
v -6.6200 10.2600 -0.1300
v -14.8800 0.0000 0.0000
v 0.0000 0.0000 -0.1300
v 0.4300 -14.8800 0.0000
v -20.4800 0.0000 0.0000
v 0.0000 0.4300 -14.8800
v 0.0000 0.0000 0.4300
v -14.8800 0.0000 0.0000
v 0.0000 0.0000 -0.1300
v 0.4300 -14.8800 0.0000
v -20.4800 0.0000 0.0000
v 0.0000 0.4300 -14.8800
v 0.0000 0.0000 0.4300
v -14.8800 0.0000 0.0000
v 0.0000 0.0000 -0.1300
v 0.4300 -14.8800 0.0000
v -20.4800 0.0000 0.0000
v 0.0000 0.4300 -14.8800
v 0.0000 0.0000 1.2900
v -28.5700 -20.8100 -0.0100
v 0.0000 0.0000 2.5500
v 2.4800 0.0000 0.0000
v 14.0000 2.4800 0.0000
v 1.7600 14.0000 2.4800
v 0.0000 2.5500 -32.4800
v 0.0000 0.0000 2.5500
v 2.4800 0.0000 0.0000
v 14.0000 2.4800 0.0000
v 1.7600 14.0000 2.4800
v 0.0000 2.5500 -32.4800
v 0.0000 0.0000 2.5500
v 2.4800 0.0000 0.0000
v 14.0000 2.4800 0.0000
v 1.7600 14.0000 2.4800
v 0.0000 2.5500 -32.4800
v 0.0000 0.0000 2.5500
v 2.4800 0.0000 0.0000
v 14.0000 2.4800 0.0000
v 1.7600 14.0000 2.4800
v 0.0000 2.5500 -32.4800
v 0.0000 0.0000 2.5500
v 2.4800 0.0000 0.0000
v 14.0000 2.4800 0.0000
v 1.7600 14.0000 2.4800
v -20.4800 0.0000 0.0000
v 0.0000 0.0000 0.0400
v 0.3200 0.3200 0.3200
v 0.3200 0.3200 0.3200
v 0.3200 0.3200 0.3200
v 0.3200 0.3200 0.3200
v 0.3200 0.3200 0.3200
v 0.3200 0.3200 0.3200
v 0.3200 0.3200 0.3200
v 0.3200 0.3200 0.3200
v 0.0000 2.0800 0.0100
v 0.0000 0.0000 2.2400
v 7.2000 0.0000 0.0000
v 15.5200 21.4200 6.0800
v 2.0500 20.4700 -32.4800
v -22.5300 -26.5000 -38.7800
v 29.8300 -3.8400 0.0100
v 16.6200 -3.2300 -17.7300
v -30.7300 -0.0100 -22.3300
v -21.8800 38.5600 12.8000
v 32.1600 -33.6600 -0.1300
v -20.8100 -0.0100 -0.0100
v -0.0100 -0.0100 -4.2100
v -0.0100 -0.0100 -26.0100
v 14.4700 -24.6800 -29.2000
v -0.0100 30.0800 -30.2000
v 0.0000 0.0000 1.1800
v 0.0000 0.0000 2.2200
v -2.2900 7.1900 17.1800
v 0.0000 0.0000 1.1800
v -15.3600 0.0000 0.0000
v -12.8000 0.0000 0.0000
v -2.3000 -13.1400 -33.9400
v 0.0000 2.2800 0.0300
v 0.0000 0.0000 1.6800
v -38.8500 -0.1500 -0.1900
v 0.0000 1.9200 0.0400
v -10.9900 -12.0100 -0.4300
v -0.0100 -0.0100 -0.0100
v 0.0000 1.2800 0.3200
v -7.8100 -0.0100 -0.1400
v -3.0100 25.7800 -29.5400
v -15.0300 -29.9300 7.1500
v 0.3200 0.3200 0.3200
v 0.3200 0.3200 0.3200
v 0.3200 0.3200 0.3200
v 0.3200 0.3200 0.3200
v 0.3200 0.3200 0.3200
v 0.3200 0.3200 0.3200
v 0.3200 0.3200 0.3200
v 0.3200 0.3200 0.3200
v 0.3200 0.3200 0.3200
v 0.0000 0.0000 -0.1300
v 0.0000 0.4900 -9.7400
v 0.2300 3.9300 9.9600
v -18.0500 -38.4500 -0.1300
v 24.3600 14.6500 -2.1900
v 29.8200 27.0200 16.5200
v -21.8600 28.2200 27.7300
v -7.9100 -38.1100 -7.8200
v -35.9600 39.3700 -19.5400
v 0.0000 0.0000 -0.1300
v 0.0400 -14.7300 -35.9700
v -5.2900 6.1700 -21.6800
v -12.8100 -4.9800 27.5700
v 37.1300 -36.2600 -10.0000
v 37.1900 35.9500 30.9000
v 0.0000 0.0000 -0.1300
v 0.0000 0.0000 2.5500
v -0.2600 -15.3700 -32.8000
v 0.0000 0.0000 -0.1300
v 0.0000 0.0000 1.2800
v -3.6600 -6.5500 -0.3400
v 20.5400 11.8800 -19.8900
v 16.9900 1.4400 -20.3700
v 35.8400 31.8800 -35.9000
v -0.0100 -0.0100 -16.4300
v 13.0200 21.0000 -0.1300
v 12.6500 -15.1100 -12.1600
v 0.0000 1.3400 22.4300
v 35.3900 34.1900 -0.1300
v 0.0000 0.0000 2.5500
v 0.0000 2.5500 -32.8000
v 0.0000 6.0000 0.0000
v 6.0000 0.0000 0.0000
v 0.0000 0.0000 2.5500
v 0.0000 2.5500 -32.8000
v 0.0000 6.0000 0.0000
v 6.0000 0.0000 0.0000
v -34.5500 -5.3200 -14.0600
v -17.7100 -5.2400 21.9500
v 29.4400 12.0800 -0.1300
v 36.5600 24.5700 32.1700
v -20.7400 21.1800 10.4300
v 0.0000 0.0000 -0.1300
v 12.8000 0.0000 0.0000
v 0.0000 0.0000 -0.1300
v -18.2400 0.5200 31.0400
v -2.6400 17.0200 -5.7700
v 6.0000 0.0000 0.0000
v -27.8800 28.1500 -32.8000
v 0.0000 0.2200 1.7200
v -0.0900 -0.0100 -32.8000
v 8.8900 -13.3300 21.8900
v 0.0000 0.0000 0.6900
v 1.7500 -28.3700 31.9300
v 0.0000 6.0000 0.0000
v 0.3200 0.3200 0.3200
v 0.3200 0.3200 0.3200
v 0.3200 0.3200 0.3200
v 0.3200 0.3200 0.3200
v 6.0000 0.0000 0.0000
v 0.0000 0.0000 0.3200
v 0.3200 0.3200 0.3200
v 0.3200 0.3200 0.3200
v 0.3200 0.3200 0.3200
v 0.3200 0.3200 2.5500
v -0.0100 -7.5300 -29.7900
v 26.1400 1.9300 16.6300
v -0.0100 -21.6600 -0.1300
v -0.0100 -2.4600 2.0400
v 6.3000 10.5400 20.7700
v 0.0000 0.0000 1.6200
v -39.5100 -34.1700 -0.1300
v 30.0600 20.4800 1.5900
v -0.0100 -0.0100 -0.0100
v 4.2100 0.4000 0.6800
v -0.0400 31.9400 -11.0500
v -6.6000 -17.3700 -15.6600
v 0.0000 36.7100 17.6300
v -0.0100 -0.0100 -0.0100
v 0.5500 -28.7600 33.2700
v -21.6600 -22.8700 -0.1200
v -0.0100 -16.0200 0.0000
vt 17.2646 8.3164
vt 0.0000 0.1250
vt -6.5947 1.3232
vt 0.0000 0.0000
vt 0.0000 1.7344
vt -10.1592 -30.1670
vt 0.0000 0.1250
vt -4.1084 21.0459
vt 0.0000 0.3281
vt 6.5391 -3.0010
vt 25.7510 -5.7158
vt 0.0000 3.7812
vt -2.2402 8.3633
vt 5.4990 20.8867
vt 0.0000 0.0781
vt -25.1240 -15.6201
vt -32.0000 -29.0000
vt 0.0000 0.0781
vt 0.0000 0.0781
vt 5.4990 20.8867
vt 1.0498 8.7646
vt -25.5010 10.3184
vt -25.5010 10.3184
vt 0.0000 0.0781
vt 7.2812 2.4775
vt 0.0000 0.0781
vt -12.7510 5.1641
vt -25.5010 10.3184
vt 12.2422 16.0039
vt 0.0000 0.0781
vt -13.5625 -15.8096
vt 0.0000 0.0781
vt 0.0000 1.5547
vt 0.0000 1.5547
vt 0.0000 1.5547
vt 0.0000 1.5547
vt 0.0000 1.5547
vt 0.0000 1.5547
vt 0.0000 1.5547
vt 0.0000 1.5547
vt 0.0000 1.5547
vt 0.0000 1.5547
vt 0.0000 1.5547
vt 0.0000 1.5547
vt 0.0000 1.5547
vt 0.0000 1.5547
vt 0.0000 1.5547
vt 0.0000 1.5547
vt 0.0000 1.5547
vt 0.0000 1.5547
vt 0.0000 1.5547
vt 0.0000 1.5547
vt 0.0000 1.5547
vt 0.0000 1.5547
vt 0.0000 1.5547
vt 0.0000 1.5547
vt 0.0000 1.5547
vt 0.0000 1.5547
vt 0.0000 1.5547
vt 0.0000 1.5547
vt 0.0000 1.5547
vt 0.0000 1.5547
vt 0.0000 1.6484
vt 0.0000 1.6484
vt 0.0000 1.6484
vt 0.0000 1.6484
vt 0.0000 1.6484
vt 0.0000 1.6484
vt 0.0000 1.6484
vt 0.0000 1.6484
vt 0.0000 1.6484
vt 0.0000 1.6484
vt 0.0000 1.6484
vt 0.0000 1.6484
vt 0.0000 1.6484
vt 0.0000 1.6484
vt 0.0000 1.6484
vt 0.0000 1.6484
vt 0.0000 1.6484
vt 0.0000 1.6484
vt 0.0000 1.6484
vt 0.0000 1.6484
vt 0.0000 1.6484
vt 0.0000 1.6484
vt 0.0000 1.6484
vt 0.0000 1.6484
vt 0.0000 1.6484
vt 0.0000 1.6484
vt 0.0000 1.6484
vt 0.0000 1.6484
vt 0.0000 1.6484
vt 0.0000 1.7422
vt 0.0000 1.7422
vt 0.0000 1.7422
vt 0.0000 1.7422
vt 0.0000 1.7422
vt 0.0000 1.8359
vt 0.0000 1.9297
vt 0.0000 1.9297
vt 0.0000 1.9297
vt 0.0000 2.0234
vt 0.0000 2.0234
vt 0.0000 2.0234
vt 0.0000 2.0234
vt 0.0000 2.1172
vt 0.0000 2.1172
vt 0.0000 2.1172
vt 0.0000 2.2109
vt 0.0000 2.3047
vt 0.0000 2.3047
vt 0.0000 2.3984
vt 0.0000 2.4922
vt 0.0000 2.6797
vt 0.0000 2.6797
vt 0.0000 2.6797
vt 0.0000 2.6797
vt 0.0000 2.6797
vt 0.0000 2.6797
vt 0.0000 2.6797
vt 0.0000 2.6797
vt 0.0000 2.7734
vt 0.0000 2.9609
vt 0.0000 3.0547
vt 0.0000 3.0547
vt 0.0000 3.0547
vt -0.2432 0.3525
vt -0.2432 0.3525
vt 0.0000 0.3643
vt -0.2432 1.3203
vt -0.2461 1.3203
vt 0.0000 1.2207
vt -0.2441 0.8613
vt -0.2441 0.8613
vt -0.2432 0.3525
vt -0.2432 0.3525
vt 0.0000 0.3643
vt -0.2461 1.0264
vt -0.2461 1.0264
vt 0.0000 1.0371
vt -0.2461 1.0264
vt -0.2461 1.0264
vt 0.0000 1.0371
vt -0.2432 0.3525
vt -0.2432 0.3525
vt 0.0000 0.3643
vt -0.2432 1.3203
vt -0.2461 1.3203
vt -0.2383 1.6748
vt -0.2383 1.6748
vt -0.2383 1.6748
vt -0.2383 1.6748
vt -0.2461 1.4834
vt -0.2461 1.4834
vt -0.2461 1.4961
vt -0.2461 1.4961
vt -0.2441 1.4775
vt -0.2441 0.8613
vt -0.2441 0.8613
vt 0.0000 1.2207
vt -16.7812 -6.7373
vt 0.0000 1.9844
vt -15.8877 -9.4434
vt 0.0000 1.9844
vt 0.0000 1.9844
vt -8.9766 -0.5918
vt -26.4365 -3.5010
vt 0.0000 0.0781
vt -30.4365 -3.5010
vt 0.0000 0.0781
vt -30.4365 -3.5010
vt 0.0000 0.0781
vt -29.4365 -3.5010
vt -26.4365 -3.5010
vt -24.4365 -3.5010
vt 0.0000 0.0781
vt -27.4365 -3.5010
vt -26.4365 -3.5010
vt 0.0000 0.1250
vt 0.0000 0.0781
vt 0.0000 0.0781
vt 0.0000 0.0781
vt 0.0000 0.0781
vt 0.0000 2.2109
vt -20.5762 3.7158
vt 0.0000 0.3633
vt 0.0000 0.2695
vt 0.0000 0.3301
vt -0.1885 -28.9902
vt 0.0000 0.0859
vt 24.9844 24.2578
vt -6.6582 24.9756
vt 6.1504 -9.9404
vt 0.0000 0.2812
vt 0.0000 0.4297
vt 25.0449 -31.6074
vt 0.0000 0.4316
vt 0.0000 0.7832
vt 0.0000 0.6230
vt -23.5586 3.6162
vt 0.0000 0.2441
vt -20.7637 2.3730
vt -0.2432 -30.4131
vt 0.0000 0.4141
vt 0.0000 1.0059
vt 0.0000 0.1738
vt 24.2998 1.3623
vt 0.0000 0.4863
vt 7.8125 -25.3701
vt -15.9629 -29.4980
vt -15.5244 22.7217
vt 0.0000 0.5137
vt -6.5166 0.4238
vt 0.0000 1.0645
vt 21.2139 -15.2490
vt 22.1133 20.1807
vt -28.8096 8.3984
vt 0.0000 1.8184
vt 7.0469 14.1094
vt 0.0000 0.2168
vt 0.0000 1.0078
vt 0.0000 0.4004
vt 0.0000 1.6211
vt 0.0000 0.4785
vt 0.0000 17.0156
vt 23.7646 -23.9268
vt -6.4180 -17.0928
vt -0.6182 6.1943
vt 0.0000 8.3184
vt 17.8408 -28.1934
vt 22.1562 10.9297
vt 25.2480 -8.8076
vt -29.4600 23.3340
vt -29.7744 7.2910
vt -2.6699 30.6592
vt -26.2295 -9.5498
vt 0.2783 -31.9150
vt -28.2500 -8.7246
vt 3.8203 -17.2266
vt 24.9932 11.2803
vt 0.0000 0.6191
vt -10.8945 -12.7363
vt 14.7773 -28.5469
vt -13.4150 27.8438
vt 0.0000 0.7578
vt 0.0000 0.9766
vt 0.0000 1.1797
vt 0.0000 1.4609
vt 0.0000 1.6484
vt 0.0000 1.8594
vt 0.0000 2.0781
vt 0.0000 2.2734
vt 0.0000 2.3750
vt 0.0000 2.5781
vt 0.0000 2.7734
vt 0.0000 2.9688
vt 0.0000 3.1719
vt 0.0000 3.3750
vt 0.0000 3.5859
vt 0.0000 3.7812
vt 0.0000 3.9766
vt 0.0000 0.0938
vt 0.1953 0.1953
vt 0.0000 0.0156
vt 0.0000 2.2500
vt 0.0000 0.0000
vt 0.0645 0.0000
vt 0.0000 0.0938
vt 0.0000 0.3906
vt 0.0908 0.0918
vt 0.1064 0.0977
vt 0.0000 0.0938
vt 0.0000 0.0938
vt 0.0000 0.3828
vt 0.0039 0.0000
vt 0.1367 0.1377
vt 0.0000 0.0938
vt 0.0000 0.0938
vt 0.0391 0.0342
vt 0.0283 0.0273
vt 0.0215 0.0225
vt 0.1875 0.0430
vt 0.0400 0.0000
vt 0.0000 0.0938
vt 0.3906 0.2148
vt 0.0713 0.0723
vt 0.0000 0.0938
vt 0.0000 0.0938
vt 0.0000 0.0938
vt 0.0000 0.3320
vt 0.0000 0.0156
vt 0.0000 1.5000
vt 0.0000 0.0000
vt 0.0000 0.0000
vt 0.0000 0.0156
vt 0.2500 3.7500
vt 0.0000 0.1045
vt -30.0059 0.0000
vt 0.0000 0.0000
vt 0.0537 0.0557
vt 0.0000 0.0156
vt 0.0000 0.1074
vt 0.0000 0.0000
vt 0.0156 1.0000
vt 0.0000 0.1074
vt 0.0000 0.0000
vt 0.0000 0.0938
vt 0.0039 0.0000
vt 0.0000 0.0938
vt 0.0000 0.2441
vt 0.0000 0.0156
vt 0.0000 1.0000
vt 0.0000 0.1045
vt 0.0000 0.0742
vt 0.0000 0.0000
vt 0.0000 0.0938
vt 0.0000 0.2148
vt 0.0020 0.0000
vt 0.0000 0.0156
vt 0.0000 0.7500
vt 0.0000 0.0000
vt 0.1104 0.1113
vt 0.0000 0.0938
vt 0.0000 0.0938
vt 0.0000 0.0938
vt 0.0000 0.1660
vt 0.0000 0.0156
vt 0.0000 0.5000
vt 0.0000 0.1074
vt 0.0000 0.0938
vt 0.0000 0.2441
vt 0.0000 0.0156
vt 0.0000 0.2500
vt 0.0000 0.0000
vt 0.0000 0.0938
vt 0.0000 0.3906
vt 0.0039 0.0000
vt 0.0000 0.0156
vt 0.0039 0.1074
vt 0.0000 0.0000
vt 0.0000 0.0156
vt 0.0000 0.0000
vt 0.0000 0.0938
vt 0.0000 0.3418
vt 0.0039 0.0000
vt 0.0000 0.0156
vt 0.0000 0.1074
vt 0.0000 0.1074
vt 0.0000 0.0000
vt 0.0000 0.0938
vt 0.0000 0.1953
vt 0.0000 0.0156
vt 0.0000 0.0000
vt 0.0000 0.0938
vt 0.0000 0.1953
vt 0.0000 0.0156
vt 0.0000 0.0000
vt 0.1416 0.1426
vt 0.0000 0.0938
vt 0.0000 0.3906
vt 0.0000 0.0156
vt 0.0156 0.5000
vt 0.0000 0.0000
vt 0.0000 0.0938
vt 0.1953 0.1953
vt 0.0068 0.0078
vt 0.0000 0.0156
vt 0.0000 0.0000
vt 0.0000 0.0938
vt 0.0000 0.1953
vt 0.1182 0.0000
vt 0.0000 0.0938
vt 0.0000 0.4492
vt 0.0039 0.0000
vt 0.0000 0.0156
vt 0.0000 0.5000
vt 0.0000 0.0938
vt 0.0000 0.2441
vt 0.0039 0.0000
vt 0.0000 0.0156
vt 0.0000 0.0000
vt 0.0000 0.0938
vt 0.0000 0.3906
vt 0.1084 0.1094
vt 0.0000 0.0938
vt 0.0000 0.1953
vt 0.0000 0.0156
vt 0.1836 0.0000
vt 0.0000 0.0938
vt 0.0000 0.4102
vt 0.0039 0.0000
vt 0.0000 0.0156
vt 0.0000 0.0000
vt 0.0000 0.0156
vt 0.0000 0.2500
vt 0.0000 0.0938
vt 0.0000 0.1953
vt 0.0039 0.0000
vt 0.0000 0.0156
vt 0.0000 0.0938
vt 0.0977 0.1953
vt 0.0000 0.0156
vt 0.0000 0.0000
vt 0.0000 0.0938
vt 0.0000 0.1953
vt 0.0039 0.0000
vt 0.0322 0.0000
vt 0.0000 0.0938
vt 0.0000 0.2441
vt 0.1689 0.0000
vt 0.0000 0.0938
vt 0.0000 0.1953
vt 0.0039 0.0000
vt 0.0000 0.0156
vt 0.0000 0.2500
vt 0.0000 0.0000
vt 0.0000 0.0938
vt 0.0000 0.2930
vt 0.0000 0.0156
vt 0.0000 0.0000
vt 0.0000 0.0938
vt 0.0000 0.1953
vt 0.0000 0.0156
vt 0.0000 0.0000
vt 0.0967 0.0996
vt 0.0000 0.0156
vt 0.0078 31.1406
vt 0.0176 -6.8203
vt 0.0371 -19.7344
vt 0.0391 2.7500
vt 0.0449 -26.2578
vt 0.0488 14.9219
vt 0.0508 -28.9844
vt 0.0518 6.7734
vt 0.0537 -24.2578
vt 0.0654 9.7188
vt 0.0703 0.6250
vt 0.0801 11.2656
vt 0.0889 4.5078
vt 0.1074 25.9453
vt 0.1172 3.6250
vt 0.1201 1.0000
vt 0.1309 -9.1406
vt 0.1377 26.5234
vt 0.1465 -19.0078
vt 0.1680 2.1328
vt 0.1719 25.9688
vt 0.2656 8.1016
vt 0.2861 30.8906
vt 0.3115 -19.0234
vt 0.3154 -19.1328
vt 0.3174 -14.0469
vt 0.3213 20.7266
vt 0.3311 14.9766
vt 0.3389 -26.4531
vt 0.3506 12.5234
vt 3.9141 -3.2832
vt -21.8320 1.0176
vt 0.0000 0.0000
vt 0.0000 0.0000
vt -30.6494 9.3369
vt -10.0400 -25.0029
vt -15.9062 -15.5176
vt -3.2031 -15.8711
vt -21.4375 26.0186
vt 0.0078 27.5000
vt -15.8701 3.2891
vt 0.0000 0.0000
vt -27.5000 0.0020
vt 0.0000 0.0000
vt 9.2148 -18.6113
vt -27.9922 8.0625
vt -14.0420 19.2393
vt 31.7783 4.2070
vt 30.6621 -22.3779
vt -16.8926 -31.2178
vt 11.7490 -13.0488
vt -5.7334 -31.9209
vt -27.2822 16.9072
vt -0.2168 -26.4180
vt 5.2588 1.1885
vt 24.5312 1.5693
vt -23.9873 -29.2988
vt 0.0000 0.0000
vt -9.1367 -0.0010
vt -15.8408 0.0000
vt 0.0000 0.5859
vt 16.9326 8.7490
vt 13.3037 -19.0732
vt -13.1816 -30.8691
vt -28.3672 -18.5947
vt -0.0410 -2.4512
vt -0.4453 18.9170
vt -6.8760 -1.7402
vt 28.2500 0.3008
vt 3.5312 -7.3564
vt 0.0312 0.0312
vt 0.0312 0.0312
vt 0.0312 0.0312
vt 0.0312 0.0312
vt 0.0312 0.0312
vt 0.0312 0.0312
vt 0.0312 0.0312
vt 15.9150 18.6934
vt -17.3018 -6.3135
vt 22.2949 -17.3838
vt 31.8633 -21.2988
vt 8.2607 -2.0410
vt 15.9971 -24.3018
vt 0.0312 0.0312
vt 0.0312 0.0312
vt 0.0312 0.0312
vt 0.0312 0.0312
vt 0.0312 0.0312
vt 0.0312 0.0312
vt 0.0312 0.0312
vt 0.0312 0.2354
vt -7.4990 -3.4600
vt 29.4668 -19.9131
vt -10.7305 -29.4121
vt -7.6123 9.7305
vt 30.7676 -0.8105
vt -11.7188 28.0010
vt 0.0312 0.0312
vt 0.0312 0.0312
vt 0.0312 0.0312
vt 0.0312 0.0312
vt 4.4463 12.6230
vt -22.1123 0.2549
vt -7.7324 -21.5596
vt -21.3711 4.4805
vt -15.7627 3.7822
vt 0.0312 0.0312
vt 0.0312 0.0312
vt 0.0312 0.0312
vt 0.0312 0.0312
vt 0.0312 0.0312
vt 0.0312 0.0312
vt 0.0312 0.0312
vt 0.0312 0.0312
vt 3.7432 26.6240
vt -27.5518 11.2539
vt -27.9873 -21.7598
vt 0.0312 0.0312
vt 0.0312 0.0312
vt 0.0312 0.0312
vt 0.0312 0.0312
vt 0.0312 0.0312
vt 0.0312 0.0312
vt 0.0312 0.0312
vt 0.0312 0.0000
vt -3.2012 -15.7988
vt -17.7373 -23.1719
vt -12.3223 -31.2900
vt 13.6250 -4.8887
vt -15.7510 0.0000
vt -0.2500 0.0020
vt -2.7451 8.4082
vt 12.2783 -26.0156
vt -15.7949 0.0000
vt -0.0127 12.1875
vt 3.4072 19.7490
vt -11.2305 -0.0020
vt -21.8506 10.6172
vt 13.5830 21.2920
vt -24.9873 -19.6074
vt -0.0010 -0.0518
vt 23.2471 26.7090
vt -0.0557 -10.4023
vt 13.5371 -26.6104
vt 20.1768 -11.4170
vt -28.2637 16.7012
vt 26.0420 -0.8779
vt 5.0352 -11.2510
vt 3.5479 19.7646
vt 4.6553 -22.6621
vt -2.4697 -23.3750
vt 18.4990 -11.9961
vt 31.2402 4.1641
vt -25.0391 -9.2510
vt -13.4805 -31.6504
vt -31.2334 2.5645
vt 0.1455 16.5625
vt 20.2842 27.2559
vt 4.3760 20.6514
vt -25.6865 17.9688
vt 0.0312 0.0312
vt 0.0312 0.0312
vt 0.0312 0.0312
vt 0.0312 0.0312
vt 0.0312 0.0312
vt 0.0312 0.0312
vt 0.0312 0.0312
vt 0.0000 -14.4072
vt -19.7510 -3.2031
vt 3.7734 -3.3096
vt 12.5928 -28.8125
vt 0.0312 0.0312
vt 0.0312 0.0312
vt 0.0312 0.0312
vt 0.0312 0.0312
vt 0.0312 0.0312
vt 0.0312 0.0312
vt 0.0312 0.0312
vt 0.0000 11.2129
vt 4.3154 -0.0127
vt -30.9453 2.3330
vt 19.3574 23.0449
vt -0.3066 -1.5547
vt -0.0010 -0.0059
vt -24.6709 17.0547
vt 5.7529 9.1250
vt 28.1055 1.9570
vt -0.0010 -13.5117
vt 21.5791 2.0000
vt -6.9375 -4.7500
vt 2.8125 -27.1562
vt 14.9365 4.9902
vt -9.0830 20.2930
vt -14.0410 26.8281
vt -26.3623 -16.0977
vt -13.3623 30.2227
vt 10.2295 -2.3027
vt 24.5420 -21.5488
vt 1.2666 -28.2148
vt 8.9707 20.6924
vt 18.5820 28.8369
vt -3.3389 16.6562
vt -0.6553 -16.2363
vt -3.2031 -15.8340
vt -18.4160 4.0029
vt 21.1221 -21.6689
vt 28.2139 -16.1230
vt -0.7510 -3.2031
vt -1.6680 22.8125
vt 2.2256 0.2607
vt 4.0479 16.6533
vt -3.2031 -15.7734
vt -15.7686 3.6572
vt 4.2578 0.0117
vt 1.0801 -11.7510
vt 14.5361 -25.5635
vt -26.0615 8.3291
vt 21.2773 -9.2676
vt 10.3594 22.6719
vt -4.9854 22.2637
vt -2.9814 14.5840
vt -0.0010 29.9971
vt 5.3008 31.9990
vt -0.7402 20.7539
vt 0.0312 0.0312
vt 0.0312 0.0312
vt 0.0312 0.0312
vt -0.0127 12.1875
vt 0.0312 0.0312
vt 0.0312 0.0312
vt 0.0312 0.0312
vt 0.0312 0.0312
vt -29.6729 5.5449
vt -18.4863 18.4482
vt -4.9766 3.0498
vt 16.5020 -29.2412
vt -0.0078 9.8887
vt 0.0312 0.0312
vt 0.0312 0.0312
vt 0.0312 0.0312
vt 29.0146 12.5176
vt 0.0312 0.0312
vt 0.0312 0.0312
vt 0.0312 0.0312
vt 0.0312 0.0312
vt -19.2246 4.0137
vt 1.1504 -16.2842
vt 18.0176 -29.5391
vt -15.7793 3.7344
vt 16.1465 0.0000
vt -13.1611 -31.0010
vt 0.0312 0.0312
vt 0.0312 0.0312
vt 0.0312 0.0312
vt 0.0312 -0.0127
vt 0.0312 0.0312
vt 0.0312 0.0312
vt 0.0312 0.0312
vt 2.4893 22.8682
vt -23.7422 -22.2158
vt 25.1445 3.4609
vt -22.0000 0.0010
vt -26.4355 2.2061
vt -12.7363 -15.4668
vt 31.9883 22.3281
vt 3.5625 -8.2783
vt -15.5850 -25.2188
vt 3.8291 -15.4688
vt 12.1875 -24.4873
vt 0.0312 0.0312
vt 0.0312 0.0312
vt 0.0312 0.0312
vt -3.2031 -15.7676
vt 0.0312 0.0312
vt 0.0312 0.0312
vt 0.0312 0.0312
vt 0.0312 0.0312
vt 0.0000 0.5859
vt -17.0000 7.6270
vt 12.3457 19.8545
vt 26.1650 -24.2002
vt -12.5547 -31.9873
vt 30.2598 -11.5293
vt 4.6240 -0.0928
vt 0.0312 0.0312
vt 0.0312 0.0312
vt 0.0312 0.0312
vt 0.0312 -0.0127
vt 0.0312 0.0312
vt 0.0312 0.0312
vt 0.0312 0.0312
vt 0.0000 0.0000
vt 25.4785 26.2490
vt 26.0801 0.0010
vt -11.5762 -29.6104
vt 15.9883 5.7490
vt -10.3633 13.0889
vt 12.1875 -22.2373
vt -0.1729 -20.0850
vt 19.4307 26.5693
vt -18.2363 4.1855
vt -28.9375 20.8838
vt -15.6211 -31.9121
vt 0.0312 0.0312
vt 0.0312 0.0312
vt 0.0312 0.0312
vt 0.0312 -0.0127
vt 0.0312 0.0312
vt 0.0312 0.0312
vt 0.0312 0.0312
vt 22.4609 31.3623
vt -3.6436 10.6016
vt 9.7959 1.0146
vt 16.8359 -32.0000
vt -29.1758 -30.7275
vt -5.7090 13.8086
vt 3.0156 -31.7285
vt 27.2441 14.7314
vt -26.0117 10.4102
vt 21.4326 1.6592
vt 24.0723 -23.5605
vt 16.6318 12.4580
vt -3.4873 2.3213
vt 0.0000 0.0000
vt -4.1143 24.2168
vt 15.9287 20.2510
vt -26.7969 -28.8369
vt -3.7500 0.0020
vt -0.2500 0.0020
vt 24.6914 0.9219
vt -22.5293 17.7100
vt 24.1562 -31.9395
vt 30.6211 -9.4902
vt -0.9883 17.7500
vt 2.2490 -23.8359
vt -24.4863 22.1074
vt 6.3818 -29.9854
vt 12.7354 -31.5410
vt 19.6689 -0.0127
vt -28.1914 -6.6357
vt 0.0000 0.0000
vt -0.2500 0.0020
vt 1.3740 -0.1924
vt 16.2061 -2.7188
vt -31.2119 6.8125
vt -13.7334 -27.7168
vt -0.2500 0.0020
vt -0.2500 0.0020
vt -14.9893 0.0137
vt -26.9199 1.2617
vt -17.4863 6.2949
vt -20.7363 16.5137
vt -23.9873 -9.7041
vt -8.7275 -9.4795
vt -0.0010 -1.8584
vt -29.8096 -18.9756
vt -12.9863 -31.7129
vt 0.0312 0.0312
vt 0.0312 0.0312
vt 0.0312 0.0312
vt 0.0312 0.0312
vt 0.0312 0.0312
vt 0.0312 0.0312
vt 0.0312 0.0312
vt 0.0312 0.0000
vt 9.0801 20.8340
vt 22.5117 -25.2490
vt -16.0039 -18.7070
vt 22.9434 3.0459
vt -13.8037 -27.7910
vt -14.5039 -0.3018
vt -17.8174 22.9590
vt 0.0312 0.0312
vt 0.0312 0.0312
vt 0.0312 0.0312
vt 0.0312 0.0312
vt 0.0312 0.0312
vt 0.0312 0.0312
vt 0.0312 0.0312
vt 0.0312 0.0312
vt -15.7812 3.7568
vt 22.7617 -29.8760
vt -24.8320 -2.3975
vt 22.2021 -23.4619
vt -7.2354 14.2129
vt -23.8057 -29.6143
vt -14.6104 -22.7422
vt 15.0605 3.0713
vt -0.0127 12.1875
vt -14.2363 12.2520
vt 0.0312 0.0312
vt 0.0312 0.0312
vt 0.0312 0.0312
vt 0.0312 0.0312
vt 0.0312 0.0312
vt 0.0312 0.0312
vt 0.0312 0.0312
vt 0.0312 0.0000
vt -0.0127 12.1953
vt -15.7852 3.7588
vt 3.6172 -2.4619
vt 0.0000 0.0000
vt 0.0000 0.0000
vt 0.1045 6.6250
vt 4.0566 6.6748
vt 0.0000 0.0000
vt 0.0000 0.0000
vt -15.7510 0.0000
vt 0.0000 0.5859
vt 0.0000 0.2490
vt 0.0000 0.0000
vt 10.6133 12.5078
vt -3.2031 -15.7510
vt 0.0000 0.0000
vt -6.5000 0.0020
vt 16.5137 16.0752
vt -28.1787 -12.7354
vt -17.4727 20.4512
vt -5.2783 8.7705
vt -3.9814 -11.6543
vt -6.2285 -17.4004
vt 29.6416 -20.5918
vt -31.9912 -26.7754
vt -5.4854 12.2910
vt 0.0312 0.0312
vt 0.0312 0.0312
vt 0.0312 0.0312
vt 12.1875 -26.0000
vt 0.0312 0.0312
vt 0.0312 0.0312
vt 0.0312 0.0312
vt 0.0312 0.0312
vt -0.0127 12.1875
vt 3.7422 2.6553
vt 0.0000 0.0000
vt 0.0000 0.0000
vt -15.7510 0.0000
vt 0.0000 0.5859
vt -25.1816 24.0781
vt 17.7139 -27.4141
vt -0.3408 -5.7559
vt 0.0312 0.0312
vt 0.0312 0.0312
vt 0.0312 0.0312
vt -0.0127 12.1875
vt 0.0312 0.0312
vt 0.0312 0.0312
vt 0.0312 0.0312
vt 0.0312 0.0312
vt 0.0312 0.0312
vt 0.0312 0.0312
vt 0.0312 0.0312
vt 0.0312 0.0312
vt 3.7734 8.7549
vt 31.9248 4.9980
vt -6.1055 -24.8682
vt 0.9102 -23.0576
vt 9.7871 -6.2236
vt 6.9062 -7.9805
vt 21.2012 9.3057
vt -27.1152 7.6553
vt -22.5625 -20.9043
vt -27.9873 -27.8027
vt 11.2598 19.5469
vt 22.7090 -2.0146
vt 3.9834 8.8086
vt 10.0938 0.1328
vt -8.0654 30.0635
vt -26.4297 -3.2627
vt 0.0312 0.0312
vt 0.0312 0.0312
vt 0.0312 0.0312
vt 0.0312 0.0312
vt 0.0312 0.0312
vt 0.0312 0.0312
vt 0.0312 0.0312
vt 0.0312 0.0000
vt 23.6230 16.7559
vt -31.8486 16.3887
vt -8.5283 3.0303
vt -1.0635 31.3818
vt 18.8105 -18.4072
vt -9.6035 25.3486
vt 10.5020 10.5439
vt 20.2197 23.2197
vt -7.0918 -22.7256
vt -7.4678 13.0449
vt -24.3643 1.5820
vt -24.8574 -10.8223
vt 0.0000 0.0000
vt -12.0254 25.1436
vt 18.2734 18.4678
vt 31.2607 -29.4199
vt 31.8291 -21.2510
vt 4.2344 -15.8916
vt -7.1250 -21.4814
vt 2.1133 5.8096
vt -16.5684 -0.0127
vt 12.1875 -30.7383
vt 6.3125 -1.1436
vt -0.0010 -0.0010
vt 6.8945 -4.1777
vt 3.2363 -22.7334
vt -11.7363 -19.6504
vt 9.1406 -1.0049
vt 0.0000 20.8408
vt 9.5000 0.0000
vt -0.2363 -17.6621
vt 23.2666 18.1143
vt 4.0352 6.2090
vt 8.1777 0.0020
vt -31.0898 -0.0127
vt -28.9688 -13.4199
vt -16.1611 19.9229
vt -16.5098 17.6299
vt -0.2432 -0.0020
vt -31.5391 20.7598
vt -31.9883 -7.4893
vt 23.9727 26.4736
vt -7.9863 28.3340
vt -11.7627 -4.1338
vt 23.1270 -14.3340
vt 0.0312 0.0312
vt 0.0312 0.0312
vt 0.0312 0.0312
vt 0.0312 0.0312
vt 0.0312 0.0312
vt 0.0312 0.0312
vt 0.0312 0.0312
vt 0.0312 0.0312
vt -31.1250 1.4502
vt 4.8125 -24.0000
vt 4.5430 14.3740
vt -12.2363 -23.7285
vt -13.8145 8.3818
vt -0.5996 -28.2090
vt -0.0049 -1.6514
vt -12.7363 28.5332
vt 1.9219 25.8818
vt -4.0010 -29.5615
vt 13.8447 31.9033
vt -0.2500 0.0020
vt -27.9512 -29.7441
vt 19.8906 4.4648
vt 19.5859 -9.2441
vt -30.1846 0.4219
vt 14.4326 12.1279
vt -3.4629 -26.9912
vt -5.7324 -19.7051
vt -11.2363 -29.6660
vt 12.1875 -4.4863
vt -4.4785 16.3926
vt 1.4746 14.8887
vt -24.5010 -0.3779
vt -14.7314 -13.6543
vt -0.0400 -0.0010
vt -0.0127 12.1875
vt 31.0908 -0.5420
vt 0.3359 -28.3711
vt 28.6914 21.3027
vt -23.9824 -7.4160
vt 10.3584 20.9561
vt 27.6699 16.6768
vt -26.9873 -27.8096
vt -6.8965 -21.4980
vt 12.3438 -29.4092
vt -21.7314 -23.4199
vt 11.1396 15.8994
vt -10.9824 -23.9297
vt 27.6875 -17.9248
vt -7.7930 7.3076
vt -19.9863 0.2949
vt 22.3906 -25.3301
vt -23.7461 -27.4902
vt -9.4854 6.0059
vt -20.2363 2.3613
vt -6.7354 6.2480
vt 16.9131 -5.9355
vt -28.1426 1.3643
vt 5.2939 -26.1416
vt 9.6367 -25.0850
vt -30.7383 -31.4629
vt -0.3291 -1.2988
vt -11.7510 -0.4922
vt 0.0312 0.0312
vt 0.0312 0.0312
vt 0.0312 0.0312
vt 0.0312 0.0312
vt 0.0312 0.0312
vt 0.0312 -0.0127
vt -0.0127 12.1875
vt -15.7812 -22.0010
vt -15.1611 4.5195
vt -29.4717 22.2578
vt -25.7305 -24.0010
vt -1.7256 0.0068
vt -24.7656 -31.8701
vt -24.9863 -25.0293
vt 3.7246 -21.5527
vt 22.5693 -25.3203
vt 16.1943 27.1602
vt 13.4521 7.7354
vt 17.2334 -13.0947
vt 1.4268 9.1631
vt -2.7227 27.6094
vt 3.9639 -4.6895
vt 29.0684 29.4561
vt 10.8389 15.0264
vt 4.8721 0.2178
vt 31.0117 -19.7910
vt -14.2354 2.5020
vt -4.0039 -0.1611
vt 9.9834 -17.1416
vt -9.7617 12.3115
vt 12.2578 -13.3604
vt 2.0371 10.5283
vt -7.8281 -31.3447
vt -18.0088 11.9941
vt -16.8047 -0.0127
vt -14.7832 3.3154
vt -23.9873 -11.8213
vt 0.0156 -7.1055
vt -1.6260 -20.0713
vt 28.5938 -0.0127
vt -28.0264 26.3076
vt -23.4873 -1.6895
vt -10.2363 -17.7529
vt 0.0312 0.0312
vt 0.0312 0.0312
vt 0.0312 0.0312
vt 0.0312 0.0312
vt 0.0312 0.0312
vt 0.0312 0.0312
vt 0.0312 0.0312
vt 0.0312 0.0000
vt 0.0312 0.0312
vt 0.0312 0.0312
vt 0.0312 0.0312
vt 0.0312 0.0312
vt 0.5000 0.2490
vt 0.0312 0.0312
vt 0.0312 0.0312
vt 0.0312 0.0312
vt 0.0312 0.0000
vt -15.9531 -3.0010
vt -27.2373 -19.6309
vt -4.7178 22.5352
vt 30.2842 13.0342
vt 12.9697 -31.2695
vt -15.7666 3.6338
vt 10.9766 -4.0000
vt 0.1719 1.3906
vt 29.7158 -8.0801
vt -27.7109 30.1885
vt 0.0020 -11.2949
vt -0.1885 -0.0098
vt 16.5498 -15.4102
vt -28.0889 22.3662
vt -19.8506 -23.9893
vt -31.8750 -21.6963
vt -0.9609 -31.3447
vt -16.5654 -11.6758
vt -1.7510 12.7334
vt -22.7197 -0.1699
vt -10.2344 12.4785
vt 19.0312 11.2520
vt 12.1875 -29.9873
vt 0.0000 0.0000
vt 0.0000 0.0000
vt -0.2500 0.0020
vt 0.0000 0.0000
vt -15.7510 0.0000
vt -0.2500 0.0020
vt -15.7510 0.0000
vt 0.0000 0.5859
vt 0.0000 0.0000
vt -15.7510 0.0000
vt 0.0000 0.5859
vt 0.0000 0.0000
vt 0.0000 0.0000
vt -0.2500 0.0020
vt 0.0000 0.5859
vt 0.0000 0.0000
vt 0.0000 0.0000
vt -0.2500 0.0020
vt 0.0000 0.0000
vt -15.7510 0.0000
vt -0.2500 0.0020
vt -15.7510 0.0000
vt 0.0000 0.5859
vt 0.0000 0.0000
vt -15.7510 0.0000
vt 0.0000 0.5859
vt 0.0000 0.0000
vt 0.0000 0.0000
vt -0.2500 0.0020
vt 0.0000 0.5859
vt 0.0000 0.0000
vt 0.0000 0.0000
vt -0.2500 0.0020
vt 0.0000 0.0000
vt -15.7510 0.0000
vt -0.2500 0.0020
vt -15.7510 0.0000
vt 0.0000 0.5859
vt 0.0000 0.0000
vt -15.7510 0.0000
vt 0.0000 0.5859
vt 0.0000 0.0000
vt 0.0000 0.0000
vt -0.2500 0.0020
vt 0.0000 0.5859
vt 0.0000 0.0000
vt 0.0000 0.0000
vt -0.2500 0.0020
vt 0.0000 0.0000
vt -15.7510 0.0000
vt -0.2500 0.0020
vt -15.7510 0.0000
vt 0.0000 0.5859
vt 0.0000 0.0000
vt -15.7510 0.0000
vt 0.0000 0.5859
vt 0.0000 0.0000
vt 0.0000 0.0000
vt -0.2500 0.0020
vt 0.0000 0.5859
vt 0.0000 0.0000
vt 0.0000 0.0000
vt -0.2500 0.0020
vt 0.0000 0.0000
vt -15.7510 0.0000
vt -0.2500 0.0020
vt -15.7510 0.0000
vt 0.0000 0.5859
vt 0.0000 0.0000
vt -15.7510 0.0000
vt 0.0000 0.5859
vt 0.0000 0.0000
vt 0.0000 0.0000
vt -0.2500 0.0020
vt 0.0000 0.5859
vt 0.0000 0.0000
vt 0.0000 0.0000
vt -0.2500 0.0020
vt 0.0000 0.0000
vt -15.7510 0.0000
vt -0.2500 0.0020
vt -15.7510 0.0000
vt 0.0000 0.5859
vt 0.0000 0.0000
vt -15.7510 0.0000
vt 0.0000 0.5859
vt 0.0000 0.0000
vt 0.0000 0.0000
vt -0.2500 0.0020
vt 0.0000 0.5859
vt 0.0000 0.0000
vt 0.0000 0.0000
vt -0.2500 0.0020
vt 0.0312 0.0312
vt 0.0312 0.0312
vt 0.0312 0.0312
vt 0.0312 0.0312
vt 0.0312 0.0312
vt 0.0312 0.0312
vt 0.0312 0.0312
vt 0.2490 -3.2031
vt 8.0000 8.0000
vt 0.0312 0.0312
vt 0.0312 0.0312
vt 0.0312 0.0312
vt 0.0000 0.0859
vt 0.0000 0.0000
vt 0.0000 0.0000
vt 0.2490 -15.9512
vt -15.9531 -3.0010
vt -3.0010 0.0000
vt -24.7012 -30.4854
vt 9.2422 10.7861
vt 4.5244 -4.2939
vt -24.5186 -25.8838
vt -7.1074 0.5293
vt 19.1309 -14.5791
vt -15.3125 20.6963
vt -29.4248 31.2178
vt 27.5000 -26.5537
vt 12.1875 -14.2324
vt -3.2031 -15.8867
vt 10.1338 -23.3330
vt -29.5303 11.7158
vt 8.3115 -5.3008
vt -3.9121 17.8828
vt 22.8574 -4.6201
vt -31.4951 -23.9590
vt -26.4844 28.9844
vt 0.0518 12.9990
vt -29.1826 23.5166
vt 28.9365 3.2539
vt 0.0127 16.2871
vt 4.0254 2.7139
vt -27.8369 11.0605
vt -31.2334 -15.8926
vt 0.0312 0.0312
vt 0.0312 0.0312
vt 0.0312 0.0312
vt 0.0312 0.0312
vt -12.5898 -7.3848
vt 24.1875 -0.3350
vt -21.3350 -29.5391
vt -20.9600 -9.0488
vt 24.3750 11.1992
vt -19.9902 6.4863
vt 23.4834 -5.3486
vt -0.3506 -9.7900
vt 5.2969 13.0791
vt 12.1875 -29.7373
vt -26.7373 -21.7588
vt -10.2363 -7.6270
vt 4.6240 10.5479
vt 11.4131 29.7129
vt -17.0010 -20.9854
vt -0.0029 16.0039
vt -12.2783 -20.9209
vt 21.5068 31.2705
vt 16.6445 -15.5771
vt 4.0049 2.0684
vt 18.7881 -18.0254
vt 12.1875 28.7656
vt -28.7373 -27.8018
vt 0.0312 0.0312
vt 0.0312 0.0312
vt 0.0312 0.0312
vt 0.0312 -0.0127
vt 0.0312 0.0312
vt 0.0312 0.0312
vt 0.0312 0.0312
vt 0.5332 -17.8037
vt 16.8047 1.2529
vt 0.0312 0.0312
vt 0.0312 0.0312
vt 0.0312 0.0312
vt 0.0312 0.0312
vt 0.0312 0.0312
vt 0.0312 0.0312
vt 0.0312 0.0312
vt 0.0312 0.0312
vt 19.7197 31.8584
vt -0.0010 -10.3438
vt -29.7920 7.2451
vt 0.0312 0.0312
vt 0.0312 0.0312
vt 0.0312 0.0312
vt 0.0312 -0.0127
vt 0.0312 0.0312
vt 0.0312 0.0312
vt 0.0312 0.0312
vt 27.7461 -4.5869
vt 7.4160 -22.3115
vt -21.2227 26.4150
vt -16.2510 -2.2246
vt -27.1953 -11.8105
vt -2.6279 -0.0127
vt 16.3281 4.1328
vt 6.4414 17.1348
vt -17.2363 22.1582
vt 27.9463 19.2998
vt -15.8057 3.7588
vt -25.8496 16.2295
vt 3.7275 -31.2754
vt -15.8369 9.2598
vt -18.5645 -0.6729
vt -3.1416 -14.9883
vt -3.2012 -15.7598
vt -4.4824 20.4980
vt 0.0312 0.0312
vt 0.0312 0.0312
vt 0.0312 0.0312
vt 0.0312 0.0312
vt 3.6172 5.5771
vt 5.2051 17.2695
vt 9.4990 -15.8125
vt 16.6064 18.2031
vt 8.0244 -23.7510
vt 23.5117 -21.8447
vt -15.7812 -0.8047
vt -3.5078 -17.8486
vt -17.7354 -11.3926
vt -8.6045 3.1875
vt -16.0039 27.0586
vt -23.8340 -22.9004
vt 1.6230 24.4795
vt -5.0938 11.7061
vt -0.0127 12.1875
vt -20.2900 -24.1211
vt -8.7363 -7.7559
vt 0.0312 0.0312
vt 0.0312 0.0312
vt 0.0312 0.0312
vt 0.0312 0.0312
vt 0.0312 0.0312
vt 0.0312 0.0312
vt 0.0312 0.0312
vt 0.0000 21.0635
vt 4.8203 -21.3125
vt 28.5488 -8.6045
vt -25.2510 -3.2031
vt 1.4990 -3.2031
vt -15.7510 4.6807
vt 0.0000 0.5859
vt 0.0000 0.0000
vt -0.2500 0.0020
vt -0.0127 12.1875
vt -0.2070 6.8809
vt -1.9727 -23.7617
vt 21.7607 -23.8574
vt -0.0059 -18.5020
vt -4.6338 -10.2920
vt -2.7627 -29.1670
vt 31.3359 6.3545
vt -0.0547 -31.8672
vt 4.0059 -7.8906
vt 12.1875 -21.2363
vt 1.2021 31.3926
vt 6.7832 -21.5449
vt -27.8369 28.9307
vt -0.9336 -19.0000
vt -13.4668 16.4775
vt -18.2324 28.5723
vt -11.4854 14.5293
vt -31.1025 8.5332
vt -3.4863 -13.4004
vt 19.5918 -0.0371
vt -20.7363 8.1777
vt -1.6709 -15.8018
vt -21.2969 0.0293
vt 12.6875 17.5117
vt 9.0664 0.4424
vt -3.3467 -30.1191
vt -3.2412 -18.9590
vt 23.9990 10.4512
vt 28.0488 -25.5430
vt 12.1875 -5.9863
vt 31.3584 -23.4502
vt -0.0010 -3.2031
vt 0.2285 12.8750
vt -29.2393 16.1875
vt 0.0000 0.0000
vt 0.0000 0.0000
vt 7.9990 -0.0039
vt 31.6133 9.4531
vt 0.0312 0.0312
vt 0.0312 0.0312
vt 0.0312 0.0312
vt 12.6875 -14.9863
vt 0.0312 0.0312
vt 0.0312 0.0312
vt 0.0312 0.0312
vt 0.0312 0.0312
vt 27.9277 0.1758
vt -0.0928 18.2725
vt 29.2793 -2.8828
vt 30.0127 18.3350
vt 0.2783 -31.8750
vt 24.0107 11.4111
vt 7.6260 0.8984
vt -9.3848 -19.0527
vt 8.4072 23.1846
vt -13.7295 10.5615
vt -25.7373 -9.8535
vt -0.0068 1.0322
vt -24.1699 -25.7686
vt 10.8115 -22.8389
vt 0.0312 0.0312
vt 0.0312 0.2490
vt 0.0312 0.0312
vt 0.0312 0.0312
vt 0.0312 0.0312
vt -0.0127 12.1875
vt 28.4355 -27.6152
vt -13.4834 -31.9473
vt 10.8838 6.1738
vt 0.0312 0.0312
vt 0.0312 0.0312
vt 0.0312 0.0312
vt 0.0312 0.0312
vt 0.0312 0.0312
vt 0.0312 0.0312
vt 0.0312 0.0312
vt -18.4258 -15.5156
vt -14.2510 -3.2031
vt 29.8125 4.1094
vt 9.7490 -31.1982
vt 15.9766 -15.2744
vt 5.2959 10.3750
vt 24.0068 29.8838
vt 3.0137 -13.4434
vt 9.2471 27.6895
vt 4.5166 -7.4824
vt 2.7656 -9.5283
vt -20.8213 4.1768
vt 25.8994 16.4746
vt 2.6172 0.8301
vt -29.9961 3.2617
vt -4.3994 22.9990
vt -6.3086 25.9648
vt 28.1875 6.5791
vt -28.6611 -26.3691
vt 10.6562 12.0020
vt -19.8379 -22.5596
vt 0.0312 0.0312
vt -7.4824 -3.7363
vt 0.0312 0.0312
vt 0.0312 0.0312
vt 0.0312 0.0312
vt 0.0312 0.0312
vt 25.5977 15.2627
vt 0.1797 -25.7969
vt 16.0068 20.8770
vt -20.2373 28.2363
vt 0.0000 0.5859
vt 0.0000 0.0000
vt 0.0000 0.0000
vt 13.8018 -15.5498
vt -26.2031 8.0879
vt 1.8750 -1.0781
vt 12.6875 -21.4863
vt -0.0010 -0.1094
vt -1.6279 -10.3496
vt 12.1875 -22.7314
vt -12.4863 12.4277
vt -13.7998 4.9775
vt 0.0000 0.0000
vt -19.5908 -19.6963
vt 30.1211 -29.4727
vt -15.7510 0.0000
vt 3.2891 -19.2744
vt -6.2686 27.1914
vt -25.7363 -21.4590
vt 31.8096 31.9717
vt 20.1016 20.0000
vt -0.0127 12.1875
vt 2.5000 0.0000
vt -0.2500 0.0020
vt -14.5557 -25.7402
vt 16.7568 -0.2930
vt 3.4531 -17.2549
vt -27.2510 -2.1494
vt -23.1758 -0.7158
vt -15.8896 3.3125
vt 7.3291 -12.3223
vt 14.6230 12.1406
vt -6.7656 -22.9160
vt -25.9844 6.3652
vt 15.9141 -25.6855
vt -10.2500 -23.9795
vt 13.3047 -13.1709
vt 10.4053 -0.2178
vt 2.3232 14.6865
vt -13.2363 28.4395
vt 22.8105 0.9844
vt -11.6758 18.1445
vt 4.0957 14.6553
vt 0.1992 16.9023
vt -12.9863 -15.9355
vt -14.5693 -1.0986
vt -15.7881 0.0000
vt -0.2500 0.0020
vt -30.3730 -22.0811
vt -12.6846 22.6699
vt -18.9863 -11.7441
vt -26.0000 0.2920
vt 19.3652 -4.9180
vt 24.9160 3.7568
vt -0.0020 -2.5947
vt -27.9980 2.0771
vt -27.4111 -0.6016
vt 12.0869 -21.2012
vt 0.0000 0.0000
vt 1.8887 22.2949
vt -12.5703 -11.2969
vt 7.8008 10.2324
vt -21.3877 12.5547
vt -15.7510 0.0000
vt -0.2500 0.0020
vt 1.9561 19.9941
vt 5.4512 -12.8906
vt 11.4980 -21.4053
vt 27.4053 -0.2344
vt -26.8574 16.6338
vt -25.9814 24.0723
vt 0.0000 0.0000
vt 0.0000 0.5859
vt 18.9102 -28.3916
vt 27.1377 -15.3506
vt 0.0000 0.0000
vt -15.8027 3.6406
vt 3.4375 -30.4453
vt 0.0000 0.0000
vt -0.9414 1.6641
vt -31.3086 -6.7510
vt 26.5625 16.2549
vt -0.2500 0.0020
vt -19.4150 -8.1670
vt 16.0908 -9.3066
vt -19.8398 11.7695
vt 24.6875 16.1182
vt -11.9854 2.0801
vt 1.0176 28.7383
vt -18.5264 11.2129
vt 28.4307 11.1582
vt -31.4756 23.7441
vt 0.0000 19.2168
vt -0.0010 -3.2012
vt 12.1875 -9.2354
vt 22.3027 -6.5654
vt -15.7617 3.6250
vt -1.0000 0.0020
vt -3.4570 -14.8213
vt -11.9248 -0.1621
vt 3.5479 22.6299
vt 0.0000 0.0000
vt -11.9453 5.5430
vt -30.6211 29.8105
vt -2.0000 0.0020
vt 0.0000 0.5859
vt -12.4727 -5.5312
vt 16.0732 -25.6338
vt 8.3867 -0.0010
vt -26.5527 6.9307
vt 3.5703 -8.2705
vt -18.8613 4.3818
vt 0.0000 0.0000
vt 5.2129 5.6582
vt 0.0000 0.0000
vt -15.7510 0.0000
vt 0.0000 0.5859
vt 7.8994 26.7363
vt 22.1377 -16.6455
vt 3.4932 -26.3027
vt -13.9941 26.7168
vt -0.0713 21.0400
vt 20.0664 23.4375
vt 12.1875 -17.2188
vt 28.0518 14.1152
vt -27.0410 19.2744
vt -12.9004 22.2051
vt -8.7354 16.8330
vt -4.0508 8.1650
vt 8.6074 18.5273
vt 4.2119 -28.3135
vt 0.0000 0.0000
vt 0.0000 0.0000
vt -0.2500 0.0020
vt 0.0000 0.5859
vt 0.0000 0.0000
vt 0.0000 0.0000
vt -0.2500 0.0020
vt 0.0000 0.0000
vt -15.7510 0.0000
vt -0.2500 0.0020
vt -15.7510 0.0000
vt 0.0000 0.5859
vt 0.0000 0.0000
vt -15.2480 1.5244
vt 13.8232 23.1436
vt -29.4229 21.1006
vt 11.2490 -3.2012
vt 31.9971 23.1953
vt -9.5654 -17.9902
vt -3.1260 -0.0430
vt 29.4072 -16.2832
vt -19.8662 10.8975
vt 29.2998 0.3701
vt 0.0312 0.0312
vt 0.0312 0.0312
vt 0.0312 0.0312
vt 3.9463 -29.3447
vt 0.0312 0.0312
vt 0.0312 0.0312
vt 0.0312 0.0312
vt 0.0312 0.0312
vt 0.0312 0.0312
vt -0.0479 23.4629
vt 23.0371 -25.1875
vt 19.8730 -17.2510
vt 0.0000 0.0000
vt -15.7510 0.0000
vt -1.7832 -16.8799
vt -15.8193 3.1094
vt 0.0000 0.5859
vt -11.9863 -5.4785
vt -3.4639 -0.0127
vt -31.7559 -17.8984
vt -30.3350 -22.9883
vt 0.1338 28.0547
vt -1.0010 -0.3271
vt 3.4150 7.7637
vt 16.8789 0.2275
vt 4.2666 14.6631
vt 3.3535 2.4521
vt -2.6885 -0.8477
vt 11.4814 -5.1719
vt -15.7510 0.0000
vt 0.0000 0.5859
vt 0.0000 0.0000
vt -15.7510 0.0000
vt 0.0000 0.5859
vt 0.0000 0.0000
vt 0.0000 0.0000
vt -15.7510 0.0000
vt -17.0508 20.2178
vt 0.0312 0.0312
vt 0.0312 0.0312
vt 0.0312 0.0312
vt -0.0127 12.1875
vt 0.0312 0.0312
vt 0.0664 1.5322
vt -0.0127 12.1875
vt -22.5176 -31.1914
vt -0.7295 1.1494
vt 23.9980 16.6484
vt 0.0000 1.5352
vt 4.1416 9.7256
vt 6.8887 22.9248
vt -21.9453 15.0410
vt -15.8740 3.9697
vt -31.2373 2.0996
vt 0.0000 0.0000
vt -13.0723 15.2686
vt 14.2637 -7.6807
vt 4.3359 15.6631
vt -0.0010 -3.5029
vt -8.7363 2.3262
vt 0.0000 0.0000
vt 0.0000 0.0000
vt -15.7510 0.0000
vt 0.0000 0.5859
vt 0.0000 0.0000
vt -2.9639 -28.0811
vt -27.8799 2.0635
vt 0.0000 0.0000
vt -12.0156 -0.2051
vt -15.8564 3.3359
vt 0.0000 0.5859
vt 0.0000 0.0000
vt 0.0000 0.0000
vt -15.7510 0.0000
vt 0.0000 0.5859
vt 0.0000 0.0000
vt 0.0000 0.0000
vt 17.6514 -27.7959
vt -3.2031 -15.9424
vt -14.6504 -6.5762
vt 18.6201 -20.4639
vt 3.5791 -17.2861
vt 0.0000 0.0000
vt 0.0000 0.0000
vt 17.3438 -7.6562
vt 0.0000 0.0000
vt 0.0000 0.0000
vt -0.2500 0.0020
vt 1.6289 -0.0127
vt 12.6875 13.5117
vt -11.9971 4.5088
vt -5.9795 -7.0527
vt -15.7939 3.9229
vt 4.1104 -9.3174
vt 0.0000 0.0000
vt -15.7510 0.0000
vt 0.0000 0.5859
vt -0.6562 0.0000
vt -23.2617 -9.8076
vt -20.7295 -15.7500
vt -29.7178 16.2666
vt 3.6328 24.7100
vt 20.2842 4.3643
vt -9.1240 -18.6924
vt -15.8828 -29.9199
vt 0.0000 0.5859
vt -0.0020 -0.0127
vt 24.6172 -26.4736
vt 6.0801 2.1367
vt 0.0312 0.0312
vt 0.0312 0.0312
vt 0.0312 0.0312
vt 0.0312 0.0312
vt 0.0312 0.0312
vt 0.0312 0.0312
vt 0.0312 0.0000
vt -18.2510 -3.2031
vt -31.8086 -28.1641
vt -27.7578 -8.6719
vt 3.9316 9.7334
vt -6.7598 16.9326
vt -18.9355 -1.2070
vt 4.4072 -1.3037
vt -18.6338 22.6826
vt 16.5059 5.0000
vt -8.4785 -31.5488
vt 26.1562 -29.3936
vt -2.2354 20.1035
vt 0.0000 0.0000
vt -0.2500 0.0020
vt 0.0000 0.0000
vt -15.7510 0.0000
vt -0.2500 0.0020
vt -15.7510 0.0000
vt 0.0000 0.5859
vt -23.1064 7.6426
vt -22.1602 -7.1260
vt -30.2383 -23.4668
vt 0.0312 0.0312
vt 0.0312 0.0312
vt 0.0312 0.0312
vt 0.0312 0.0312
vt 29.6240 -8.4443
vt 28.7979 1.3281
vt -24.3604 8.5723
vt 10.7441 -29.0967
vt 0.0186 23.3643
vt 14.9238 -12.5000
vt -14.1240 23.1084
vt 30.5898 25.7861
vt -10.2178 -30.8027
vt -31.4834 -19.6465
vt -22.7197 16.6543
vt 6.7764 -1.3018
vt -0.0010 6.6016
vt -16.0010 -11.1797
vt 11.6201 -22.7246
vt -18.2344 -21.4746
vt -13.2363 -3.9004
vt 14.3115 11.1973
vt -21.8125 30.0000
vt 4.2266 28.6357
vt -25.5029 23.9990
vt 16.3281 -21.9062
vt 21.3174 17.6533
vt -0.3740 0.0352
vt -0.0127 12.6875
vt -3.2031 -15.8164
vt 12.0000 14.1133
vt 20.2324 -13.3105
vt 28.2656 27.0430
vt -17.8818 26.9404
vt 14.1875 -7.1279
vt 0.0312 0.0312
vt 0.2490 -3.2012
vt 0.0312 0.0312
vt 0.0312 0.0312
vt 0.0312 0.0312
vt 12.1875 -22.2500
vt -26.9150 11.1396
vt -5.3086 -4.7510
vt 18.0127 -29.5049
vt 3.9922 -1.3525
vt 23.3564 8.7305
vt 24.8369 -10.6592
vt 11.9961 -3.6875
vt -9.7500 23.5303
vt -16.8135 24.7168
vt -26.0400 30.5029
vt -0.0010 -0.0010
vt -14.1885 -20.6904
vt 0.0312 0.0312
vt 0.0312 0.0312
vt 0.0312 0.0312
vt -15.8164 3.3594
vt -15.2422 20.3525
vt 1.3652 -8.5674
vt 4.0391 -7.3037
vt 3.9551 18.9541
vt 0.0312 0.0312
vt 0.0312 0.0312
vt 0.0312 0.0312
vt -11.2295 26.5215
vt 0.0312 0.0312
vt 0.0312 0.0312
vt 0.0312 0.0312
vt 0.0312 0.0312
vt 0.0312 0.0312
vt 0.0312 0.0312
vt -12.7031 -30.3760
vt 9.6865 -2.5752
vt 19.1113 24.7334
vt -5.7051 -19.0400
vt 8.6250 -7.7969
vt 4.4707 -22.2070
vt -3.0605 -17.9893
vt 5.3447 -29.9404
vt 27.8984 -0.0859
vt -0.0176 -6.9365
vt 0.0312 0.0312
vt 0.0312 0.0312
vt 0.0312 0.0312
vt 12.1875 -16.2363
vt 0.0312 0.0312
vt 0.0312 0.0312
vt 0.0312 0.0312
vt 0.0312 0.0312
vt 13.5811 6.6641
vt -29.1543 -29.9844
vt 0.0000 0.0000
vt -24.2676 -24.0010
vt -28.9922 -14.3389
vt 12.1875 -22.7373
vt -6.6221 -31.8291
vt 3.5244 27.7061
vt 7.5781 4.0205
vt -14.1533 0.8057
vt -30.2324 10.3379
vt 21.3359 21.7002
vt 25.9902 24.4463
vt 0.0312 0.0312
vt 0.0312 0.0312
vt 0.0312 0.0312
vt 0.0312 0.0312
vt -0.0127 12.1875
vt -22.4590 -31.5000
vt -20.4844 18.2988
vt 2.2217 -32.0000
vt 31.9990 -10.7080
vt -18.0264 10.7031
vt 7.3369 -28.0215
vt 27.6367 -0.0127
vt -4.1289 -0.0264
vt 0.0312 0.0312
vt 0.0312 0.0312
vt 0.2490 -3.2012
vt 0.0312 0.0312
vt 0.0312 0.0312
vt 0.0312 0.0312
vt 12.1875 -20.2500
vt 12.6953 16.2666
vt -24.1084 11.1025
vt -29.8652 -0.4053
vt 11.0137 -31.5469
vt 10.7539 -22.7217
vt 3.7500 12.7246
vt -10.2188 5.5088
vt -0.8506 -27.0400
vt 27.7568 16.0000
vt -1.3242 4.7715
vt 4.6719 4.6670
vt -11.7510 -3.2031
vt -31.7764 -16.5811
vt 8.2764 -0.1953
vt -15.7734 3.7744
vt 8.0000 8.0000
vt 0.0312 0.0312
vt 0.0312 0.0312
vt 0.0312 0.0312
vt 0.0312 0.0312
vt 0.0312 0.0312
vt 0.0312 0.0312
vt 0.0312 0.0312
vt 0.0312 0.0312
vt -13.2461 -24.9570
vt -21.0234 -18.3750
vt -20.8174 -1.8477
vt 3.7305 29.1221
vt -0.0059 25.3848
vt 0.0312 0.0312
vt 0.0312 0.0312
vt 0.0312 0.0312
vt 0.0312 0.0312
vt 0.0312 0.0312
vt 0.0312 0.0312
vt 0.2490 -3.2031
vt -23.8740 -1.7627
vt 1.3633 -18.1230
vt 3.5947 -4.2627
vt -30.5889 -28.5498
vt 12.0801 -8.4648
vt -15.7510 0.0000
vt 0.0000 0.5859
vt 0.0000 0.0000
vt 0.0000 8.0010
vt -26.1143 2.6357
vt 9.6797 -11.1260
vt -15.6904 -15.5566
vt -4.0098 -4.0977
vt -0.2510 -3.2031
vt -4.6035 -30.8525
vt -21.1973 -9.0205
vt 0.1562 -11.2598
vt 27.9951 -9.7451
vt -26.7227 9.3193
vt 18.2891 -28.8848
vt 18.4141 -20.0000
vt -24.0156 -15.4385
vt -2.9863 -1.4785
vt 13.0547 16.8213
vt -0.2500 0.0020
vt 0.0000 0.0000
vt -15.7510 0.0000
vt -0.2500 0.0020
vt -15.7510 0.0000
vt 0.0000 0.5859
vt 0.0000 0.0000
vt -15.7510 0.0000
vt 0.0000 0.5859
vt 0.0000 0.0000
vt 0.0000 0.0000
vt -0.2500 0.0020
vt 0.0000 0.5859
vt 0.0000 0.0000
vt 0.0000 0.0000
vt 0.0283 -7.1094
vt 0.0312 0.0312
vt 0.0312 0.0312
vt 0.0312 0.0312
vt 12.6875 -25.7373
vt 0.0312 0.0312
vt 0.0312 0.0312
vt 0.0312 0.0312
vt 0.0312 0.0312
vt 12.2373 -0.1318
vt -8.7070 -4.3945
vt -7.5322 -25.8867
vt -24.1260 -5.6963
vt 3.5488 2.7568
vt 0.0312 0.0312
vt 0.0312 0.0312
vt 0.0312 0.0312
vt 0.0312 -0.0127
vt 0.0312 0.0312
vt 0.0312 0.0312
vt 0.0312 0.0312
vt 0.0312 0.0312
vt 0.0312 0.0312
vt 0.0312 0.0312
vt 0.0312 0.0312
vt 0.0312 0.0312
vt 0.0312 24.0479
vt -10.4893 -25.5010
vt 12.5459 31.6748
vt 0.0615 21.2168
vt -8.5186 20.7314
vt 2.7246 28.9727
vt -29.0820 21.2490
vt 13.0000 9.1406
vt -12.8389 -21.8516
vt -0.0039 -7.0654
vt -29.3350 13.9990
vt -9.2979 16.0332
vt 16.5703 19.0986
vt -11.4375 22.9229
vt 10.9863 -10.0000
vt 4.6270 9.6396
vt 0.0000 0.0000
vt 0.0000 0.0000
vt 0.0000 0.0000
vt 0.0000 0.0000
vt 0.0000 0.0000
vt 0.0000 0.0420
vt 0.0420 -27.9424
vt 4.1006 -0.0059
vt -9.6797 -27.5010
vt 8.1738 11.5967
vt -29.2373 24.5332
vt -20.9922 3.9990
vt -8.0000 20.9316
vt 3.7979 14.7568
vt 2.5625 -19.0361
vt -0.0986 -22.1963
vt -15.7803 3.7119
vt 1.0820 15.8232
vt 1.4746 -10.1426
vt 0.0000 0.0000
vt -15.7510 0.1719
vt -0.2500 -19.9951
vt 0.0000 0.0000
vt 0.0000 0.0000
vt -31.9971 18.1289
vt -3.2012 -15.8477
vt -20.4863 0.3340
vt 28.1475 16.5645
vt -7.7354 10.5850
vt -17.4824 -11.5918
vt 3.9307 30.6396
vt 0.0312 0.0312
vt 0.0312 0.0312
vt 0.0312 0.0312
vt 0.0312 0.0312
vt 0.0312 0.0312
vt 0.0312 0.0312
vt 0.0312 0.0312
vt -17.1455 24.1270
vt 4.0117 18.2422
vt -9.0654 -20.0439
vt -2.1895 -21.9980
vt 10.9736 23.4932
vt 7.0186 -6.4375
vt -16.2383 31.5508
vt -15.8477 3.4385
vt -26.7207 -1.7471
vt 3.7510 5.7441
vt -17.8086 17.1328
vt 25.1602 -7.1572
vt 0.0000 10.9863
vt -15.8193 0.1719
vt 0.1719 1.3555
vt 0.0000 0.0000
vt 0.0000 0.0000
vt 0.0000 0.0000
vt 0.0000 0.0000
vt 0.0000 0.0000
vt 0.0000 10.9863
vt -15.7510 0.1719
vt 0.1719 1.3555
vt 0.0000 0.0000
vt 0.0000 0.0000
vt 0.0000 0.0000
vt 0.0000 0.0000
vt 0.0000 0.0000
vt 0.0000 0.0420
vt 0.0420 -3.2891
vt -0.2500 -19.9951
vt 0.1719 1.3555
vt 0.0000 0.0000
vt 0.0000 0.0000
vt 0.0000 0.0000
vt 0.0000 0.0371
vt 7.3604 4.0635
vt -26.2500 0.0352
vt 3.2539 0.1611
vt 29.3984 5.4473
vt -24.6875 -7.5303
vt -6.2705 23.1738
vt 3.5469 -29.8584
vt 12.1953 -28.9873
vt 6.9990 -5.0352
vt 26.2480 1.1729
vt -15.7598 3.9922
vt 3.3750 -16.4961
vt 0.0000 0.0000
vt 0.0000 0.0000
vt 0.0000 0.0000
vt 0.0000 10.9863
vt -15.7510 0.1719
vt 0.1719 1.3555
vt 4.1504 13.1836
vt -22.1426 -5.2744
vt 21.0068 -31.7920
vt 0.0049 22.6064
vt -3.2031 -15.8115
vt 15.0430 24.8018
vt 15.2529 -31.1494
vt -28.4854 18.4395
vt 3.8047 -30.2744
vt 0.0000 0.0000
vt 0.0000 0.0000
vt 0.0000 0.0000
vt 0.0000 0.0000
vt 0.0420 -3.2891
vt -0.2500 -19.9951
vt 0.1719 1.3555
vt -12.4219 24.0137
vt 0.0000 0.0000
vt 0.0420 -3.2891
vt -0.2500 -19.9951
vt -14.2773 -1.6006
vt 3.3047 5.6123
vt -3.7559 -31.7002
vt -3.8760 -0.1094
vt 26.4990 -0.0908
vt 0.0000 0.0000
vt 0.0000 0.0000
vt 0.0000 0.0000
vt 0.0000 0.0000
vt 0.0000 10.9863
vt -15.7510 0.1719
vt -0.2500 -19.9951
vt 0.0000 0.0000
vt 0.1719 1.3555
vt -21.4062 17.6152
vt 0.0312 0.0312
vt 0.0312 0.0312
vt 0.0312 0.0312
vt 0.0312 0.0312
vt 17.4375 4.6045
vt 22.2617 18.1973
vt -23.7188 -27.5391
vt 19.0703 15.5557
vt -2.2510 -3.2012
vt 26.9307 11.0264
vt 6.2061 -31.9951
vt 8.4941 -6.3477
vt -18.5850 10.7822
vt -10.3691 24.5156
vt 15.9863 12.5488
vt 0.0312 0.0312
vt 0.0312 0.0312
vt 0.0312 0.0312
vt -15.8662 4.5098
vt 0.0312 0.0312
vt 0.0312 0.0312
vt 0.0312 0.0312
vt 0.0312 0.0312
vt -3.1885 -0.1631
vt 21.0215 16.3184
vt -19.8672 6.1924
vt 0.1377 21.4697
vt 14.5420 -3.2246
vt -0.0127 20.1875
vt -22.2588 12.6553
vt -2.6416 -1.1934
vt -18.1855 -24.1279
vt 0.0469 -19.8887
vt -0.0010 -0.0586
vt 28.1562 -7.6807
vt 24.2715 -7.3145
vt 11.9131 26.6465
vt -25.5166 5.1826
vt 8.8242 18.5586
vt -26.5830 1.7002
vt 0.1250 26.0020
vt 5.2236 -24.4512
vt 1.9160 20.2109
vt -19.9971 20.2266
vt 11.5762 -19.5684
vt -25.5869 3.9365
vt 4.2832 8.2617
vt -7.0898 -5.6885
vt 5.8164 -5.1602
vt -0.0010 -0.0254
vt 0.2246 -2.7080
vt 0.0000 0.1768
vt -0.0332 -16.2197
vt 0.0000 0.2275
vt 0.0000 0.0000
vt 2.9531 -26.4316
vt 2.2842 4.1250
vt 16.7529 -23.4668
vt -9.7246 -21.2793
vt -0.0127 20.1875
vt -10.3906 -0.0127
vt 16.7881 -9.8057
vt -21.3994 12.3887
vt 26.5840 9.2568
vt 16.2002 -18.7148
vt -10.4307 -23.3037
vt 0.3779 -29.9375
vt 4.6738 20.7021
vt 23.4990 -1.0996
vt -10.4268 31.1943
vt 6.3086 16.4248
vt 11.9580 7.4170
vt 4.1143 -10.3271
vt -5.2207 10.8301
vt -0.0127 20.1875
vt 21.9775 31.9971
vt 10.2705 1.6279
vt 6.0391 -22.4453
vt 29.5010 -18.1562
vt 19.8213 31.5010
vt -5.8154 19.3457
vt 27.8975 31.9990
vt 3.9951 -4.7871
vt 10.9023 -26.7803
vt -20.0205 2.9561
vt -0.6455 -24.0078
vt -28.4463 -3.0596
vt 0.1104 -8.4775
vt 19.3291 -3.4297
vt 0.0000 0.0000
vt 2.4121 -15.7881
vt 31.7080 1.1826
vt -21.0010 5.0674
vt -3.0635 -8.0977
vt 9.3926 22.8145
vt 10.6279 17.4268
vt 6.1016 17.6670
vt 7.4170 17.6758
vt 10.7598 20.4697
vt 15.4365 30.7559
vt -0.0010 -0.3623
vt -10.4512 -21.6084
vt -9.4619 4.8457
vt 31.4648 -17.6289
vt -12.1455 18.6807
vt -4.0479 18.4150
vt 8.3643 -9.1426
vt -0.0127 20.1875
vt 2.9736 2.2861
vt 20.4453 -31.7734
vt -15.6641 0.0703
vt 4.7402 -9.4766
vt 0.3770 -18.1846
vt -29.3379 7.9971
vt 8.9033 -2.3945
vt 22.4053 11.0908
vt 0.0400 17.5283
vt -23.5889 0.8633
vt -28.7188 -3.2480
vt 0.0312 0.0312
vt 0.0312 -0.0127
vt 0.0312 0.0312
vt 0.0312 0.0312
vt 0.0312 0.0312
vt 0.0312 0.0312
vt 0.0312 0.0312
vt 0.0312 0.0312
vt 0.0312 0.0312
vt 0.0312 0.0312
vt 0.0312 0.0312
vt 0.0312 0.0312
vt 0.0312 0.0312
vt 0.0312 0.0312
vt 0.0312 0.0312
vt 0.0000 0.0000
vt -0.0127 12.1875
vt 14.4258 -6.9375
vt -20.9756 16.8086
vt 14.8730 -16.0967
vt -3.3916 14.0244
vt -13.4180 8.6338
vt 13.8701 -0.0078
vt 22.0635 18.3652
vt 0.0312 0.0312
vt 3.8828 -8.3447
vt 0.0312 0.0312
vt 0.0312 0.0312
vt 0.0312 0.0312
vt 0.0312 0.0312
vt 0.0195 24.7285
vt -13.7725 -24.2344
vt -21.7373 -3.7051
vt 12.8252 13.0156
vt 0.0312 0.0312
vt 0.0312 0.0312
vt 0.0312 0.0312
vt 0.0312 0.0312
vt 4.8447 -14.3369
vt 0.0312 0.0312
vt 0.0312 0.0312
vt 0.0312 0.0312
vt 0.0312 0.0312
vt -31.1611 29.1377
vt 0.0312 0.0312
vt 0.0312 0.0312
vt 0.0312 0.0312
vt 0.0312 0.0312
vt 0.0312 0.0312
vt -7.9258 8.6006
vt -5.2373 -5.4668
vt 3.4316 8.7686
vt 29.8984 17.0029
vt 30.0000 0.0000
vt -30.1875 0.1113
vt -15.8389 3.7910
vt 9.3350 -10.0225
vt 22.9092 -12.0020
vt -29.5547 -26.6055
vt 0.0312 0.0312
vt 0.0312 0.0312
vt 0.0312 0.0312
vt -27.2393 22.1143
vt -31.0273 -15.8174
vt -31.7852 -9.2500
vt 0.0312 0.0312
vt 0.0312 0.0312
vt 0.0312 0.0312
vt 12.1875 30.7617
vt 17.1650 -18.4014
vt -15.7637 4.2266
vt -3.9854 16.2002
vt 0.0000 0.0000
vt 0.0000 0.0000
vt -15.7510 0.0000
vt 0.0000 0.5859
vt 0.0000 0.0000
vt 0.0000 0.0000
vt 0.0010 7.4082
vt 3.6650 -13.2861
vt 18.5498 -27.5068
vt 4.3271 0.2783
vt -6.9834 -11.5684
vt -16.7373 0.1885
vt -4.0059 -30.6025
vt -23.2744 16.9521
vt -7.9873 12.1572
vt 0.0000 0.5859
vt 0.0000 0.0000
vt 0.0000 0.0000
vt -0.2500 0.0020
vt 0.0000 0.0000
vt -26.2314 28.0781
vt -15.7998 5.0244
vt 3.4609 -30.6172
vt 0.0000 0.0000
vt 0.0000 0.0000
vt -0.2500 0.0020
vt 0.0000 0.5859
vt 0.0000 0.0000
vt 0.0000 0.0000
vt -0.2500 0.0020
vt -24.7832 -5.9688
vt 23.2812 29.2373
vt -13.4844 10.5410
vt 0.0000 0.0000
vt 0.0000 0.0000
vt -0.2500 0.0020
vt 0.0000 0.5859
vt 0.0000 0.0000
vt 0.0000 0.0000
vt -0.2500 0.0020
vt 0.0000 0.5859
vt 0.0000 0.0000
vt -15.7510 0.0000
vt -0.2500 0.0020
vt -18.0039 1.2510
vt -15.0693 4.5117
vt 11.4775 16.1230
vt 0.0000 0.0000
vt 16.9229 -27.6162
vt -14.2383 31.5430
vt -19.0322 9.6475
vt -10.5967 5.5186
vt -27.4424 -5.8916
vt 3.6494 19.7803
vt 27.7363 -3.0781
vt 0.0000 0.0000
vt 0.0000 0.0000
vt -15.7510 0.0000
vt 0.0000 0.5859
vt 0.0000 0.0000
vt 0.0000 0.0000
vt -0.2500 0.0020
vt 0.0000 0.5859
vt 0.0000 0.0000
vt 0.0000 0.0000
vt -0.2500 0.0020
vt 0.0000 0.0000
vt -15.7510 0.0000
vt -0.2500 0.0020
vt -15.7510 0.0000
vt 0.0000 0.5859
vt 0.0000 0.0000
vt -15.7510 0.0000
vt 0.0000 0.5859
vt 0.0000 0.0000
vt 13.8164 -20.5010
vt 11.0762 -1.4453
vt 11.0078 -0.3389
vt 0.0312 0.0312
vt 0.0312 0.0312
vt 0.0312 0.0312
vt 0.2490 -3.2012
vt 0.0312 0.0312
vt 0.0312 0.0312
vt 0.0312 0.0312
vt 12.6875 -13.5000
vt 16.1738 -8.0459
vt 2.2529 10.0859
vt 0.0000 0.0000
vt 0.0000 0.0000
vt -0.2500 0.0020
vt 0.0000 0.5859
vt 30.7666 -23.5371
vt 0.0000 0.0000
vt -0.2500 0.0020
vt 0.0000 0.5859
vt -31.3477 19.2070
vt 3.6006 -24.5332
vt -11.8125 0.5635
vt 0.0000 0.0000
vt -15.7773 4.7119
vt -9.4863 0.0400
vt 0.0000 0.0000
vt 0.0000 0.0000
vt -15.7510 0.0000
vt 0.0000 0.5859
vt 0.0000 0.0000
vt 0.0000 0.0000
vt -15.7510 0.0000
vt 0.0000 0.5859
vt 0.0000 0.0000
vt 0.0000 0.0000
vt -0.2500 0.0020
vt 0.0000 0.5859
vt 0.0000 0.0000
vt -0.2500 0.0020
vt -15.7510 0.0000
vt -0.2500 0.0020
vt 0.0000 0.0000
vt -15.7510 0.0000
vt 0.0000 0.5859
vt 0.0000 0.0000
vt 0.0000 0.0000
vt -15.7510 0.0000
vt 0.0000 0.5859
vt 0.0000 0.0000
vt 0.0000 0.0000
vt -0.2500 0.0020
vt 0.0000 0.5859
vt -30.6836 11.6270
vt 25.5000 0.0020
vt 0.0029 -24.6621
vt -14.4854 5.3135
vt 0.0312 0.0312
vt 0.0312 0.0312
vt 0.0312 0.0312
vt 0.0312 0.0312
vt 0.0312 0.0312
vt 0.0312 0.0312
vt 0.0312 0.0312
vt 0.0312 0.0605
vt 12.0684 -11.2920
vt 0.0000 0.0000
vt -15.7510 0.0000
vt -0.2500 0.0020
vt 0.0312 0.0312
vt 0.0312 0.0312
vt 0.0312 0.0312
vt 0.0312 0.0312
vt 0.0312 0.0000
vt -0.0127 12.1875
vt 18.9287 16.9277
vt -0.7686 10.0176
vt -9.8857 -4.7803
vt 0.0752 -23.9141
vt 5.5498 12.1260
vt -21.5781 0.0020
vt -21.9814 -7.4980
vt 29.2881 -4.6953
vt 12.1553 21.8516
vt 0.0312 0.0312
vt 0.0312 0.0312
vt 0.0312 0.0312
vt -29.4873 16.0947
vt 0.0312 0.0312
vt 0.0312 0.0312
vt 0.0312 0.0312
vt 0.0312 0.0312
vt -3.2012 -15.7607
vt 3.7744 8.7256
vt 0.0312 0.0312
vt 0.0312 0.0312
vt 0.0312 0.0312
vt 12.1875 -15.2383
vt 0.0312 0.0312
vt 0.0312 0.0312
vt 0.0312 0.0312
vt 0.0312 0.0312
vt -18.3564 -14.2080
vt -15.3418 19.3076
vt -18.7295 4.2490
vt -13.5039 25.8438
vt -17.1201 23.8271
vt 18.2705 15.1133
vt 20.2295 27.4062
vt -9.9854 -7.5293
vt 0.0312 0.0312
vt 0.0312 0.0312
vt 0.0312 0.0312
vt 0.0000 0.5859
vt 0.0312 0.0312
vt 0.0312 0.0312
vt 0.0312 0.0312
vt 0.0312 0.0312
vt -31.2021 -31.5508
vt 10.1299 20.7363
vt 0.0000 0.0000
vt -2.7500 0.0020
vt -23.8506 -25.6230
vt -1.3721 0.2188
vt 4.5254 10.6592
vt 0.0000 0.0000
vt 0.0000 0.0000
vt -0.2500 0.0020
vt 0.0000 0.5859
vt -15.1738 24.3350
vt -27.3135 -0.0127
vt -20.7383 31.8066
vt 0.0312 0.0312
vt 0.0312 0.0312
vt 0.0312 0.0312
vt 0.0312 0.0312
vt 0.0312 0.0312
vt 0.0312 0.0312
vt 0.0312 0.0312
vt 5.5645 18.7119
vt -8.0645 -1.1348
vt -0.2500 0.0020
vt 0.0000 0.5859
vt -8.0215 9.8408
vt 0.0312 12.0312
vt 29.5146 -23.4355
vt 5.8838 8.3232
vt -27.1807 5.8047
vt -6.9443 20.0273
vt -27.4834 0.4316
vt -0.0127 12.6875
vt -15.8525 3.4062
vt -10.3652 5.5176
vt -8.1162 -16.0049
vt 0.0312 0.0312
vt 0.0312 0.0312
vt 0.0312 0.0312
vt 0.0312 0.0312
vt 0.0312 0.0312
vt 0.0312 0.0312
vt 0.0312 0.0312
vt 0.0312 0.0000
vt 29.8779 -8.0000
vt 24.9648 -13.2861
vt -6.2461 -16.0000
vt 3.9941 11.6943
vt 4.0078 -7.8125
vt 1.8379 16.9043
vt 0.0312 0.0312
vt 0.0312 0.0312
vt 0.0312 0.0312
vt -24.2363 0.0176
vt -22.7666 1.5596
vt 0.1318 0.7275
vt 7.0049 -2.9844
vt 0.0312 0.0312
vt 0.0312 0.0312
vt 0.0312 0.0312
vt 0.0312 0.0312
vt 0.0000 0.5859
vt -26.0850 26.0020
vt -21.3379 -26.5010
vt 3.8906 -29.3135
vt 0.0312 0.0312
vt 0.0312 0.0312
vt 0.0312 0.0312
vt 0.0312 0.2490
vt 13.6367 -10.3242
vt -5.1338 17.1104
vt -4.0010 0.5693
vt -0.0010 6.9004
vt 0.0312 0.0312
vt 0.0312 0.0312
vt 0.0312 0.0312
vt -8.7305 -19.6270
vt 0.0312 0.0312
vt 0.0312 0.0312
vt 0.0312 0.0312
vt 0.0312 0.0312
vt -0.0127 12.1875
vt 25.5322 6.0234
vt 16.6484 -31.7246
vt -15.8408 3.3994
vt 22.0273 -1.6982
vt 10.6133 22.0566
vt -6.4854 10.1699
vt 29.4453 -5.0400
vt 0.0312 0.0312
vt 0.0312 0.2490
vt 0.0312 0.0312
vt 0.0312 0.0312
vt 0.0312 0.0312
vt -0.0127 12.1875
vt -13.2637 -24.8008
vt 0.0312 0.0312
vt 0.0312 0.0312
vt 0.0312 0.0312
vt -0.0127 12.1875
vt 0.0312 0.0312
vt 0.0312 0.0312
vt 0.0312 0.0312
vt -2.8740 -0.8232
vt 22.2920 -23.3359
vt 29.0234 27.6572
vt 0.0312 0.0312
vt 0.0312 0.0312
vt 0.0312 0.0312
vt 0.0312 0.0312
vt 0.0312 0.0312
vt 0.0312 0.0312
vt 0.0312 0.0312
vt 0.0312 0.0312
vt -19.2363 28.4512
vt 27.9434 8.5938
vt 0.0000 0.0000
vt -24.8770 -26.7188
vt 11.7139 14.9463
vt 4.0811 -16.0059
vt -0.2354 8.4395
vt -28.0986 -0.7441
vt 3.5713 1.7490
vt 16.2520 -0.0107
vt -17.0820 -31.8066
vt -23.6826 0.2578
vt 4.1338 9.6592
vt 19.1582 1.0156
vt -16.2002 -26.4141
vt -17.2666 27.8936
vt 26.0049 12.3018
vt -0.0010 -0.0322
vt 3.7588 -10.2822
vt -20.4004 14.4756
vt -15.8633 8.6738
vt 23.0127 -2.0781
vt -21.4746 28.8857
vt 18.6299 -27.4209
vt 10.6504 -21.7236
vt 28.4521 -8.8701
vt 14.9912 -27.4521
vt 21.8447 -24.6719
vt -30.9209 -29.6016
vt -27.2158 -10.9551
vt -0.0049 -1.0000
vt -15.7715 4.2744
vt 0.0312 0.0312
vt 0.0312 0.0312
vt 0.0312 0.0312
vt -6.2305 -17.5059
vt 0.0312 0.0312
vt 0.0312 0.0312
vt 0.0312 0.0312
vt 0.0312 0.0312
vt -10.1611 16.3750
vt -13.2607 -10.1475
vt -26.1406 20.1260
vt -10.5010 -26.2510
vt 13.3496 10.7178
vt 0.0312 0.0312
vt 0.0312 0.0312
vt 0.0312 0.0312
vt 0.0312 0.0312
vt 0.0312 0.0312
vt 0.0312 0.0312
vt 0.0312 0.0312
vt 0.0312 0.0312
vt 28.7285 15.8682
vt 31.8330 5.4365
vt -23.1426 -9.2500
vt -0.0127 12.1875
vt -25.7178 -21.1855
vt -17.4854 -3.6582
vt -25.8604 13.9805
vt -2.6729 -4.5654
vt 7.7080 11.7100
vt 17.9580 15.5830
vt 0.8838 -0.2959
vt -2.0010 -0.0010
vt 23.8857 -15.8174
vt 0.0312 0.0312
vt 0.0312 0.0312
vt 0.0312 0.0312
vt 4.4844 -14.2861
vt 20.2705 -7.6260
vt 27.4990 -26.2490
vt 0.5000 3.1719
vt -0.0127 12.6875
vt -5.4854 -31.8301
vt 3.9766 -30.3018
vt 11.6064 23.3281
vt -20.1895 31.6113
vt 7.9873 -2.3154
vt 30.1631 25.9893
vt 22.2012 -26.2002
vt 9.6104 17.0186
vt 7.3701 10.9707
vt 3.7734 -13.2549
vt 28.4990 -20.5078
vt -0.0127 12.1875
vt -32.0000 -0.0127
vt 0.0312 0.0312
vt 0.0312 0.0312
vt -0.0127 12.6875
vt 0.0312 0.0312
vt 0.0312 0.0312
vt 0.0312 0.0312
vt 0.0312 0.0312
vt 0.0312 0.0342
vt -0.0127 12.1875
vt -9.0322 26.9678
vt 25.1191 -15.7578
vt -12.5166 -5.6416
vt 14.6738 -29.6816
vt 5.1221 13.9609
vt 24.9355 -20.5010
vt 21.7617 30.0605
vt -26.3389 -17.3926
vt 0.0020 2.3398
vt 8.2432 -30.3623
vt 0.0000 0.0000
vt -15.7510 0.0000
vt 0.0000 0.5859
vt 0.0000 0.0000
vt 0.0000 0.0000
vt -15.7510 0.0000
vt 0.0000 0.5859
vt 0.0000 0.0000
vt 5.6543 12.6270
vt -23.9473 -10.4756
vt 3.4541 -22.2764
vt 0.0312 0.0312
vt 0.0312 0.0312
vt 0.0312 0.0312
vt 0.0312 0.0312
vt -0.0127 12.1875
vt -19.8730 22.0371
vt 4.4385 -9.3604
vt 6.2812 -8.6875
vt -18.8125 11.0605
vt -24.7266 -20.7578
vt -24.2354 26.3301
vt 0.0312 0.0312
vt 0.0312 0.0312
vt -15.8408 4.6816
vt 0.0312 0.0312
vt 0.0312 0.0312
vt 0.0312 0.0312
vt 0.0312 0.0312
vt -31.8125 8.0010
vt 1.2490 -3.2012
vt 16.6484 2.1543
vt 3.7432 12.7295
vt 0.0312 0.0312
vt 12.6875 -20.7363
vt 0.0312 0.0312
vt 0.0312 0.0312
vt 0.0312 0.0312
vt 0.0000 0.5859
vt -2.5752 10.3193
vt 8.6475 2.2383
vt -3.2012 -15.8730
vt 0.2490 -3.2031
vt 0.0312 0.0312
vt 0.0312 0.0312
vt 0.0312 0.0312
vt 12.1875 -3.7285
vt -0.0010 -13.5850
vt 4.0205 -7.2510
vt 0.0312 0.0312
vt 0.0312 0.0312
vt 0.0312 0.0312
vt 0.2490 -3.2031
vt 8.0000 8.0000
vt -10.2891 -10.1816
vt -28.3887 27.2852
vt 8.0078 -13.7012
vt 20.1553 18.2549
vt -13.8564 11.2812
vt 0.0312 0.0312
vt 0.0312 0.0312
vt 0.0312 0.0312
vt 0.0312 0.0312
vt -0.0078 -17.5000
vt 1.6074 -6.8799
vt 22.5762 1.1328
vt 13.7637 -3.5947
vt -0.1895 4.8359
vt 0.0312 0.0312
vt 0.0312 0.0312
vt 0.0312 0.0312
vt 0.0312 0.0312
vt 0.0312 0.0312
vt 0.0312 0.0312
vt 0.0312 0.0312
vt 0.0312 0.0312
vt -15.6875 -20.4102
vt -14.8330 8.0459
vt -26.4238 25.2158
vt -28.4648 8.8750
vt 0.0312 0.0312
vt 0.0312 0.0312
vt 0.0312 0.0312
vt -21.9873 2.1465
vt 24.3906 -27.6514
vt -2.5176 -12.7676
vt -19.5000 -17.3418
vt -3.2031 -15.8926
vt -21.9922 -5.7246
vt -12.6318 -18.1416
vt -7.0938 13.4375
vt 30.7080 23.3555
vt 21.4551 -0.0127
vt 9.6289 -6.2002
vt 0.6934 -0.8154
vt -27.6670 -16.9668
vt -6.7354 14.1934
vt 27.6875 -11.8984
vt 28.0566 -14.9873
vt -21.0137 -19.6191
vt 4.3838 -23.2744
vt 31.6436 12.7012
vt 20.1641 -25.2666
vt -0.0010 2.1279
vt 0.0000 0.0000
vt -15.7510 0.0000
vt -31.2783 4.3965
vt 21.5635 31.9863
vt -15.8750 3.1641
vt 0.0000 0.5859
vt -20.2559 23.9785
vt -3.8779 -29.4619
vt -0.0029 -4.0010
vt -25.4824 22.2871
vt -8.4805 10.5684
vt -15.7510 0.0000
vt -0.2500 0.0020
vt 0.0459 -0.0010
vt -28.8740 1.6260
vt 12.8223 -10.7979
vt -17.3672 16.6875
vt -11.2324 10.5723
vt 16.1318 21.6182
vt 25.2393 -18.6426
vt 0.1250 -15.6143
vt -0.0205 10.4365
vt 11.7832 31.3545
vt 15.0029 5.3457
vt 0.9795 15.5312
vt 21.7861 -16.6514
vt -24.4199 -26.0029
vt -22.2529 -8.3232
vt -0.0010 -0.0088
vt 4.8760 27.7139
vt -15.2256 20.1934
vt -12.4365 26.2354
vt 16.5117 24.2031
vt -3.2031 -15.8037
vt 24.6514 16.7275
vt -1.2510 -3.2031
vt -31.0195 30.0312
vt -17.9844 8.2090
vt 20.1318 14.6533
vt 29.4873 -0.0010
vt -18.1631 -15.0068
vt -28.8975 -27.6816
vt 2.0713 27.4600
vt -1.3750 -23.7705
vt -4.2119 22.4727
vt 14.8242 18.0176
vt 4.4238 25.6514
vt 4.1543 -2.9570
vt 26.2139 -7.8760
vt 0.0000 0.0000
vt -0.2500 0.0020
vt -9.6348 -20.0752
vt -1.3008 13.2637
vt 0.0000 0.0000
vt 0.0000 0.0000
vt -15.7510 0.0000
vt 0.0000 0.5859
vt -0.0117 6.5518
vt 8.0469 16.0000
vt -27.8193 -13.1016
vt 7.5098 19.6885
vt -9.3730 16.6895
vt 4.1895 -28.6924
vt 2.6123 -15.2725
vt -23.2344 0.2324
vt -15.7510 0.0000
vt -0.0713 -2.6260
vt 8.0801 -17.0654
vt 13.8193 0.4102
vt -21.4180 -30.4600
vt 11.0938 14.9502
vt -27.4229 -2.4062
vt -21.9307 22.5498
vt -13.7500 0.0020
vt 0.0000 0.5859
vt 0.0000 0.0000
vt 20.2500 4.4014
vt -29.8467 -19.0693
vt 3.6533 -9.3057
vt -17.4844 24.0029
vt -15.8252 3.5488
vt 6.0254 5.3730
vt -6.4854 4.5605
vt 2.2832 13.9404
vt 12.1875 -19.7363
vt -17.7363 2.5332
vt -0.0127 12.6875
vt 14.3359 10.3799
vt 8.1504 -8.3193
vt 0.0312 0.0312
vt 0.0312 0.0312
vt 0.0312 0.0312
vt 0.0312 0.0312
vt 0.0312 0.0312
vt -15.4004 -9.1299
vt -18.6895 9.0225
vt 0.0312 0.0312
vt 0.0312 0.0312
vt 0.0312 0.0312
vt -3.2012 -15.7979
vt 0.1621 25.8164
vt -27.0908 16.1689
vt -15.2363 -1.9199
vt 0.0312 0.0312
vt 0.0312 0.0312
vt 0.0312 0.0312
vt 0.0312 0.0312
vt 0.0312 0.0312
vt 0.0312 0.0312
vt 0.0312 0.0312
vt 0.0000 0.0000
vt 30.1797 20.7119
vt 0.0000 0.0000
vt -30.4170 -12.6816
vt -7.1328 3.1396
vt -22.9297 -16.5947
vt 2.8750 2.7305
vt -20.7383 -21.8066
vt 0.0312 0.0312
vt 0.0312 0.0312
vt 0.0312 0.0312
vt 0.0312 0.0312
vt 0.0312 0.0312
vt 0.0312 0.0312
vt 0.0312 0.0312
vt 0.0312 0.0000
vt -11.3994 -4.1709
vt -9.8379 0.2217
vt -28.6504 -23.3926
vt -0.0127 12.1875
vt -21.3018 11.2070
vt -2.7832 8.4707
vt 0.0312 0.0312
vt 0.0312 0.0312
vt 0.0312 0.0312
vt 0.0312 0.0312
vt 0.0312 0.0312
vt 0.0312 0.0312
vt 0.0312 0.0312
vt 13.6777 -20.7861
vt -22.6621 -13.8857
vt 3.2188 11.0098
vt -31.3662 12.4092
vt 3.5781 -1.2432
vt 0.0312 0.2490
vt 0.0312 0.0312
vt 0.0312 0.0312
vt 0.0312 0.0312
vt -0.0127 12.1875
vt 4.0713 -19.3252
vt -11.9844 20.3301
vt 0.2168 22.8193
vt 17.0312 -23.9570
vt 15.6836 23.5068
vt -30.7002 -5.5850
vt -16.7373 28.7979
vt -29.9824 20.8213
vt 3.5410 4.2998
vt 0.0312 0.0312
vt 0.0312 0.0312
vt 4.1719 -29.3447
vt 0.0312 0.0312
vt 0.0312 0.0312
vt 0.0312 0.0312
vt 0.0312 0.0312
vt 3.5244 -18.3008
vt -24.2744 -25.1221
vt 12.3926 16.7754
vt 25.7949 26.2666
vt 1.3398 -4.3711
vt 4.5479 -26.2627
vt -20.0713 -8.4707
vt 25.5889 15.9111
vt 23.2080 5.4834
vt 17.8789 -14.7783
vt 14.3213 7.9365
vt 3.5713 10.8760
vt 0.0312 0.0312
vt 0.0312 0.0312
vt 0.0312 0.0312
vt -0.0127 12.1875
vt -25.9863 4.4902
vt -4.8945 -22.1533
vt 3.7900 -20.3682
vt 18.0264 13.2451
vt -31.0215 -16.6572
vt -2.6211 23.0371
vt -15.7930 3.7041
vt 0.0000 0.5859
vt 0.1172 8.8711
vt 0.0312 0.0312
vt 0.0312 0.0312
vt 0.0312 0.0312
vt 0.0312 0.0312
vt 19.4980 1.7275
vt -15.7510 3.7354
vt -16.4863 12.4512
vt -10.7334 0.2520
vt -15.8320 4.1807
vt 0.0000 0.5859
vt -20.4717 -12.3281
vt -24.4873 -13.7861
vt -15.7510 0.0000
vt 0.0000 0.5859
vt 16.1650 -17.8740
vt -9.0000 0.0020
vt 0.0000 0.0000
vt -15.7510 0.0000
vt -0.2500 0.0020
vt 0.5127 8.9375
vt 6.3604 28.4014
vt 22.6953 -24.8975
vt 0.0312 0.0312
vt 0.0312 0.0312
vt 0.0312 0.0312
vt 0.0312 0.0312
vt -19.6875 -8.8672
vt 2.5283 -25.3828
vt -9.7686 9.1973
vt 22.1445 -6.8418
vt 0.0312 0.0312
vt 0.0312 0.0312
vt 0.0312 0.0312
vt 0.0312 0.0312
vt 0.0312 0.0312
vt 0.0312 0.0312
vt 0.0312 0.2490
vt 8.0000 8.0000
vt 3.5391 -5.2432
vt 17.0098 31.7080
vt 0.0312 0.0312
vt 0.0312 0.0312
vt 0.0312 0.0312
vt 0.0312 0.2490
vt 0.0312 0.0312
vt 0.0312 0.0312
vt 0.0312 0.0312
vt -23.9746 16.9004
vt -0.2354 26.1816
vt 0.0312 0.0312
vt 0.0312 0.0312
vt 0.0312 0.0312
vt 0.0312 0.0312
vt 0.0312 0.0312
vt 0.0312 0.0312
vt 0.0312 0.0312
vt 0.0312 0.0312
vt 0.2354 -15.4385
vt -17.4863 16.1465
vt 0.0312 0.0312
vt 0.0312 0.0312
vt 0.0312 0.0312
vt 0.2490 -3.2031
vt 0.0312 0.0312
vt 0.0312 0.0312
vt 0.0312 0.0312
vt 0.0312 0.0312
vt -17.4014 -18.3643
vt -1.2666 27.5166
vt 18.0049 -11.3955
vt -9.7363 12.0801
vt 12.1875 -3.9834
vt -30.3857 -31.3232
vt 10.1113 -14.5000
vt -21.0117 -2.9453
vt -18.4961 12.3369
vt -19.5215 7.2998
vt 0.0312 0.0312
vt 0.0312 0.0312
vt 0.0312 0.0312
vt -0.0127 12.1875
vt 0.0312 0.0312
vt 0.0312 0.0312
vt 0.0312 0.0312
vt 0.0312 0.0312
vt -18.6650 -0.1582
vt -24.2070 -1.5889
vt -0.0010 -0.0967
vt -14.5625 -10.5361
vt -6.4180 -2.0088
vt 21.7861 7.3330
vt -5.6582 -0.0127
vt -23.9951 9.2217
vt -9.5186 -0.8877
vt -11.2285 -13.7080
vt -7.7637 2.3770
vt -5.3369 5.6533
vt -31.9990 -29.8037
vt 0.0801 -23.0566
vt 6.8887 14.1729
vt -4.1104 -9.9775
vt -21.6025 1.8135
vt 27.9795 8.6709
vt -29.7100 -21.1426
vt 0.0312 0.0312
vt 0.0312 0.0312
vt 0.0312 0.0312
vt 0.0312 0.0312
vt 0.0312 0.0312
vt 0.0312 0.0312
vt 0.0312 0.0312
vt 0.0312 0.0000
vt 11.2500 5.8906
vt -14.7822 10.7490
vt -23.5010 -3.2031
vt -5.4863 -11.7451
vt 0.0000 0.0000
vt -15.7510 0.0000
vt -0.2500 0.0020
vt 26.3750 13.7939
vt 1.9238 9.7803
vt 24.8486 14.8301
vt 4.4385 -0.2822
vt 11.0371 17.1045
vt -24.5811 -0.1260
vt 4.0635 20.7451
vt 26.0859 3.1729
vt 9.4248 6.6045
vt -3.2031 -15.8203
vt 31.9209 -20.1416
vt 12.1875 -28.9824
vt 15.9424 -16.0000
vt 13.0840 -2.6641
vt 6.3184 15.2061
vt -0.0127 12.1875
vt 0.0312 0.0312
vt 0.0312 0.0312
vt 0.0312 0.0312
vt 5.0176 1.6631
vt 0.0312 0.0312
vt 0.0312 0.0312
vt 0.0312 0.0312
vt 0.0312 0.0312
vt -21.5322 31.9795
vt -23.3945 13.5410
vt -12.7148 -20.0527
vt 3.4453 29.6748
vt 4.8574 30.6426
vt 1.0781 0.5049
vt 22.0898 -19.4248
vt 3.4766 22.6475
vt 31.5449 23.1816
vt -26.9873 -31.8496
vt -15.2510 -1.9980
vt -1.1113 -18.8857
vt -16.1611 16.0352
vt -29.6387 16.1240
vt -8.4111 20.2295
vt -0.0010 -0.0322
vt -17.4854 4.2949
vt 4.1172 19.6357
vt 0.0000 0.0000
vt 0.0000 0.0000
vt 0.0879 -25.0693
vt 0.0312 0.0312
vt 0.0312 0.0312
vt 0.0312 0.0312
vt -0.0127 12.6875
vt 0.0312 0.0312
vt 0.0312 0.0312
vt 0.0312 0.0312
vt 0.0312 0.0312
vt -18.2783 12.7197
vt -0.0127 12.1875
vt 3.4375 29.7568
vt 13.7188 -8.2139
vt 0.0000 0.0000
vt -0.2500 0.0020
vt -11.7344 24.1934
vt 4.2588 30.6436
vt 0.0000 0.0000
vt 0.0000 0.0000
vt -21.7510 -25.9355
vt -4.3086 29.0039
vt -4.2646 4.0625
vt 9.4736 -15.7520
vt 8.9395 -6.3516
vt 0.0312 0.0312
vt 0.0312 0.0312
vt 0.0312 0.0312
vt -15.8184 3.5010
vt -6.3271 15.1270
vt -7.4727 26.5410
vt 3.7510 -5.3760
vt 0.0000 0.0000
vt -0.2500 0.0020
vt 0.0000 0.5859
vt 0.0000 0.0000
vt 0.0000 0.0000
vt 11.5039 -20.8896
vt 30.9297 -29.2422
vt -4.7998 10.3965
vt 0.0312 0.0312
vt 12.1875 -13.2363
vt 0.0312 0.0312
vt 0.0312 0.0312
vt 0.0312 0.0312
vt 0.0312 0.0312
vt 0.0312 0.0312
vt 0.0312 0.0312
vt 0.0312 -0.0127
vt 10.0117 4.2295
vt -15.8037 3.6484
vt 0.0312 0.0312
vt 0.0312 0.0312
vt 0.0312 0.0312
vt 0.0312 0.0312
vt 0.0312 0.0312
vt 0.0312 0.0312
vt 0.0312 0.0312
vt -15.7510 3.4766
vt 0.0312 0.0312
vt 0.0312 0.0312
vt 0.0312 0.0312
vt 0.0312 0.0312
vt 25.3213 -24.3418
vt -0.6084 -3.1445
vt -2.9033 4.3281
vt 0.0312 0.0312
vt 0.0312 0.0312
vt 0.0312 0.0312
vt 0.0312 0.0312
vt 0.0312 0.0312
vt 0.0312 0.0312
vt 0.0312 0.0312
vt 0.0312 0.0312
vt 0.0312 0.0312
vt 0.0312 0.0312
vt 0.0312 0.0312
vt -23.8906 21.3770
vt 0.0312 0.0312
vt 0.0312 0.0312
vt -0.0127 12.1875
vt 0.0312 0.0312
vt 0.0312 0.0312
vt 0.0312 0.0312
vt -15.8203 0.0000
vt -7.2881 6.3359
vt -21.6162 -24.8086
vt 0.0312 0.0312
vt 0.0312 0.0312
vt 0.0312 0.0312
vt 0.0312 0.0312
vt 0.0312 0.0312
vt 0.0312 0.0312
vt 0.0312 0.0312
vt 0.0312 0.0312
vt 0.0312 0.0312
vt 0.0312 0.0312
vt 0.0312 0.0312
vt 0.0312 0.0312
vt 0.0312 0.0312
vt 0.0312 0.0312
vt 0.2490 -3.2031
vt 8.0000 8.0000
vt -20.5596 28.4688
vt 0.0312 0.0312
vt 0.0312 0.0312
vt 0.0312 0.0312
vt 0.0312 0.2490
vt 8.0000 8.0000
vt 0.0312 0.0312
vt 0.0312 0.0312
vt 0.0312 0.0312
vt 0.0312 0.0312
vt -22.8447 -16.4375
vt -0.0127 12.1875
vt -4.1016 5.6865
vt 0.0312 0.0312
vt 0.0312 0.0312
vt 0.0312 0.0312
vt 0.0312 0.0312
vt 0.0312 0.0312
vt 0.0312 0.0312
vt 0.0312 0.0312
vt 0.0312 0.0312
vt 3.7041 -7.2354
vt -30.2832 -31.8594
vt 22.6289 16.8662
vt 21.3320 26.0205
vt 13.1328 17.4697
vt -12.0723 26.7754
vt 0.0312 0.0312
vt 0.0312 0.0312
vt 0.0312 0.0312
vt 0.0312 0.0312
vt 0.0312 0.0312
vt 0.2490 -3.2031
vt 8.0000 8.0000
vt 14.1250 -11.9355
vt -11.7305 -15.4629
vt 25.9170 -2.7783
vt 0.0312 0.0312
vt 0.0312 0.0312
vt 0.0312 0.0312
vt 0.0312 0.0312
vt 0.0312 0.0312
vt 0.0312 0.0312
vt 0.0312 0.0000
vt -9.8193 -20.1855
vt 23.6270 -27.2686
vt 0.0312 0.0312
vt 0.0312 0.0312
vt -0.0127 12.1875
vt 0.0312 0.0312
vt 0.0312 0.0312
vt 0.0312 0.0312
vt -15.7715 3.8359
vt -15.7568 3.6484
vt 0.0312 0.0312
vt 0.0312 0.0312
vt 0.0312 0.0312
vt 0.0312 0.0312
vt 0.0312 0.0312
vt 0.0312 0.0312
vt 0.0312 0.0312
vt 0.0312 0.0312
vt 4.1465 -8.5898
vt -5.3359 -11.4600
vt -28.3838 -19.4795
vt -19.9180 -30.0000
vt -25.7803 23.1494
vt 0.9893 11.3281
vt -7.4609 19.9990
vt 12.1875 -21.2373
vt -19.7080 13.3750
vt 20.9111 -2.2002
vt -18.5850 -14.9043
vt 18.4316 -11.3262
vt -13.4922 22.9668
vt -11.5029 0.1562
vt 13.7490 -7.4619
vt 22.1035 10.8965
vt -0.0010 -0.0049
vt -21.8438 16.0977
vt -0.0127 12.1875
vt -15.9854 12.2480
vt -8.6885 -26.8398
vt -28.0010 23.9990
vt -13.3369 -15.3613
vt -13.8145 -8.2578
vt -20.2314 -5.7012
vt 0.0312 0.0312
vt 0.0312 0.0312
vt 0.0312 0.0312
vt 0.0312 0.0312
vt 0.0312 0.0312
vt 0.0312 0.0312
vt 0.0312 0.0312
vt 0.0312 0.0000
vt -20.9912 -7.2070
vt -19.6719 -28.5928
vt 18.4268 -27.8623
vt -21.9873 -7.7080
vt 27.8389 -27.2715
vt 8.0498 14.9600
vt 4.0234 16.5615
vt -1.8555 4.9609
vt 4.3291 -15.2393
vt 7.5029 -25.7061
vt 22.2158 -10.7051
vt 10.6475 -5.9990
vt 6.7881 8.7490
vt -26.4863 4.3184
vt -26.3555 24.5830
vt -21.6250 1.1514
vt -7.3535 -4.9336
vt 20.9951 31.9971
vt 10.3457 25.4395
vt 3.0205 2.8779
vt 17.0156 -1.3682
vt -11.1758 8.3818
vt 27.7051 -6.3193
vt 12.1875 -11.7344
vt -20.3281 8.0303
vt -23.0625 -22.8594
vt -5.2998 -15.8965
vt -3.7637 9.1006
vt 3.5850 -21.0010
vt -10.8682 16.1797
vt -29.5391 4.0098
vt 0.0010 -16.0010
vt -6.2627 -7.4316
vt -2.0156 -23.1865
vt -3.2031 -15.8350
vt -23.8574 6.0430
vt 3.8525 -20.2432
vt -21.3643 -24.3877
vt 16.3984 16.3174
vt 4.8682 -31.2939
vt -0.2520 -30.0146
vt 8.6289 -4.8535
vt -1.1934 -26.2666
vt 5.7500 1.5469
vt 3.2822 -13.2598
vt -15.8018 7.8848
vt 22.3701 7.3828
vt -24.4043 -17.0732
vt 31.6855 -6.9688
vt -26.0137 -21.0303
vt 31.7021 -15.8125
vt -18.9863 -23.5293
vt 18.1543 -4.6777
vt -22.9082 16.2354
vt -29.7510 -3.2031
vt -31.9668 0.7285
vt 3.0234 5.0234
vt 14.3193 -30.9746
vt -20.2949 31.5684
vt -12.4844 8.4668
vt 12.1875 -10.4854
vt -14.6055 1.2656
vt -0.0967 -16.0137
vt 26.4258 -14.4424
vt 9.4609 6.7246
vt -21.9990 13.8496
vt 14.1104 16.8105
vt -16.6436 -11.7451
vt -20.0176 -10.9678
vt 23.8896 17.6250
vt -12.5439 5.2979
vt 22.4160 20.6211
vt -25.8281 -20.1719
vt 2.2295 21.2900
vt -28.7324 0.5449
vt 14.9492 10.1562
vt -1.7246 -22.2275
vt 8.7559 25.9746
vt 11.8193 7.9395
vt -18.4863 20.4746
vt 9.2344 -30.3604
vt -0.0010 -0.1670
vt -17.7041 5.2090
vt -11.6621 -15.8750
vt 15.6016 -30.4180
vt -29.6738 -19.2285
vt 4.7266 16.3770
vt 0.2578 -29.5176
vt 7.0859 0.5000
vt 5.9941 -14.2852
vt 16.8037 8.6240
vt -12.7842 -0.0127
vt -12.7363 -21.7012
vt 22.8643 0.1377
vt 31.7148 -30.0771
vt -21.0127 -0.0127
vt 23.3262 4.3828
vt -26.1348 -15.4609
vt 19.8105 -5.5254
vt 17.2002 -15.9336
vt 31.5947 16.5459
vt -17.4854 -25.9004
vt 0.0000 0.0000
vt 0.0312 0.0312
vt 0.0312 0.0312
vt 0.0312 0.0312
vt 0.0312 0.0312
vt 0.0312 0.0312
vt 0.0312 0.0312
vt 0.0312 0.0312
vt 0.0000 21.0635
vt -9.7852 25.4346
vt 9.0068 -31.2178
vt 18.8135 0.6250
vt -8.7334 -7.6816
vt 0.0000 0.0000
vt -0.2500 0.0020
vt -0.2500 0.0020
vt 23.9033 -17.5850
vt -23.8916 -11.6768
vt 16.5059 -21.5703
vt -18.1279 -10.6914
vt 15.8252 -8.5029
vt -0.2500 0.0020
vt -15.6562 0.3818
vt -14.2480 29.7109
vt 12.1875 -0.2500
vt 20.1250 22.7480
vt -12.4473 -5.1826
vt 0.0312 0.0312
vt 0.0312 0.0312
vt 0.0312 0.0312
vt 0.0312 0.0312
vt 0.0312 0.0312
vt 0.0312 0.0312
vt 0.0312 0.0312
vt 0.0000 -7.4912
vt -11.4170 11.1660
vt 28.7627 6.0693
vt -16.4863 22.3184
vt -15.3848 18.4150
vt -1.0723 -12.2959
vt -4.2930 19.6514
vt 1.0078 -8.8164
vt 16.2051 1.1934
vt -17.5840 10.5967
vt 0.2344 -12.8574
vt 20.0498 -0.8604
vt -20.4961 5.6953
vt -20.5781 -25.3008
vt 27.8252 -26.6318
vt 12.1875 -25.7373
vt 19.3662 -0.7490
vt 12.5615 -14.8291
vt 12.1875 -27.4883
vt -0.0010 -0.0264
vt -26.6494 -30.2480
vt -6.7354 16.5332
vt -15.7949 0.0000
vt 0.0000 0.5859
vt -23.7363 0.2285
vt 0.8936 6.6211
vt -0.0010 -6.1611
vt 24.6133 -21.1191
vt -2.3438 -4.0273
vt -6.2100 7.7373
vt -15.5625 -5.5010
vt -15.7188 -8.2080
vt -0.0186 -19.7969
vt 29.1367 2.4092
vt -21.8281 -24.6504
vt -3.2031 -15.8477
vt 12.7490 -3.2031
vt -3.8906 -13.8232
vt 3.4316 15.7490
vt 2.5049 -31.7002
vt 4.1016 9.6396
vt 28.0342 -5.4043
vt 4.8457 3.7373
vt -10.1309 13.4092
vt 3.6973 16.7363
vt 0.0000 0.0000
vt -13.5000 0.0020
vt 12.0352 27.2256
vt 16.1143 -31.0244
vt -14.2715 31.5117
vt 0.0312 0.0312
vt 0.0312 0.0312
vt 0.0312 0.0312
vt 0.0312 0.0312
vt 0.0312 0.0312
vt 0.0312 0.0312
vt 0.0312 0.0312
vt 0.0312 0.2490
vt 8.0000 8.0000
vt 0.0312 0.0312
vt 0.0312 0.0312
vt 0.0312 0.0312
vt 0.0000 22.0020
vt 0.0312 0.0312
vt 0.0312 0.0312
vt 0.0312 0.0312
vt 0.0312 0.0312
vt 10.1104 -3.8945
vt -0.1260 -5.0283
vt 9.3848 10.0098
vt 0.0312 0.0312
vt 0.0312 0.0312
vt 0.0312 0.0312
vt -0.0127 12.1875
vt 0.0312 0.0312
vt 0.0312 0.0312
vt 0.0312 0.0312
vt 0.0312 0.0312
vt 19.5996 -12.8516
vt 9.6719 18.1768
vt -12.5674 28.9541
vt -0.8438 2.1787
vt -22.9336 12.1875
vt 0.8652 17.4395
vt 5.0674 -31.8652
vt 11.9980 25.2510
vt 0.4297 -11.1543
vt -0.2500 0.0020
vt 0.0000 0.5859
vt -15.7686 -15.0176
vt 10.7725 31.9990
vt -15.7510 0.0000
vt 0.0000 0.5859
vt 0.0000 0.0000
vt 0.0000 0.0000
vt -15.7510 0.0000
vt 0.0000 0.5859
vt 5.9463 -30.7793
vt 7.0166 -23.1465
vt -23.2598 21.1484
vt -0.0010 -3.2031
vt 4.0449 21.1289
vt -7.7510 -3.2031
vt -27.6875 0.0850
vt 3.6172 -17.2666
vt 3.6953 11.6592
vt 6.1680 13.5762
vt 0.0312 0.0312
vt 0.0312 0.0312
vt 0.0312 0.0312
vt -15.7666 4.5332
vt 0.0312 0.0312
vt 0.0312 0.0312
vt 0.0312 0.0312
vt 0.0312 0.0312
vt 0.0312 0.0312
vt 0.0312 0.0312
vt 0.0312 0.0312
vt 23.8105 8.5176
vt 23.3018 12.8252
vt 0.0312 0.0312
vt 0.0312 0.0312
vt 0.0312 0.0312
vt 0.0312 -0.0127
vt 0.0312 0.0312
vt 0.0312 0.0312
vt 0.0312 0.0312
vt 17.8643 27.6133
vt 21.1680 -18.4482
vt 27.9189 -5.3916
vt -3.5537 -26.8506
vt 0.0312 0.0312
vt 0.0312 0.0312
vt 0.0312 0.0312
vt 0.0312 0.0312
vt 0.0312 0.0312
vt 0.0312 0.0312
vt -0.0127 12.1875
vt -31.8750 24.4492
vt 7.4414 0.1816
vt -15.4863 -23.5215
vt 0.0312 0.0312
vt 0.0312 0.0312
vt 0.0312 0.0312
vt 0.0312 0.0312
vt 0.0312 0.0312
vt 0.0312 0.0312
vt 0.0312 0.0312
vt 21.0635 17.8643
vt -0.0127 12.1875
vt 0.0312 0.0312
vt 0.0312 0.0312
vt 0.0312 0.0312
vt 0.0312 0.0312
vt 0.0312 0.0312
vt 0.0312 0.0312
vt 0.0312 0.0312
vt 21.0635 17.8643
vt 14.0947 25.5439
vt 14.5654 11.3281
vt -2.7500 -12.7363
vt -16.8398 25.3730
vt 29.0820 26.5645
vt -24.2363 -17.9512
vt -19.2354 -7.9316
vt -6.4004 -29.2500
vt 11.3828 -9.6416
vt -17.7471 20.1113
vt 1.0967 7.0000
vt 29.5420 -0.0127
vt -1.6719 17.2051
vt -25.9824 10.2754
vt -3.2031 -15.8447
vt -31.6826 3.6865
vt -28.0312 0.5068
vt -8.7764 -27.9287
vt 28.8770 3.7363
vt 16.5869 -12.2529
vt -15.8105 3.7520
vt 0.0000 0.0000
vt 5.2363 29.6123
vt -0.0010 -0.0010
vt -15.9971 -0.8096
vt -9.0879 9.9863
vt 0.0000 0.0000
vt 0.0000 0.0000
vt -15.7510 0.0000
vt 0.0000 0.5859
vt 0.0000 0.0000
vt 0.0000 0.0000
vt -25.9570 28.7773
vt 6.4160 -17.3447
vt 0.0000 0.0000
vt 15.7949 -0.0820
vt 7.8398 -24.5439
vt 0.8555 3.5381
vt 23.2520 -25.6436
vt -30.0615 -3.5293
vt 7.2783 7.3320
vt 0.0000 0.0000
vt 0.0000 0.2344
vt -17.9180 11.2217
vt -15.7510 0.0000
vt 0.0000 0.5859
vt 0.0000 0.0000
vt 0.0000 0.0000
vt -15.7510 0.0000
vt -9.3359 -6.8535
vt -27.9717 11.1816
vt -8.0010 -3.2031
vt 2.8096 7.4336
vt -15.8008 3.7500
vt -12.3701 -12.1055
vt 5.3926 13.8115
vt -26.5723 -16.2197
vt -0.0010 -0.0010
vt 4.1895 0.2471
vt -13.1035 28.7139
vt 31.2646 18.5762
vt -3.2578 23.9209
vt -27.2383 -21.7480
vt -12.6250 28.2041
vt 0.0137 4.5352
vt -0.7871 -9.2715
vt 10.5234 -25.3535
vt 0.3516 3.7002
vt -1.2500 0.0020
vt 31.8203 21.1562
vt -13.2363 -15.6074
vt -13.3887 -23.9902
vt -23.9854 20.1816
vt -24.3652 -14.4980
vt 5.5293 -7.1836
vt -25.1719 27.0938
vt 3.5645 -10.5469
vt 12.2500 -14.9941
vt -11.7334 0.5879
vt -20.0439 -6.9658
vt 31.4531 6.0430
vt 27.3721 -0.0127
vt -30.5000 0.0020
vt -0.2500 0.0020
vt -0.2500 0.0020
vt -0.2500 0.0020
vt -0.2500 0.0020
vt -0.2500 0.0020
vt -0.2500 0.0020
vt 3.4678 -29.5967
vt 29.8584 23.9990
vt 3.0469 -14.2432
vt -20.9814 -11.5527
vt 3.5781 -24.2627
vt -2.8018 -17.8066
vt 0.0312 0.0312
vt 0.0312 0.0312
vt 0.0312 0.0312
vt 0.0312 0.2490
vt 0.0312 0.0312
vt 0.0312 0.0312
vt 0.0312 0.0312
vt 0.0312 0.0312
vt -3.2031 -15.7686
vt -26.0625 12.2373
vt -31.2725 -17.7822
vt -15.8428 3.4688
vt -15.7822 5.5723
vt 3.5703 25.2930
vt 0.0000 0.0000
vt -3.5156 -28.9365
vt 0.0088 -10.2871
vt -17.7607 -22.4961
vt -21.0967 -0.1572
vt 8.9863 25.6807
vt 20.2344 -9.2168
vt 16.6865 -0.0020
vt 0.0000 0.0000
vt -15.8516 0.0000
vt 0.0000 0.5859
vt -24.8994 1.5068
vt -30.0957 -25.1963
vt -16.0439 -14.6309
vt -13.7744 5.6729
vt 1.5615 -3.3359
vt 3.2734 0.1016
vt -16.2383 -21.3359
vt -0.0127 12.1875
vt -12.8877 -0.0820
vt -27.7334 30.4434
vt -3.2031 -15.8320
vt -14.3945 24.0186
vt 11.0078 -14.3223
vt 3.6953 -3.2959
vt -9.3076 12.5479
vt 3.8223 15.6738
vt 0.0312 0.0312
vt 0.0312 0.0312
vt 0.0312 0.0312
vt 0.0312 0.0312
vt 0.0312 0.0312
vt 0.0312 0.0312
vt 0.0312 0.0312
vt 0.0312 0.0312
vt 0.2490 -3.2031
vt 8.0000 8.0000
vt -27.4004 -4.9746
vt -7.9854 6.2832
vt 24.7617 -7.8379
vt -15.8086 3.6328
vt 4.1641 -4.3916
vt 0.0000 0.0000
vt 0.0000 0.1826
vt 0.0000 0.5859
vt -27.0898 16.0986
vt 30.2627 0.2793
vt -15.8203 3.4697
vt 4.0410 1.6787
vt 0.0000 0.0000
vt 0.0000 0.2354
vt -11.8555 26.6006
vt -0.1699 15.0742
vt -10.7129 -1.4736
vt -0.0010 -10.4551
vt 10.2861 -28.0547
vt -0.0127 12.1875
vt 1.9199 -27.4092
vt -21.7314 16.5449
vt 0.0000 0.0000
vt 22.5078 -31.3604
vt -17.2207 1.5039
vt 4.2588 -4.3447
vt 0.0000 0.0000
vt 0.0000 0.0000
vt -15.7510 0.0000
vt 0.0000 0.5859
vt 0.0000 0.0000
vt 19.0527 -9.3672
vt -15.8486 4.2588
vt 4.6416 -2.3770
vt 0.0312 0.0312
vt 0.0312 0.0312
vt 0.0312 0.0312
vt 0.0312 0.0312
vt 0.0312 0.0312
vt 0.0312 0.0312
vt 0.0312 0.0312
vt 0.0312 0.0312
vt 0.0312 0.0312
vt 0.0312 0.0312
vt 0.0312 0.0312
vt 0.0000 0.0000
vt 0.0312 0.0312
vt 0.0312 0.0312
vt 0.0312 0.0312
vt 22.0020 0.0000
vt 9.8174 -21.3193
vt -15.0352 -16.3926
vt -0.3740 -18.0039
vt -6.0029 31.5693
vt 14.9150 1.9473
vt 7.3271 -20.2139
vt -23.0010 -10.8809
vt -28.4541 -0.6562
vt -24.7373 -25.9238
vt -4.3877 -9.3027
vt 3.4580 -16.6709
vt 4.2490 -3.2031
vt 17.9912 6.3457
vt 14.2617 16.6230
vt -18.5000 0.0020
vt -21.0010 -1.3779
vt 0.0000 0.0000
vt 3.4209 -15.7617
vt 3.6885 17.6982
vt -22.8896 13.3672
vt 0.1299 9.0000
vt 14.8281 -31.6865
vt -11.1426 -5.2334
vt 6.7080 2.3213
vt 21.1475 7.4385
vt 0.0332 -12.8330
vt -15.8398 4.6104
vt 21.0498 -21.0283
vt -4.1699 -1.2100
vt 0.0312 0.0312
vt 0.0312 0.0312
vt 0.0312 0.0312
vt -0.0127 12.1875
vt 0.0312 0.0312
vt 0.0312 0.0312
vt 0.0312 0.0312
vt 0.0312 0.0312
vt 0.0312 0.0312
vt 17.6191 15.6123
vt 13.6553 16.6641
vt 0.0000 0.0000
vt -7.9854 -23.7090
vt 16.0332 -31.8125
vt -0.0020 0.9375
vt 15.5488 18.8643
vt -18.0840 -17.1797
vt 8.1445 -28.8936
vt 3.5547 13.6748
vt 0.0000 0.0000
vt 0.0000 0.0000
vt -15.7510 0.0000
vt 0.0000 0.5859
vt 0.0000 0.0000
vt 31.3604 -12.3691
vt -0.2500 0.0020
vt -21.3340 -27.5771
vt 25.6309 21.4111
vt 4.8223 4.7061
vt 0.0000 0.0000
vt 0.0000 0.0000
vt -15.7510 0.0000
vt 0.0000 0.5859
vt 0.0000 0.0000
vt 0.0000 0.0000
vt -15.7510 0.0000
vt 0.0000 0.5859
vt 0.0000 0.0000
vt 0.0000 0.0488
vt 0.0312 0.0312
vt 0.0312 0.0312
vt 0.0312 0.0312
vt -0.0127 12.1875
vt 0.0312 0.0312
vt 0.0312 0.0312
vt 0.0312 0.0312
vt 0.0312 0.0312
vt -17.2500 0.0020
vt -30.9385 23.2607
vt 3.7744 -13.2588
vt -7.1494 -13.8945
vt 12.7969 -27.9590
vt -16.0918 -10.0928
vt 0.0020 -13.7090
vt -21.8730 2.5566
vt 25.9805 23.9678
vt 4.9385 24.2822
vt -26.3350 7.5898
vt -0.0566 31.9854
vt 13.6104 -13.6328
vt 17.7080 -13.5449
vt 3.7441 2.7061
vt -0.2510 -3.2031
vt 2.5117 15.6943
vt 0.0312 0.0312
vt 0.0312 0.0312
vt 0.0312 0.0312
vt 0.0312 0.0312
vt 0.0312 0.0312
vt 0.0312 0.0312
vt 0.0312 0.0312
vt 0.0312 0.0312
vt 0.2490 -3.2031
vt 8.0000 8.0000
vt -5.6992 14.4395
vt 29.2393 8.9170
vt 20.9326 -24.9033
vt -14.4717 17.9990
vt -20.5029 -9.5918
vt -13.3701 8.1113
vt -21.2500 0.0020
vt -1.8291 -23.1006
vt -8.4062 27.6387
vt 25.5146 11.4102
vt 0.0312 0.0312
vt 0.0312 0.0312
vt 0.0312 0.0312
vt 0.0312 0.0312
vt 0.0312 0.0312
vt 0.0312 0.0312
vt 0.0312 0.0312
vt 0.0000 21.0635
vt -5.8975 -6.3760
vt 15.7002 9.1875
vt 4.5742 -12.1689
vt 23.3516 -6.6846
vt -27.7500 0.0020
vt -0.2500 0.0020
vt -3.4307 0.2490
vt 29.2500 0.0020
vt 7.6562 2.9199
vt -30.7344 -3.4434
vt 0.0312 0.0312
vt 0.0312 0.0312
vt 0.0312 0.0312
vt -0.0127 12.1875
vt 0.0312 0.0312
vt 0.0312 0.0312
vt 0.0312 0.0312
vt 0.0312 0.0312
vt 0.0420 -7.8896
vt -28.5557 9.0283
vt 0.0312 0.0312
vt 0.0312 0.0312
vt 0.0312 0.0312
vt -17.0000 0.0020
vt 0.0312 0.0312
vt 0.0312 0.0312
vt 0.0312 0.0312
vt 0.0312 0.0312
vt -6.2432 -0.6162
vt -2.0898 -0.0039
vt -26.0967 15.9600
vt -24.4824 16.5059
vt -30.3154 15.5605
vt 9.9971 31.2773
vt -19.7197 14.0244
vt 12.0205 11.9180
vt -21.2354 0.5020
vt -9.2324 -29.6348
vt -8.0059 -0.0469
vt 15.3330 5.8584
vt 0.0312 0.0312
vt 0.0312 0.0312
vt 0.0312 0.0312
vt 0.0312 0.0312
vt 0.0312 0.0312
vt 0.0312 0.0312
vt 0.0312 0.0312
vt 0.0312 0.0312
vt -15.9961 0.0039
vt -21.0010 -3.2031
vt 0.0312 0.0312
vt 0.0312 0.0312
vt 0.0312 0.0312
vt 12.1875 -0.2500
vt 0.0312 0.0312
vt 0.0312 0.0312
vt 0.0312 0.0312
vt 0.0312 0.0312
vt 21.9951 -5.3896
vt -1.4102 20.1562
vt -26.1572 -0.2979
vt -0.0010 -0.0059
vt 4.2021 -0.0127
vt -5.2920 13.5605
vt -23.8115 21.2070
vt 14.7822 -9.9453
vt 14.6104 -2.7852
vt -4.8633 -21.1504
vt 18.0684 -29.8047
vt -3.1768 -2.0234
vt -9.7910 0.3105
vt 5.4512 19.0684
vt 20.1758 5.5400
vt -31.2822 -4.8760
vt 0.0576 -25.9814
vt -0.0010 -2.6758
vt 17.3008 26.2354
vt -15.8643 0.0000
vt -13.2881 -19.7783
vt -0.0078 -28.4688
vt -15.7510 0.0000
vt 0.0000 0.5859
vt 0.0000 0.0000
vt 0.0000 0.0000
vt -15.7510 0.0000
vt 0.0000 0.5859
vt 0.0000 0.0000
vt 0.0000 0.0000
vt -15.7510 0.0000
vt 0.0000 0.5859
vt 0.0000 0.0000
vt 0.0000 0.0000
vt -15.7510 0.0000
vt 0.0000 0.5859
vt -10.5674 10.5010
vt -15.9111 3.2812
vt 0.0000 0.5859
vt -13.9521 2.2734
vt -30.9082 -4.7539
vt 1.2500 4.1250
vt -15.8350 4.1348
vt 3.5479 1.5156
vt 0.0000 0.0000
vt 0.0000 0.0000
vt -15.7510 0.0000
vt 0.0000 0.5859
vt 0.0000 0.0000
vt 0.0000 0.0000
vt -15.7510 0.0000
vt 0.0000 0.5859
vt 0.0000 0.0000
vt 0.0000 0.0000
vt -15.7510 0.0000
vt 0.0000 0.5859
vt 0.0000 0.0000
vt 0.0000 0.0000
vt -15.7510 0.0000
vt 0.0000 0.5859
vt -31.8379 13.9990
vt 0.1289 0.4951
vt 3.2891 22.7139
vt -7.0381 -0.1123
vt 3.0332 -23.8262
vt 16.2617 16.3213
vt 3.3369 -5.2588
vt 19.2178 -0.3232
vt -16.0000 2.3398
vt 0.0000 0.0000
vt -15.7773 0.0000
vt 0.0000 0.5859
vt -26.9727 0.7021
vt -9.1973 -7.7852
vt 10.3418 -29.7139
vt 2.3926 -4.9111
vt 9.2832 1.6250
vt -3.0010 -3.2031
vt -0.0039 -6.3330
vt -1.3213 -0.0059
vt 0.0000 0.0000
vt 1.1348 -0.8682
vt 4.2119 -27.3213
vt -13.8506 0.0000
vt -7.6865 0.1875
vt -3.5020 9.4805
vt -0.2500 0.0020
vt -0.2500 0.0020
vt -0.8857 31.9766
vt 12.0098 19.9590
vt -20.0010 -0.0430
vt 1.6250 7.9717
vt -21.6318 -17.7588
vt -10.0537 -10.5361
vt -7.9824 30.5527
vt -13.7363 -17.7363
vt -2.0859 22.1875
vt -11.2109 9.5039
vt -14.7090 10.0088
vt 9.4102 -8.7832
vt 11.2959 -17.4355
vt 23.8145 5.4053
vt -7.0000 0.0020
vt -0.2500 0.0020
vt -0.2500 0.0020
vt -30.3770 27.1758
vt 24.5039 24.2529
vt 18.7227 27.3350
vt 31.5234 10.1094
vt -0.2500 0.0020
vt -0.2500 0.0020
vt -26.9639 6.7207
vt -15.9980 3.0000
vt -18.3408 11.3496
vt -18.1123 -3.7764
vt 4.1562 -9.3252
vt 0.0312 0.0312
vt 0.0312 0.0312
vt 0.0312 0.0312
vt 0.0312 0.0312
vt 0.0312 0.0312
vt 0.0312 0.0312
vt 0.0312 0.0312
vt 0.0312 0.0312
vt 0.2490 -3.2031
vt 8.0000 8.0000
vt -6.0918 -13.9863
vt 2.9541 23.6826
vt 25.3584 -21.7764
vt 29.9688 0.8945
vt 0.4326 25.4014
vt 7.1816 6.6846
vt -24.0146 25.8379
vt -23.7363 -9.6699
vt -0.2500 0.0020
vt 12.1875 -22.4863
vt 0.0312 0.0312
vt 0.0312 0.0312
vt 0.0312 0.0312
vt 0.0312 -0.0127
vt 0.0312 0.0312
vt 0.0312 0.0312
vt 0.0312 0.0312
vt 17.8643 27.6133
vt 6.0361 -27.1914
vt -22.8584 2.0557
vt 24.1621 30.8232
vt -1.1387 -6.5059
vt 4.0000 -18.2070
vt 26.2559 -21.3340
vt -15.7734 0.0000
vt 29.7480 2.3750
vt -0.7754 -9.7471
vt -15.8262 4.1416
vt 0.0312 0.0312
vt 0.0312 0.0312
vt 0.0312 0.0312
vt 12.1875 -6.2500
vt 0.0312 0.0312
vt 0.0312 0.0312
vt 0.0312 0.0312
vt 0.0312 0.0312
vt -0.0127 12.1875
vt -27.0273 17.5498
vt -19.3750 10.5625
vt 23.9990 -0.0225
vt -19.4648 10.5918
vt 28.7705 -27.8555
vt -0.2500 0.0020
vt -7.6748 19.2637
vt 6.3330 -28.8672
vt -29.8008 -22.8301
vt 8.2549 -15.5000
vt -13.4795 12.4941
vt 0.0312 0.0312
vt 0.0312 0.0312
vt 0.0312 0.0312
vt 0.0312 0.0312
vt 0.0312 0.0312
vt 0.0312 0.0312
vt 0.0312 0.0312
vt 0.0000 21.0635
vt 0.0312 0.0312
vt 0.2490 -15.9531
vt -15.9531 -3.0010
vt 0.0312 0.0312
vt 0.0312 0.0312
vt 0.0312 0.0312
vt 0.0000 0.0000
vt -14.7500 17.5234
vt -26.6523 4.2354
vt -0.2500 0.0020
vt 0.0312 0.0312
vt 0.0312 0.0312
vt 0.0312 0.0312
vt -15.7598 0.0000
vt 0.0312 0.0312
vt 0.0312 0.0312
vt 0.0312 0.0312
vt 0.0312 0.0312
vt 0.0312 0.0312
vt 0.0312 0.0312
vt 0.0000 0.0000
vt 0.0000 0.0000
vt 28.1445 13.9170
vt 12.1875 -0.2363
vt 3.7500 0.0000
vt 0.0312 0.0312
vt 0.0312 0.0312
vt 0.0312 0.0312
vt 12.1875 -10.5000
vt 0.0312 0.0312
vt 0.0312 0.0312
vt 0.0312 0.0312
vt 0.0312 0.0312
vt 0.0762 -12.3096
vt 21.0859 -13.4609
vt -15.7363 30.4941
vt -8.3340 17.4375
vt -25.4824 -1.4434
vt -24.9883 -15.5596
vt -29.1221 -28.1689
vt -0.3389 -10.0684
vt -31.9990 -11.9805
vt 3.4463 -7.1348
vt -0.2354 0.5371
vt -31.2500 0.1602
vt 0.0312 0.0312
vt 0.0312 0.0312
vt 0.0312 0.0312
vt 12.1875 -0.2500
vt 0.0312 0.0312
vt 0.0312 0.0312
vt 0.0312 0.0312
vt 0.0312 0.0312
vt -15.9531 -3.0010
vt 0.0312 0.0312
vt 0.0312 0.0312
vt 0.0312 0.0312
vt 0.0312 0.0312
vt -3.0010 8.0000
vt 0.0312 0.0312
vt 0.0312 0.0312
vt 0.0312 0.0312
vt 0.0000 0.0000
vt 25.6748 26.7197
vt 0.0000 0.0000
vt -31.7783 12.7559
vt -22.4648 -5.4551
vt 0.0312 0.0312
vt 0.0312 0.0312
vt 0.0312 0.0312
vt 0.0312 0.2490
vt 0.0312 0.0312
vt 0.0312 0.0312
vt 0.0312 0.0312
vt 0.0312 0.0312
vt -3.2031 -15.7510
vt -0.0127 12.1875
vt -31.7139 19.8525
vt 29.1211 -20.7246
vt 25.5049 -8.8408
vt -0.0127 12.1875
vt 0.0312 0.0312
vt 0.0312 0.0312
vt 0.0312 0.0312
vt -22.7500 0.0020
vt 0.0312 0.0312
vt 0.0312 0.0312
vt 0.0312 0.0312
vt 0.0312 0.0312
vt 24.2432 14.2812
vt -2.5918 9.2676
vt 3.1680 -0.0127
vt 17.2803 -2.4111
vt 18.2920 -17.5771
vt -7.7354 -11.5957
vt 16.6523 -0.0127
vt 12.1875 31.0303
vt 15.5225 -29.4150
vt 12.5664 -27.9971
vt -22.4561 31.5518
vt -7.9238 17.1172
vt -13.4854 -29.9980
vt 8.0000 8.0000
vt 0.0312 0.0312
vt 0.0312 0.0312
vt 0.0312 0.0312
vt 0.0312 0.0312
vt 0.0312 0.0312
vt 0.0312 0.0312
vt 0.0312 0.0312
vt 0.0312 0.0000
vt 0.0312 0.0000
vt 0.0312 0.0312
vt 0.0312 0.0312
vt 0.0312 0.0312
vt 0.0312 0.0312
vt 0.0312 0.0312
vt 0.0312 0.0312
vt 0.0312 0.0312
vt -31.7451 3.5420
vt -0.0127 12.1875
vt -2.0205 29.0928
vt -1.6064 3.0947
vt 28.2539 -1.3203
vt 29.4717 26.3584
vt -22.5391 21.9756
vt 0.0312 0.0312
vt 0.0312 0.0312
vt 0.0312 0.0312
vt 0.0312 -0.0127
vt 0.0312 0.0312
vt 0.0312 0.0312
vt 0.0312 0.0312
vt 3.6992 -15.9531
vt 1.4502 -16.5830
vt 16.9258 -2.6943
vt 3.8691 -16.0010
vt -25.7490 2.4932
vt 9.9590 -8.6250
vt 11.1729 -30.4727
vt 0.0312 0.0312
vt 0.0312 0.0312
vt 0.0312 0.0312
vt 0.0312 0.0312
vt 0.0312 0.0312
vt 17.5410 -11.0527
vt -31.9355 -8.9863
vt -0.8760 -0.0010
vt 1.4150 -21.2197
vt 23.5596 -12.2246
vt -31.9912 -18.2197
vt 0.0312 0.0312
vt 0.0312 0.0312
vt 0.0312 0.0312
vt 0.0312 -0.0127
vt 0.0312 0.0312
vt 0.0312 0.0312
vt 0.0312 0.0312
vt 0.0312 0.0312
vt 0.1055 19.2500
vt 0.0312 0.0312
vt 0.0312 0.0312
vt 0.0312 0.0312
vt 11.6631 -27.4062
vt 0.0000 0.0000
vt 15.0469 0.0000
vt 0.6230 26.6318
vt 8.8955 -14.1973
vt -11.3486 -23.9727
vt 29.2031 0.0000
vt -30.9844 -28.9238
vt 6.4453 -19.9785
vt -2.5576 8.4531
vt -6.3486 -0.7383
vt -23.6533 -21.2334
vt -27.7197 25.0488
vt -2.2236 12.4600
vt 0.2852 18.5371
vt 8.8379 -8.6748
vt 11.7402 -20.6016
vt 0.0312 0.0312
vt 0.0312 0.0312
vt 0.0312 0.0312
vt 12.1875 -20.5000
vt 0.0312 0.0312
vt 0.0312 0.0312
vt 0.0312 0.0312
vt 0.0312 0.0312
vt 15.0469 0.0000
vt -18.3408 20.5381
vt 5.7676 -10.4834
vt 0.6406 -15.8408
vt -0.2500 0.0020
vt 26.2676 -31.5518
vt -4.8770 0.0098
vt -5.4834 -25.7793
vt -0.7461 -31.8545
vt -26.6670 3.5674
vt 0.0312 0.0312
vt 0.0312 0.0312
vt 0.0312 0.0312
vt 12.1875 -23.7500
vt 0.0312 0.0312
vt 0.0312 0.0312
vt 0.0312 0.0312
vt 0.0312 0.0312
vt 0.0146 3.7803
vt 0.7646 3.7793
vt -21.9844 -29.4004
vt 22.5264 -14.8789
vt 23.6416 22.1250
vt -9.0449 26.5732
vt 26.7656 -21.4824
vt -23.2998 -2.8750
vt -23.6846 -19.9316
vt 10.9834 -0.2002
vt 28.6660 -11.5107
vt -17.9854 0.0449
vt -19.0479 20.6533
vt 18.6865 -4.4355
vt -8.2090 28.3516
vt 0.0000 0.0000
vt -28.4873 20.1621
vt 23.0127 4.2871
vt 12.1875 -27.7324
vt -22.9961 4.7324
vt 2.9014 -1.4561
vt -7.9854 30.4629
vt 0.0312 0.0312
vt 0.0312 0.0312
vt 0.0312 0.0312
vt 0.0312 0.0312
vt 0.0312 0.0312
vt 0.0312 0.0312
vt 0.0312 0.0312
vt 21.0635 17.8643
vt 6.6641 -18.1670
vt -2.9814 4.5771
vt -10.0049 -0.3809
vt 27.6143 28.9463
vt -18.9814 -31.5088
vt -7.6553 10.2314
vt -31.5723 -20.3770
vt 6.6494 10.5381
vt -2.9688 -0.0127
vt -28.1641 13.7998
vt -21.8994 -23.4385
vt -28.5596 5.1211
vt -29.0342 -23.5342
vt -6.8926 6.9180
vt -5.4766 9.6396
vt -19.0010 -21.9141
vt -0.2500 0.0020
vt 26.8203 25.1191
vt -17.2344 -21.4238
vt 0.0312 0.0312
vt 0.0312 0.0312
vt 0.0312 0.0312
vt 0.0312 0.0312
vt 0.0312 0.0312
vt 0.0312 0.0312
vt 25.5400 -24.6885
vt -29.4873 26.3037
vt 13.7080 -9.0146
vt -14.1250 -2.7490
vt -18.3379 26.9854
vt 4.4375 -4.3721
vt 0.0312 0.0312
vt 0.0312 0.0312
vt 0.0312 0.0312
vt -15.7686 0.0000
vt 0.0312 0.0312
vt 0.0312 0.0312
vt 0.0312 0.0312
vt 0.0312 0.0312
vt -15.8682 4.2344
vt -31.7959 -12.4580
vt 1.6250 -27.0479
vt 0.0000 0.0000
vt -15.7510 0.0000
vt 0.0000 0.5859
vt 0.0000 0.0000
vt 0.0000 0.0000
vt -15.7510 0.0000
vt 0.0000 0.5859
vt -27.6152 -13.5107
vt -29.1777 -12.9473
vt 2.9170 -22.0928
vt -0.2500 0.0020
vt -29.9199 0.1084
vt 12.1875 -18.7354
vt -24.7363 0.7520
vt -24.2002 24.8936
vt 0.0000 0.0000
vt 0.0312 0.0312
vt 0.0312 0.0312
vt 0.0312 0.0312
vt 0.0312 0.0312
vt 0.0312 0.0312
vt 0.0312 0.0312
vt 0.0312 0.0312
vt 21.0635 17.8643
vt 4.2275 28.7334
vt -7.6826 -8.1357
vt 0.0312 0.0312
vt 0.0312 0.0312
vt 0.0312 0.0312
vt -15.7510 0.0000
vt 0.0312 0.0312
vt 0.0312 0.0312
vt 0.0312 0.0312
vt 0.0312 0.0312
vt 0.0312 0.0312
vt 0.0312 0.0312
vt 0.0312 0.0312
vt 22.0020 0.0000
vt -0.0127 12.1875
vt 1.8740 -0.0156
vt 4.0820 -8.0029
vt -0.3701 -0.0186
vt -0.0010 3.5566
vt 21.1201 21.8184
vt 13.2617 12.1113
vt -18.8330 -5.7607
vt 22.8887 1.1855
vt 4.7100 5.5137
vt -23.9824 16.4824
vt -18.4863 8.3770
vt -28.2373 20.2715
vt -4.9668 20.7607
vt 31.2812 1.6611
vt -31.4580 -9.1494
vt -0.5703 0.0234
vt 0.0312 0.0312
vt 0.0312 0.0312
vt 0.0312 0.0312
vt 0.0312 -0.0127
vt 0.0312 0.0312
vt 0.0312 0.0312
vt 0.0312 0.0312
vt 17.8643 27.6133
vt 0.0312 0.0312
vt 0.0312 0.0312
vt 0.0312 0.0312
vt -30.3838 -29.4600
vt 0.0000 0.0000
vt 20.2695 -3.2676
vt -27.9873 16.1855
vt -20.6416 -5.4072
vt -4.5947 -13.1201
vt -0.7119 11.3633
vt -24.0488 -6.9678
vt -23.1670 0.4629
vt -22.1074 23.6035
vt 12.0088 1.2744
vt 13.1221 2.8213
vt 13.1406 31.6016
vt 2.0605 -19.1279
vt -17.4697 29.8174
vt -15.7363 24.4131
vt 9.9180 16.5078
vt -15.9873 14.2930
vt -16.2363 -29.5723
vt 7.6709 24.1621
vt -26.6982 27.6689
vt -7.9814 28.5098
vt -25.4824 -17.5137
vt -21.7334 -15.4902
vt -11.2363 -9.5098
vt 0.0312 0.0312
vt 0.0312 0.0312
vt 0.0312 0.0312
vt 0.0312 0.0312
vt 0.0312 0.0312
vt 0.0312 0.0312
vt 0.0312 0.0312
vt 0.0312 0.0000
vt 7.6436 9.2090
vt -13.7764 29.5869
vt 18.5879 -11.0010
vt -0.0127 12.1875
vt -15.9863 -1.7129
vt -20.2363 26.4551
vt -1.6924 20.6807
vt 0.0312 0.0312
vt 0.0312 0.0312
vt 0.0312 0.0312
vt 0.0312 0.0312
vt 0.0312 0.0312
vt 0.0312 0.0312
vt 0.0312 0.0312
vt -7.1094 -12.1699
vt 20.8750 16.6201
vt 0.1309 8.1699
vt 0.0312 0.0312
vt 0.0312 0.0312
vt 0.0312 0.0312
vt 0.0312 0.0312
vt 0.0312 0.0312
vt 0.0312 0.0312
vt 0.0312 0.0312
vt 10.4961 -7.7354
vt 0.0312 0.0312
vt 0.0312 0.0312
vt 0.0312 0.0312
vt -0.0127 12.1875
vt 0.0312 0.0312
vt 0.0312 0.0312
vt 0.0312 0.0312
vt 0.0312 0.0312
vt 0.0312 0.0312
vt 0.0312 0.0312
vt 0.0312 0.0312
vt 0.0312 0.0000
vt -25.7510 -1.3818
vt 0.0312 0.0312
vt 0.0312 0.0312
vt 0.0312 0.0312
vt -0.0127 12.1875
vt 0.0312 0.0312
vt 0.0312 0.0312
vt 0.0312 0.0312
vt 0.0312 0.0312
vt 19.8027 17.1914
vt 12.1572 -21.4229
vt 27.0605 23.0234
vt 2.2549 16.3135
vt -12.8057 -2.0537
vt 0.0312 0.0312
vt 0.0312 0.0312
vt 0.0312 0.0312
vt -17.0000 0.0020
vt 0.0312 0.0312
vt 0.0312 0.0312
vt 0.0312 0.0312
vt 0.0312 0.0312
vt -26.9238 15.6436
vt -15.7373 -5.6318
vt 0.0312 0.0312
vt 0.0312 0.0312
vt 0.0312 0.0312
vt 0.0312 0.0312
vt 0.0312 0.0312
vt 0.0312 0.0312
vt 0.0312 0.0312
vt 0.0312 0.0000
vt 22.3809 3.5020
vt -31.8389 -15.2295
vt 0.0312 0.0312
vt 0.0312 0.0312
vt 0.0312 0.0312
vt 0.0312 -0.0127
vt 0.0312 0.0312
vt 0.0312 0.0312
vt 0.0312 0.0312
vt 17.8643 27.6133
vt 4.2070 -28.4844
vt 21.7617 -3.8496
vt 0.0000 0.0000
vt -18.9883 -3.6787
vt 0.0312 0.0312
vt 0.0312 0.0312
vt 0.0312 0.0312
vt 0.0312 0.0312
vt 0.0312 0.0312
vt 0.0312 0.0312
vt 0.0312 0.0312
vt 0.0000 -14.3496
vt -13.3174 3.0215
vt 3.0469 -25.5244
vt -19.6719 11.8682
vt -7.6006 -14.8740
vt -13.8750 30.8154
vt 14.5801 -1.9033
vt 19.5566 -4.8105
vt 0.0312 0.0312
vt 0.0312 0.0312
vt 0.0312 0.0312
vt 0.0312 0.0312
vt 0.0312 0.0312
vt 0.0312 0.0312
vt 0.0312 0.0312
vt 0.0000 -23.7158
vt 23.1953 -14.8193
vt -31.3643 -26.1426
vt 21.3174 17.3271
vt 0.0312 0.0312
vt 0.0312 0.0312
vt 0.0312 0.0312
vt 0.0312 0.0312
vt 0.0312 0.0312
vt 0.0312 0.0312
vt 0.0312 0.0312
vt 21.0635 17.8643
vt -19.9043 -2.6650
vt 29.3877 -22.0527
vt -22.8867 8.8691
vt 10.6523 22.0068
vt -15.5781 2.9629
vt 6.6338 -24.6641
vt 19.7383 -15.3633
vt -27.9990 22.5645
vt -0.0127 16.1875
vt -4.5625 29.3818
vt -8.0400 -18.2676
vt -25.9258 20.5811
vt 0.9990 -0.0010
vt -18.7695 27.7314
vt 3.1875 16.1660
vt -0.0127 16.1875
vt 2.0342 0.3613
vt 6.0635 12.2510
vt 4.8066 0.1260
vt 2.1992 -21.3848
vt -20.7178 10.7314
vt -29.2031 10.0605
vt 14.2402 1.9092
vt 10.6289 -22.9756
vt 0.0312 0.0312
vt 0.0312 0.0312
vt 0.0312 0.0312
vt 0.0312 0.0312
vt -0.0127 16.1875
vt 0.0312 0.0312
vt 0.0312 0.0312
vt 0.0312 0.0312
vt 0.0312 0.0312
vt 0.0312 0.0312
vt 21.0635 17.8643
vt 18.7979 18.9893
vt -8.4824 10.3652
vt 0.0000 0.0000
vt -0.2500 0.0020
vt 23.9219 1.9238
vt 0.5029 27.2529
vt -7.0000 0.0020
vt -0.2500 0.0020
vt -30.9688 -15.9219
vt 0.0244 1.0645
vt 28.5146 2.2168
vt 5.1357 9.5264
vt 4.6729 -6.7490
vt 4.9561 7.5459
vt 4.0000 15.5098
vt -29.6270 -0.0195
vt -0.2500 0.0020
vt -27.8350 -23.9961
vt 31.2832 8.0479
vt -8.9873 -11.3359
vt -0.2500 0.0020
vt 18.7646 -19.8174
vt -9.0977 -7.2012
vt -30.7891 -28.1318
vt 13.4482 16.4844
vt -8.2695 -8.0127
vt -11.6611 -1.0068
vt 26.4346 -13.1816
vt -16.9844 12.0654
vt -0.5537 -12.0859
vt -4.5000 31.5049
vt -18.8408 -24.0400
vt -0.2500 0.0020
vt 13.5547 -11.8154
vt -11.0000 0.0020
vt -23.9688 0.2490
vt -0.2500 0.0020
vt -31.3750 0.1885
vt 0.9951 25.5742
vt 14.3242 -22.5947
vt -0.2500 0.0020
vt -27.1514 -0.0127
vt -19.6230 -0.0127
vt -17.7393 -9.2676
vt -9.9902 15.3594
vt 27.4912 1.3457
vt -12.4834 -21.5762
vt -0.2500 0.0020
vt -0.2500 0.0020
vt 12.1875 27.5293
vt -11.7344 2.3184
vt -0.2500 0.0020
vt -22.9873 -7.6973
vt 24.9336 -14.3340
vt 0.0312 0.0312
vt 0.0312 0.0312
vt 0.0312 0.0312
vt 0.0312 0.0312
vt 0.0312 0.0312
vt 0.0312 0.0312
vt -23.2363 -6.8135
vt -5.1182 -2.5098
vt -19.1338 1.0010
vt -8.9805 10.3066
vt -23.7549 2.2422
vt 31.9023 29.4072
vt 7.5098 2.4521
vt 27.9971 5.0820
vt -1.6260 18.4609
vt 20.1680 -9.9512
vt -5.1162 -12.0371
vt -19.2363 24.3223
vt 8.0020 3.0469
vt -24.4121 -3.8652
vt 25.7646 -27.5059
vt -20.9951 -29.9365
vt 20.5557 -0.0127
vt -10.1016 19.7910
vt -9.5000 0.0020
vt -0.2500 0.0020
vt 22.7539 -27.4326
vt 9.5488 -27.7393
vt 0.0312 0.0312
vt 0.0312 0.0312
vt 0.0312 0.0312
vt 0.0312 0.0312
vt 0.0312 0.0312
vt 0.0312 0.0312
vt 0.0312 0.0312
vt 28.7168 -27.7969
vt 18.5176 -28.7891
vt -7.3701 1.2695
vt -3.5381 9.3994
vt -26.5801 -28.3623
vt 2.3809 -6.0957
vt -13.2363 -21.8145
vt -22.7148 24.5342
vt -0.0117 -24.5322
vt 30.3633 13.1680
vt 21.8838 -21.1182
vt -2.8447 -13.5107
vt -0.0127 12.1875
vt 10.9961 8.0000
vt -0.2500 -19.9951
vt 10.9961 8.0000
vt -0.2500 -19.9951
vt 12.1875 -24.4863
vt -20.6123 9.3896
vt 11.8848 -23.8750
vt 0.0000 -12.9980
vt -17.5273 8.9941
vt -20.8584 27.5684
vt -2.0000 -19.9951
vt 26.1719 -27.9746
vt -7.7334 -19.4355
vt 0.0312 0.0312
vt 0.0312 0.0312
vt 0.0312 0.0312
vt 0.0312 0.0312
vt 0.0312 0.0312
vt 0.0312 0.0312
vt 0.0312 0.0312
vt 0.0000 3.0996
vt 0.0000 0.0000
vt 3.7637 8.0088
vt 9.5322 0.6289
vt -26.1387 -29.3223
vt -21.5820 2.6562
vt 12.9590 8.8193
vt -3.0098 10.0508
vt 0.3604 7.5674
vt 13.5889 29.9541
vt 1.6250 28.2959
vt 24.2021 -22.5508
vt 0.0312 0.0312
vt 0.0312 0.0312
vt 0.0312 0.0312
vt 0.0312 0.0312
vt 0.0312 0.0312
vt 0.0312 0.0312
vt 0.0312 0.0312
vt 0.0312 0.0312
vt -11.7363 -5.7598
vt -30.1660 -3.8750
vt 8.3252 12.6543
vt 3.5625 -11.9375
vt -26.7744 -21.6992
vt -29.5000 0.1250
vt 16.8525 -0.0127
vt 26.2510 3.2422
vt -11.3867 3.4453
vt 25.5146 -5.7363
vt -0.0293 -1.6426
vt -24.4873 -17.4072
vt -17.2500 0.0020
vt -0.2500 0.0020
vt -0.2500 0.0020
vt -31.9609 -31.0010
vt -4.4219 25.2373
vt -27.0791 24.3271
vt -6.4863 26.3076
vt 3.6104 -29.9844
vt 12.8477 -11.9834
vt -15.2363 -19.8379
vt -26.5215 -21.4434
vt -9.9863 -3.5215
vt -0.2500 0.0020
vt -0.2500 0.0020
vt -0.2500 0.0020
vt -31.9453 -31.1465
vt -10.9688 2.4209
vt 12.1875 -17.7344
vt 2.1582 -9.8359
vt -3.7334 -3.6621
vt 24.3652 -13.5674
vt -10.5000 0.0020
vt -0.2500 0.0020
vt -0.2500 0.0020
vt -0.2500 0.0020
vt -0.2500 0.0020
vt 8.9971 0.0225
vt -0.2500 0.0020
vt -6.7500 0.0020
vt -6.9834 19.9512
vt 7.3760 -28.0928
vt -27.1416 -1.8486
vt -18.9863 2.5137
vt 22.3975 21.9033
vt -25.4824 -27.6621
vt -0.2500 0.0020
vt -0.2500 0.0020
vt 13.1377 9.2002
vt 22.2607 -22.1943
vt -22.7002 31.4775
vt -0.0127 12.1875
vt -2.2148 17.6094
vt -0.2500 0.0020
vt 0.0312 0.0312
vt 0.0312 0.0312
vt -0.0127 12.1875
vt 0.0312 0.0312
vt 0.0312 0.0312
vt 0.0312 0.0312
vt -20.7500 0.0020
vt 22.4189 -11.5537
vt -5.2354 26.0059
vt 16.4014 -16.0430
vt -23.2598 17.3281
vt -0.0127 12.1875
vt -0.2500 0.0020
vt -0.2500 0.0020
vt 24.8848 4.0254
vt -16.1387 22.9746
vt -25.0430 -11.6895
vt -24.3086 24.3965
vt -2.2324 2.4277
vt 0.0312 0.0312
vt 0.0312 0.0312
vt 0.0312 0.0312
vt 0.0312 0.0312
vt 0.0312 0.0312
vt 0.0312 0.0312
vt 0.0312 0.0312
vt 0.0312 0.0000
vt 4.4629 16.4941
vt -25.8691 23.6367
vt -14.9980 30.2256
vt 0.2500 0.2578
vt -5.7500 0.0020
vt 21.5547 -9.6143
vt -29.3438 -25.6699
vt 10.6582 -10.5879
vt -0.0088 -29.3066
vt -0.2500 0.0020
vt -0.2500 0.0020
vt -2.2510 4.5078
vt 4.2402 30.2334
vt -25.3076 -30.5732
vt -26.6270 20.6357
vt -6.1270 16.2812
vt -1.0010 -0.0010
vt -4.8398 -20.7871
vt -5.2334 -19.6387
vt 27.6143 -13.6299
vt -15.4941 14.4141
vt 13.5781 -20.0000
vt 0.8994 -0.0127
vt 21.0693 8.8486
vt -12.3662 -18.0762
vt -15.7861 -27.9023
vt -17.4951 14.3564
vt -26.8682 5.3594
vt -16.7090 25.0098
vt -23.7441 8.8848
vt 17.7656 4.8828
vt -0.0137 -23.4844
vt 11.0957 30.6348
vt -25.7373 16.1582
vt 3.6973 -9.4492
vt -0.1592 14.1279
vt 31.9131 -15.1133
vt 12.1875 -16.2373
vt 16.3857 -17.7188
vt -27.4824 -11.4316
vt -28.5059 -26.8750
vt -12.8008 -1.9092
vt -0.0029 -2.2510
vt -0.2500 0.0020
vt -0.2500 0.0020
vt 12.6250 29.8926
vt 24.6133 -0.0127
vt -4.4121 -14.7305
vt 24.5068 -0.0127
vt 18.5654 17.3789
vt -24.9824 25.6699
vt -23.0771 25.2832
vt -0.0010 -0.1162
vt -18.0010 -0.0010
vt 14.7090 -23.3906
vt -0.2500 0.0020
vt 22.4766 -6.2480
vt 24.5117 -19.4395
vt 19.7559 -15.4883
vt -4.2891 8.1699
vt -30.2168 16.7285
vt -29.6191 -7.9512
vt -0.2500 0.0020
vt 26.5127 -7.7129
vt 0.0312 0.0312
vt 0.0312 0.0312
vt 0.0312 0.0312
vt 0.0312 -0.0127
vt 0.0312 0.0312
vt 0.0312 0.0312
vt 0.0312 0.0312
vt 17.8643 27.6133
vt 16.5010 31.9014
vt -0.0176 25.1992
vt -24.9873 -7.8730
vt 23.8965 24.0781
vt -3.4863 12.7275
vt -0.0625 15.4990
vt -12.7500 -0.0127
vt 1.0840 31.3828
vt 0.0117 11.5449
vt -23.7373 28.1338
vt -0.2500 0.0020
vt -0.2500 0.0020
vt 17.7822 -15.2969
vt -31.9424 21.5488
vt -24.3018 -0.0010
vt 14.6465 31.4385
vt 23.3643 11.2656
vt 31.0566 11.6250
vt -8.7324 18.5527
vt 0.0000 0.0000
vt -0.2500 0.0020
vt 0.0312 0.0312
vt 0.0312 0.0312
vt 0.0312 0.0312
vt 0.0312 0.0312
vt 0.0312 0.0312
vt 0.0312 0.0312
vt 0.0312 0.0312
vt 21.0635 17.8643
vt 18.1611 0.4629
vt 0.1982 -12.6670
vt -18.1533 29.3193
vt 7.2578 -21.4834
vt 0.0000 0.0312
vt 0.0312 0.0312
vt 0.0312 0.0312
vt 0.0312 0.0312
vt -3.2031 -15.7666
vt 0.0312 0.0312
vt 0.0312 0.0312
vt 0.0312 0.0312
vt 0.0312 0.0312
vt 0.0000 0.5859
vt -31.5303 -1.7744
vt -14.3906 -22.2168
vt -0.2793 -16.3682
vt 15.7148 -4.8379
vt 0.0312 0.0312
vt 0.0312 0.0312
vt 0.0312 0.0312
vt 0.0312 0.0312
vt 0.0312 0.0312
vt 0.0312 0.0312
vt 0.0312 0.0312
vt 8.3457 10.1094
vt 13.1445 5.0410
vt 0.0312 0.0312
vt 0.0312 0.0312
vt 0.0312 0.0312
vt 0.0312 0.0312
vt 0.0312 0.0312
vt 0.0312 0.0312
vt 0.0312 0.0312
vt 0.0000 21.0635
vt 29.9395 -27.4824
vt 17.2373 19.8818
vt 22.7627 0.1895
vt -12.1924 -9.3008
vt -12.5000 0.0020
vt 0.6504 -6.6553
vt 0.4355 -0.6904
vt 17.7061 -31.8330
vt -11.7363 -15.5840
vt 25.0117 -31.8857
vt -25.1631 29.6826
vt -0.0010 -0.0010
vt 7.2871 19.1641
vt 0.0312 0.0312
vt 0.0312 0.0312
vt 0.0312 0.0312
vt 0.0312 0.0312
vt 0.0312 0.0312
vt 0.0312 0.0312
vt 0.0312 0.0312
vt 0.0312 0.0312
vt 0.2490 -3.2031
vt 8.0000 8.0000
vt 7.5752 28.7637
vt 10.6064 23.3525
vt 11.3760 -22.2988
vt -5.1299 13.4180
vt 12.1875 -23.4873
vt 0.0312 0.0312
vt 0.0312 0.0312
vt 0.0312 0.0312
vt 0.0312 0.0312
vt -8.0000 0.0020
vt 0.0312 0.0312
vt 0.0312 0.0312
vt 0.0312 0.0312
vt 0.0312 0.0312
vt -0.0127 12.1875
vt 14.5166 -13.6455
vt -0.0127 12.1875
vt -7.8408 17.3203
vt 16.0010 27.3887
vt -0.9385 -19.3496
vt -11.9863 -27.6699
vt 22.0205 27.1465
vt 17.4297 13.9102
vt -0.0127 12.1875
vt -27.2695 -21.4980
vt 12.1875 23.5205
vt 7.1621 25.2266
vt -12.7363 22.4004
vt 0.0312 0.0312
vt 0.0312 0.0312
vt 0.0312 0.0312
vt 0.0312 0.0312
vt 0.0312 0.0312
vt 0.0312 0.0312
vt 0.0312 0.0312
vt 0.0000 21.0635
vt 0.0312 0.0312
vt 0.0312 0.0312
vt 0.0312 0.0312
vt 0.0361 2.8438
vt 22.1660 -22.4834
vt 0.0000 0.0000
vt -1.3760 -3.3643
vt -25.6484 -14.7363
vt 0.0312 0.0312
vt 0.0312 0.0312
vt 0.0312 0.0312
vt 12.1875 -0.2500
vt 0.0312 0.0312
vt 0.0312 0.0312
vt 0.0312 0.0312
vt 0.0312 0.0312
vt 0.0312 0.0312
vt 0.0312 0.0312
vt 0.0312 0.0312
vt 0.0312 0.0312
vt 0.0859 0.5000
vt 0.0312 0.0312
vt 0.0312 0.0312
vt 0.0312 0.0312
vt 0.0312 0.0312
vt 0.1504 -15.9531
vt -0.1699 17.5176
vt -10.9863 -11.6895
vt 0.0312 0.0312
vt 0.0312 0.0312
vt 0.0312 0.0312
vt 0.0312 0.0312
vt 0.0312 0.0312
vt 0.0312 0.0312
vt 0.0312 0.0312
vt 2.1836 -17.2051
vt -0.9834 24.2812
vt -13.2334 14.5645
vt 0.0312 0.0312
vt 0.0312 0.0312
vt 0.0312 0.0312
vt 0.0312 0.0312
vt 0.0312 0.0312
vt 0.0312 0.0312
vt 0.0312 0.0312
vt 0.0000 0.0000
vt -20.3486 18.5635
vt 0.0000 0.0000
vt -27.2256 3.9990
vt 2.0693 -13.9844
vt 30.3633 29.2080
vt -8.2510 -0.0010
vt -17.0547 -0.0127
vt 0.0312 0.0312
vt 0.0312 0.0312
vt 0.0312 0.0312
vt 0.0312 0.0312
vt 0.0312 0.0312
vt 0.0312 0.0312
vt 0.0312 0.0312
vt 0.0312 0.0312
vt -0.0127 12.1875
vt 8.2744 -14.7988
vt 0.3408 -26.8984
vt 0.0312 0.0312
vt 0.0312 0.0312
vt 0.0312 0.0312
vt 12.1875 -10.0000
vt 0.0312 0.0312
vt 0.0312 0.0312
vt 0.0312 0.0312
vt 0.0312 0.0312
vt 8.3477 2.9053
vt 0.0312 0.0312
vt 0.0312 0.0312
vt 0.0312 0.0312
vt -0.0127 12.1875
vt 0.0312 0.0312
vt 0.0312 0.0312
vt 0.0312 0.0312
vt 0.0312 0.0312
vt 0.0312 0.0312
vt 0.0312 0.0312
vt 0.0312 0.0312
vt 12.1875 -0.2500
vt 0.0312 0.0312
vt 0.0312 0.0312
vt 0.0312 0.0312
vt 0.0312 0.0312
vt 0.0312 0.0312
vt 0.0312 0.0312
vt 0.0312 0.0312
vt 0.0312 -0.0127
vt 0.0312 0.0312
vt 0.0312 0.0312
vt 0.0312 0.0312
vt -24.3662 -9.7461
vt 16.0918 -13.9561
vt 17.6719 -31.9375
vt -9.0811 -17.9512
vt 4.8604 22.7832
vt 0.0312 0.0312
vt 0.0312 0.0312
vt 0.0312 0.0312
vt 12.1875 -6.0000
vt 0.0312 0.0312
vt 0.0312 0.0312
vt 0.0312 0.0312
vt 0.0312 0.0312
vt 15.7500 24.1230
vt 0.0312 0.0312
vt 0.0312 0.0312
vt 0.0312 0.0312
vt -0.0127 12.1875
vt 0.0312 0.0312
vt 0.0312 0.0312
vt 0.0312 0.0312
vt 0.0312 0.0312
vt 18.5537 -10.0811
vt 25.1553 -20.9033
vt 0.0312 0.0312
vt 0.0312 0.0312
vt 0.0312 0.0312
vt -9.7500 0.0020
vt 0.0312 0.0312
vt 0.0312 0.0312
vt 0.0312 0.0312
vt 0.0312 0.0312
vt -10.2363 -5.5957
vt 11.7510 -17.6094
vt 0.0312 0.0312
vt 0.0312 0.0312
vt 0.0312 0.0312
vt 0.0312 0.0312
vt -0.2500 0.0020
vt 0.0312 0.0312
vt 0.0312 0.0312
vt 0.0312 0.0312
vt 0.0312 0.0312
vt -0.0596 27.8682
vt 0.1426 22.8564
vt -5.3574 14.8086
vt -17.7090 -7.6211
vt -12.3652 -21.7744
vt 0.0312 0.0312
vt 0.0312 0.0312
vt 0.0312 0.0312
vt -28.4883 16.1533
vt 0.0312 0.0312
vt 0.0312 0.0312
vt 0.0312 0.0312
vt 0.0312 0.0312
vt -19.7754 -19.9727
vt -25.6143 -16.8887
vt 19.2012 24.1924
vt 0.0312 0.0312
vt 0.0312 0.0312
vt 0.0312 0.0312
vt 12.1875 -19.5000
vt 0.0312 0.0312
vt 0.0312 0.0312
vt 0.0312 0.0312
vt 0.0312 0.0312
vt -1.6143 31.9971
vt -12.0625 -3.7412
vt -1.9678 -31.1934
vt -17.7510 2.7324
vt -0.0127 24.1875
vt -0.2500 0.0020
vt 0.0312 0.0312
vt 0.0312 0.0312
vt 0.0312 0.0312
vt 0.0312 0.0312
vt 0.0312 0.0312
vt 0.0312 0.0312
vt 0.0312 0.0312
vt 0.0312 0.0312
vt 0.0312 0.0000
vt 17.3301 -23.6240
vt 4.3506 -13.0693
vt -23.9121 -5.3291
vt -7.2344 18.4941
vt -12.9824 20.3350
vt -0.9141 -20.1025
vt -16.4863 16.2754
vt -0.2500 0.0020
vt -0.2500 0.0020
vt -0.2500 0.0020
vt -0.0020 5.5703
vt 24.7656 -27.5254
vt -11.3340 3.0762
vt 0.1562 1.3848
vt 13.5107 -1.8652
vt 25.8740 -11.0137
vt 29.8613 24.0049
vt -3.2500 0.0020
vt -0.2500 0.0020
vt 24.9023 9.8105
vt -0.4189 11.2842
vt 26.5518 -30.3486
vt -11.3018 -28.5283
vt -29.1641 0.3135
vt 9.0479 -15.4600
vt -0.2500 0.0020
vt 20.0557 24.4482
vt 30.1689 7.4170
vt 0.3945 -31.8174
vt 1.6875 0.6807
vt -23.7109 -29.9150
vt -0.1611 -31.6875
vt -6.9863 -1.6035
vt -0.2500 0.0020
vt -0.2500 0.0020
vt 12.1875 -0.2500
vt -30.3018 -29.0166
vt 5.2109 27.7793
vt -2.5273 -12.0215
vt 19.6875 -29.8057
vt 14.8125 -5.8223
vt -0.7500 0.0020
vt -0.2500 0.0020
vt 30.7119 26.8857
vt -7.9814 -31.5137
vt -0.2500 0.0020
vt -14.6865 0.9492
vt -29.7324 20.1543
vt -29.3125 -15.7471
vt 0.0312 0.0312
vt 0.0312 0.0312
vt 0.0312 0.0312
vt -0.0127 12.1875
vt 0.0312 0.0312
vt 0.0312 0.0312
vt 0.0312 0.0312
vt 0.0312 0.0312
vt -1.0518 24.5557
vt -25.3486 19.4180
vt 12.1875 -23.4873
vt -0.0020 -28.7617
vt -17.0127 -22.8564
vt 31.9365 -15.6230
vt -17.9121 13.9658
vt -11.9688 -12.8301
vt -4.2246 -30.4951
vt 30.8320 -29.3379
vt -0.0010 -12.2236
vt -0.2500 0.0020
vt -3.3730 11.2969
vt -18.8965 -18.1162
vt -0.2500 0.0020
vt -0.2500 0.0020
vt -0.2500 0.0020
vt -31.4531 27.0078
vt 29.5264 6.5547
vt 18.0508 7.8281
vt 0.0000 0.0000
vt -7.7363 18.1855
vt -0.2500 0.0020
vt -0.2500 0.0020
vt 19.2754 14.5205
vt -8.5322 16.0488
vt -20.9863 8.1426
vt -0.2500 0.0020
vt -5.4863 4.2129
vt -2.2510 -1.7246
vt 0.9395 7.2158
vt -27.7109 22.0430
vt -10.2354 -1.5293
vt -0.2500 0.0020
vt 1.2900 30.0205
vt -5.2363 0.2344
vt 0.0000 0.0000
vt -0.2500 0.0020
vt -14.2949 27.5107
vt 30.4785 9.7910
vt -12.7363 -23.5840
vt 0.0312 0.0312
vt 0.0312 0.0312
vt 0.0312 0.0312
vt 0.0312 0.0312
vt 0.0312 0.0312
vt 0.0312 0.0312
vt 0.0312 0.0312
vt 0.0312 0.0000
vt -0.2500 0.0020
vt -0.2500 0.0020
vt 31.9990 -6.5918
vt 13.9922 -25.0068
vt 28.9609 31.5918
vt -20.2373 -11.9961
vt -0.2500 0.0020
vt -0.2500 0.0020
vt -31.4297 0.9971
vt -15.9336 -2.0166
vt -19.4814 14.3926
vt -0.2500 0.0020
vt -0.2500 0.0020
vt -0.2500 0.0020
vt -0.2500 0.0020
vt -0.2500 0.0020
vt -27.5322 -0.0068
vt -17.0020 -12.0352
vt -9.2314 -31.5566
vt -0.2500 0.0020
vt -0.2500 0.0020
vt -0.2500 0.0020
vt 1.0312 28.5596
vt 0.0000 0.0000
vt 0.0312 0.0312
vt 0.0312 0.0312
vt 0.0312 0.0312
vt 0.0312 0.0312
vt 0.0312 0.0312
vt 0.0312 0.0312
vt 0.0312 0.0312
vt 0.0000 21.0635
vt 0.0312 0.0312
vt 0.0312 0.0312
vt 0.0312 0.0312
vt 0.0859 0.5000
vt 0.0312 0.0312
vt 0.0312 0.0312
vt 0.0312 0.0312
vt 0.0312 0.0312
vt -6.5137 -31.4375
vt -29.5781 29.2041
vt 24.6182 8.1875
vt -20.9863 28.5605
vt -24.5254 4.5654
vt -9.7354 0.2441
vt 0.0000 0.0000
vt -0.2500 0.0020
vt -0.2500 0.0020
vt -31.3906 4.1797
vt 0.7617 -29.9834
vt -11.5898 16.0332
vt -24.7373 -31.4863
vt 11.7393 9.8115
vt -14.9863 12.1777
vt -0.2500 0.0020
vt -10.1875 8.3223
vt -19.1035 -21.3916
vt -27.4844 -19.9551
vt 8.0000 8.0000
vt 0.0312 0.0312
vt 0.0312 0.0312
vt 0.0312 0.0312
vt 0.0312 0.0312
vt 0.0312 0.0312
vt 0.0312 0.0312
vt 0.0312 0.0312
vt 0.0312 0.0000
vt -23.8340 -30.1182
vt 28.8691 6.8740
vt -24.0107 14.5078
vt -5.9355 12.1748
vt 23.1309 -29.8389
vt -18.6602 -0.0127
vt 12.3916 -0.3232
vt -20.8418 30.0391
vt 1.2227 -10.3242
vt -27.2246 8.6465
vt 7.6436 26.9893
vt -27.1660 -16.9775
vt 15.6602 -18.8477
vt -5.2812 -5.4160
vt 26.6035 -26.8027
vt 0.5479 0.0186
vt -30.4150 -0.3828
vt 31.8740 -0.8682
vt 0.7344 22.5576
vt -16.0830 -9.5654
vt 0.5938 -30.6201
vt 13.0098 -6.9141
vt -31.8564 24.4375
vt 14.9883 9.0000
vt 8.0078 9.7549
vt -0.0029 26.9941
vt 20.5352 14.0029
vt -15.9482 -26.3672
vt 26.0293 2.7588
vt -14.4893 5.1689
vt -3.5049 -24.1279
vt 18.1660 -31.8232
vt 29.2715 -7.3652
vt -17.6113 -3.3096
vt -16.5049 -4.0020
vt -18.6123 -13.3164
vt 28.9512 -3.5000
vt 12.1973 20.0947
vt 18.5801 -11.8008
vt -2.9912 -25.9932
vt 16.6621 11.3750
vt -9.5537 13.0293
vt -12.7207 -13.3418
vt -1.2549 -17.6533
vt 27.7178 -18.6416
vt 2.1123 -23.3164
vt 13.4990 -10.0039
vt -0.0010 -0.0010
vt -0.3447 -1.1426
vt -28.6348 2.5312
vt -0.0010 -0.0010
vt 30.6953 20.8330
vt -29.7881 13.7490
vt -0.0127 20.1875
vt 8.2578 26.2529
vt 1.1230 27.2275
vt 6.5186 -31.8125
vt 27.9668 0.0000
vt 0.2490 29.2695
vt -19.4834 27.1123
vt -9.7812 -24.1436
vt 2.3174 -26.4814
vt -25.2959 -23.3281
vt 0.5371 -15.8467
vt 18.4453 31.3965
vt -29.4678 10.7676
vt 0.0312 0.0312
vt -0.0127 20.1875
vt 0.0312 0.0312
vt 0.0312 0.0312
vt 0.0312 0.0312
vt 0.0312 0.0312
vt 0.0312 0.0312
vt 0.0312 0.0312
vt 0.0312 0.0000
vt 3.5146 -9.4717
vt 28.0908 29.9697
vt 15.6211 -18.8828
vt 31.9209 -4.4443
vt 13.3848 18.0156
vt -1.7041 0.3965
vt 1.9043 -30.7344
vt 6.4004 2.4336
vt -0.8193 -0.8906
vt -6.3652 30.4727
vt 5.3291 -18.9180
vt 1.7207 1.1582
vt -2.9004 8.4404
vt 7.6670 -17.9307
vt -29.8945 -30.6846
vt 13.5029 21.0527
vt 0.6084 6.5625
vt -3.3350 -2.2041
vt -16.0010 -0.0010
vt 23.5098 26.1309
vt 27.6670 8.7520
vt 31.8799 1.6963
vt -9.7334 24.4805
vt 2.0283 24.8779
vt -10.3350 -21.2939
vt -22.5850 31.9463
vt 0.1133 31.5068
vt -7.4746 30.5566
vt -0.2500 0.0020
vt -0.2500 0.0020
vt -0.2500 0.0020
vt -0.2500 0.0020
vt -30.9375 6.0273
vt 24.7168 0.8154
vt -20.8047 0.0664
vt -6.0420 -16.8584
vt -30.2168 24.2197
vt 13.9111 -5.1367
vt 17.5176 -30.3193
vt -14.0703 0.0273
vt 21.5645 29.9521
vt -28.0381 -10.9346
vt -8.9736 0.7520
vt -11.9248 -1.3350
vt 1.7217 -19.4355
vt 2.7588 -24.1885
vt -31.2461 26.8857
vt -1.0713 9.2207
vt 0.3193 16.0742
vt 22.6465 2.4902
vt -14.9424 12.7773
vt 21.8027 -19.3721
vt 20.4414 -11.8643
vt -0.0127 20.1875
vt 0.3857 19.0088
vt -15.6035 27.2695
vt 5.3760 -8.6611
vt -9.7197 0.7988
vt 25.2139 9.7979
vt 16.9141 -10.7383
vt 0.0000 0.1602
vt 9.3008 -7.1553
vt -21.9795 28.6074
vt -28.4131 13.9932
vt 0.9668 24.0713
vt 27.7490 1.9492
vt 2.8262 -12.7881
vt -27.9932 -0.0127
vt -25.1826 6.5781
vt 13.2695 -21.2168
vt -29.7852 -27.4141
vt 8.7529 13.0938
vt -22.2656 22.0645
vt -21.9072 12.1436
vt 3.2705 -7.4824
vt -9.0293 5.3174
vt 1.3281 20.7598
vt -0.0986 24.5527
vt -29.6338 10.6133
vt 1.9443 -1.6865
vt -1.3955 -0.0010
vt 21.1328 22.3389
vt 0.1162 3.2529
vt -16.4756 -25.3379
vt -17.6953 -13.7373
vt 0.0039 23.6309
vt -13.4756 22.6973
vt 19.3105 31.3994
vt -24.2285 -9.0674
vt -17.4893 18.5215
vt -15.1494 -19.6553
vt 23.3975 6.2188
vt 0.0312 0.0312
vt 0.0312 0.0312
vt 0.0312 0.0312
vt 0.0312 0.0312
vt 0.0312 0.0312
vt 0.0312 0.0312
vt 0.0312 0.0312
vt 0.0312 0.0312
vt 2.6152 -5.1240
vt 15.3340 -28.1191
vt 22.6465 2.3760
vt 0.0000 0.1328
vt -19.3789 -11.4727
vt 8.7812 10.9443
vt 28.2500 22.1689
vt -30.3613 -25.0859
vt -26.4365 -26.3555
vt -19.5947 -3.1318
vt -31.5244 25.9004
vt -0.0049 -9.6357
vt 18.0791 25.2598
vt 2.7275 -26.3574
vt 13.3281 9.0098
vt 14.5010 7.3750
vt -13.7549 -22.3506
vt -31.9746 -7.6172
vt 4.5811 -16.1445
vt -13.5146 -27.3760
vt 16.9277 -6.8594
vt -8.6465 -26.5469
vt -30.0869 -13.6738
vt -26.8633 7.0547
vt 3.1445 22.1533
vt 7.6543 -1.7383
vt 0.0312 0.0312
vt 0.0312 0.0312
vt 0.0312 0.0312
vt 0.0312 0.0312
vt 0.0312 0.0312
vt 0.0312 0.0312
vt 0.0312 0.0312
vt 0.0312 0.0312
vt 0.0312 0.0312
vt 0.0312 0.0312
vt 0.0312 0.0312
vt 0.0312 0.0312
vt 0.0312 0.0312
vt 0.0312 0.0312
vt 0.0000 0.0000
vt 0.0312 0.0312
vt 15.5547 -18.8506
vt -29.8730 18.3291
vt 26.0820 12.1738
vt 6.7754 -13.2783
vt 6.6426 -12.9668
vt -11.0996 -12.4834
vt 28.3057 -18.0244
vt 25.0752 -15.4883
vt -18.2725 -20.0195
vt 12.1982 -10.8340
vt -1.4326 28.9219
vt 20.3770 27.9990
vt 0.8086 -29.0293
vt -29.9512 30.5703
vt -22.3555 -4.1689
vt 21.2637 26.5293
vt -31.3496 14.3604
vt 31.4951 8.4102
vt 22.4502 21.7754
vt 21.3809 7.3848
vt -27.4502 -29.9443
vt 27.8115 -22.8633
vt -29.8887 25.4609
vt 6.7295 1.7090
vt 8.0439 -5.6250
vt 0.1719 1.3672
vt -15.7510 0.1719
vt 0.0000 0.0000
vt 0.0000 0.0000
vt 0.0000 0.0000
vt 0.1719 1.3672
vt -15.7510 0.1719
vt 0.0000 0.0000
vt 0.0000 0.0000
vt 0.0000 0.0000
vt 0.1719 1.3672
vt -15.7510 0.1719
vt 0.0000 0.0000
vt 0.0000 0.0000
vt 0.0000 0.0000
vt 0.1719 1.3672
vt 9.3330 -30.1191
vt 0.1719 1.3672
vt -15.7510 0.1719
vt 0.0000 0.0000
vt -19.2031 8.1875
vt -16.9229 12.1250
vt 17.1191 24.9482
vt -30.5664 -0.0010
vt 3.9102 6.5254
vt 0.0312 0.0312
vt 0.0312 0.0312
vt 0.0312 0.0312
vt 0.0312 0.0312
vt 0.0312 0.0312
vt 0.0312 0.0312
vt 0.0312 0.0312
vt 0.0312 0.0312
vt 17.8643 27.6133
vt 2.8242 16.1172
vt -25.5078 3.0098
vt -5.6270 -12.1494
vt 31.3154 -24.2900
vt -29.9170 4.6904
vt 12.5547 16.0830
vt 0.1719 1.3672
vt -15.7510 0.1719
vt 0.0000 0.0000
vt 0.0000 0.0000
vt 0.0000 0.0000
vt 7.8770 -19.2686
vt 27.9990 -0.0010
vt 19.5547 -7.0967
vt 14.0752 26.1016
vt 19.7324 4.0000
vt -16.6846 8.2598
vt -10.7939 -1.5010
vt -5.5869 30.9639
vt -21.8994 10.6982
vt -6.0820 -0.0010
vt 0.0000 -21.3184
vt -20.6455 22.7100
vt -0.8896 31.0771
vt -12.2451 23.8516
vt -0.9727 -13.2246
vt 0.0000 0.0000
vt 0.0000 0.0000
vt 0.0000 0.0000
vt 0.0000 0.0000
vt -0.2500 -19.9951
vt 0.0000 0.0000
vt 0.0000 0.0000
vt 0.0000 0.0000
vt 0.0000 0.0000
vt -29.7539 3.0469
vt -6.6602 -18.7080
vt 29.5293 -7.3809
vt 0.0000 0.0000
vt -0.2500 -19.9951
vt 0.0000 0.0000
vt 0.0000 0.0000
vt 0.0000 0.0000
vt 0.0000 0.0000
vt 0.0000 0.0000
vt -0.2500 -19.9951
vt 0.0000 0.0000
vt 0.0000 0.0000
vt 0.0000 0.0000
vt 0.0000 0.0000
vt 0.0000 0.0000
vt -0.2500 -19.9951
vt 0.0000 0.0000
vt 0.0000 0.0000
vt 0.0000 0.0000
vt -4.9912 -23.3223
vt 20.8008 -22.3252
vt -15.8809 0.1719
vt 0.0000 0.0000
vt 0.0000 0.0000
vt 0.0000 0.0000
vt 0.1719 1.3672
vt -15.7510 0.1719
vt 0.0000 0.0000
vt 0.0000 0.0000
vt 0.0000 0.0000
vt 0.1719 1.3672
vt -15.7510 0.1719
vt 0.0000 0.0000
vt 0.0000 0.0000
vt 0.0000 0.0000
vt 0.1719 1.3672
vt -15.7510 0.1719
vt 0.0000 0.0000
vt 0.0000 0.0000
vt 0.0000 0.0000
vt 0.1719 1.3672
vt -15.7510 0.1719
vt 0.0000 0.0000
vt 0.0000 0.0000
vt 0.0000 0.0000
vt 0.0000 0.0000
vt -15.7354 3.0215
vt 0.0312 0.0312
vt 0.0312 0.0312
vt 0.0312 0.0312
vt 0.0312 0.0312
vt 0.0312 0.0312
vt 0.0312 0.0312
vt 0.0312 0.0312
vt 0.0000 0.0000
vt 4.2422 -7.5723
vt 27.9092 5.9453
vt 16.2852 -0.1621
vt 12.5625 1.3408
vt 7.5654 23.7412
vt -23.5215 -25.9297
vt 16.0146 -1.3096
vt -20.3799 -24.3057
vt 26.1885 -25.9209
vt 7.7920 5.5850
vt -27.7227 -21.4629
vt -14.0010 -17.6260
vt -0.0127 20.1875
vt -23.3271 -22.7363
vt 30.7080 25.5957
vt -17.1182 15.0176
vt 8.5938 11.5918
vt 16.0137 10.3662
vt 20.9951 -18.3975
vt 12.7188 1.1807
vt 0.1035 -26.7461
vt -14.4512 8.5137
vt 23.0537 -22.6514
vt 14.0791 -17.1885
vt 0.0146 10.8154
vt -18.7686 22.5742
vt -21.8867 -29.9297
vt 19.2852 23.1709
vt -25.1670 16.8330
vt 8.4912 -12.8330
vt -13.4482 19.9336
vt 21.0762 -15.1152
vt 1.0234 13.5742
vt 0.0312 0.0312
vt 0.0312 0.0312
vt 0.0312 0.0312
vt 0.0312 0.0312
vt 0.0312 0.0312
vt 0.0312 0.0312
vt 0.0312 0.0312
vt 0.0312 0.0312
vt 0.0000 0.0000
vt -0.2500 0.0020
vt 9.9199 1.4551
vt 29.3438 -17.1504
vt -25.2373 -11.9668
vt 6.0137 23.5166
vt 1.0000 -31.7188
vt -0.9092 -7.8506
vt 16.8008 12.9551
vt -4.4785 25.2969
vt -0.2500 0.0020
vt -15.6807 -20.6846
vt -2.4336 1.4121
vt -0.6572 -2.2529
vt 28.4795 4.6895
vt 0.2627 -31.9922
vt -8.0000 0.0020
vt -15.7510 0.0000
vt 9.1582 -23.2998
vt -21.4883 -29.7842
vt -0.7090 -31.9365
vt -3.9414 11.0625
vt 26.8438 9.7627
vt -23.5381 -28.0146
vt -7.8184 -9.3154
vt 21.2988 0.6416
vt -7.9854 20.2637
vt 0.1289 3.6055
vt -23.6406 -14.4297
vt -8.9834 16.2559
vt -15.7510 0.0000
vt 0.0000 0.5859
vt 0.0000 0.0000
vt 0.0000 0.0000
vt -15.7510 0.0000
vt 0.0000 0.5859
vt 0.0000 0.0000
vt -6.7812 -23.8096
vt -22.4082 6.3730
vt 22.1221 3.1113
vt -10.9854 6.2598
vt 20.0156 10.2090
vt 22.2383 -23.0703
vt -6.4824 4.5645
vt 0.0000 0.0000
vt -0.2500 0.0020
vt 13.4307 8.5850
vt 12.1953 31.7666
vt 0.1289 -23.3115
vt 3.3125 6.7568
vt -25.7969 27.6494
vt 3.3838 13.7607
vt -21.7354 -8.9326
vt -15.9639 9.8174
vt 21.1816 3.8506
vt 0.0000 0.0000
vt 0.0312 0.0312
vt 0.0312 0.0312
vt 0.0312 0.0312
vt 0.2490 -3.2031
vt 8.0000 8.0000
vt 0.0312 0.0312
vt 0.0312 0.0312
vt 0.0312 0.0312
vt 0.0312 0.0312
vt -15.7510 0.0000
vt 12.1875 -25.4873
vt -30.8750 -28.4980
vt -15.9863 -21.7793
vt 22.9365 12.4043
vt 11.5879 25.2588
vt 3.0303 -15.9863
vt -13.4863 -17.7051
vt -1.7891 -22.8613
vt -24.4014 19.8682
vt 22.0938 -7.4141
vt -15.3223 25.0576
vt -31.2207 22.3799
vt -7.9463 2.1064
vt -0.0010 -0.8857
vt -24.5830 6.2041
vt -21.0977 -17.2344
vt 23.4717 31.9912
f 10/10 39/39 65/65
f 4/4 4/4 12/12
f 79/79 51/51 13/13
f 89/89 48/48 91/91
f 37/37 28/28 70/70
f 7/7 6/6 93/93
f 92/92 59/59 38/38
f 64/64 65/65 33/33
f 30/30 35/35 123/123
f 18/18 113/113 30/30
f 18/18 73/73 123/123
f 128/128 127/127 128/128
f 128/128 47/47 7/7
f 84/84 118/118 9/9
f 59/59 10/10 11/11
f 17/17 77/77 68/68
f 2/2 6/6 67/67
f 114/114 25/25 91/91
f 2/2 18/18 85/85
f 71/71 89/89 29/29
f 107/107 97/97 11/11
f 95/95 59/59 98/98
f 110/110 84/84 7/7
f 55/55 33/33 103/103
f 52/52 98/98 65/65
f 85/85 3/3 47/47
f 113/113 11/11 93/93
f 70/70 120/120 1/1
f 10/10 24/24 105/105
f 80/80 20/20 8/8
f 123/123 46/46 57/57
f 128/128 50/50 48/48
f 4/4 48/48 89/89
f 45/45 32/32 28/28
f 97/97 124/124 101/101
f 8/8 83/83 24/24
f 66/66 52/52 54/54
f 33/33 128/128 31/31
f 57/57 6/6 126/126
f 57/57 6/6 126/126
f 57/57 6/6 126/126
f 14/14 68/68 44/44
f 20/20 4/4 40/40
f 75/75 126/126 104/104
f 8/8 5/5 103/103
f 120/120 15/15 17/17
f 128/128 128/128 84/84
f 4/4 9/9 4/4
f 4/4 24/24 17/17
f 4/4 9/9 68/68
f 39/39 9/9 7/7
f 4/4 9/9 68/68
f 68/68 2/2 33/33
f 4/4 29/29 4/4
f 4/4 9/9 73/73
f 32/32 9/9 97/97
f 102/102 102/102 97/97
f 16/16 4/4 120/120
f 49/49 77/77 128/128
f 4/4 9/9 4/4
f 20/20 59/59 17/17
f 28/28 4/4 51/51
f 32/32 68/68 8/8
f 51/51 44/44 4/4
f 40/40 120/120 15/15
f 29/29 41/41 51/51
f 49/49 1/1 18/18
f 120/120 15/15 17/17
f 128/128 128/128 84/84
f 25/25 29/29 1/1
f 109/109 29/29 93/93
f 25/25 29/29 1/1
f 109/109 29/29 93/93
f 4/4 9/9 68/68
f 36/36 26/26 17/17
f 16/16 4/4 120/120
f 49/49 77/77 128/128
f 4/4 28/28 4/4
f 36/36 45/45 44/44
f 4/4 28/28 4/4
f 36/36 45/45 44/44
f 3/3 49/49 52/52
f 3/3 18/18 68/68
f 4/4 9/9 4/4
f 36/36 13/13 17/17
f 4/4 9/9 4/4
f 68/68 110/110 33/33
f 4/4 29/29 4/4
f 68/68 110/110 33/33
f 4/4 9/9 4/4
f 68/68 102/102 33/33
f 92/92 30/30 103/103
f 13/13 17/17 42/42
f 25/25 93/93 7/7
f 77/77 77/77 33/33
f 37/37 68/68 64/64
f 43/43 7/7 68/68
f 16/16 4/4 120/120
f 49/49 77/77 128/128
f 42/42 13/13 47/47
f 123/123 64/64 17/17
f 4/4 24/24 4/4
f 4/4 9/9 77/77
f 16/16 77/77 3/3
f 1/1 1/1 1/1
f 42/42 13/13 47/47
f 123/123 64/64 17/17
f 4/4 9/9 4/4
f 68/68 110/110 33/33
f 4/4 9/9 4/4
f 68/68 10/10 33/33
f 4/4 7/7 4/4
f 68/68 110/110 33/33
f 40/40 17/17 30/30
f 65/65 65/65 36/36
f 1/1 1/1 1/1
f 1/1 1/1 1/1
f 69/69 107/107 64/64
f 100/100 71/71 124/124
f 40/40 17/17 30/30
f 65/65 65/65 68/68
f 13/13 68/68 31/31
f 47/47 102/102 97/97
f 4/4 29/29 4/4
f 68/68 10/10 71/71
f 28/28 4/4 51/51
f 101/101 102/102 97/97
f 40/40 17/17 30/30
f 65/65 65/65 36/36
f 6/6 2/2 66/66
f 107/107 106/106 128/128
f 8/8 58/58 90/90
f 16/16 100/100 76/76
f 106/106 52/52 107/107
f 96/96 81/81 40/40
f 22/22 23/23 45/45
f 103/103 38/38 113/113
f 33/33 67/67 61/61
f 76/76 13/13 73/73
f 88/88 91/91 127/127
f 48/48 58/58 50/50
f 100/100 71/71 45/45
f 66/66 85/85 84/84
f 74/74 15/15 7/7
f 55/55 45/45 59/59
f 28/28 8/8 53/53
f 25/25 107/107 15/15
f 39/39 62/62 30/30
f 1/1 1/1 1/1
f 1/1 1/1 1/1
f 6/6 14/14 46/46
f 121/121 92/92 77/77
f 85/85 81/81 38/38
f 117/117 56/56 20/20
f 96/96 31/31 92/92
f 27/27 15/15 89/89
f 52/52 3/3 15/15
f 57/57 111/111 9/9
f 16/16 1/1 17/17
f 3/3 11/11 52/52
f 112/112 42/42 103/103
f 73/73 70/70 25/25
f 85/85 128/128 3/3
f 15/15 2/2 43/43
f 41/41 115/115 7/7
f 75/75 81/81 70/70
f 74/74 120/120 122/122
f 28/28 58/58 42/42
f 59/59 48/48 45/45
f 28/28 87/87 38/38
f 53/53 96/96 100/100
f 12/12 36/36 19/19
f 7/7 4/4 29/29
f 4/4 100/100 69/69
f 24/24 49/49 50/50
f 6/6 97/97 2/2
f 42/42 7/7 43/43
f 15/15 40/40 123/123
f 107/107 100/100 60/60
f 4/4 9/9 21/21
f 18/18 40/40 8/8
f 29/29 62/62 63/63
f 86/86 50/50 4/4
f 49/49 67/67 77/77
f 45/45 93/93 56/56
f 110/110 10/10 107/107
f 69/69 13/13 12/12
f 3/3 81/81 103/103
f 12/12 33/33 94/94
f 77/77 113/113 79/79
f 47/47 24/24 81/81
f 104/104 56/56 66/66
f 128/128 73/73 64/64
f 72/72 37/37 50/50
f 39/39 119/119 64/64
f 69/69 16/16 3/3
f 80/80 7/7 54/54
f 123/123 20/20 124/124
f 119/119 29/29 50/50
f 91/91 77/77 122/122
f 82/82 80/80 93/93
f 80/80 31/31 38/38
f 120/120 62/62 108/108
f 14/14 4/4 84/84
f 20/20 62/62 93/93
f 24/24 108/108 87/87
f 35/35 66/66 19/19
f 27/27 77/77 122/122
f 9/9 26/26 72/72
f 122/122 15/15 60/60
f 61/61 75/75 127/127
f 72/72 15/15 42/42
f 9/9 16/16 32/32
f 128/128 53/53 21/21
f 122/122 126/126 2/2
f 1/1 1/1 1/1
f 61/61 86/86 115/115
f 63/63 40/40 63/63
f 22/22 95/95 38/38
f 76/76 2/2 92/92
f 53/53 61/61 55/55
f 32/32 4/4 68/68
f 100/100 3/3 64/64
f 28/28 19/19 41/41
f 112/112 12/12 75/75
f 89/89 87/87 6/6
f 67/67 6/6 6/6
f 54/54 88/88 117/117
f 54/54 88/88 85/85
f 105/105 48/48 16/16
f 39/39 45/45 120/120
f 96/96 79/79 35/35
f 69/69 62/62 102/102
f 55/55 8/8 19/19
f 127/127 8/8 35/35
f 5/5 3/3 28/28
f 103/103 7/7 11/11
f 21/21 9/9 80/80
f 14/14 54/54 24/24
f 86/86 90/90 15/15
f 80/80 80/80 18/18
f 21/21 98/98 119/119
f 121/121 114/114 83/83
f 65/65 13/13 99/99
f 90/90 39/39 82/82
f 46/46 47/47 42/42
f 94/94 3/3 46/46
f 9/9 101/101 5/5
f 64/64 84/84 11/11
f 110/110 13/13 105/105
f 15/15 34/34 107/107
f 66/66 90/90 71/71
f 24/24 40/40 52/52
f 100/100 101/101 49/49
f 25/25 34/34 42/42
f 74/74 123/123 64/64
f 66/66 11/11 13/13
f 111/111 57/57 108/108
f 68/68 84/84 71/71
f 123/123 43/43 51/51
f 80/80 26/26 125/125
f 7/7 128/128 39/39
f 122/122 71/71 83/83
f 99/99 109/109 82/82
f 48/48 87/87 69/69
f 1/1 128/128 59/59
f 62/62 91/91 104/104
f 55/55 58/58 48/48
f 126/126 21/21 128/128
f 89/89 88/88 117/117
f 81/81 25/25 105/105
f 62/62 65/65 62/62
f 90/90 6/6 111/111
f 64/64 16/16 90/90
f 79/79 6/6 40/40
f 48/48 53/53 37/37
f 44/44 128/128 108/108
f 34/34 70/70 26/26
f 67/67 56/56 13/13
f 113/113 46/46 104/104
f 110/110 28/28 27/27
f 91/91 58/58 14/14
f 7/7 14/14 27/27
f 9/9 35/35 113/113
f 32/32 13/13 2/2
f 87/87 85/85 17/17
f 128/128 21/21 113/113
f 118/118 43/43 42/42
f 10/10 39/39 9/9
f 67/67 7/7 13/13
f 15/15 16/16 79/79
f 32/32 11/11 119/119
f 60/60 73/73 114/114
f 1/1 1/1 1/1
f 1/1 1/1 1/1
f 109/109 75/75 56/56
f 47/47 91/91 2/2
f 7/7 122/122 23/23
f 121/121 73/73 97/97
f 123/123 3/3 114/114
f 113/113 27/27 57/57
f 1/1 107/107 43/43
f 44/44 51/51 43/43
f 107/107 75/75 37/37
f 4/4 3/3 3/3
f 24/24 43/43 96/96
f 125/125 32/32 9/9
f 92/92 69/69 99/99
f 95/95 128/128 100/100
f 45/45 107/107 100/100
f 50/50 80/80 59/59
f 76/76 76/76 43/43
f 127/127 12/12 61/61
f 71/71 55/55 107/107
f 37/37 53/53 38/38
f 47/47 69/69 53/53
f 100/100 2/2 120/120
f 16/16 80/80 81/81
f 95/95 52/52 19/19
f 91/91 35/35 13/13
f 94/94 64/64 59/59
f 78/78 40/40 95/95
f 8/8 60/60 82/82
f 96/96 8/8 3/3
f 30/30 110/110 112/112
f 56/56 26/26 59/59
f 96/96 14/14 87/87
f 39/39 67/67 121/121
f 107/107 69/69 33/33
f 113/113 47/47 9/9
f 15/15 75/75 115/115
f 4/4 6/6 105/105
f 125/125 126/126 69/69
f 73/73 51/51 60/60
f 113/113 46/46 65/65
f 24/24 85/85 57/57
f 15/15 79/79 76/76
f 118/118 68/68 75/75
f 81/81 109/109 44/44
f 47/47 38/38 88/88
f 14/14 74/74 54/54
f 108/108 3/3 44/44
f 110/110 117/117 42/42
f 90/90 2/2 126/126
f 90/90 38/38 119/119
f 102/102 32/32 5/5
f 73/73 26/26 80/80
f 79/79 8/8 114/114
f 98/98 31/31 65/65
f 15/15 54/54 56/56
f 68/68 16/16 113/113
f 105/105 123/123 124/124
f 78/78 92/92 63/63
f 93/93 93/93 71/71
f 127/127 77/77 87/87
f 10/10 2/2 52/52
f 39/39 86/86 126/126
f 126/126 52/52 55/55
f 78/78 16/16 56/56
f 17/17 117/117 86/86
f 94/94 110/110 91/91
f 68/68 92/92 98/98
f 115/115 23/23 2/2
f 62/62 112/112 75/75
f 90/90 115/115 36/36
f 66/66 85/85 99/99
f 55/55 49/49 114/114
f 117/117 124/124 110/110
f 80/80 46/46 121/121
f 103/103 37/37 112/112
f 34/34 72/72 93/93
f 105/105 10/10 67/67
f 91/91 30/30 88/88
f 120/120 62/62 32/32
f 95/95 94/94 64/64
f 34/34 103/103 42/42
f 79/79 100/100 101/101
f 127/127 98/98 82/82
f 88/88 116/116 55/55
f 93/93 87/87 118/118
f 111/111 45/45 72/72
f 88/88 5/5 8/8
f 37/37 94/94 93/93
f 19/19 93/93 63/63
f 73/73 115/115 58/58
f 31/31 81/81 60/60
f 43/43 50/50 97/97
f 123/123 10/10 53/53
f 119/119 76/76 40/40
f 48/48 58/58 42/42
f 82/82 23/23 97/97
f 40/40 98/98 72/72
f 125/125 80/80 61/61
f 92/92 122/122 58/58
f 10/10 91/91 83/83
f 84/84 15/15 4/4
f 73/73 117/117 35/35
f 77/77 98/98 55/55
f 97/97 85/85 69/69
f 128/128 3/3 112/112
f 81/81 66/66 91/91
f 63/63 57/57 124/124
f 32/32 51/51 19/19
f 93/93 12/12 43/43
f 127/127 26/26 63/63
f 4/4 75/75 103/103
f 97/97 128/128 122/122
f 104/104 97/97 101/101
f 116/116 94/94 87/87
f 37/37 30/30 113/113
f 31/31 31/31 32/32
f 8/8 118/118 57/57
f 76/76 65/65 97/97
f 84/84 56/56 49/49
f 6/6 41/41 120/120
f 29/29 96/96 120/120
f 18/18 92/92 29/29
f 83/83 25/25 29/29
f 8/8 128/128 55/55
f 100/100 78/78 69/69
f 37/37 115/115 53/53
f 1/1 86/86 117/117
f 99/99 53/53 95/95
f 78/78 62/62 34/34
f 35/35 119/119 70/70
f 128/128 122/122 25/25
f 21/21 109/109 20/20
f 57/57 58/58 45/45
f 125/125 88/88 26/26
f 72/72 127/127 78/78
f 94/94 54/54 62/62
f 71/71 39/39 113/113
f 33/33 81/81 54/54
f 121/121 77/77 19/19
f 86/86 72/72 48/48
f 66/66 37/37 72/72
f 21/21 52/52 23/23
f 36/36 64/64 128/128
f 82/82 30/30 84/84
f 113/113 122/122 27/27
f 52/52 38/38 43/43
f 38/38 62/62 126/126
f 5/5 33/33 99/99
f 93/93 118/118 43/43
f 18/18 128/128 128/128
f 103/103 39/39 52/52
f 57/57 6/6 106/106
f 1/1 64/64 127/127
f 5/5 83/83 41/41
f 21/21 85/85 36/36
f 90/90 33/33 121/121
f 65/65 65/65 71/71
f 1/1 128/128 122/122
f 71/71 126/126 122/122
f 77/77 74/74 128/128
f 128/128 92/92 128/128
f 25/25 97/97 76/76
f 33/33 43/43 76/76
f 37/37 41/41 63/63
f 81/81 90/90 25/25
f 14/14 33/33 50/50
f 18/18 56/56 124/124
f 110/110 125/125 20/20
f 120/120 78/78 114/114
f 49/49 42/42 47/47
f 10/10 90/90 86/86
f 18/18 10/10 128/128
f 25/25 97/97 63/63
f 128/128 122/122 25/25
f 27/27 6/6 40/40
f 108/108 11/11 36/36
f 52/52 79/79 57/57
f 70/70 48/48 61/61
f 9/9 41/41 80/80
f 22/22 99/99 39/39
f 70/70 28/28 108/108
f 89/89 128/128 114/114
f 26/26 34/34 56/56
f 7/7 48/48 27/27
f 51/51 47/47 116/116
f 5/5 4/4 82/82
f 66/66 34/34 119/119
f 97/97 2/2 55/55
f 46/46 80/80 79/79
f 40/40 73/73 74/74
f 127/127 86/86 110/110
f 56/56 33/33 44/44
f 127/127 37/37 19/19
f 58/58 2/2 111/111
f 51/51 127/127 83/83
f 27/27 10/10 61/61
f 71/71 79/79 40/40
f 92/92 82/82 9/9
f 12/12 53/53 121/121
f 65/65 65/65 74/74
f 1/1 128/128 122/122
f 106/106 76/76 112/112
f 117/117 8/8 13/13
f 115/115 110/110 21/21
f 26/26 117/117 75/75
f 65/65 87/87 8/8
f 73/73 56/56 60/60
f 50/50 65/65 68/68
f 100/100 65/65 9/9
f 128/128 128/128 33/33
f 73/73 127/127 1/1
f 113/113 96/96 108/108
f 105/105 14/14 75/75
f 1/1 106/106 73/73
f 85/85 42/42 88/88
f 93/93 56/56 25/25
f 93/93 35/35 50/50
f 4/4 34/34 128/128
f 110/110 13/13 33/33
f 118/118 85/85 31/31
f 97/97 64/64 114/114
f 1/1 61/61 30/30
f 127/127 41/41 1/1
f 58/58 64/64 79/79
f 101/101 55/55 94/94
f 115/115 76/76 128/128
f 26/26 97/97 76/76
f 81/81 34/34 33/33
f 35/35 104/104 17/17
f 111/111 93/93 128/128
f 60/60 91/91 28/28
f 21/21 51/51 56/56
f 117/117 61/61 99/99
f 87/87 93/93 4/4
f 10/10 53/53 97/97
f 83/83 72/72 42/42
f 82/82 72/72 69/69
f 94/94 113/113 127/127
f 5/5 31/31 40/40
f 63/63 116/116 50/50
f 90/90 98/98 42/42
f 105/105 57/57 3/3
f 112/112 73/73 94/94
f 1/1 6/6 33/33
f 65/65 5/5 51/51
f 21/21 100/100 99/99
f 3/3 43/43 74/74
f 95/95 59/59 90/90
f 61/61 12/12 83/83
f 26/26 91/91 75/75
f 37/37 16/16 25/25
f 4/4 38/38 84/84
f 121/121 45/45 33/33
f 91/91 63/63 4/4
f 14/14 53/53 75/75
f 128/128 65/65 4/4
f 6/6 9/9 107/107
f 63/63 65/65 99/99
f 39/39 61/61 115/115
f 27/27 65/65 17/17
f 59/59 18/18 83/83
f 128/128 127/127 19/19
f 42/42 128/128 85/85
f 13/13 71/71 60/60
f 60/60 120/120 119/119
f 59/59 93/93 26/26
f 57/57 39/39 10/10
f 64/64 127/127 3/3
f 76/76 84/84 124/124
f 93/93 27/27 6/6
f 3/3 42/42 80/80
f 22/22 113/113 17/17
f 70/70 75/75 101/101
f 15/15 112/112 72/72
f 128/128 58/58 38/38
f 103/103 4/4 75/75
f 114/114 88/88 61/61
f 48/48 34/34 31/31
f 3/3 120/120 44/44
f 113/113 126/126 78/78
f 109/109 15/15 46/46
f 33/33 109/109 95/95
f 20/20 105/105 99/99
f 36/36 73/73 90/90
f 30/30 51/51 69/69
f 128/128 122/122 26/26
f 66/66 48/48 100/100
f 70/70 117/117 127/127
f 113/113 111/111 72/72
f 127/127 87/87 126/126
f 1/1 18/18 8/8
f 8/8 69/69 49/49
f 124/124 72/72 10/10
f 73/73 21/21 111/111
f 98/98 34/34 123/123
f 128/128 58/58 6/6
f 24/24 103/103 69/69
f 100/100 116/116 106/106
f 71/71 115/115 23/23
f 2/2 23/23 111/111
f 119/119 9/9 128/128
f 11/11 45/45 37/37
f 82/82 22/22 37/37
f 109/109 32/32 94/94
f 36/36 112/112 123/123
f 52/52 32/32 108/108
f 50/50 31/31 5/5
f 35/35 64/64 125/125
f 23/23 33/33 22/22
f 22/22 72/72 11/11
f 13/13 117/117 54/54
f 2/2 118/118 122/122
f 81/81 6/6 70/70
f 115/115 3/3 6/6
f 30/30 29/29 7/7
f 117/117 60/60 56/56
f 52/52 125/125 65/65
f 60/60 33/33 1/1
f 1/1 1/1 1/1
f 28/28 88/88 14/14
f 7/7 63/63 36/36
f 68/68 127/127 80/80
f 67/67 23/23 80/80
f 1/1 102/102 20/20
f 105/105 78/78 69/69
f 17/17 53/53 33/33
f 89/89 29/29 108/108
f 113/113 1/1 80/80
f 100/100 13/13 116/116
f 12/12 39/39 80/80
f 2/2 1/1 5/5
f 94/94 45/45 125/125
f 55/55 92/92 5/5
f 51/51 69/69 92/92
f 90/90 62/62 89/89
f 87/87 81/81 15/15
f 70/70 73/73 75/75
f 5/5 86/86 101/101
f 128/128 120/120 74/74
f 6/6 127/127 108/108
f 1/1 66/66 101/101
f 126/126 15/15 18/18
f 32/32 48/48 20/20
f 99/99 69/69 99/99
f 2/2 79/79 85/85
f 79/79 45/45 126/126
f 90/90 110/110 124/124
f 1/1 57/57 121/121
f 20/20 12/12 109/109
f 108/108 97/97 99/99
f 64/64 20/20 127/127
f 69/69 94/94 122/122
f 109/109 67/67 87/87
f 14/14 29/29 126/126
f 74/74 53/53 87/87
f 52/52 12/12 5/5
f 55/55 8/8 57/57
f 106/106 73/73 116/116
f 73/73 116/116 26/26
f 49/49 113/113 65/65
f 78/78 65/65 128/128
f 38/38 32/32 55/55
f 16/16 3/3 15/15
f 128/128 128/128 41/41
f 95/95 118/118 2/2
f 63/63 86/86 111/111
f 128/128 24/24 54/54
f 29/29 41/41 98/98
f 75/75 8/8 113/113
f 41/41 81/81 18/18
f 32/32 5/5 43/43
f 38/38 122/122 128/128
f 128/128 122/122 25/25
f 56/56 7/7 77/77
f 67/67 104/104 118/118
f 85/85 27/27 103/103
f 98/98 128/128 122/122
f 68/68 55/55 110/110
f 33/33 98/98 116/116
f 7/7 109/109 29/29
f 23/23 93/93 59/59
f 60/60 54/54 63/63
f 50/50 41/41 29/29
f 20/20 114/114 43/43
f 8/8 17/17 10/10
f 10/10 9/9 70/70
f 9/9 7/7 35/35
f 28/28 104/104 65/65
f 127/127 127/127 28/28
f 27/27 53/53 54/54
f 86/86 8/8 91/91
f 49/49 100/100 126/126
f 57/57 86/86 29/29
f 81/81 17/17 73/73
f 55/55 111/111 58/58
f 32/32 15/15 5/5
f 124/124 88/88 14/14
f 37/37 39/39 86/86
f 80/80 99/99 96/96
f 3/3 22/22 15/15
f 29/29 81/81 110/110
f 88/88 101/101 99/99
f 125/125 70/70 70/70
f 22/22 31/31 11/11
f 34/34 42/42 86/86
f 106/106 98/98 86/86
f 59/59 54/54 89/89
f 80/80 88/88 25/25
f 25/25 125/125 57/57
f 128/128 122/122 25/25
f 111/111 55/55 13/13
f 110/110 122/122 9/9
f 49/49 104/104 126/126
f 127/127 57/57 70/70
f 18/18 7/7 37/37
f 51/51 43/43 20/20
f 41/41 102/102 33/33
f 102/102 53/53 128/128
f 80/80 56/56 35/35
f 24/24 126/126 10/10
f 21/21 33/33 1/1
f 7/7 4/4 66/66
f 7/7 34/34 101/101
f 73/73 25/25 128/128
f 30/30 81/81 45/45
f 106/106 46/46 120/120
f 107/107 43/43 52/52
f 122/122 25/25 97/97
f 22/22 37/37 66/66
f 124/124 123/123 29/29
f 60/60 59/59 112/112
f 124/124 58/58 119/119
f 85/85 49/49 56/56
f 34/34 28/28 42/42
f 39/39 10/10 102/102
f 10/10 3/3 3/3
f 98/98 92/92 4/4
f 69/69 88/88 70/70
f 19/19 76/76 7/7
f 104/104 4/4 111/111
f 1/1 33/33 57/57
f 24/24 31/31 39/39
f 30/30 31/31 43/43
f 115/115 10/10 5/5
f 100/100 115/115 95/95
f 15/15 49/49 3/3
f 84/84 36/36 25/25
f 8/8 114/114 9/9
f 90/90 1/1 89/89
f 56/56 65/65 26/26
f 127/127 6/6 68/68
f 88/88 16/16 47/47
f 44/44 8/8 66/66
f 43/43 52/52 12/12
f 18/18 29/29 121/121
f 107/107 87/87 93/93
f 83/83 36/36 74/74
f 59/59 107/107 105/105
f 18/18 35/35 102/102
f 4/4 3/3 99/99
f 36/36 68/68 6/6
f 61/61 128/128 122/122
f 97/97 105/105 8/8
f 1/1 93/93 72/72
f 52/52 62/62 117/117
f 16/16 52/52 84/84
f 10/10 33/33 11/11
f 122/122 26/26 97/97
f 80/80 128/128 42/42
f 117/117 102/102 67/67
f 111/111 18/18 21/21
f 21/21 27/27 66/66
f 107/107 48/48 122/122
f 39/39 99/99 128/128
f 32/32 91/91 80/80
f 26/26 73/73 51/51
f 83/83 106/106 70/70
f 114/114 19/19 96/96
f 64/64 128/128 67/67
f 63/63 20/20 69/69
f 19/19 45/45 75/75
f 10/10 68/68 22/22
f 72/72 14/14 85/85
f 65/65 19/19 1/1
f 24/24 120/120 55/55
f 109/109 61/61 68/68
f 34/34 24/24 120/120
f 89/89 89/89 45/45
f 3/3 8/8 98/98
f 121/121 7/7 89/89
f 40/40 71/71 12/12
f 77/77 12/12 97/97
f 57/57 104/104 1/1
f 33/33 6/6 39/39
f 75/75 94/94 63/63
f 114/114 92/92 2/2
f 11/11 18/18 17/17
f 88/88 75/75 87/87
f 16/16 107/107 32/32
f 117/117 33/33 97/97
f 102/102 56/56 99/99
f 13/13 86/86 58/58
f 118/118 20/20 81/81
f 16/16 83/83 127/127
f 69/69 38/38 16/16
f 76/76 49/49 47/47
f 105/105 114/114 99/99
f 42/42 87/87 56/56
f 86/86 9/9 82/82
f 96/96 106/106 128/128
f 97/97 97/97 119/119
f 108/108 27/27 8/8
f 128/128 57/57 119/119
f 90/90 1/1 8/8
f 34/34 97/97 102/102
f 21/21 4/4 4/4
f 40/40 23/23 17/17
f 122/122 25/25 97/97
f 37/37 59/59 65/65
f 54/54 2/2 120/120
f 109/109 124/124 44/44
f 38/38 96/96 50/50
f 38/38 74/74 87/87
f 65/65 65/65 84/84
f 1/1 128/128 122/122
f 115/115 96/96 79/79
f 105/105 128/128 122/122
f 118/118 86/86 25/25
f 1/1 48/48 77/77
f 66/66 33/33 65/65
f 57/57 4/4 9/9
f 50/50 54/54 26/26
f 67/67 24/24 14/14
f 81/81 64/64 62/62
f 107/107 2/2 20/20
f 17/17 23/23 38/38
f 2/2 128/128 128/128
f 81/81 47/47 104/104
f 103/103 75/75 69/69
f 36/36 48/48 28/28
f 1/1 110/110 115/115
f 20/20 128/128 64/64
f 50/50 16/16 63/63
f 69/69 21/21 6/6
f 84/84 80/80 120/120
f 59/59 110/110 97/97
f 18/18 65/65 83/83
f 8/8 60/60 13/13
f 26/26 98/98 65/65
f 70/70 55/55 87/87
f 116/116 66/66 37/37
f 97/97 69/69 1/1
f 51/51 64/64 128/128
f 117/117 113/113 21/21
f 65/65 65/65 74/74
f 1/1 128/128 122/122
f 37/37 124/124 102/102
f 61/61 73/73 70/70
f 92/92 32/32 37/37
f 103/103 41/41 110/110
f 73/73 5/5 105/105
f 115/115 34/34 67/67
f 103/103 29/29 112/112
f 67/67 6/6 113/113
f 18/18 41/41 48/48
f 104/104 33/33 25/25
f 97/97 107/107 45/45
f 31/31 88/88 126/126
f 18/18 36/36 40/40
f 1/1 34/34 128/128
f 21/21 12/12 47/47
f 126/126 53/53 19/19
f 15/15 124/124 37/37
f 52/52 9/9 90/90
f 13/13 26/26 32/32
f 52/52 62/62 2/2
f 124/124 63/63 52/52
f 62/62 54/54 121/121
f 9/9 72/72 19/19
f 34/34 39/39 93/93
f 91/91 47/47 92/92
f 25/25 31/31 81/81
f 65/65 49/49 94/94
f 13/13 16/16 32/32
f 103/103 47/47 36/36
f 97/97 83/83 87/87
f 128/128 122/122 25/25
f 19/19 51/51 124/124
f 24/24 22/22 55/55
f 27/27 40/40 124/124
f 57/57 17/17 48/48
f 100/100 128/128 109/109
f 116/116 112/112 119/119
f 128/128 122/122 25/25
f 73/73 70/70 118/118
f 83/83 80/80 1/1
f 17/17 46/46 22/22
f 7/7 45/45 1/1
f 19/19 122/122 65/65
f 28/28 6/6 17/17
f 52/52 61/61 16/16
f 33/33 65/65 41/41
f 25/25 56/56 24/24
f 107/107 80/80 120/120
f 81/81 89/89 90/90
f 16/16 109/109 8/8
f 84/84 122/122 80/80
f 52/52 72/72 31/31
f 19/19 51/51 39/39
f 38/38 65/65 50/50
f 90/90 65/65 1/1
f 58/58 23/23 124/124
f 54/54 81/81 57/57
f 18/18 11/11 10/10
f 4/4 106/106 97/97
f 81/81 10/10 37/37
f 8/8 30/30 57/57
f 99/99 46/46 105/105
f 2/2 65/65 128/128
f 32/32 37/37 128/128
f 35/35 1/1 36/36
f 126/126 72/72 41/41
f 9/9 96/96 72/72
f 32/32 67/67 39/39
f 63/63 6/6 60/60
f 128/128 122/122 25/25
f 65/65 92/92 38/38
f 50/50 8/8 42/42
f 97/97 13/13 21/21
f 109/109 101/101 128/128
f 25/25 97/97 39/39
f 98/98 82/82 8/8
f 36/36 120/120 77/77
f 31/31 33/33 121/121
f 13/13 19/19 115/115
f 35/35 76/76 24/24
f 65/65 97/97 34/34
f 111/111 38/38 2/2
f 109/109 98/98 92/92
f 25/25 128/128 11/11
f 39/39 112/112 21/21
f 65/65 65/65 79/79
f 33/33 38/38 76/76
f 36/36 79/79 18/18
f 74/74 11/11 58/58
f 53/53 117/117 43/43
f 40/40 66/66 40/40
f 65/65 65/65 74/74
f 1/1 128/128 122/122
f 65/65 65/65 75/75
f 1/1 128/128 122/122
f 62/62 87/87 54/54
f 52/52 21/21 8/8
f 55/55 97/97 96/96
f 32/32 34/34 128/128
f 16/16 71/71 1/1
f 81/81 74/74 118/118
f 5/5 114/114 67/67
f 42/42 61/61 119/119
f 113/113 78/78 17/17
f 53/53 110/110 7/7
f 10/10 90/90 25/25
f 79/79 115/115 45/45
f 105/105 31/31 96/96
f 27/27 65/65 21/21
f 105/105 46/46 18/18
f 95/95 57/57 124/124
f 1/1 73/73 114/114
f 97/97 6/6 70/70
f 67/67 24/24 81/81
f 68/68 2/2 62/62
f 106/106 12/12 105/105
f 22/22 24/24 44/44
f 67/67 64/64 98/98
f 93/93 99/99 102/102
f 20/20 128/128 4/4
f 98/98 8/8 42/42
f 83/83 107/107 98/98
f 123/123 2/2 6/6
f 83/83 22/22 45/45
f 8/8 117/117 18/18
f 81/81 67/67 13/13
f 94/94 89/89 42/42
f 81/81 12/12 36/36
f 56/56 36/36 58/58
f 3/3 1/1 96/96
f 48/48 10/10 3/3
f 51/51 67/67 14/14
f 56/56 116/116 30/30
f 35/35 74/74 92/92
f 89/89 69/69 66/66
f 87/87 79/79 111/111
f 17/17 19/19 103/103
f 24/24 67/67 30/30
f 33/33 114/114 112/112
f 70/70 72/72 38/38
f 1/1 116/116 82/82
f 3/3 2/2 110/110
f 103/103 14/14 27/27
f 65/65 114/114 58/58
f 65/65 99/99 3/3
f 42/42 83/83 8/8
f 23/23 114/114 1/1
f 47/47 77/77 128/128
f 80/80 42/42 2/2
f 126/126 108/108 62/62
f 43/43 49/49 15/15
f 114/114 46/46 70/70
f 125/125 25/25 122/122
f 94/94 5/5 98/98
f 123/123 24/24 77/77
f 3/3 73/73 77/77
f 75/75 58/58 113/113
f 64/64 128/128 128/128
f 74/74 63/63 109/109
f 93/93 19/19 73/73
f 54/54 64/64 128/128
f 101/101 128/128 127/127
f 43/43 88/88 127/127
f 65/65 29/29 21/21
f 1/1 127/127 69/69
f 88/88 102/102 104/104
f 61/61 75/75 70/70
f 21/21 11/11 108/108
f 101/101 77/77 70/70
f 1/1 68/68 23/23
f 1/1 43/43 98/98
f 34/34 59/59 77/77
f 58/58 80/80 123/123
f 77/77 92/92 111/111
f 85/85 115/115 50/50
f 73/73 46/46 31/31
f 23/23 24/24 116/116
f 104/104 67/67 33/33
f 21/21 48/48 113/113
f 32/32 29/29 13/13
f 82/82 28/28 68/68
f 127/127 7/7 112/112
f 65/65 33/33 110/110
f 125/125 110/110 101/101
f 36/36 82/82 41/41
f 50/50 21/21 61/61
f 38/38 108/108 66/66
f 92/92 47/47 35/35
f 52/52 82/82 85/85
f 2/2 28/28 46/46
f 126/126 25/25 70/70
f 53/53 65/65 57/57
f 38/38 63/63 107/107
f 39/39 62/62 71/71
f 77/77 118/118 3/3
f 49/49 60/60 67/67
f 106/106 83/83 122/122
f 56/56 47/47 71/71
f 30/30 91/91 115/115
f 2/2 97/97 65/65
f 77/77 122/122 65/65
f 98/98 19/19 33/33
f 105/105 102/102 64/64
f 69/69 49/49 70/70
f 58/58 96/96 26/26
f 1/1 94/94 110/110
f 59/59 2/2 17/17
f 104/104 128/128 122/122
f 97/97 75/75 9/9
f 71/71 1/1 6/6
f 51/51 34/34 5/5
f 113/113 127/127 63/63
f 65/65 4/4 26/26
f 103/103 16/16 58/58
f 100/100 78/78 54/54
f 3/3 49/49 104/104
f 115/115 36/36 128/128
f 54/54 20/20 97/97
f 128/128 122/122 25/25
f 35/35 96/96 126/126
f 75/75 65/65 33/33
f 126/126 1/1 100/100
f 128/128 47/47 92/92
f 128/128 8/8 70/70
f 65/65 65/65 122/122
f 101/101 46/46 76/76
f 40/40 109/109 98/98
f 40/40 33/33 9/9
f 4/4 76/76 123/123
f 113/113 75/75 7/7
f 101/101 74/74 6/6
f 118/118 57/57 33/33
f 104/104 29/29 34/34
f 34/34 73/73 101/101
f 9/9 76/76 125/125
f 86/86 86/86 87/87
f 128/128 122/122 25/25
f 91/91 10/10 65/65
f 97/97 9/9 10/10
f 55/55 42/42 55/55
f 23/23 6/6 65/65
f 102/102 128/128 80/80
f 49/49 14/14 61/61
f 3/3 14/14 117/117
f 15/15 6/6 2/2
f 39/39 30/30 1/1
f 65/65 65/65 90/90
f 55/55 36/36 125/125
f 85/85 18/18 104/104
f 30/30 1/1 5/5
f 49/49 68/68 22/22
f 122/122 25/25 97/97
f 74/74 90/90 85/85
f 43/43 14/14 27/27
f 90/90 30/30 16/16
f 65/65 110/110 109/109
f 36/36 88/88 78/78
f 99/99 110/110 128/128
f 57/57 34/34 4/4
f 14/14 56/56 65/65
f 76/76 116/116 30/30
f 84/84 75/75 60/60
f 30/30 1/1 1/1
f 5/5 56/56 56/56
f 6/6 50/50 13/13
f 79/79 89/89 1/1
f 39/39 1/1 4/4
f 77/77 5/5 102/102
f 39/39 30/30 1/1
f 65/65 65/65 72/72
f 65/65 65/65 75/75
f 55/55 38/38 57/57
f 126/126 85/85 110/110
f 39/39 24/24 118/118
f 65/65 99/99 1/1
f 20/20 26/26 6/6
f 16/16 76/76 44/44
f 93/93 51/51 112/112
f 65/65 73/73 78/78
f 39/39 66/66 39/39
f 109/109 76/76 122/122
f 115/115 101/101 111/111
f 93/93 35/35 93/93
f 13/13 108/108 73/73
f 23/23 107/107 37/37
f 33/33 92/92 110/110
f 120/120 123/123 3/3
f 1/1 31/31 42/42
f 17/17 1/1 17/17
f 4/4 13/13 64/64
f 75/75 85/85 1/1
f 69/69 80/80 113/113
f 35/35 88/88 56/56
f 84/84 116/116 40/40
f 75/75 83/83 25/25
f 29/29 101/101 1/1
f 63/63 15/15 118/118
f 78/78 77/77 109/109
f 106/106 77/77 109/109
f 72/72 37/37 41/41
f 28/28 69/69 97/97
f 25/25 3/3 42/42
f 62/62 111/111 84/84
f 38/38 2/2 33/33
f 121/121 74/74 56/56
f 4/4 12/12 64/64
f 66/66 84/84 64/64
f 47/47 28/28 99/99
f 32/32 123/123 80/80
f 61/61 56/56 71/71
f 94/94 123/123 29/29
f 49/49 122/122 65/65
f 121/121 14/14 86/86
f 125/125 8/8 88/88
f 90/90 26/26 63/63
f 56/56 75/75 9/9
f 30/30 50/50 117/117
f 50/50 13/13 101/101
f 21/21 81/81 1/1
f 14/14 15/15 106/106
f 8/8 94/94 38/38
f 87/87 29/29 107/107
f 1/1 1/1 1/1
f 6/6 33/33 26/26
f 95/95 73/73 4/4
f 69/69 33/33 44/44
f 5/5 67/67 74/74
f 117/117 96/96 53/53
f 45/45 79/79 64/64
f 45/45 6/6 6/6
f 117/117 96/96 21/21
f 41/41 13/13 92/92
f 85/85 37/37 23/23
f 70/70 50/50 121/121
f 75/75 58/58 54/54
f 39/39 30/30 1/1
f 58/58 115/115 53/53
f 33/33 82/82 79/79
f 27/27 22/22 53/53
f 65/65 65/65 75/75
f 65/65 65/65 76/76
f 120/120 33/33 46/46
f 5/5 128/128 122/122
f 42/42 117/117 75/75
f 64/64 128/128 59/59
f 27/27 88/88 65/65
f 97/97 30/30 74/74
f 51/51 97/97 50/50
f 14/14 93/93 80/80
f 49/49 4/4 24/24
f 16/16 45/45 97/97
f 26/26 18/18 45/45
f 97/97 101/101 1/1
f 95/95 105/105 11/11
f 96/96 75/75 38/38
f 91/91 91/91 41/41
f 125/125 33/33 94/94
f 66/66 56/56 71/71
f 87/87 93/93 30/30
f 41/41 101/101 40/40
f 79/79 128/128 18/18
f 84/84 43/43 128/128
f 24/24 94/94 92/92
f 102/102 107/107 89/89
f 83/83 113/113 100/100
f 104/104 49/49 118/118
f 113/113 3/3 27/27
f 48/48 127/127 91/91
f 122/122 25/25 97/97
f 124/124 19/19 59/59
f 34/34 110/110 29/29
f 111/111 10/10 75/75
f 103/103 21/21 109/109
f 44/44 1/1 10/10
f 66/66 43/43 78/78
f 90/90 7/7 75/75
f 8/8 38/38 41/41
f 87/87 94/94 27/27
f 98/98 21/21 10/10
f 38/38 128/128 122/122
f 10/10 19/19 17/17
f 128/128 128/128 128/128
f 73/73 51/51 48/48
f 44/44 7/7 65/65
f 58/58 96/96 128/128
f 64/64 128/128 30/30
f 1/1 128/128 122/122
f 97/97 37/37 8/8
f 16/16 11/11 110/110
f 1/1 39/39 21/21
f 121/121 5/5 36/36
f 126/126 75/75 21/21
f 12/12 115/115 41/41
f 81/81 57/57 24/24
f 65/65 102/102 20/20
f 19/19 91/91 81/81
f 127/127 39/39 31/31
f 69/69 27/27 90/90
f 73/73 33/33 100/100
f 21/21 22/22 74/74
f 71/71 76/76 14/14
f 74/74 29/29 108/108
f 42/42 69/69 68/68
f 91/91 64/64 26/26
f 109/109 47/47 82/82
f 84/84 50/50 99/99
f 15/15 76/76 28/28
f 58/58 47/47 74/74
f 44/44 54/54 108/108
f 64/64 34/34 19/19
f 119/119 70/70 16/16
f 122/122 25/25 97/97
f 38/38 93/93 92/92
f 13/13 54/54 106/106
f 89/89 13/13 87/87
f 14/14 36/36 73/73
f 126/126 26/26 124/124
f 58/58 47/47 81/81
f 104/104 98/98 117/117
f 17/17 11/11 24/24
f 35/35 67/67 99/99
f 95/95 65/65 94/94
f 114/114 75/75 50/50
f 59/59 99/99 115/115
f 97/97 50/50 64/64
f 34/34 89/89 102/102
f 119/119 45/45 9/9
f 24/24 9/9 30/30
f 36/36 35/35 100/100
f 30/30 17/17 22/22
f 59/59 1/1 117/117
f 75/75 51/51 66/66
f 112/112 90/90 18/18
f 38/38 79/79 39/39
f 121/121 13/13 36/36
f 32/32 86/86 33/33
f 108/108 50/50 33/33
f 118/118 56/56 107/107
f 109/109 49/49 127/127
f 41/41 128/128 44/44
f 117/117 33/33 36/36
f 32/32 83/83 16/16
f 105/105 1/1 104/104
f 38/38 99/99 25/25
f 10/10 30/30 100/100
f 61/61 128/128 122/122
f 35/35 69/69 69/69
f 49/49 35/35 14/14
f 32/32 128/128 127/127
f 85/85 66/66 10/10
f 70/70 10/10 30/30
f 84/84 111/111 47/47
f 112/112 54/54 31/31
f 58/58 85/85 48/48
f 3/3 21/21 101/101
f 30/30 92/92 107/107
f 69/69 74/74 33/33
f 61/61 75/75 50/50
f 54/54 14/14 62/62
f 26/26 40/40 61/61
f 120/120 33/33 97/97
f 98/98 88/88 39/39
f 109/109 61/61 99/99
f 75/75 97/97 34/34
f 127/127 103/103 92/92
f 33/33 49/49 97/97
f 19/19 48/48 124/124
f 12/12 128/128 122/122
f 97/97 40/40 8/8
f 109/109 49/49 35/35
f 32/32 118/118 10/10
f 2/2 65/65 57/57
f 32/32 23/23 116/116
f 89/89 51/51 37/37
f 29/29 66/66 119/119
f 61/61 63/63 6/6
f 66/66 49/49 123/123
f 65/65 112/112 104/104
f 93/93 112/112 123/123
f 85/85 21/21 111/111
f 100/100 80/80 47/47
f 37/37 118/118 12/12
f 125/125 72/72 2/2
f 52/52 25/25 35/35
f 25/25 67/67 20/20
f 25/25 103/103 56/56
f 109/109 8/8 105/105
f 121/121 35/35 14/14
f 3/3 24/24 107/107
f 66/66 73/73 89/89
f 105/105 38/38 2/2
f 61/61 62/62 36/36
f 87/87 18/18 66/66
f 7/7 117/117 3/3
f 122/122 25/25 97/97
f 110/110 2/2 99/99
f 54/54 41/41 72/72
f 102/102 35/35 99/99
f 116/116 10/10 53/53
f 69/69 17/17 1/1
f 122/122 27/27 14/14
f 3/3 51/51 64/64
f 125/125 28/28 13/13
f 15/15 63/63 23/23
f 92/92 29/29 93/93
f 83/83 42/42 33/33
f 36/36 114/114 16/16
f 3/3 126/126 79/79
f 15/15 86/86 73/73
f 37/37 88/88 124/124
f 73/73 21/21 20/20
f 65/65 60/60 41/41
f 49/49 101/101 104/104
f 37/37 99/99 39/39
f 1/1 3/3 65/65
f 3/3 5/5 12/12
f 55/55 128/128 122/122
f 97/97 91/91 9/9
f 1/1 118/118 110/110
f 63/63 58/58 17/17
f 65/65 65/65 75/75
f 1/1 128/128 122/122
f 10/10 51/51 24/24
f 73/73 85/85 51/51
f 112/112 60/60 66/66
f 102/102 77/77 6/6
f 65/65 29/29 79/79
f 5/5 66/66 1/1
f 65/65 65/65 74/74
f 45/45 100/100 3/3
f 11/11 104/104 22/22
f 77/77 59/59 16/16
f 80/80 128/128 54/54
f 70/70 128/128 122/122
f 105/105 65/65 1/1
f 47/47 70/70 52/52
f 3/3 33/33 19/19
f 118/118 77/77 19/19
f 104/104 23/23 7/7
f 103/103 10/10 35/35
f 41/41 94/94 42/42
f 34/34 33/33 3/3
f 11/11 89/89 36/36
f 108/108 117/117 6/6
f 122/122 25/25 97/97
f 122/122 19/19 103/103
f 32/32 58/58 6/6
f 111/111 100/100 101/101
f 17/17 1/1 31/31
f 18/18 76/76 55/55
f 67/67 109/109 82/82
f 2/2 82/82 43/43
f 44/44 69/69 45/45
f 79/79 76/76 4/4
f 66/66 10/10 8/8
f 128/128 122/122 25/25
f 73/73 10/10 101/101
f 68/68 43/43 121/121
f 52/52 102/102 85/85
f 32/32 50/50 61/61
f 97/97 34/34 20/20
f 106/106 14/14 2/2
f 7/7 64/64 27/27
f 33/33 104/104 17/17
f 121/121 16/16 109/109
f 114/114 34/34 34/34
f 29/29 109/109 112/112
f 103/103 48/48 78/78
f 12/12 93/93 87/87
f 110/110 69/69 83/83
f 82/82 86/86 82/82
f 1/1 49/49 14/14
f 104/104 58/58 67/67
f 31/31 48/48 116/116
f 69/69 71/71 109/109
f 89/89 120/120 91/91
f 11/11 3/3 83/83
f 16/16 98/98 31/31
f 24/24 116/116 73/73
f 69/69 43/43 116/116
f 99/99 1/1 20/20
f 34/34 33/33 24/24
f 101/101 115/115 6/6
f 99/99 115/115 9/9
f 105/105 106/106 81/81
f 29/29 103/103 93/93
f 123/123 85/85 41/41
f 7/7 48/48 110/110
f 59/59 55/55 102/102
f 113/113 84/84 6/6
f 87/87 89/89 86/86
f 2/2 10/10 106/106
f 86/86 97/97 6/6
f 3/3 59/59 10/10
f 122/122 7/7 56/56
f 56/56 30/30 60/60
f 73/73 2/2 55/55
f 26/26 9/9 58/58
f 73/73 72/72 61/61
f 102/102 38/38 114/114
f 20/20 110/110 110/110
f 66/66 68/68 58/58
f 54/54 30/30 79/79
f 58/58 80/80 110/110
f 53/53 67/67 2/2
f 58/58 3/3 66/66
f 65/65 65/65 79/79
f 1/1 128/128 122/122
f 18/18 49/49 5/5
f 49/49 101/101 81/81
f 50/50 24/24 67/67
f 12/12 17/17 25/25
f 128/128 122/122 25/25
f 3/3 50/50 70/70
f 73/73 104/104 23/23
f 2/2 5/5 101/101
f 98/98 77/77 40/40
f 25/25 55/55 39/39
f 81/81 1/1 22/22
f 27/27 127/127 60/60
f 37/37 57/57 51/51
f 45/45 124/124 62/62
f 128/128 40/40 116/116
f 123/123 45/45 32/32
f 43/43 9/9 16/16
f 102/102 92/92 105/105
f 104/104 45/45 26/26
f 122/122 25/25 97/97
f 1/1 96/96 32/32
f 66/66 9/9 8/8
f 66/66 2/2 76/76
f 8/8 46/46 67/67
f 71/71 14/14 6/6
f 77/77 72/72 95/95
f 125/125 30/30 77/77
f 65/65 19/19 17/17
f 77/77 98/98 22/22
f 68/68 50/50 69/69
f 25/25 91/91 121/121
f 91/91 55/55 128/128
f 2/2 34/34 1/1
f 4/4 90/90 14/14
f 11/11 88/88 23/23
f 119/119 63/63 21/21
f 8/8 120/120 116/116
f 57/57 43/43 21/21
f 87/87 128/128 91/91
f 19/19 71/71 102/102
f 78/78 81/81 77/77
f 83/83 82/82 5/5
f 109/109 7/7 50/50
f 25/25 122/122 128/128
f 14/14 20/20 78/78
f 4/4 5/5 121/121
f 87/87 81/81 2/2
f 69/69 58/58 7/7
f 27/27 113/113 41/41
f 94/94 65/65 81/81
f 70/70 95/95 33/33
f 54/54 127/127 126/126
f 13/13 19/19 66/66
f 33/33 51/51 1/1
f 6/6 90/90 42/42
f 50/50 67/67 23/23
f 11/11 26/26 65/65
f 35/35 65/65 16/16
f 89/89 50/50 79/79
f 21/21 67/67 45/45
f 26/26 96/96 38/38
f 126/126 61/61 35/35
f 91/91 40/40 124/124
f 123/123 80/80 128/128
f 73/73 58/58 54/54
f 65/65 76/76 29/29
f 110/110 17/17 1/1
f 116/116 16/16 20/20
f 2/2 67/67 81/81
f 65/65 119/119 126/126
f 15/15 97/97 77/77
f 57/57 43/43 51/51
f 102/102 43/43 66/66
f 22/22 12/12 49/49
f 26/26 22/22 3/3
f 8/8 127/127 9/9
f 74/74 89/89 80/80
f 39/39 68/68 78/78
f 58/58 84/84 20/20
f 97/97 88/88 37/37
f 113/113 127/127 82/82
f 81/81 93/93 94/94
f 109/109 33/33 10/10
f 98/98 128/128 122/122
f 9/9 46/46 25/25
f 57/57 17/17 41/41
f 9/9 22/22 47/47
f 4/4 128/128 122/122
f 97/97 99/99 8/8
f 35/35 1/1 73/73
f 2/2 79/79 68/68
f 105/105 62/62 67/67
f 55/55 14/14 127/127
f 62/62 17/17 11/11
f 62/62 86/86 103/103
f 54/54 10/10 77/77
f 115/115 66/66 44/44
f 38/38 30/30 69/69
f 48/48 64/64 119/119
f 3/3 58/58 103/103
f 46/46 84/84 12/12
f 122/122 25/25 97/97
f 45/45 128/128 67/67
f 121/121 16/16 3/3
f 123/123 108/108 69/69
f 8/8 99/99 95/95
f 34/34 41/41 70/70
f 39/39 96/96 128/128
f 55/55 22/22 96/96
f 104/104 12/12 29/29
f 123/123 1/1 19/19
f 66/66 8/8 127/127
f 128/128 2/2 67/67
f 97/97 58/58 72/72
f 61/61 45/45 78/78
f 4/4 48/48 3/3
f 42/42 68/68 52/52
f 36/36 107/107 120/120
f 125/125 37/37 99/99
f 27/27 15/15 7/7
f 42/42 88/88 21/21
f 19/19 63/63 42/42
f 105/105 16/16 112/112
f 33/33 4/4 112/112
f 75/75 40/40 56/56
f 126/126 32/32 128/128
f 111/111 128/128 122/122
f 121/121 104/104 116/116
f 65/65 47/47 10/10
f 78/78 55/55 1/1
f 127/127 121/121 53/53
f 7/7 98/98 25/25
f 121/121 62/62 72/72
f 119/119 82/82 33/33
f 72/72 3/3 5/5
f 121/121 102/102 104/104
f 2/2 33/33 55/55
f 69/69 96/96 36/36
f 118/118 128/128 122/122
f 81/81 64/64 25/25
f 39/39 3/3 36/36
f 121/121 90/90 59/59
f 95/95 48/48 62/62
f 30/30 98/98 70/70
f 71/71 54/54 128/128
f 126/126 62/62 72/72
f 68/68 128/128 43/43
f 37/37 97/97 19/19
f 68/68 62/62 80/80
f 42/42 12/12 52/52
f 23/23 76/76 78/78
f 67/67 109/109 13/13
f 48/48 128/128 3/3
f 40/40 86/86 33/33
f 8/8 73/73 23/23
f 24/24 117/117 10/10
f 9/9 22/22 1/1
f 38/38 89/89 31/31
f 28/28 50/50 92/92
f 92/92 109/109 15/15
f 35/35 42/42 8/8
f 39/39 65/65 124/124
f 76/76 6/6 78/78
f 1/1 1/1 1/1
f 65/65 33/33 29/29
f 64/64 66/66 52/52
f 12/12 26/26 54/54
f 1/1 99/99 6/6
f 53/53 67/67 92/92
f 52/52 99/99 97/97
f 13/13 14/14 43/43
f 42/42 45/45 16/16
f 116/116 20/20 58/58
f 23/23 7/7 45/45
f 32/32 128/128 128/128
f 56/56 64/64 15/15
f 35/35 100/100 2/2
f 80/80 38/38 83/83
f 96/96 67/67 28/28
f 35/35 75/75 111/111
f 50/50 38/38 44/44
f 51/51 22/22 106/106
f 91/91 128/128 122/122
f 18/18 35/35 14/14
f 23/23 92/92 5/5
f 26/26 5/5 110/110
f 69/69 114/114 31/31
f 42/42 124/124 114/114
f 14/14 64/64 34/34
f 12/12 41/41 2/2
f 39/39 112/112 77/77
f 66/66 128/128 122/122
f 3/3 48/48 80/80
f 34/34 42/42 11/11
f 94/94 23/23 55/55
f 35/35 99/99 52/52
f 102/102 54/54 7/7
f 74/74 109/109 69/69
f 74/74 90/90 100/100
f 50/50 48/48 20/20
f 78/78 119/119 91/91
f 82/82 56/56 21/21
f 54/54 37/37 68/68
f 58/58 51/51 108/108
f 88/88 126/126 80/80
f 124/124 124/124 106/106
f 7/7 50/50 126/126
f 94/94 85/85 119/119
f 127/127 41/41 23/23
f 14/14 85/85 95/95
f 76/76 52/52 54/54
f 9/9 43/43 115/115
f 122/122 25/25 97/97
f 65/65 4/4 65/65
f 124/124 128/128 122/122
f 97/97 107/107 9/9
f 4/4 30/30 85/85
f 101/101 20/20 128/128
f 68/68 71/71 5/5
f 1/1 1/1 2/2
f 73/73 2/2 61/61
f 39/39 26/26 49/49
f 14/14 98/98 14/14
f 39/39 67/67 71/71
f 47/47 43/43 125/125
f 34/34 49/49 123/123
f 78/78 119/119 94/94
f 45/45 127/127 4/4
f 3/3 127/127 47/47
f 94/94 47/47 117/117
f 38/38 106/106 101/101
f 2/2 98/98 33/33
f 55/55 127/127 43/43
f 65/65 105/105 58/58
f 69/69 2/2 108/108
f 8/8 69/69 67/67
f 101/101 22/22 65/65
f 50/50 24/24 99/99
f 43/43 99/99 63/63
f 42/42 105/105 95/95
f 9/9 50/50 68/68
f 45/45 18/18 53/53
f 40/40 1/1 79/79
f 105/105 110/110 99/99
f 59/59 127/127 78/78
f 59/59 99/99 104/104
f 2/2 18/18 98/98
f 35/35 108/108 82/82
f 66/66 79/79 75/75
f 57/57 51/51 15/15
f 3/3 86/86 57/57
f 74/74 80/80 37/37
f 87/87 31/31 94/94
f 71/71 17/17 62/62
f 81/81 91/91 67/67
f 86/86 30/30 36/36
f 60/60 19/19 29/29
f 3/3 98/98 67/67
f 33/33 73/73 103/103
f 9/9 117/117 20/20
f 47/47 102/102 60/60
f 97/97 107/107 99/99
f 49/49 53/53 111/111
f 116/116 73/73 95/95
f 114/114 28/28 81/81
f 61/61 100/100 125/125
f 108/108 122/122 118/118
f 5/5 42/42 62/62
f 49/49 81/81 82/82
f 27/27 98/98 64/64
f 79/79 25/25 126/126
f 37/37 69/69 80/80
f 25/25 11/11 27/27
f 125/125 101/101 122/122
f 113/113 77/77 118/118
f 48/48 61/61 88/88
f 19/19 101/101 97/97
f 108/108 94/94 56/56
f 15/15 31/31 107/107
f 34/34 17/17 89/89
f 47/47 106/106 70/70
f 5/5 97/97 47/47
f 17/17 7/7 73/73
f 58/58 126/126 30/30
f 64/64 2/2 28/28
f 17/17 22/22 58/58
f 116/116 30/30 72/72
f 72/72 91/91 119/119
f 24/24 102/102 102/102
f 115/115 65/65 128/128
f 84/84 128/128 122/122
f 97/97 105/105 8/8
f 42/42 64/64 128/128
f 1/1 1/1 93/93
f 20/20 128/128 122/122
f 114/114 5/5 8/8
f 122/122 25/25 97/97
f 33/33 65/65 51/51
f 69/69 21/21 93/93
f 42/42 36/36 51/51
f 115/115 74/74 24/24
f 40/40 33/33 85/85
f 61/61 6/6 34/34
f 10/10 89/89 8/8
f 27/27 43/43 114/114
f 84/84 13/13 77/77
f 85/85 110/110 58/58
f 88/88 108/108 105/105
f 3/3 128/128 122/122
f 97/97 59/59 7/7
f 120/120 82/82 25/25
f 35/35 128/128 122/122
f 44/44 52/52 104/104
f 33/33 128/128 52/52
f 80/80 20/20 17/17
f 80/80 11/11 93/93
f 73/73 37/37 119/119
f 102/102 84/84 49/49
f 123/123 102/102 52/52
f 6/6 5/5 69/69
f 16/16 77/77 100/100
f 16/16 36/36 92/92
f 99/99 34/34 63/63
f 98/98 102/102 27/27
f 1/1 17/17 18/18
f 46/46 65/65 38/38
f 41/41 118/118 89/89
f 109/109 40/40 103/103
f 7/7 87/87 113/113
f 69/69 111/111 40/40
f 120/120 128/128 128/128
f 57/57 48/48 68/68
f 99/99 11/11 12/12
f 20/20 88/88 19/19
f 93/93 32/32 8/8
f 79/79 128/128 122/122
f 50/50 51/51 85/85
f 95/95 39/39 83/83
f 69/69 40/40 75/75
f 112/112 122/122 122/122
f 118/118 82/82 32/32
f 17/17 52/52 38/38
f 101/101 80/80 34/34
f 1/1 3/3 14/14
f 73/73 39/39 124/124
f 3/3 67/67 65/65
f 41/41 5/5 128/128
f 43/43 58/58 68/68
f 92/92 19/19 110/110
f 42/42 128/128 126/126
f 10/10 9/9 65/65
f 41/41 128/128 122/122
f 46/46 58/58 55/55
f 28/28 87/87 98/98
f 64/64 69/69 41/41
f 87/87 33/33 55/55
f 125/125 102/102 3/3
f 29/29 27/27 7/7
f 2/2 56/56 126/126
f 61/61 15/15 109/109
f 22/22 75/75 126/126
f 18/18 80/80 42/42
f 29/29 99/99 33/33
f 7/7 3/3 28/28
f 110/110 68/68 76/76
f 102/102 55/55 81/81
f 66/66 15/15 112/112
f 10/10 67/67 64/64
f 16/16 35/35 2/2
f 67/67 39/39 30/30
f 126/126 96/96 108/108
f 107/107 4/4 53/53
f 103/103 128/128 122/122
f 24/24 8/8 38/38
f 27/27 68/68 21/21
f 34/34 6/6 18/18
f 126/126 125/125 114/114
f 46/46 31/31 127/127
f 26/26 76/76 87/87
f 93/93 36/36 89/89
f 20/20 128/128 122/122
f 128/128 22/22 72/72
f 87/87 2/2 100/100
f 19/19 25/25 128/128
f 13/13 5/5 35/35
f 42/42 62/62 120/120
f 100/100 22/22 103/103
f 8/8 63/63 121/121
f 13/13 22/22 11/11
f 60/60 127/127 56/56
f 100/100 20/20 2/2
f 54/54 82/82 34/34
f 112/112 45/45 42/42
f 81/81 5/5 20/20
f 19/19 127/127 127/127
f 122/122 37/37 19/19
f 122/122 7/7 31/31
f 21/21 127/127 49/49
f 92/92 67/67 84/84
f 73/73 66/66 27/27
f 83/83 126/126 32/32
f 3/3 117/117 74/74
f 38/38 2/2 65/65
f 71/71 55/55 8/8
f 1/1 26/26 109/109
f 12/12 126/126 15/15
f 71/71 128/128 128/128
f 77/77 40/40 82/82
f 35/35 14/14 128/128
f 41/41 31/31 9/9
f 66/66 128/128 122/122
f 97/97 108/108 10/10
f 9/9 40/40 65/65
f 95/95 43/43 92/92
f 78/78 117/117 33/33
f 4/4 67/67 9/9
f 3/3 120/120 86/86
f 114/114 101/101 3/3
f 126/126 119/119 43/43
f 7/7 57/57 5/5
f 64/64 13/13 39/39
f 29/29 77/77 41/41
f 92/92 97/97 83/83
f 128/128 58/58 65/65
f 20/20 20/20 121/121
f 3/3 119/119 103/103
f 107/107 97/97 25/25
f 65/65 40/40 125/125
f 11/11 111/111 103/103
f 3/3 128/128 122/122
f 97/97 81/81 8/8
f 68/68 128/128 103/103
f 79/79 99/99 108/108
f 47/47 82/82 113/113
f 5/5 38/38 110/110
f 69/69 45/45 17/17
f 4/4 53/53 107/107
f 33/33 31/31 29/29
f 88/88 70/70 88/88
f 94/94 49/49 17/17
f 77/77 128/128 31/31
f 125/125 37/37 17/17
f 91/91 19/19 84/84
f 47/47 105/105 73/73
f 5/5 68/68 107/107
f 62/62 64/64 19/19
f 103/103 125/125 99/99
f 113/113 39/39 90/90
f 121/121 102/102 40/40
f 92/92 37/37 48/48
f 38/38 59/59 16/16
f 21/21 127/127 3/3
f 3/3 10/10 55/55
f 21/21 126/126 112/112
f 60/60 37/37 67/67
f 77/77 24/24 20/20
f 25/25 32/32 81/81
f 111/111 60/60 65/65
f 73/73 122/122 6/6
f 105/105 105/105 99/99
f 128/128 27/27 92/92
f 121/121 113/113 102/102
f 57/57 119/119 115/115
f 99/99 107/107 36/36
f 109/109 59/59 1/1
f 116/116 110/110 98/98
f 11/11 58/58 42/42
f 46/46 90/90 3/3
f 117/117 22/22 99/99
f 56/56 110/110 28/28
f 100/100 31/31 36/36
f 4/4 84/84 128/128
f 17/17 81/81 32/32
f 121/121 98/98 35/35
f 64/64 93/93 87/87
f 107/107 21/21 8/8
f 8/8 112/112 82/82
f 6/6 29/29 70/70
f 8/8 21/21 1/1
f 46/46 61/61 83/83
f 126/126 16/16 59/59
f 108/108 44/44 11/11
f 90/90 84/84 7/7
f 118/118 86/86 35/35
f 74/74 6/6 2/2
f 107/107 68/68 107/107
f 104/104 115/115 126/126
f 75/75 44/44 30/30
f 65/65 81/81 9/9
f 9/9 3/3 74/74
f 60/60 2/2 8/8
f 10/10 71/71 87/87
f 126/126 106/106 87/87
f 117/117 94/94 64/64
f 118/118 115/115 86/86
f 1/1 38/38 79/79
f 83/83 38/38 93/93
f 105/105 3/3 11/11
f 128/128 72/72 45/45
f 87/87 45/45 75/75
f 47/47 105/105 37/37
f 75/75 50/50 1/1
f 69/69 66/66 63/63
f 100/100 37/37 31/31
f 34/34 49/49 120/120
f 66/66 33/33 107/107
f 40/40 101/101 11/11
f 103/103 104/104 43/43
f 29/29 38/38 102/102
f 65/65 50/50 19/19
f 119/119 128/128 122/122
f 24/24 126/126 25/25
f 6/6 108/108 88/88
f 79/79 16/16 101/101
f 25/25 68/68 122/122
f 34/34 113/113 33/33
f 19/19 98/98 70/70
f 74/74 121/121 95/95
f 66/66 19/19 3/3
f 110/110 23/23 13/13
f 90/90 93/93 60/60
f 43/43 123/123 71/71
f 29/29 90/90 121/121
f 28/28 82/82 67/67
f 37/37 5/5 90/90
f 66/66 103/103 21/21
f 14/14 11/11 41/41
f 7/7 71/71 100/100
f 66/66 66/66 66/66
f 109/109 102/102 33/33
f 41/41 121/121 106/106
f 35/35 22/22 83/83
f 82/82 42/42 63/63
f 54/54 59/59 26/26
f 81/81 128/128 122/122
f 13/13 118/118 29/29
f 105/105 49/49 106/106
f 8/8 77/77 56/56
f 24/24 79/79 119/119
f 84/84 1/1 12/12
f 67/67 98/98 9/9
f 5/5 90/90 114/114
f 53/53 41/41 52/52
f 33/33 120/120 65/65
f 9/9 53/53 97/97
f 39/39 127/127 75/75
f 78/78 18/18 43/43
f 49/49 89/89 99/99
f 3/3 53/53 79/79
f 93/93 128/128 122/122
f 1/1 11/11 103/103
f 73/73 103/103 87/87
f 77/77 127/127 85/85
f 98/98 1/1 105/105
f 93/93 8/8 108/108
f 107/107 54/54 82/82
f 36/36 128/128 111/111
f 61/61 98/98 25/25
f 71/71 91/91 95/95
f 14/14 102/102 84/84
f 7/7 81/81 125/125
f 7/7 93/93 29/29
f 66/66 19/19 100/100
f 1/1 81/81 113/113
f 11/11 90/90 106/106
f 14/14 96/96 86/86
f 32/32 83/83 82/82
f 128/128 128/128 107/107
f 49/49 68/68 22/22
f 80/80 110/110 65/65
f 99/99 118/118 56/56
f 126/126 85/85 1/1
f 12/12 128/128 122/122
f 105/105 81/81 67/67
f 40/40 89/89 57/57
f 71/71 93/93 82/82
f 74/74 4/4 128/128
f 13/13 33/33 13/13
f 75/75 39/39 98/98
f 46/46 103/103 107/107
f 47/47 1/1 43/43
f 34/34 96/96 74/74
f 23/23 52/52 54/54
f 62/62 3/3 12/12
f 96/96 68/68 63/63
f 83/83 41/41 52/52
f 73/73 1/1 125/125
f 126/126 85/85 3/3
f 6/6 97/97 59/59
f 50/50 68/68 50/50
f 111/111 94/94 128/128
f 9/9 61/61 25/25
f 81/81 122/122 15/15
f 64/64 122/122 9/9
f 19/19 60/60 114/114
f 85/85 82/82 23/23
f 51/51 27/27 62/62
f 9/9 87/87 124/124
f 64/64 40/40 126/126
f 17/17 2/2 49/49
f 67/67 122/122 74/74
f 24/24 44/44 82/82
f 47/47 52/52 60/60
f 58/58 4/4 56/56
f 28/28 8/8 1/1
f 41/41 92/92 15/15
f 67/67 95/95 63/63
f 86/86 70/70 111/111
f 126/126 106/106 28/28
f 120/120 82/82 37/37
f 35/35 105/105 5/5
f 9/9 72/72 50/50
f 1/1 117/117 75/75
f 112/112 31/31 36/36
f 93/93 7/7 74/74
f 115/115 98/98 24/24
f 108/108 16/16 78/78
f 72/72 1/1 10/10
f 55/55 37/37 87/87
f 69/69 66/66 35/35
f 23/23 27/27 128/128
f 106/106 63/63 114/114
f 41/41 59/59 109/109
f 65/65 27/27 112/112
f 19/19 29/29 11/11
f 52/52 3/3 124/124
f 31/31 115/115 90/90
f 64/64 43/43 51/51
f 43/43 40/40 84/84
f 33/33 55/55 128/128
f 26/26 97/97 47/47
f 1/1 98/98 40/40
f 113/113 97/97 76/76
f 65/65 91/91 31/31
f 70/70 89/89 66/66
f 3/3 77/77 113/113
f 11/11 82/82 40/40
f 105/105 92/92 4/4
f 13/13 33/33 17/17
f 127/127 85/85 116/116
f 73/73 55/55 104/104
f 20/20 70/70 21/21
f 21/21 29/29 61/61
f 42/42 40/40 37/37
f 82/82 65/65 124/124
f 6/6 9/9 63/63
f 115/115 5/5 113/113
f 53/53 128/128 38/38
f 9/9 66/66 67/67
f 110/110 70/70 76/76
f 37/37 75/75 22/22
f 20/20 56/56 25/25
f 3/3 112/112 23/23
f 3/3 81/81 94/94
f 93/93 103/103 88/88
f 102/102 64/64 25/25
f 65/65 4/4 107/107
f 9/9 55/55 58/58
f 66/66 46/46 104/104
f 92/92 128/128 104/104
f 113/113 6/6 51/51
f 88/88 102/102 61/61
f 65/65 83/83 111/111
f 74/74 74/74 48/48
f 19/19 23/23 29/29
f 1/1 29/29 40/40
f 56/56 70/70 90/90
f 122/122 26/26 97/97
f 125/125 102/102 82/82
f 73/73 63/63 90/90
f 101/101 77/77 61/61
f 107/107 88/88 85/85
f 126/126 114/114 53/53
f 111/111 121/121 99/99
f 85/85 86/86 108/108
f 98/98 85/85 12/12
f 32/32 10/10 55/55
f 124/124 85/85 118/118
f 10/10 5/5 78/78
f 112/112 56/56 17/17
f 85/85 74/74 27/27
f 27/27 123/123 85/85
f 117/117 88/88 110/110
f 106/106 23/23 38/38
f 7/7 27/27 120/120
f 100/100 45/45 72/72
f 38/38 57/57 30/30
f 3/3 60/60 18/18
f 34/34 12/12 75/75
f 66/66 128/128 122/122
f 59/59 72/72 82/82
f 123/123 92/92 90/90
f 58/58 70/70 128/128
f 82/82 58/58 100/100
f 118/118 114/114 88/88
f 73/73 54/54 23/23
f 52/52 114/114 83/83
f 67/67 50/50 76/76
f 113/113 81/81 7/7
f 82/82 74/74 111/111
f 125/125 41/41 92/92
f 128/128 122/122 25/25
f 78/78 41/41 105/105
f 119/119 87/87 21/21
f 35/35 116/116 80/80
f 127/127 78/78 124/124
f 120/120 5/5 2/2
f 61/61 67/67 15/15
f 53/53 80/80 47/47
f 13/13 14/14 22/22
f 78/78 99/99 55/55
f 3/3 25/25 25/25
f 74/74 56/56 119/119
f 22/22 68/68 43/43
f 1/1 6/6 92/92
f 16/16 71/71 103/103
f 128/128 122/122 25/25
f 34/34 4/4 23/23
f 54/54 44/44 6/6
f 75/75 35/35 106/106
f 110/110 68/68 37/37
f 25/25 98/98 81/81
f 5/5 28/28 104/104
f 36/36 50/50 53/53
f 118/118 115/115 81/81
f 75/75 94/94 12/12
f 15/15 57/57 49/49
f 121/121 128/128 127/127
f 65/65 63/63 52/52
f 48/48 21/21 76/76
f 115/115 41/41 4/4
f 16/16 8/8 88/88
f 43/43 71/71 91/91
f 106/106 43/43 61/61
f 91/91 55/55 99/99
f 19/19 70/70 119/119
f 119/119 102/102 121/121
f 111/111 7/7 2/2
f 104/104 125/125 88/88
f 7/7 2/2 3/3
f 105/105 85/85 127/127
f 113/113 17/17 41/41
f 98/98 87/87 91/91
f 13/13 108/108 36/36
f 50/50 37/37 44/44
f 122/122 54/54 20/20
f 16/16 35/35 128/128
f 25/25 97/97 65/65
f 100/100 66/66 103/103
f 86/86 19/19 4/4
f 23/23 116/116 32/32
f 33/33 6/6 64/64
f 49/49 116/116 33/33
f 65/65 79/79 104/104
f 52/52 12/12 65/65
f 105/105 10/10 102/102
f 101/101 81/81 82/82
f 22/22 80/80 13/13
f 122/122 20/20 74/74
f 34/34 115/115 18/18
f 15/15 6/6 54/54
f 70/70 66/66 22/22
f 95/95 34/34 86/86
f 49/49 13/13 123/123
f 109/109 92/92 71/71
f 113/113 18/18 50/50
f 1/1 27/27 115/115
f 56/56 103/103 43/43
f 95/95 114/114 26/26
f 17/17 22/22 103/103
f 15/15 9/9 35/35
f 109/109 96/96 43/43
f 68/68 109/109 62/62
f 67/67 84/84 126/126
f 121/121 7/7 46/46
f 86/86 69/69 55/55
f 81/81 109/109 105/105
f 22/22 92/92 23/23
f 78/78 2/2 54/54
f 50/50 69/69 35/35
f 128/128 122/122 26/26
f 65/65 7/7 125/125
f 3/3 80/80 41/41
f 84/84 40/40 6/6
f 78/78 37/37 106/106
f 81/81 48/48 92/92
f 128/128 122/122 26/26
f 66/66 8/8 69/69
f 28/28 109/109 101/101
f 3/3 38/38 15/15
f 39/39 70/70 22/22
f 116/116 92/92 77/77
f 117/117 91/91 11/11
f 103/103 102/102 81/81
f 7/7 126/126 73/73
f 35/35 122/122 87/87
f 10/10 22/22 14/14
f 116/116 15/15 124/124
f 103/103 128/128 115/115
f 12/12 69/69 28/28
f 94/94 76/76 85/85
f 19/19 64/64 25/25
f 66/66 98/98 91/91
f 25/25 26/26 98/98
f 50/50 55/55 81/81
f 59/59 38/38 52/52
f 73/73 1/1 37/37
f 23/23 86/86 19/19
f 69/69 120/120 78/78
f 72/72 26/26 108/108
f 70/70 107/107 78/78
f 64/64 84/84 47/47
f 98/98 17/17 18/18
f 52/52 39/39 1/1
f 101/101 11/11 63/63
f 57/57 104/104 83/83
f 65/65 65/65 82/82
f 121/121 81/81 64/64
f 80/80 24/24 35/35
f 73/73 29/29 106/106
f 29/29 115/115 52/52
f 117/117 102/102 91/91
f 21/21 51/51 22/22
f 41/41 1/1 5/5
f 124/124 80/80 45/45
f 19/19 45/45 59/59
f 65/65 65/65 118/118
f 103/103 82/82 10/10
f 74/74 28/28 64/64
f 6/6 69/69 114/114
f 29/29 70/70 19/19
f 57/57 33/33 81/81
f 114/114 72/72 49/49
f 95/95 1/1 74/74
f 47/47 43/43 51/51
f 65/65 65/65 83/83
f 1/1 128/128 122/122
f 39/39 125/125 51/51
f 111/111 92/92 112/112
f 11/11 109/109 74/74
f 105/105 13/13 39/39
f 65/65 110/110 76/76
f 25/25 39/39 104/104
f 65/65 65/65 104/104
f 3/3 97/97 113/113
f 8/8 8/8 23/23
f 54/54 2/2 59/59
f 65/65 65/65 79/79
f 1/1 128/128 122/122
f 103/103 8/8 91/91
f 8/8 6/6 42/42
f 30/30 1/1 3/3
f 23/23 71/71 26/26
f 94/94 116/116 53/53
f 23/23 12/12 128/128
f 51/51 49/49 104/104
f 83/83 21/21 7/7
f 28/28 18/18 6/6
f 114/114 5/5 120/120
f 57/57 127/127 118/118
f 90/90 4/4 17/17
f 57/57 128/128 128/128
f 8/8 8/8 35/35
f 83/83 34/34 70/70
f 25/25 25/25 26/26
f 34/34 111/111 97/97
f 80/80 47/47 114/114
f 22/22 56/56 110/110
f 23/23 38/38 2/2
f 77/77 52/52 50/50
f 99/99 94/94 66/66
f 65/65 78/78 99/99
f 46/46 86/86 119/119
f 67/67 5/5 18/18
f 21/21 9/9 112/112
f 122/122 25/25 97/97
f 68/68 64/64 44/44
f 115/115 33/33 110/110
f 23/23 54/54 17/17
f 108/108 27/27 61/61
f 75/75 69/69 69/69
f 83/83 7/7 46/46
f 21/21 72/72 60/60
f 108/108 67/67 120/120
f 42/42 49/49 109/109
f 69/69 111/111 94/94
f 18/18 116/116 58/58
f 48/48 91/91 92/92
f 12/12 62/62 67/67
f 79/79 83/83 72/72
f 52/52 69/69 18/18
f 82/82 21/21 41/41
f 127/127 39/39 62/62
f 67/67 60/60 87/87
f 54/54 15/15 46/46
f 68/68 90/90 103/103
f 57/57 119/119 18/18
f 93/93 28/28 87/87
f 35/35 16/16 45/45
f 21/21 65/65 1/1
f 73/73 9/9 8/8
f 64/64 35/35 63/63
f 100/100 38/38 66/66
f 80/80 89/89 121/121
f 35/35 71/71 15/15
f 96/96 78/78 91/91
f 13/13 109/109 94/94
f 74/74 78/78 65/65
f 55/55 108/108 13/13
f 46/46 89/89 77/77
f 21/21 105/105 84/84
f 116/116 127/127 79/79
f 34/34 63/63 81/81
f 90/90 128/128 123/123
f 97/97 86/86 43/43
f 88/88 105/105 101/101
f 98/98 34/34 25/25
f 18/18 97/97 7/7
f 110/110 123/123 88/88
f 65/65 113/113 6/6
f 6/6 128/128 122/122
f 103/103 113/113 108/108
f 87/87 39/39 33/33
f 40/40 12/12 58/58
f 44/44 63/63 9/9
f 60/60 128/128 123/123
f 34/34 45/45 114/114
f 39/39 58/58 31/31
f 124/124 40/40 3/3
f 99/99 31/31 53/53
f 34/34 87/87 56/56
f 66/66 106/106 22/22
f 2/2 49/49 101/101
f 52/52 41/41 88/88
f 14/14 25/25 37/37
f 26/26 99/99 67/67
f 14/14 49/49 20/20
f 122/122 25/25 97/97
f 4/4 69/69 9/9
f 14/14 29/29 8/8
f 121/121 128/128 122/122
f 97/97 93/93 8/8
f 109/109 50/50 35/35
f 103/103 16/16 24/24
f 108/108 88/88 77/77
f 34/34 20/20 47/47
f 5/5 22/22 48/48
f 53/53 97/97 29/29
f 92/92 128/128 38/38
f 91/91 4/4 17/17
f 30/30 57/57 34/34
f 80/80 128/128 122/122
f 112/112 112/112 74/74
f 107/107 1/1 90/90
f 71/71 55/55 32/32
f 122/122 102/102 108/108
f 124/124 127/127 109/109
f 89/89 68/68 38/38
f 51/51 99/99 56/56
f 39/39 35/35 107/107
f 126/126 19/19 110/110
f 43/43 63/63 23/23
f 37/37 57/57 5/5
f 33/33 74/74 34/34
f 44/44 100/100 12/12
f 43/43 75/75 120/120
f 41/41 97/97 9/9
f 56/56 128/128 57/57
f 1/1 91/91 15/15
f 14/14 30/30 81/81
f 95/95 25/25 117/117
f 121/121 60/60 36/36
f 32/32 94/94 106/106
f 37/37 50/50 36/36
f 34/34 123/123 27/27
f 20/20 116/116 69/69
f 59/59 68/68 4/4
f 50/50 109/109 105/105
f 5/5 1/1 54/54
f 27/27 19/19 90/90
f 12/12 74/74 85/85
f 65/65 65/65 70/70
f 80/80 111/111 44/44
f 90/90 84/84 86/86
f 16/16 28/28 128/128
f 11/11 25/25 128/128
f 55/55 76/76 39/39
f 113/113 99/99 99/99
f 116/116 104/104 64/64
f 36/36 126/126 33/33
f 53/53 89/89 97/97
f 85/85 26/26 65/65
f 43/43 76/76 68/68
f 83/83 52/52 16/16
f 7/7 69/69 78/78
f 6/6 99/99 41/41
f 91/91 95/95 76/76
f 7/7 10/10 17/17
f 80/80 49/49 42/42
f 65/65 65/65 73/73
f 1/1 128/128 122/122
f 3/3 11/11 79/79
f 72/72 20/20 67/67
f 65/65 65/65 73/73
f 1/1 128/128 122/122
f 65/65 55/55 78/78
f 7/7 34/34 72/72
f 55/55 45/45 93/93
f 84/84 82/82 72/72
f 95/95 76/76 15/15
f 116/116 96/96 122/122
f 123/123 52/52 56/56
f 19/19 110/110 101/101
f 21/21 26/26 69/69
f 111/111 90/90 128/128
f 26/26 97/97 111/111
f 47/47 29/29 62/62
f 66/66 32/32 8/8
f 34/34 34/34 17/17
f 38/38 88/88 77/77
f 47/47 71/71 72/72
f 69/69 1/1 4/4
f 91/91 90/90 94/94
f 23/23 13/13 12/12
f 32/32 39/39 36/36
f 116/116 92/92 121/121
f 104/104 69/69 55/55
f 117/117 48/48 110/110
f 47/47 6/6 102/102
f 46/46 35/35 62/62
f 12/12 123/123 54/54
f 128/128 105/105 128/128
f 128/128 11/11 67/67
f 106/106 117/117 17/17
f 45/45 97/97 15/15
f 64/64 48/48 125/125
f 9/9 65/65 43/43
f 89/89 80/80 42/42
f 32/32 81/81 96/96
f 76/76 95/95 112/112
f 96/96 127/127 62/62
f 3/3 35/35 45/45
f 103/103 22/22 55/55
f 22/22 90/90 86/86
f 16/16 53/53 34/34
f 17/17 68/68 21/21
f 38/38 28/28 99/99
f 31/31 99/99 18/18
f 87/87 16/16 16/16
f 69/69 116/116 53/53
f 59/59 121/121 52/52
f 49/49 113/113 1/1
f 90/90 42/42 96/96
f 117/117 101/101 18/18
f 88/88 2/2 10/10
f 43/43 9/9 52/52
f 13/13 72/72 76/76
f 87/87 80/80 16/16
f 35/35 33/33 111/111
f 101/101 119/119 12/12
f 7/7 46/46 51/51
f 36/36 36/36 48/48
f 1/1 14/14 62/62
f 64/64 110/110 34/34
f 98/98 45/45 4/4
f 8/8 31/31 8/8
f 124/124 108/108 45/45
f 97/97 57/57 46/46
f 12/12 17/17 47/47
f 33/33 102/102 60/60
f 99/99 45/45 29/29
f 70/70 53/53 10/10
f 104/104 70/70 5/5
f 120/120 70/70 31/31
f 59/59 91/91 75/75
f 26/26 96/96 112/112
f 70/70 128/128 122/122
f 97/97 88/88 8/8
f 13/13 79/79 128/128
f 67/67 83/83 43/43
f 4/4 23/23 91/91
f 101/101 52/52 90/90
f 95/95 16/16 89/89
f 79/79 60/60 70/70
f 59/59 28/28 126/126
f 32/32 79/79 105/105
f 77/77 46/46 81/81
f 3/3 2/2 119/119
f 122/122 25/25 97/97
f 38/38 50/50 33/33
f 33/33 18/18 48/48
f 107/107 7/7 85/85
f 58/58 113/113 123/123
f 17/17 1/1 17/17
f 65/65 69/69 101/101
f 5/5 1/1 7/7
f 33/33 115/115 62/62
f 109/109 20/20 64/64
f 93/93 66/66 81/81
f 86/86 20/20 75/75
f 30/30 70/70 64/64
f 98/98 68/68 68/68
f 96/96 47/47 34/34
f 73/73 116/116 127/127
f 29/29 128/128 65/65
f 117/117 45/45 105/105
f 126/126 128/128 122/122
f 97/97 79/79 8/8
f 128/128 62/62 91/91
f 68/68 18/18 105/105
f 100/100 81/81 65/65
f 68/68 82/82 118/118
f 19/19 65/65 33/33
f 64/64 49/49 118/118
f 78/78 105/105 9/9
f 5/5 15/15 10/10
f 118/118 116/116 106/106
f 77/77 63/63 9/9
f 11/11 41/41 42/42
f 110/110 127/127 111/111
f 1/1 78/78 2/2
f 84/84 99/99 66/66
f 98/98 97/97 1/1
f 1/1 122/122 4/4
f 81/81 103/103 52/52
f 6/6 21/21 38/38
f 21/21 128/128 117/117
f 97/97 91/91 117/117
f 28/28 128/128 123/123
f 109/109 123/123 41/41
f 82/82 21/21 23/23
f 34/34 14/14 125/125
f 23/23 1/1 13/13
f 91/91 83/83 70/70
f 51/51 116/116 127/127
f 65/65 96/96 116/116
f 127/127 4/4 83/83
f 99/99 99/99 59/59
f 116/116 83/83 50/50
f 39/39 30/30 1/1
f 65/65 65/65 72/72
f 85/85 23/23 24/24
f 68/68 99/99 8/8
f 74/74 37/37 34/34
f 18/18 2/2 3/3
f 108/108 107/107 16/16
f 53/53 51/51 97/97
f 42/42 81/81 41/41
f 128/128 122/122 25/25
f 49/49 52/52 99/99
f 65/65 65/65 83/83
f 1/1 128/128 122/122
f 6/6 70/70 30/30
f 54/54 111/111 27/27
f 72/72 74/74 22/22
f 88/88 34/34 71/71
f 50/50 48/48 20/20
f 125/125 43/43 110/110
f 46/46 78/78 55/55
f 85/85 70/70 19/19
f 86/86 17/17 39/39
f 128/128 122/122 25/25
f 29/29 96/96 74/74
f 117/117 114/114 46/46
f 84/84 120/120 110/110
f 7/7 128/128 36/36
f 94/94 88/88 54/54
f 9/9 123/123 84/84
f 3/3 32/32 21/21
f 15/15 66/66 109/109
f 56/56 123/123 71/71
f 105/105 125/125 1/1
f 107/107 20/20 13/13
f 49/49 45/45 25/25
f 101/101 128/128 122/122
f 104/104 33/33 113/113
f 35/35 76/76 33/33
f 22/22 128/128 125/125
f 100/100 39/39 23/23
f 76/76 128/128 122/122
f 97/97 101/101 9/9
f 33/33 41/41 92/92
f 87/87 105/105 33/33
f 17/17 51/51 74/74
f 79/79 22/22 41/41
f 93/93 93/93 100/100
f 82/82 75/75 83/83
f 73/73 75/75 75/75
f 26/26 31/31 121/121
f 12/12 105/105 45/45
f 89/89 81/81 121/121
f 117/117 44/44 5/5
f 1/1 52/52 48/48
f 114/114 5/5 5/5
f 93/93 92/92 95/95
f 120/120 98/98 92/92
f 105/105 9/9 83/83
f 78/78 126/126 39/39
f 27/27 80/80 107/107
f 115/115 51/51 12/12
f 9/9 118/118 83/83
f 116/116 79/79 19/19
f 19/19 86/86 89/89
f 116/116 59/59 89/89
f 128/128 91/91 72/72
f 128/128 13/13 22/22
f 1/1 89/89 99/99
f 84/84 57/57 120/120
f 50/50 48/48 77/77
f 66/66 17/17 66/66
f 11/11 17/17 128/128
f 94/94 92/92 25/25
f 87/87 128/128 121/121
f 91/91 22/22 1/1
f 45/45 5/5 83/83
f 100/100 50/50 53/53
f 6/6 92/92 20/20
f 19/19 42/42 127/127
f 16/16 24/24 86/86
f 53/53 118/118 116/116
f 1/1 86/86 41/41
f 125/125 100/100 122/122
f 67/67 85/85 18/18
f 108/108 84/84 103/103
f 115/115 105/105 120/120
f 65/65 65/65 76/76
f 23/23 86/86 49/49
f 43/43 11/11 42/42
f 81/81 113/113 87/87
f 51/51 48/48 128/128
f 78/78 43/43 115/115
f 95/95 30/30 89/89
f 35/35 35/35 19/19
f 103/103 128/128 56/56
f 44/44 108/108 102/102
f 64/64 55/55 124/124
f 12/12 53/53 64/64
f 100/100 1/1 78/78
f 59/59 27/27 82/82
f 124/124 54/54 24/24
f 74/74 52/52 75/75
f 1/1 8/8 9/9
f 86/86 74/74 18/18
f 114/114 122/122 96/96
f 47/47 84/84 107/107
f 18/18 2/2 1/1
f 75/75 89/89 95/95
f 1/1 3/3 94/94
f 102/102 4/4 31/31
f 128/128 122/122 26/26
f 99/99 50/50 18/18
f 105/105 1/1 26/26
f 43/43 122/122 76/76
f 37/37 111/111 45/45
f 99/99 62/62 60/60
f 32/32 58/58 85/85
f 25/25 58/58 68/68
f 101/101 76/76 78/78
f 97/97 90/90 9/9
f 2/2 28/28 23/23
f 97/97 121/121 101/101
f 78/78 50/50 126/126
f 5/5 21/21 4/4
f 37/37 20/20 37/37
f 1/1 87/87 128/128
f 104/104 57/57 128/128
f 36/36 124/124 92/92
f 18/18 97/97 57/57
f 128/128 67/67 56/56
f 36/36 71/71 120/120
f 118/118 128/128 60/60
f 117/117 32/32 2/2
f 74/74 20/20 39/39
f 114/114 126/126 8/8
f 102/102 16/16 16/16
f 7/7 27/27 39/39
f 74/74 70/70 9/9
f 78/78 121/121 45/45
f 54/54 62/62 6/6
f 21/21 120/120 33/33
f 34/34 25/25 112/112
f 82/82 22/22 79/79
f 29/29 19/19 27/27
f 44/44 94/94 22/22
f 79/79 101/101 26/26
f 19/19 52/52 86/86
f 120/120 108/108 49/49
f 23/23 68/68 75/75
f 47/47 122/122 54/54
f 12/12 51/51 43/43
f 83/83 42/42 18/18
f 56/56 81/81 70/70
f 94/94 47/47 2/2
f 3/3 9/9 18/18
f 109/109 61/61 99/99
f 47/47 61/61 91/91
f 32/32 85/85 40/40
f 84/84 24/24 63/63
f 101/101 106/106 51/51
f 74/74 63/63 80/80
f 126/126 10/10 3/3
f 79/79 87/87 80/80
f 19/19 97/97 4/4
f 81/81 62/62 26/26
f 43/43 79/79 24/24
f 56/56 46/46 73/73
f 18/18 34/34 69/69
f 127/127 19/19 35/35
f 128/128 52/52 37/37
f 25/25 3/3 19/19
f 55/55 31/31 9/9
f 63/63 102/102 98/98
f 65/65 65/65 85/85
f 75/75 67/67 35/35
f 111/111 79/79 123/123
f 71/71 75/75 104/104
f 34/34 96/96 92/92
f 115/115 34/34 66/66
f 122/122 25/25 97/97
f 65/65 65/65 72/72
f 1/1 128/128 122/122
f 117/117 12/12 37/37
f 98/98 118/118 26/26
f 20/20 96/96 13/13
f 65/65 65/65 78/78
f 1/1 128/128 122/122
f 78/78 31/31 39/39
f 1/1 110/110 66/66
f 41/41 35/35 41/41
f 126/126 31/31 113/113
f 93/93 21/21 33/33
f 23/23 2/2 16/16
f 63/63 101/101 46/46
f 9/9 7/7 45/45
f 2/2 34/34 9/9
f 35/35 84/84 99/99
f 43/43 101/101 92/92
f 29/29 124/124 55/55
f 99/99 65/65 87/87
f 98/98 24/24 47/47
f 13/13 109/109 127/127
f 46/46 27/27 86/86
f 74/74 107/107 53/53
f 13/13 27/27 76/76
f 128/128 115/115 29/29
f 8/8 128/128 125/125
f 63/63 9/9 10/10
f 34/34 128/128 122/122
f 79/79 16/16 2/2
f 25/25 82/82 76/76
f 7/7 62/62 2/2
f 100/100 50/50 107/107
f 79/79 1/1 29/29
f 41/41 96/96 117/117
f 70/70 119/119 7/7
f 35/35 54/54 47/47
f 3/3 10/10 47/47
f 82/82 125/125 52/52
f 128/128 122/122 26/26
f 21/21 27/27 16/16
f 79/79 116/116 13/13
f 112/112 122/122 3/3
f 44/44 123/123 49/49
f 80/80 18/18 25/25
f 80/80 65/65 78/78
f 45/45 7/7 61/61
f 30/30 83/83 78/78
f 98/98 2/2 57/57
f 37/37 37/37 101/101
f 74/74 13/13 98/98
f 83/83 36/36 75/75
f 119/119 126/126 75/75
f 19/19 61/61 126/126
f 63/63 26/26 2/2
f 89/89 75/75 49/49
f 64/64 72/72 38/38
f 1/1 96/96 100/100
f 84/84 92/92 109/109
f 66/66 111/111 5/5
f 102/102 91/91 66/66
f 92/92 46/46 17/17
f 40/40 44/44 46/46
f 109/109 71/71 80/80
f 3/3 69/69 65/65
f 3/3 121/121 29/29
f 122/122 26/26 97/97
f 97/97 124/124 9/9
f 15/15 62/62 53/53
f 83/83 29/29 19/19
f 4/4 109/109 30/30
f 65/65 65/65 73/73
f 96/96 52/52 128/128
f 20/20 83/83 7/7
f 25/25 119/119 119/119
f 38/38 116/116 118/118
f 91/91 114/114 19/19
f 121/121 52/52 51/51
f 36/36 22/22 18/18
f 88/88 121/121 71/71
f 122/122 100/100 37/37
f 65/65 65/65 76/76
f 1/1 128/128 122/122
f 122/122 71/71 115/115
f 103/103 105/105 109/109
f 65/65 65/65 112/112
f 86/86 51/51 80/80
f 80/80 87/87 51/51
f 23/23 44/44 127/127
f 76/76 94/94 122/122
f 70/70 25/25 14/14
f 30/30 1/1 13/13
f 68/68 66/66 35/35
f 80/80 34/34 6/6
f 77/77 2/2 37/37
f 99/99 5/5 97/97
f 75/75 85/85 58/58
f 58/58 13/13 10/10
f 16/16 44/44 16/16
f 63/63 12/12 19/19
f 66/66 122/122 63/63
f 65/65 102/102 28/28
f 122/122 26/26 97/97
f 127/127 126/126 3/3
f 115/115 82/82 64/64
f 36/36 113/113 64/64
f 8/8 111/111 35/35
f 75/75 65/65 75/75
f 9/9 43/43 32/32
f 127/127 20/20 32/32
f 35/35 17/17 98/98
f 1/1 29/29 111/111
f 43/43 107/107 19/19
f 33/33 4/4 79/79
f 51/51 88/88 44/44
f 3/3 66/66 8/8
f 54/54 116/116 86/86
f 29/29 50/50 65/65
f 66/66 1/1 38/38
f 105/105 31/31 37/37
f 75/75 70/70 94/94
f 35/35 23/23 5/5
f 63/63 54/54 77/77
f 26/26 126/126 93/93
f 128/128 122/122 25/25
f 100/100 8/8 29/29
f 50/50 101/101 23/23
f 2/2 90/90 97/97
f 42/42 97/97 64/64
f 81/81 61/61 97/97
f 8/8 11/11 25/25
f 118/118 87/87 62/62
f 53/53 51/51 93/93
f 57/57 93/93 47/47
f 62/62 64/64 128/128
f 128/128 123/123 44/44
f 105/105 104/104 37/37
f 89/89 79/79 33/33
f 40/40 128/128 122/122
f 97/97 92/92 9/9
f 27/27 20/20 76/76
f 123/123 31/31 84/84
f 66/66 3/3 25/25
f 2/2 53/53 79/79
f 71/71 85/85 128/128
f 128/128 122/122 26/26
f 84/84 102/102 67/67
f 88/88 28/28 78/78
f 5/5 3/3 50/50
f 63/63 40/40 128/128
f 128/128 128/128 120/120
f 79/79 43/43 65/65
f 62/62 107/107 104/104
f 94/94 94/94 1/1
f 82/82 73/73 89/89
f 2/2 5/5 70/70
f 13/13 43/43 36/36
f 66/66 91/91 79/79
f 10/10 2/2 33/33
f 4/4 34/34 112/112
f 104/104 128/128 41/41
f 93/93 93/93 70/70
f 48/48 110/110 122/122
f 53/53 54/54 21/21
f 8/8 58/58 93/93
f 16/16 12/12 56/56
f 122/122 96/96 83/83
f 79/79 16/16 71/71
f 65/65 1/1 81/81
f 33/33 8/8 44/44
f 93/93 102/102 40/40
f 113/113 29/29 72/72
f 35/35 99/99 45/45
f 75/75 99/99 66/66
f 6/6 68/68 97/97
f 27/27 49/49 65/65
f 75/75 107/107 72/72
f 48/48 75/75 64/64
f 67/67 20/20 97/97
f 99/99 108/108 62/62
f 43/43 127/127 116/116
f 14/14 50/50 72/72
f 68/68 35/35 1/1
f 32/32 75/75 96/96
f 1/1 40/40 46/46
f 93/93 115/115 16/16
f 6/6 29/29 65/65
f 52/52 65/65 16/16
f 28/28 51/51 53/53
f 7/7 10/10 37/37
f 76/76 64/64 121/121
f 38/38 128/128 122/122
f 97/97 86/86 9/9
f 35/35 83/83 60/60
f 70/70 121/121 71/71
f 49/49 41/41 1/1
f 88/88 27/27 125/125
f 74/74 7/7 75/75
f 65/65 47/47 84/84
f 67/67 8/8 128/128
f 54/54 128/128 122/122
f 27/27 19/19 69/69
f 16/16 32/32 23/23
f 119/119 70/70 1/1
f 3/3 105/105 41/41
f 15/15 95/95 22/22
f 1/1 25/25 17/17
f 86/86 128/128 122/122
f 97/97 8/8 7/7
f 60/60 31/31 44/44
f 9/9 73/73 5/5
f 104/104 105/105 100/100
f 64/64 101/101 108/108
f 61/61 52/52 37/37
f 43/43 128/128 122/122
f 75/75 106/106 41/41
f 70/70 15/15 39/39
f 4/4 10/10 5/5
f 78/78 17/17 35/35
f 78/78 37/37 89/89
f 74/74 9/9 76/76
f 84/84 17/17 17/17
f 77/77 94/94 29/29
f 127/127 32/32 33/33
f 1/1 81/81 50/50
f 71/71 1/1 123/123
f 84/84 67/67 75/75
f 125/125 107/107 92/92
f 27/27 95/95 119/119
f 75/75 3/3 44/44
f 51/51 79/79 104/104
f 9/9 11/11 35/35
f 59/59 55/55 14/14
f 26/26 11/11 100/100
f 116/116 126/126 118/118
f 19/19 25/25 11/11
f 14/14 65/65 89/89
f 23/23 35/35 73/73
f 67/67 74/74 4/4
f 31/31 119/119 76/76
f 1/1 55/55 12/12
f 20/20 63/63 95/95
f 91/91 80/80 128/128
f 31/31 100/100 93/93
f 24/24 32/32 79/79
f 78/78 27/27 7/7
f 80/80 65/65 91/91
f 78/78 72/72 1/1
f 26/26 36/36 128/128
f 65/65 57/57 96/96
f 40/40 128/128 2/2
f 63/63 51/51 36/36
f 9/9 120/120 73/73
f 15/15 83/83 50/50
f 128/128 114/114 43/43
f 9/9 71/71 1/1
f 71/71 123/123 87/87
f 19/19 78/78 1/1
f 50/50 117/117 20/20
f 112/112 100/100 120/120
f 83/83 89/89 90/90
f 84/84 55/55 100/100
f 34/34 128/128 102/102
f 89/89 76/76 25/25
f 11/11 58/58 17/17
f 124/124 106/106 125/125
f 7/7 105/105 68/68
f 97/97 47/47 24/24
f 102/102 125/125 24/24
f 125/125 9/9 92/92
f 44/44 55/55 47/47
f 128/128 122/122 26/26
f 96/96 73/73 67/67
f 111/111 105/105 43/43
f 88/88 15/15 102/102
f 107/107 76/76 118/118
f 116/116 1/1 93/93
f 61/61 108/108 98/98
f 73/73 18/18 47/47
f 56/56 107/107 25/25
f 77/77 96/96 128/128
f 22/22 66/66 17/17
f 98/98 34/34 33/33
f 11/11 1/1 15/15
f 103/103 72/72 55/55
f 17/17 1/1 4/4
f 36/36 32/32 94/94
f 64/64 43/43 117/117
f 35/35 104/104 9/9
f 1/1 34/34 36/36
f 33/33 21/21 49/49
f 2/2 96/96 44/44
f 101/101 12/12 57/57
f 45/45 14/14 102/102
f 34/34 7/7 41/41
f 56/56 128/128 108/108
f 104/104 78/78 25/25
f 67/67 34/34 33/33
f 28/28 86/86 84/84
f 10/10 120/120 40/40
f 57/57 1/1 117/117
f 101/101 94/94 45/45
f 77/77 106/106 20/20
f 33/33 36/36 100/100
f 20/20 18/18 78/78
f 32/32 128/128 122/122
f 97/97 81/81 8/8
f 23/23 33/33 109/109
f 56/56 103/103 104/104
f 34/34 106/106 42/42
f 19/19 32/32 84/84
f 17/17 109/109 50/50
f 60/60 4/4 80/80
f 24/24 54/54 71/71
f 56/56 77/77 14/14
f 99/99 25/25 107/107
f 46/46 34/34 113/113
f 81/81 118/118 43/43
f 46/46 87/87 1/1
f 13/13 10/10 94/94
f 24/24 79/79 53/53
f 70/70 105/105 39/39
f 56/56 87/87 109/109
f 52/52 72/72 97/97
f 37/37 18/18 127/127
f 82/82 1/1 125/125
f 125/125 85/85 63/63
f 43/43 94/94 103/103
f 16/16 63/63 85/85
f 52/52 12/12 61/61
f 65/65 20/20 58/58
f 65/65 25/25 74/74
f 71/71 35/35 85/85
f 110/110 101/101 39/39
f 9/9 101/101 99/99
f 116/116 72/72 13/13
f 93/93 1/1 40/40
f 115/115 50/50 98/98
f 45/45 54/54 69/69
f 120/120 39/39 22/22
f 39/39 82/82 120/120
f 69/69 60/60 102/102
f 60/60 101/101 84/84
f 34/34 79/79 92/92
f 46/46 97/97 57/57
f 70/70 77/77 96/96
f 71/71 109/109 76/76
f 104/104 47/47 122/122
f 66/66 66/66 33/33
f 17/17 128/128 108/108
f 5/5 76/76 118/118
f 31/31 63/63 109/109
f 29/29 15/15 69/69
f 45/45 40/40 36/36
f 81/81 35/35 38/38
f 32/32 82/82 7/7
f 62/62 61/61 49/49
f 52/52 99/99 49/49
f 37/37 68/68 51/51
f 121/121 70/70 41/41
f 33/33 53/53 22/22
f 19/19 11/11 45/45
f 70/70 72/72 92/92
f 24/24 10/10 99/99
f 5/5 68/68 11/11
f 6/6 11/11 124/124
f 20/20 120/120 98/98
f 77/77 128/128 122/122
f 117/117 89/89 54/54
f 117/117 73/73 71/71
f 33/33 56/56 37/37
f 45/45 34/34 71/71
f 86/86 2/2 81/81
f 73/73 6/6 112/112
f 99/99 34/34 65/65
f 24/24 18/18 45/45
f 67/67 122/122 26/26
f 122/122 71/71 89/89
f 122/122 88/88 32/32
f 1/1 1/1 92/92
f 65/65 3/3 66/66
f 87/87 52/52 38/38
f 91/91 110/110 119/119
f 109/109 99/99 80/80
f 5/5 13/13 3/3
f 11/11 103/103 33/33
f 10/10 48/48 117/117
f 6/6 82/82 54/54
f 121/121 49/49 114/114
f 81/81 2/2 39/39
f 110/110 20/20 116/116
f 94/94 114/114 19/19
f 29/29 12/12 36/36
f 103/103 89/89 93/93
f 88/88 105/105 23/23
f 128/128 128/128 128/128
f 70/70 108/108 25/25
f 14/14 98/98 7/7
f 128/128 122/122 25/25
f 57/57 54/54 103/103
f 76/76 60/60 123/123
f 45/45 25/25 118/118
f 94/94 86/86 77/77
f 84/84 94/94 93/93
f 45/45 18/18 106/106
f 36/36 34/34 11/11
f 81/81 57/57 32/32
f 44/44 49/49 53/53
f 10/10 91/91 11/11
f 8/8 56/56 117/117
f 110/110 5/5 4/4
f 20/20 115/115 96/96
f 105/105 109/109 24/24
f 65/65 1/1 37/37
f 112/112 123/123 87/87
f 9/9 11/11 49/49
f 104/104 111/111 121/121
f 100/100 70/70 18/18
f 123/123 29/29 73/73
f 100/100 86/86 59/59
f 24/24 36/36 42/42
f 32/32 42/42 114/114
f 3/3 108/108 75/75
f 21/21 11/11 45/45
f 51/51 120/120 122/122
f 97/97 107/107 125/125
f 128/128 43/43 123/123
f 9/9 27/27 51/51
f 29/29 19/19 106/106
f 124/124 87/87 43/43
f 83/83 33/33 78/78
f 2/2 48/48 99/99
f 79/79 16/16 22/22
f 127/127 104/104 87/87
f 51/51 128/128 122/122
f 97/97 102/102 19/19
f 90/90 116/116 68/68
f 35/35 113/113 34/34
f 47/47 34/34 89/89
f 37/37 97/97 69/69
f 73/73 79/79 9/9
f 126/126 47/47 97/97
f 115/115 87/87 52/52
f 50/50 98/98 54/54
f 83/83 78/78 102/102
f 70/70 68/68 61/61
f 101/101 128/128 122/122
f 97/97 98/98 8/8
f 22/22 14/14 76/76
f 34/34 1/1 106/106
f 4/4 2/2 9/9
f 57/57 12/12 26/26
f 128/128 96/96 14/14
f 1/1 1/1 3/3
f 80/80 112/112 48/48
f 58/58 22/22 5/5
f 33/33 79/79 84/84
f 86/86 54/54 47/47
f 110/110 64/64 88/88
f 78/78 93/93 12/12
f 121/121 87/87 69/69
f 103/103 107/107 14/14
f 69/69 61/61 121/121
f 35/35 37/37 25/25
f 46/46 84/84 25/25
f 41/41 71/71 16/16
f 127/127 62/62 5/5
f 48/48 51/51 8/8
f 51/51 92/92 82/82
f 49/49 104/104 1/1
f 44/44 95/95 94/94
f 50/50 16/16 128/128
f 54/54 65/65 30/30
f 1/1 58/58 48/48
f 34/34 6/6 39/39
f 53/53 1/1 106/106
f 2/2 81/81 108/108
f 38/38 60/60 119/119
f 16/16 62/62 93/93
f 71/71 28/28 121/121
f 108/108 83/83 80/80
f 26/26 67/67 98/98
f 106/106 35/35 66/66
f 34/34 16/16 71/71
f 59/59 54/54 13/13
f 74/74 88/88 55/55
f 45/45 85/85 23/23
f 35/35 40/40 6/6
f 4/4 67/67 17/17
f 1/1 35/35 128/128
f 70/70 16/16 2/2
f 81/81 117/117 51/51
f 128/128 118/118 53/53
f 45/45 109/109 4/4
f 83/83 94/94 30/30
f 38/38 59/59 76/76
f 98/98 27/27 30/30
f 48/48 56/56 1/1
f 53/53 29/29 102/102
f 123/123 99/99 95/95
f 59/59 6/6 53/53
f 65/65 81/81 118/118
f 74/74 60/60 28/28
f 63/63 67/67 77/77
f 42/42 73/73 15/15
f 78/78 111/111 108/108
f 66/66 45/45 128/128
f 60/60 31/31 46/46
f 16/16 5/5 29/29
f 53/53 93/93 32/32
f 53/53 123/123 93/93
f 100/100 52/52 29/29
f 34/34 102/102 65/65
f 39/39 77/77 6/6
f 124/124 90/90 1/1
f 3/3 67/67 98/98
f 111/111 58/58 1/1
f 33/33 97/97 63/63
f 91/91 57/57 103/103
f 22/22 13/13 125/125
f 1/1 108/108 49/49
f 43/43 43/43 73/73
f 14/14 128/128 1/1
f 6/6 73/73 108/108
f 126/126 128/128 122/122
f 93/93 22/22 89/89
f 22/22 12/12 23/23
f 126/126 3/3 80/80
f 53/53 2/2 50/50
f 3/3 64/64 53/53
f 65/65 65/65 79/79
f 1/1 128/128 122/122
f 60/60 96/96 126/126
f 18/18 20/20 15/15
f 43/43 85/85 51/51
f 97/97 89/89 102/102
f 1/1 68/68 39/39
f 90/90 40/40 47/47
f 66/66 97/97 99/99
f 9/9 10/10 61/61
f 10/10 108/108 63/63
f 95/95 120/120 125/125
f 14/14 2/2 76/76
f 26/26 103/103 65/65
f 83/83 117/117 106/106
f 98/98 18/18 42/42
f 117/117 25/25 20/20
f 122/122 17/17 9/9
f 59/59 31/31 118/118
f 66/66 78/78 33/33
f 33/33 94/94 118/118
f 43/43 62/62 53/53
f 4/4 92/92 57/57
f 22/22 85/85 23/23
f 69/69 16/16 62/62
f 122/122 26/26 97/97
f 4/4 65/65 73/73
f 19/19 121/121 25/25
f 91/91 45/45 13/13
f 29/29 58/58 55/55
f 108/108 95/95 40/40
f 32/32 104/104 11/11
f 78/78 10/10 9/9
f 103/103 65/65 78/78
f 15/15 31/31 98/98
f 85/85 128/128 120/120
f 47/47 108/108 56/56
f 48/48 109/109 21/21
f 121/121 2/2 41/41
f 112/112 128/128 119/119
f 35/35 51/51 97/97
f 65/65 111/111 21/21
f 16/16 27/27 23/23
f 56/56 83/83 84/84
f 35/35 35/35 120/120
f 24/24 8/8 91/91
f 108/108 10/10 1/1
f 37/37 84/84 20/20
f 116/116 104/104 60/60
f 4/4 100/100 100/100
f 103/103 128/128 57/57
f 121/121 127/127 26/26
f 103/103 63/63 38/38
f 55/55 13/13 125/125
f 1/1 20/20 38/38
f 95/95 127/127 82/82
f 128/128 122/122 25/25
f 112/112 18/18 50/50
f 100/100 116/116 118/118
f 96/96 92/92 117/117
f 15/15 86/86 85/85
f 66/66 97/97 80/80
f 122/122 26/26 97/97
f 35/35 120/120 125/125
f 34/34 35/35 56/56
f 35/35 1/1 81/81
f 125/125 49/49 68/68
f 126/126 9/9 76/76
f 124/124 3/3 69/69
f 54/54 41/41 96/96
f 63/63 38/38 14/14
f 4/4 113/113 4/4
f 1/1 1/1 8/8
f 46/46 97/97 86/86
f 99/99 72/72 61/61
f 43/43 93/93 74/74
f 4/4 43/43 65/65
f 81/81 27/27 56/56
f 32/32 87/87 128/128
f 27/27 39/39 100/100
f 29/29 52/52 49/49
f 108/108 68/68 110/110
f 20/20 79/79 116/116
f 10/10 75/75 121/121
f 52/52 50/50 5/5
f 64/64 4/4 57/57
f 76/76 26/26 73/73
f 12/12 123/123 92/92
f 39/39 49/49 30/30
f 116/116 35/35 35/35
f 99/99 35/35 32/32
f 2/2 27/27 66/66
f 62/62 13/13 2/2
f 34/34 17/17 74/74
f 21/21 16/16 3/3
f 98/98 16/16 74/74
f 18/18 87/87 33/33
f 10/10 58/58 114/114
f 14/14 37/37 24/24
f 112/112 127/127 51/51
f 9/9 29/29 94/94
f 64/64 128/128 117/117
f 8/8 66/66 49/49
f 61/61 1/1 68/68
f 3/3 74/74 72/72
f 70/70 71/71 49/49
f 65/65 128/128 37/37
f 120/120 11/11 57/57
f 26/26 45/45 115/115
f 119/119 117/117 51/51
f 98/98 15/15 22/22
f 56/56 13/13 75/75
f 56/56 52/52 106/106
f 47/47 121/121 21/21
f 28/28 86/86 128/128
f 126/126 112/112 128/128
f 29/29 85/85 23/23
f 96/96 33/33 1/1
f 67/67 90/90 69/69
f 66/66 83/83 77/77
f 106/106 90/90 72/72
f 17/17 109/109 9/9
f 125/125 61/61 36/36
f 1/1 76/76 52/52
f 11/11 59/59 123/123
f 5/5 6/6 90/90
f 18/18 51/51 59/59
f 92/92 92/92 119/119
f 82/82 76/76 55/55
f 3/3 56/56 31/31
f 38/38 105/105 7/7
f 114/114 119/119 128/128
f 79/79 1/1 120/120
f 5/5 84/84 35/35
f 44/44 22/22 77/77
f 81/81 69/69 14/14
f 64/64 47/47 101/101
f 122/122 64/64 25/25
f 6/6 16/16 104/104
f 127/127 85/85 52/52
f 90/90 33/33 14/14
f 96/96 85/85 7/7
f 35/35 37/37 40/40
f 120/120 5/5 102/102
f 68/68 104/104 109/109
f 116/116 26/26 96/96
f 35/35 108/108 31/31
f 71/71 62/62 122/122
f 65/65 89/89 39/39
f 113/113 92/92 74/74
f 101/101 21/21 108/108
f 122/122 25/25 101/101
f 6/6 46/46 4/4
f 36/36 120/120 89/89
f 54/54 42/42 3/3
f 19/19 65/65 123/123
f 89/89 60/60 63/63
f 96/96 78/78 40/40
f 122/122 25/25 97/97
f 55/55 97/97 86/86
f 128/128 123/123 63/63
f 7/7 128/128 126/126
f 122/122 26/26 97/97
f 127/127 50/50 66/66
f 99/99 88/88 40/40
f 48/48 17/17 17/17
f 63/63 105/105 105/105
f 114/114 23/23 75/75
f 1/1 2/2 5/5
f 1/1 3/3 84/84
f 96/96 112/112 120/120
f 43/43 94/94 44/44
f 115/115 112/112 108/108
f 64/64 34/34 60/60
f 71/71 26/26 44/44
f 62/62 98/98 81/81
f 4/4 107/107 61/61
f 6/6 1/1 33/33
f 89/89 25/25 118/118
f 22/22 64/64 128/128
f 119/119 126/126 21/21
f 75/75 48/48 66/66
f 10/10 53/53 53/53
f 91/91 44/44 104/104
f 3/3 33/33 101/101
f 87/87 45/45 128/128
f 99/99 97/97 97/97
f 70/70 9/9 47/47
f 79/79 19/19 7/7
f 3/3 59/59 2/2
f 36/36 55/55 55/55
f 14/14 104/104 56/56
f 35/35 33/33 31/31
f 34/34 20/20 96/96
f 56/56 126/126 9/9
f 123/123 120/120 99/99
f 2/2 22/22 107/107
f 4/4 115/115 55/55
f 65/65 126/126 70/70
f 19/19 50/50 88/88
f 7/7 123/123 15/15
f 35/35 63/63 122/122
f 128/128 122/122 25/25
f 61/61 60/60 128/128
f 54/54 71/71 15/15
f 67/67 73/73 109/109
f 1/1 94/94 116/116
f 113/113 8/8 73/73
f 80/80 128/128 125/125
f 43/43 56/56 120/120
f 102/102 94/94 125/125
f 48/48 4/4 19/19
f 104/104 27/27 69/69
f 120/120 122/122 9/9
f 40/40 85/85 81/81
f 38/38 128/128 82/82
f 20/20 118/118 82/82
f 22/22 66/66 2/2
f 69/69 115/115 56/56
f 22/22 74/74 41/41
f 120/120 88/88 61/61
f 86/86 90/90 11/11
f 2/2 29/29 122/122
f 97/97 1/1 41/41
f 100/100 16/16 92/92
f 34/34 104/104 100/100
f 9/9 11/11 117/117
f 33/33 1/1 121/121
f 53/53 65/65 100/100
f 5/5 21/21 111/111
f 110/110 42/42 44/44
f 76/76 106/106 29/29
f 17/17 57/57 85/85
f 64/64 61/61 21/21
f 128/128 77/77 14/14
f 113/113 11/11 52/52
f 39/39 65/65 11/11
f 108/108 68/68 98/98
f 23/23 111/111 95/95
f 65/65 34/34 9/9
f 86/86 89/89 15/15
f 15/15 26/26 126/126
f 128/128 122/122 26/26
f 84/84 8/8 21/21
f 108/108 21/21 37/37
f 115/115 77/77 70/70
f 22/22 90/90 56/56
f 30/30 105/105 123/123
f 80/80 121/121 20/20
f 112/112 21/21 18/18
f 53/53 29/29 122/122
f 31/31 96/96 62/62
f 44/44 115/115 9/9
f 96/96 128/128 99/99
f 41/41 83/83 33/33
f 125/125 50/50 36/36
f 93/93 60/60 52/52
f 48/48 98/98 83/83
f 8/8 72/72 62/62
f 7/7 34/34 44/44
f 15/15 42/42 93/93
f 45/45 37/37 4/4
f 112/112 121/121 5/5
f 97/97 10/10 40/40
f 29/29 10/10 120/120
f 63/63 89/89 65/65
f 10/10 25/25 65/65
f 49/49 55/55 76/76
f 126/126 70/70 88/88
f 121/121 43/43 104/104
f 48/48 99/99 1/1
f 88/88 126/126 29/29
f 33/33 53/53 116/116
f 104/104 120/120 62/62
f 59/59 60/60 38/38
f 67/67 65/65 1/1
f 19/19 102/102 14/14
f 32/32 65/65 96/96
f 78/78 128/128 75/75
f 20/20 72/72 75/75
f 99/99 90/90 56/56
f 23/23 22/22 23/23
f 124/124 28/28 33/33
f 28/28 21/21 7/7
f 63/63 32/32 111/111
f 5/5 55/55 74/74
f 56/56 68/68 73/73
f 34/34 57/57 103/103
f 97/97 5/5 3/3
f 11/11 89/89 13/13
f 27/27 117/117 19/19
f 73/73 84/84 29/29
f 12/12 64/64 128/128
f 35/35 61/61 58/58
f 89/89 29/29 59/59
f 92/92 115/115 92/92
f 92/92 96/96 1/1
f 128/128 50/50 96/96
f 39/39 62/62 75/75
f 120/120 98/98 20/20
f 12/12 105/105 72/72
f 106/106 36/36 87/87
f 85/85 51/51 18/18
f 36/36 91/91 128/128
f 110/110 76/76 42/42
f 14/14 55/55 63/63
f 112/112 128/128 113/113
f 43/43 14/14 75/75
f 54/54 61/61 34/34
f 71/71 103/103 45/45
f 72/72 37/37 15/15
f 59/59 97/97 31/31
f 6/6 118/118 23/23
f 107/107 94/94 122/122
f 73/73 112/112 103/103
f 94/94 27/27 105/105
f 41/41 8/8 80/80
f 8/8 48/48 23/23
f 53/53 101/101 46/46
f 28/28 72/72 38/38
f 119/119 36/36 7/7
f 36/36 45/45 8/8
f 38/38 35/35 23/23
f 1/1 10/10 112/112
f 2/2 67/67 13/13
f 33/33 19/19 19/19
f 97/97 10/10 60/60
f 67/67 128/128 122/122
f 97/97 128/128 15/15
f 50/50 21/21 31/31
f 5/5 65/65 1/1
f 13/13 20/20 22/22
f 39/39 124/124 55/55
f 17/17 86/86 44/44
f 63/63 71/71 125/125
f 38/38 29/29 25/25
f 107/107 1/1 74/74
f 47/47 44/44 127/127
f 20/20 84/84 110/110
f 85/85 53/53 91/91
f 22/22 32/32 111/111
f 75/75 75/75 100/100
f 29/29 41/41 96/96
f 77/77 108/108 34/34
f 33/33 122/122 59/59
f 79/79 98/98 88/88
f 113/113 69/69 44/44
f 52/52 88/88 49/49
f 42/42 45/45 85/85
f 85/85 15/15 123/123
f 28/28 4/4 46/46
f 48/48 79/79 128/128
f 16/16 93/93 54/54
f 4/4 4/4 16/16
f 49/49 97/97 21/21
f 24/24 112/112 121/121
f 3/3 68/68 5/5
f 50/50 50/50 39/39
f 8/8 22/22 126/126
f 123/123 10/10 71/71
f 22/22 67/67 111/111
f 73/73 82/82 28/28
f 46/46 69/69 37/37
f 128/128 122/122 25/25
f 101/101 99/99 50/50
f 35/35 5/5 47/47
f 102/102 124/124 108/108
f 99/99 25/25 1/1
f 22/22 92/92 68/68
f 111/111 20/20 37/37
f 28/28 119/119 12/12
f 63/63 44/44 72/72
f 44/44 10/10 92/92
f 34/34 99/99 33/33
f 98/98 19/19 110/110
f 81/81 54/54 47/47
f 19/19 12/12 85/85
f 2/2 11/11 28/28
f 50/50 43/43 84/84
f 8/8 26/26 3/3
f 104/104 126/126 67/67
f 17/17 29/29 11/11
f 14/14 97/97 102/102
f 102/102 24/24 34/34
f 16/16 113/113 26/26
f 112/112 128/128 122/122
f 65/65 17/17 16/16
f 28/28 12/12 118/118
f 126/126 36/36 10/10
f 1/1 12/12 3/3
f 84/84 111/111 104/104
f 128/128 122/122 26/26
f 89/89 8/8 65/65
f 70/70 13/13 16/16
f 55/55 16/16 127/127
f 73/73 78/78 62/62
f 14/14 34/34 50/50
f 97/97 33/33 17/17
f 55/55 114/114 2/2
f 117/117 33/33 17/17
f 18/18 18/18 5/5
f 49/49 96/96 115/115
f 36/36 13/13 11/11
f 43/43 107/107 39/39
f 70/70 1/1 65/65
f 1/1 8/8 8/8
f 123/123 21/21 92/92
f 89/89 22/22 1/1
f 3/3 41/41 3/3
f 25/25 72/72 41/41
f 83/83 51/51 34/34
f 15/15 115/115 41/41
f 81/81 114/114 89/89
f 89/89 26/26 16/16
f 64/64 118/118 28/28
f 67/67 69/69 87/87
f 61/61 60/60 32/32
f 106/106 92/92 86/86
f 29/29 81/81 74/74
f 115/115 1/1 73/73
f 16/16 81/81 90/90
f 49/49 119/119 100/100
f 91/91 13/13 70/70
f 99/99 37/37 28/28
f 89/89 79/79 87/87
f 62/62 42/42 91/91
f 89/89 38/38 10/10
f 86/86 119/119 100/100
f 22/22 81/81 38/38
f 42/42 8/8 14/14
f 59/59 71/71 97/97
f 21/21 22/22 23/23
f 38/38 72/72 36/36
f 70/70 8/8 71/71
f 15/15 11/11 51/51
f 72/72 18/18 107/107
f 9/9 47/47 100/100
f 86/86 78/78 85/85
f 58/58 75/75 65/65
f 29/29 74/74 27/27
f 18/18 9/9 69/69
f 6/6 6/6 81/81
f 106/106 1/1 127/127
f 26/26 6/6 1/1
f 65/65 69/69 25/25
f 54/54 92/92 111/111
f 110/110 128/128 122/122
f 38/38 48/48 94/94
f 65/65 65/65 78/78
f 24/24 112/112 128/128
f 99/99 36/36 28/28
f 2/2 118/118 48/48
f 4/4 123/123 112/112
f 65/65 65/65 73/73
f 6/6 27/27 48/48
f 8/8 112/112 72/72
f 95/95 38/38 46/46
f 81/81 5/5 5/5
f 95/95 128/128 128/128
f 101/101 5/5 107/107
f 106/106 23/23 69/69
f 26/26 114/114 17/17
f 38/38 77/77 46/46
f 60/60 21/21 59/59
f 122/122 25/25 97/97
f 59/59 17/17 2/2
f 74/74 116/116 44/44
f 76/76 9/9 7/7
f 23/23 61/61 84/84
f 39/39 52/52 13/13
f 33/33 80/80 78/78
f 7/7 112/112 96/96
f 5/5 68/68 58/58
f 26/26 93/93 95/95
f 51/51 105/105 49/49
f 34/34 84/84 40/40
f 99/99 49/49 25/25
f 52/52 45/45 109/109
f 60/60 45/45 94/94
f 1/1 2/2 45/45
f 3/3 69/69 106/106
f 5/5 128/128 128/128
f 13/13 45/45 7/7
f 12/12 63/63 13/13
f 12/12 65/65 14/14
f 10/10 67/67 59/59
f 99/99 80/80 36/36
f 2/2 92/92 76/76
f 55/55 94/94 22/22
f 66/66 60/60 84/84
f 108/108 126/126 105/105
f 16/16 62/62 117/117
f 67/67 21/21 57/57
f 100/100 32/32 116/116
f 9/9 17/17 63/63
f 62/62 97/97 41/41
f 66/66 37/37 34/34
f 31/31 78/78 59/59
f 47/47 128/128 112/112
f 2/2 103/103 55/55
f 29/29 18/18 21/21
f 72/72 1/1 57/57
f 63/63 2/2 17/17
f 21/21 59/59 25/25
f 60/60 32/32 89/89
f 101/101 49/49 45/45
f 92/92 59/59 121/121
f 68/68 41/41 94/94
f 58/58 10/10 54/54
f 38/38 79/79 53/53
f 94/94 92/92 92/92
f 95/95 60/60 79/79
f 113/113 73/73 116/116
f 1/1 4/4 17/17
f 47/47 45/45 121/121
f 18/18 112/112 92/92
f 71/71 123/123 123/123
f 109/109 16/16 97/97
f 101/101 73/73 18/18
f 77/77 73/73 5/5
f 97/97 25/25 109/109
f 32/32 5/5 103/103
f 109/109 6/6 30/30
f 36/36 39/39 63/63
f 122/122 25/25 97/97
f 29/29 110/110 78/78
f 45/45 64/64 52/52
f 66/66 74/74 77/77
f 51/51 55/55 122/122
f 31/31 56/56 34/34
f 36/36 117/117 4/4
f 88/88 59/59 49/49
f 73/73 3/3 16/16
f 103/103 104/104 28/28
f 70/70 2/2 41/41
f 11/11 7/7 23/23
f 2/2 33/33 108/108
f 72/72 52/52 53/53
f 1/1 111/111 122/122
f 109/109 30/30 35/35
f 30/30 54/54 97/97
f 6/6 98/98 7/7
f 91/91 49/49 70/70
f 74/74 49/49 54/54
f 1/1 65/65 3/3
f 26/26 16/16 14/14
f 92/92 120/120 119/119
f 11/11 33/33 34/34
f 128/128 122/122 26/26
f 57/57 101/101 102/102
f 13/13 53/53 47/47
f 1/1 122/122 23/23
f 59/59 10/10 12/12
f 118/118 64/64 127/127
f 48/48 113/113 67/67
f 29/29 40/40 122/122
f 86/86 105/105 1/1
f 77/77 68/68 59/59
f 108/108 110/110 117/117
f 69/69 18/18 36/36
f 31/31 52/52 9/9
f 23/23 106/106 68/68
f 30/30 12/12 33/33
f 16/16 31/31 7/7
f 126/126 112/112 99/99
f 1/1 10/10 97/97
f 76/76 73/73 73/73
f 9/9 24/24 53/53
f 17/17 87/87 128/128
f 25/25 97/97 46/46
f 81/81 107/107 73/73
f 36/36 64/64 127/127
f 121/121 126/126 76/76
f 120/120 128/128 104/104
f 75/75 37/37 73/73
f 118/118 13/13 16/16
f 99/99 12/12 3/3
f 97/97 33/33 25/25
f 4/4 12/12 5/5
f 1/1 4/4 15/15
f 117/117 18/18 81/81
f 2/2 128/128 122/122
f 97/97 68/68 10/10
f 128/128 25/25 45/45
f 71/71 121/121 16/16
f 40/40 76/76 102/102
f 128/128 34/34 42/42
f 36/36 118/118 92/92
f 9/9 60/60 55/55
f 5/5 35/35 69/69
f 56/56 117/117 3/3
f 95/95 66/66 9/9
f 84/84 109/109 97/97
f 56/56 122/122 44/44
f 46/46 80/80 83/83
f 1/1 25/25 20/20
f 76/76 37/37 28/28
f 64/64 83/83 73/73
f 3/3 62/62 63/63
f 85/85 28/28 108/108
f 22/22 88/88 54/54
f 19/19 124/124 11/11
f 115/115 51/51 99/99
f 94/94 18/18 1/1
f 15/15 11/11 40/40
f 10/10 43/43 42/42
f 41/41 92/92 40/40
f 80/80 74/74 73/73
f 118/118 88/88 27/27
f 37/37 1/1 30/30
f 5/5 78/78 42/42
f 14/14 14/14 111/111
f 22/22 104/104 124/124
f 34/34 40/40 99/99
f 87/87 64/64 65/65
f 14/14 50/50 65/65
f 69/69 87/87 51/51
f 127/127 68/68 126/126
f 80/80 121/121 122/122
f 1/1 49/49 63/63
f 83/83 124/124 12/12
f 81/81 22/22 59/59
f 6/6 1/1 1/1
f 13/13 44/44 128/128
f 4/4 12/12 39/39
f 124/124 32/32 11/11
f 102/102 90/90 5/5
f 100/100 11/11 10/10
f 20/20 29/29 54/54
f 31/31 9/9 102/102
f 84/84 73/73 26/26
f 7/7 127/127 90/90
f 96/96 64/64 104/104
f 99/99 92/92 119/119
f 50/50 99/99 124/124
f 53/53 104/104 104/104
f 92/92 14/14 92/92
f 65/65 65/65 72/72
f 65/65 53/53 22/22
f 78/78 92/92 62/62
f 13/13 75/75 72/72
f 65/65 65/65 74/74
f 65/65 65/65 76/76
f 1/1 128/128 122/122
f 65/65 65/65 65/65
f 5/5 11/11 128/128
f 86/86 81/81 46/46
f 50/50 71/71 6/6
f 27/27 128/128 27/27
f 67/67 14/14 59/59
f 120/120 39/39 38/38
f 84/84 49/49 93/93
f 69/69 58/58 28/28
f 14/14 107/107 6/6
f 63/63 33/33 49/49
f 128/128 53/53 2/2
f 65/65 43/43 128/128
f 34/34 31/31 77/77
f 98/98 60/60 61/61
f 84/84 7/7 37/37
f 1/1 72/72 33/33
f 96/96 109/109 39/39
f 120/120 25/25 6/6
f 94/94 57/57 125/125
f 1/1 33/33 76/76
f 19/19 103/103 124/124
f 19/19 117/117 95/95
f 84/84 28/28 126/126
f 59/59 84/84 42/42
f 49/49 123/123 47/47
f 45/45 88/88 124/124
f 14/14 83/83 42/42
f 20/20 73/73 5/5
f 54/54 82/82 105/105
f 7/7 1/1 25/25
f 33/33 61/61 49/49
f 84/84 23/23 97/97
f 44/44 120/120 112/112
f 96/96 90/90 47/47
f 107/107 75/75 65/65
f 12/12 27/27 73/73
f 59/59 21/21 84/84
f 8/8 26/26 118/118
f 77/77 6/6 35/35
f 23/23 62/62 45/45
f 128/128 122/122 25/25
f 88/88 13/13 26/26
f 3/3 112/112 126/126
f 27/27 93/93 74/74
f 43/43 57/57 49/49
f 116/116 17/17 103/103
f 106/106 114/114 41/41
f 79/79 66/66 126/126
f 3/3 120/120 32/32
f 51/51 47/47 95/95
f 118/118 14/14 32/32
f 25/25 84/84 14/14
f 37/37 124/124 18/18
f 5/5 104/104 48/48
f 5/5 58/58 111/111
f 23/23 111/111 45/45
f 42/42 89/89 3/3
f 60/60 111/111 94/94
f 48/48 100/100 70/70
f 98/98 98/98 104/104
f 45/45 102/102 3/3
f 64/64 104/104 31/31
f 4/4 55/55 35/35
f 68/68 95/95 31/31
f 61/61 101/101 97/97
f 49/49 26/26 22/22
f 82/82 24/24 19/19
f 3/3 87/87 93/93
f 97/97 53/53 108/108
f 4/4 108/108 105/105
f 115/115 128/128 106/106
f 123/123 108/108 99/99
f 79/79 54/54 21/21
f 45/45 97/97 119/119
f 29/29 103/103 87/87
f 8/8 79/79 9/9
f 97/97 123/123 92/92
f 18/18 107/107 25/25
f 56/56 97/97 6/6
f 86/86 8/8 114/114
f 53/53 56/56 1/1
f 38/38 92/92 123/123
f 86/86 88/88 116/116
f 50/50 18/18 102/102
f 122/122 25/25 97/97
f 6/6 78/78 79/79
f 125/125 104/104 29/29
f 89/89 55/55 101/101
f 104/104 73/73 96/96
f 96/96 9/9 112/112
f 46/46 16/16 31/31
f 126/126 42/42 32/32
f 49/49 90/90 59/59
f 15/15 105/105 48/48
f 20/20 64/64 29/29
f 126/126 119/119 94/94
f 127/127 85/85 37/37
f 122/122 26/26 97/97
f 75/75 78/78 14/14
f 61/61 19/19 92/92
f 73/73 107/107 101/101
f 3/3 49/49 83/83
f 112/112 66/66 20/20
f 115/115 39/39 41/41
f 32/32 53/53 18/18
f 113/113 60/60 69/69
f 91/91 54/54 105/105
f 111/111 97/97 60/60
f 114/114 60/60 25/25
f 4/4 35/35 43/43
f 55/55 9/9 60/60
f 41/41 14/14 33/33
f 25/25 39/39 23/23
f 17/17 11/11 2/2
f 64/64 92/92 19/19
f 9/9 58/58 7/7
f 128/128 128/128 94/94
f 103/103 85/85 94/94
f 128/128 35/35 4/4
f 18/18 85/85 29/29
f 105/105 13/13 51/51
f 5/5 9/9 100/100
f 17/17 40/40 39/39
f 42/42 33/33 118/118
f 30/30 36/36 69/69
f 94/94 15/15 33/33
f 70/70 92/92 76/76
f 19/19 92/92 37/37
f 68/68 109/109 19/19
f 79/79 5/5 30/30
f 105/105 98/98 28/28
f 4/4 88/88 73/73
f 44/44 69/69 125/125
f 50/50 47/47 23/23
f 112/112 79/79 49/49
f 101/101 79/79 128/128
f 25/25 104/104 127/127
f 26/26 108/108 127/127
f 1/1 51/51 36/36
f 37/37 14/14 105/105
f 49/49 82/82 61/61
f 87/87 128/128 77/77
f 110/110 58/58 56/56
f 60/60 47/47 9/9
f 29/29 64/64 73/73
f 60/60 72/72 9/9
f 28/28 86/86 15/15
f 111/111 51/51 52/52
f 2/2 38/38 6/6
f 109/109 61/61 29/29
f 101/101 38/38 46/46
f 19/19 43/43 9/9
f 9/9 121/121 48/48
f 48/48 100/100 75/75
f 47/47 43/43 97/97
f 53/53 100/100 74/74
f 108/108 55/55 80/80
f 57/57 5/5 71/71
f 70/70 60/60 64/64
f 8/8 64/64 115/115
f 98/98 72/72 52/52
f 127/127 120/120 63/63
f 58/58 14/14 27/27
f 28/28 123/123 15/15
f 53/53 99/99 1/1
f 31/31 48/48 128/128
f 30/30 120/120 122/122
f 20/20 85/85 128/128
f 42/42 72/72 33/33
f 20/20 99/99 44/44
f 2/2 97/97 23/23
f 123/123 23/23 3/3
f 116/116 5/5 76/76
f 37/37 96/96 127/127
f 54/54 66/66 89/89
f 63/63 40/40 107/107
f 11/11 79/79 120/120
f 124/124 100/100 69/69
f 99/99 39/39 89/89
f 68/68 66/66 100/100
f 108/108 34/34 1/1
f 91/91 33/33 71/71
f 38/38 67/67 97/97
f 120/120 75/75 74/74
f 84/84 128/128 122/122
f 1/1 116/116 97/97
f 21/21 55/55 45/45
f 22/22 55/55 44/44
f 51/51 17/17 69/69
f 1/1 70/70 108/108
f 116/116 117/117 126/126
f 109/109 97/97 47/47
f 100/100 81/81 113/113
f 78/78 98/98 60/60
f 2/2 127/127 19/19
f 29/29 64/64 128/128
f 65/65 65/65 76/76
f 118/118 11/11 63/63
f 125/125 20/20 73/73
f 94/94 11/11 65/65
f 42/42 72/72 54/54
f 72/72 54/54 52/52
f 51/51 97/97 35/35
f 66/66 10/10 39/39
f 58/58 20/20 18/18
f 26/26 101/101 128/128
f 64/64 128/128 122/122
f 62/62 19/19 34/34
f 56/56 29/29 1/1
f 51/51 128/128 128/128
f 10/10 48/48 11/11
f 9/9 22/22 82/82
f 101/101 31/31 115/115
f 21/21 29/29 79/79
f 74/74 109/109 18/18
f 3/3 5/5 55/55
f 109/109 90/90 65/65
f 81/81 42/42 126/126
f 47/47 68/68 106/106
f 71/71 66/66 82/82
f 38/38 88/88 127/127
f 65/65 65/65 84/84
f 81/81 46/46 115/115
f 4/4 100/100 66/66
f 65/65 1/1 60/60
f 72/72 63/63 124/124
f 52/52 76/76 59/59
f 17/17 70/70 63/63
f 71/71 70/70 63/63
f 5/5 71/71 41/41
f 22/22 15/15 128/128
f 110/110 13/13 48/48
f 39/39 24/24 98/98
f 46/46 115/115 126/126
f 128/128 99/99 11/11
f 7/7 128/128 53/53
f 1/1 44/44 111/111
f 41/41 54/54 8/8
f 47/47 26/26 30/30
f 16/16 104/104 96/96
f 12/12 54/54 46/46
f 92/92 36/36 77/77
f 46/46 126/126 64/64
f 67/67 114/114 70/70
f 14/14 106/106 119/119
f 10/10 76/76 116/116
f 126/126 101/101 127/127
f 48/48 126/126 128/128
f 77/77 22/22 78/78
f 53/53 124/124 83/83
f 87/87 58/58 41/41
f 94/94 92/92 3/3
f 7/7 43/43 80/80
f 30/30 9/9 41/41
f 92/92 61/61 76/76
f 92/92 78/78 128/128
f 21/21 90/90 105/105
f 20/20 125/125 79/79
f 65/65 65/65 73/73
f 102/102 48/48 25/25
f 1/1 112/112 90/90
f 120/120 112/112 70/70
f 65/65 65/65 76/76
f 65/65 65/65 79/79
f 1/1 128/128 122/122
f 41/41 128/128 91/91
f 122/122 51/51 58/58
f 103/103 58/58 3/3
f 8/8 95/95 90/90
f 57/57 90/90 108/108
f 6/6 44/44 44/44
f 48/48 86/86 82/82
f 91/91 110/110 13/13
f 18/18 102/102 123/123
f 65/65 65/65 77/77
f 17/17 114/114 112/112
f 59/59 104/104 28/28
f 29/29 23/23 108/108
f 91/91 58/58 76/76
f 18/18 60/60 2/2
f 1/1 93/93 29/29
f 44/44 84/84 28/28
f 17/17 21/21 20/20
f 110/110 84/84 80/80
f 91/91 53/53 14/14
f 32/32 39/39 37/37
f 48/48 70/70 29/29
f 114/114 101/101 7/7
f 18/18 37/37 82/82
f 99/99 61/61 85/85
f 80/80 54/54 60/60
f 49/49 115/115 77/77
f 58/58 44/44 57/57
f 16/16 89/89 62/62
f 7/7 64/64 74/74
f 110/110 86/86 30/30
f 115/115 80/80 5/5
f 122/122 25/25 97/97
f 28/28 110/110 125/125
f 84/84 91/91 128/128
f 78/78 92/92 19/19
f 122/122 25/25 97/97
f 19/19 4/4 121/121
f 76/76 34/34 122/122
f 49/49 81/81 11/11
f 101/101 117/117 22/22
f 93/93 9/9 97/97
f 2/2 67/67 19/19
f 67/67 65/65 109/109
f 8/8 120/120 125/125
f 75/75 94/94 28/28
f 29/29 43/43 63/63
f 31/31 125/125 91/91
f 124/124 6/6 1/1
f 97/97 114/114 78/78
f 99/99 32/32 128/128
f 3/3 68/68 29/29
f 21/21 77/77 34/34
f 119/119 123/123 101/101
f 118/118 30/30 14/14
f 39/39 41/41 44/44
f 1/1 33/33 40/40
f 125/125 88/88 128/128
f 35/35 19/19 51/51
f 8/8 70/70 1/1
f 10/10 62/62 64/64
f 1/1 50/50 104/104
f 116/116 71/71 100/100
f 56/56 128/128 3/3
f 7/7 29/29 56/56
f 1/1 6/6 14/14
f 45/45 30/30 50/50
f 73/73 41/41 122/122
f 12/12 87/87 127/127
f 11/11 55/55 2/2
f 118/118 78/78 17/17
f 3/3 63/63 111/111
f 9/9 5/5 108/108
f 23/23 50/50 41/41
f 65/65 37/37 127/127
f 2/2 87/87 64/64
f 57/57 120/120 18/18
f 99/99 60/60 35/35
f 15/15 77/77 110/110
f 18/18 88/88 123/123
f 56/56 125/125 64/64
f 15/15 96/96 51/51
f 35/35 32/32 61/61
f 39/39 35/35 105/105
f 54/54 7/7 7/7
f 79/79 124/124 96/96
f 33/33 74/74 3/3
f 1/1 29/29 43/43
f 73/73 104/104 128/128
f 18/18 27/27 47/47
f 19/19 128/128 122/122
f 34/34 81/81 73/73
f 38/38 66/66 65/65
f 65/65 42/42 74/74
f 89/89 120/120 95/95
f 82/82 13/13 24/24
f 81/81 10/10 30/30
f 65/65 67/67 35/35
f 15/15 86/86 123/123
f 19/19 58/58 123/123
f 61/61 78/78 86/86
f 32/32 72/72 71/71
f 79/79 11/11 51/51
f 47/47 52/52 43/43
f 65/65 65/65 83/83
f 122/122 62/62 67/67
f 65/65 120/120 51/51
f 27/27 1/1 128/128
f 54/54 128/128 122/122
f 97/97 101/101 8/8
f 15/15 5/5 65/65
f 4/4 33/33 85/85
f 59/59 92/92 66/66
f 65/65 65/65 94/94
f 103/103 83/83 118/118
f 31/31 125/125 53/53
f 123/123 64/64 91/91
f 43/43 102/102 27/27
f 39/39 80/80 64/64
f 51/51 101/101 122/122
f 76/76 118/118 78/78
f 108/108 54/54 36/36
f 105/105 29/29 98/98
f 95/95 89/89 111/111
f 96/96 20/20 19/19
f 53/53 51/51 74/74
f 123/123 114/114 127/127
f 65/65 65/65 75/75
f 1/1 128/128 122/122
f 20/20 72/72 66/66
f 109/109 71/71 82/82
f 99/99 65/65 31/31
f 14/14 60/60 99/99
f 97/97 102/102 84/84
f 111/111 82/82 80/80
f 118/118 70/70 51/51
f 4/4 21/21 128/128
f 88/88 80/80 40/40
f 42/42 84/84 117/117
f 62/62 17/17 32/32
f 17/17 109/109 9/9
f 75/75 107/107 18/18
f 105/105 121/121 104/104
f 95/95 69/69 32/32
f 90/90 124/124 52/52
f 88/88 70/70 31/31
f 76/76 12/12 53/53
f 65/65 69/69 126/126
f 56/56 18/18 8/8
f 41/41 11/11 81/81
f 38/38 76/76 128/128
f 64/64 74/74 128/128
f 100/100 128/128 9/9
f 89/89 105/105 85/85
f 47/47 84/84 63/63
f 3/3 106/106 91/91
f 81/81 54/54 54/54
f 46/46 115/115 74/74
f 53/53 9/9 39/39
f 58/58 125/125 41/41
f 118/118 91/91 25/25
f 89/89 103/103 125/125
f 114/114 62/62 15/15
f 25/25 19/19 29/29
f 22/22 70/70 119/119
f 8/8 38/38 35/35
f 80/80 123/123 14/14
f 33/33 3/3 54/54
f 128/128 99/99 3/3
f 104/104 113/113 12/12
f 76/76 52/52 127/127
f 117/117 25/25 92/92
f 98/98 106/106 76/76
f 9/9 69/69 6/6
f 65/65 73/73 128/128
f 64/64 75/75 13/13
f 68/68 128/128 122/122
f 97/97 96/96 8/8
f 47/47 18/18 82/82
f 82/82 59/59 22/22
f 5/5 128/128 93/93
f 57/57 47/47 33/33
f 78/78 76/76 108/108
f 98/98 1/1 124/124
f 78/78 128/128 122/122
f 65/65 65/65 115/115
f 88/88 113/113 86/86
f 6/6 82/82 66/66
f 110/110 18/18 4/4
f 107/107 68/68 80/80
f 65/65 65/65 75/75
f 128/128 128/128 125/125
f 10/10 90/90 102/102
f 16/16 43/43 119/119
f 120/120 60/60 32/32
f 10/10 97/97 90/90
f 11/11 35/35 67/67
f 73/73 19/19 40/40
f 128/128 112/112 96/96
f 16/16 116/116 80/80
f 92/92 22/22 58/58
f 19/19 10/10 13/13
f 50/50 61/61 128/128
f 16/16 13/13 73/73
f 103/103 7/7 5/5
f 67/67 13/13 67/67
f 106/106 52/52 55/55
f 19/19 87/87 103/103
f 37/37 32/32 113/113
f 56/56 90/90 87/87
f 34/34 115/115 42/42
f 19/19 21/21 44/44
f 79/79 11/11 2/2
f 44/44 113/113 49/49
f 15/15 62/62 53/53
f 105/105 5/5 89/89
f 67/67 94/94 24/24
f 66/66 113/113 87/87
f 39/39 93/93 118/118
f 116/116 123/123 44/44
f 84/84 99/99 67/67
f 99/99 19/19 68/68
f 115/115 104/104 127/127
f 38/38 76/76 99/99
f 128/128 19/19 3/3
f 33/33 1/1 48/48
f 7/7 17/17 113/113
f 46/46 118/118 35/35
f 111/111 115/115 7/7
f 81/81 23/23 37/37
f 50/50 101/101 52/52
f 125/125 45/45 67/67
f 4/4 7/7 71/71
f 8/8 48/48 46/46
f 128/128 122/122 26/26
f 106/106 74/74 100/100
f 25/25 102/102 11/11
f 38/38 1/1 105/105
f 21/21 101/101 23/23
f 55/55 106/106 15/15
f 90/90 105/105 41/41
f 110/110 126/126 32/32
f 80/80 64/64 104/104
f 46/46 53/53 10/10
f 60/60 8/8 106/106
f 71/71 108/108 120/120
f 60/60 64/64 40/40
f 66/66 78/78 22/22
f 52/52 79/79 114/114
f 128/128 128/128 128/128
f 55/55 1/1 125/125
f 55/55 1/1 125/125
f 126/126 104/104 125/125
f 122/122 119/119 98/98
f 73/73 71/71 36/36
f 42/42 15/15 100/100
f 18/18 45/45 102/102
f 77/77 72/72 87/87
f 60/60 38/38 49/49
f 41/41 116/116 37/37
f 96/96 127/127 85/85
f 87/87 124/124 82/82
f 48/48 122/122 47/47
f 38/38 78/78 32/32
f 75/75 63/63 8/8
f 6/6 47/47 128/128
f 128/128 122/122 25/25
f 80/80 113/113 34/34
f 77/77 76/76 34/34
f 116/116 26/26 33/33
f 105/105 99/99 35/35
f 8/8 22/22 17/17
f 109/109 112/112 71/71
f 47/47 1/1 99/99
f 63/63 2/2 33/33
f 83/83 98/98 121/121
f 50/50 106/106 1/1
f 97/97 65/65 92/92
f 71/71 73/73 11/11
f 80/80 89/89 44/44
f 17/17 18/18 98/98
f 126/126 29/29 16/16
f 37/37 91/91 4/4
f 116/116 84/84 105/105
f 37/37 117/117 18/18
f 116/116 108/108 56/56
f 68/68 115/115 19/19
f 75/75 80/80 3/3
f 3/3 59/59 79/79
f 33/33 71/71 65/65
f 34/34 43/43 19/19
f 51/51 95/95 116/116
f 79/79 72/72 93/93
f 74/74 7/7 82/82
f 102/102 117/117 107/107
f 128/128 122/122 25/25
f 78/78 127/127 49/49
f 128/128 116/116 41/41
f 57/57 6/6 121/121
f 44/44 125/125 25/25
f 65/65 43/43 1/1
f 128/128 119/119 50/50
f 118/118 62/62 100/100
f 112/112 2/2 87/87
f 50/50 3/3 22/22
f 128/128 86/86 79/79
f 14/14 72/72 24/24
f 128/128 122/122 26/26
f 69/69 24/24 83/83
f 42/42 87/87 24/24
f 70/70 124/124 83/83
f 42/42 86/86 94/94
f 20/20 98/98 95/95
f 119/119 71/71 108/108
f 43/43 33/33 33/33
f 56/56 51/51 52/52
f 67/67 90/90 33/33
f 46/46 36/36 127/127
f 28/28 25/25 126/126
f 1/1 1/1 128/128
f 69/69 80/80 20/20
f 69/69 1/1 3/3
f 34/34 121/121 65/65
f 85/85 17/17 19/19
f 101/101 31/31 2/2
f 49/49 68/68 13/13
f 92/92 18/18 18/18
f 111/111 102/102 104/104
f 36/36 42/42 77/77
f 72/72 50/50 108/108
f 112/112 17/17 79/79
f 31/31 77/77 87/87
f 26/26 30/30 85/85
f 102/102 11/11 27/27
f 33/33 44/44 41/41
f 19/19 22/22 113/113
f 35/35 90/90 82/82
f 24/24 54/54 86/86
f 57/57 49/49 42/42
f 55/55 1/1 125/125
f 55/55 1/1 125/125
f 55/55 1/1 125/125
f 55/55 1/1 125/125
f 55/55 1/1 125/125
f 38/38 39/39 125/125
f 122/122 124/124 128/128
f 126/126 28/28 3/3
f 98/98 77/77 65/65
f 100/100 128/128 128/128
f 107/107 82/82 37/37
f 113/113 51/51 127/127
f 96/96 107/107 53/53
f 96/96 41/41 65/65
f 38/38 3/3 39/39
f 55/55 100/100 125/125
f 24/24 91/91 80/80
f 26/26 84/84 116/116
f 56/56 41/41 128/128
f 11/11 110/110 118/118
f 7/7 27/27 36/36
f 49/49 19/19 85/85
f 19/19 66/66 20/20
f 19/19 41/41 92/92
f 105/105 48/48 127/127
f 7/7 128/128 122/122
f 33/33 81/81 17/17
f 53/53 11/11 39/39
f 91/91 49/49 8/8
f 10/10 35/35 10/10
f 48/48 127/127 19/19
f 51/51 18/18 17/17
f 21/21 13/13 16/16
f 128/128 98/98 65/65
f 127/127 128/128 122/122
f 97/97 78/78 10/10
f 65/65 81/81 74/74
f 39/39 128/128 122/122
f 43/43 38/38 92/92
f 68/68 34/34 46/46
f 87/87 7/7 44/44
f 59/59 74/74 20/20
f 90/90 44/44 72/72
f 1/1 66/66 84/84
f 71/71 118/118 18/18
f 5/5 50/50 21/21
f 62/62 89/89 51/51
f 83/83 40/40 39/39
f 52/52 57/57 29/29
f 65/65 65/65 75/75
f 121/121 1/1 74/74
f 24/24 100/100 126/126
f 33/33 44/44 2/2
f 6/6 48/48 66/66
f 6/6 1/1 114/114
f 94/94 9/9 123/123
f 55/55 1/1 125/125
f 65/65 68/68 79/79
f 21/21 108/108 128/128
f 118/118 124/124 53/53
f 25/25 74/74 2/2
f 116/116 92/92 63/63
f 59/59 118/118 3/3
f 57/57 19/19 110/110
f 20/20 18/18 4/4
f 17/17 49/49 5/5
f 94/94 28/28 102/102
f 35/35 5/5 14/14
f 20/20 10/10 77/77
f 22/22 46/46 96/96
f 44/44 25/25 48/48
f 127/127 98/98 103/103
f 25/25 116/116 42/42
f 49/49 5/5 11/11
f 87/87 52/52 43/43
f 71/71 51/51 7/7
f 61/61 37/37 71/71
f 14/14 77/77 116/116
f 80/80 62/62 125/125
f 90/90 70/70 117/117
f 122/122 128/128 114/114
f 21/21 109/109 30/30
f 34/34 25/25 113/113
f 73/73 105/105 85/85
f 96/96 80/80 110/110
f 39/39 112/112 68/68
f 55/55 1/1 125/125
f 5/5 13/13 79/79
f 55/55 1/1 125/125
f 2/2 79/79 17/17
f 3/3 73/73 2/2
f 27/27 76/76 71/71
f 65/65 67/67 100/100
f 55/55 1/1 125/125
f 2/2 105/105 14/14
f 24/24 50/50 128/128
f 55/55 1/1 125/125
f 3/3 11/11 3/3
f 18/18 84/84 97/97
f 54/54 79/79 3/3
f 55/55 114/114 85/85
f 38/38 87/87 19/19
f 21/21 89/89 113/113
f 35/35 10/10 46/46
f 125/125 79/79 99/99
f 13/13 1/1 6/6
f 72/72 15/15 125/125
f 2/2 1/1 65/65
f 35/35 96/96 80/80
f 83/83 97/97 49/49
f 96/96 128/128 125/125
f 52/52 1/1 3/3
f 33/33 94/94 49/49
f 55/55 69/69 86/86
f 34/34 102/102 14/14
f 8/8 75/75 75/75
f 128/128 47/47 104/104
f 74/74 74/74 94/94
f 55/55 1/1 125/125
f 6/6 52/52 36/36
f 55/55 1/1 125/125
f 55/55 1/1 125/125
f 34/34 75/75 23/23
f 17/17 115/115 67/67
f 78/78 18/18 104/104
f 28/28 112/112 39/39
f 33/33 53/53 74/74
f 7/7 79/79 128/128
f 23/23 5/5 125/125
f 20/20 68/68 65/65
f 109/109 55/55 18/18
f 86/86 112/112 13/13
f 54/54 35/35 106/106
f 60/60 114/114 54/54
f 114/114 13/13 37/37
f 1/1 112/112 127/127
f 106/106 71/71 8/8
f 19/19 94/94 97/97
f 109/109 74/74 20/20
f 39/39 42/42 51/51
f 71/71 19/19 29/29
f 101/101 67/67 128/128
f 116/116 111/111 45/45
f 1/1 87/87 10/10
f 116/116 68/68 31/31
f 77/77 67/67 34/34
f 78/78 74/74 127/127
f 106/106 68/68 114/114
f 40/40 87/87 14/14
f 17/17 14/14 13/13
f 100/100 46/46 94/94
f 116/116 106/106 122/122
f 1/1 26/26 110/110
f 89/89 78/78 120/120
f 71/71 68/68 10/10
f 77/77 113/113 4/4
f 58/58 91/91 6/6
f 46/46 23/23 45/45
f 33/33 15/15 91/91
f 111/111 48/48 43/43
f 6/6 34/34 79/79
f 43/43 43/43 17/17
f 14/14 5/5 11/11
f 28/28 128/128 128/128
f 57/57 17/17 13/13
f 127/127 34/34 8/8
f 35/35 3/3 5/5
f 67/67 70/70 38/38
f 84/84 121/121 93/93
f 69/69 81/81 114/114
f 4/4 73/73 121/121
f 128/128 128/128 105/105
f 83/83 39/39 122/122
f 96/96 95/95 29/29
f 45/45 4/4 66/66
f 1/1 106/106 119/119
f 69/69 50/50 13/13
f 25/25 128/128 122/122
f 100/100 15/15 65/65
f 48/48 37/37 41/41
f 17/17 128/128 122/122
f 114/114 79/79 65/65
f 122/122 41/41 97/97
f 44/44 101/101 119/119
f 70/70 23/23 31/31
f 39/39 70/70 34/34
f 15/15 26/26 49/49
f 90/90 93/93 78/78
f 55/55 91/91 73/73
f 106/106 113/113 16/16
f 108/108 39/39 104/104
f 86/86 123/123 86/86
f 112/112 86/86 16/16
f 3/3 6/6 4/4
f 29/29 20/20 1/1
f 10/10 66/66 125/125
f 113/113 24/24 4/4
f 85/85 73/73 19/19
f 89/89 35/35 97/97
f 119/119 4/4 56/56
f 121/121 76/76 2/2
f 61/61 22/22 1/1
f 65/65 77/77 111/111
f 115/115 110/110 52/52
f 87/87 15/15 79/79
f 101/101 9/9 42/42
f 128/128 47/47 38/38
f 97/97 53/53 4/4
f 105/105 59/59 72/72
f 44/44 36/36 63/63
f 72/72 76/76 56/56
f 48/48 33/33 113/113
f 1/1 120/120 25/25
f 21/21 89/89 74/74
f 39/39 100/100 15/15
f 76/76 10/10 110/110
f 12/12 66/66 24/24
f 13/13 121/121 77/77
f 90/90 38/38 67/67
f 118/118 20/20 125/125
f 25/25 123/123 11/11
f 117/117 118/118 48/48
f 5/5 21/21 66/66
f 19/19 12/12 77/77
f 65/65 97/97 29/29
f 29/29 40/40 95/95
f 86/86 74/74 113/113
f 17/17 47/47 99/99
f 7/7 17/17 36/36
f 33/33 6/6 18/18
f 66/66 12/12 68/68
f 121/121 79/79 25/25
f 6/6 41/41 66/66
f 17/17 69/69 91/91
f 47/47 94/94 125/125
f 107/107 31/31 90/90
f 93/93 76/76 6/6
f 10/10 17/17 2/2
f 54/54 120/120 4/4
f 113/113 92/92 5/5
f 33/33 90/90 23/23
f 41/41 111/111 37/37
f 1/1 82/82 9/9
f 126/126 48/48 117/117
f 89/89 71/71 98/98
f 51/51 7/7 119/119
f 34/34 68/68 6/6
f 101/101 66/66 96/96
f 29/29 16/16 31/31
f 45/45 2/2 43/43
f 23/23 22/22 44/44
f 127/127 67/67 54/54
f 59/59 12/12 104/104
f 82/82 98/98 69/69
f 32/32 49/49 102/102
f 52/52 56/56 73/73
f 3/3 5/5 110/110
f 40/40 19/19 110/110
f 57/57 20/20 72/72
f 15/15 54/54 13/13
f 67/67 11/11 59/59
f 121/121 55/55 90/90
f 15/15 59/59 11/11
f 45/45 123/123 128/128
f 85/85 50/50 128/128
f 99/99 53/53 98/98
f 42/42 11/11 20/20
f 46/46 85/85 44/44
f 95/95 94/94 68/68
f 126/126 112/112 52/52
f 24/24 35/35 41/41
f 14/14 19/19 108/108
f 71/71 85/85 106/106
f 105/105 23/23 123/123
f 67/67 7/7 115/115
f 10/10 43/43 43/43
f 6/6 100/100 27/27
f 17/17 9/9 17/17
f 55/55 115/115 29/29
f 82/82 75/75 64/64
f 100/100 32/32 107/107
f 114/114 35/35 65/65
f 29/29 49/49 33/33
f 101/101 33/33 107/107
f 13/13 26/26 41/41
f 74/74 37/37 34/34
f 88/88 115/115 68/68
f 107/107 72/72 127/127
f 22/22 6/6 37/37
f 74/74 104/104 50/50
f 94/94 118/118 28/28
f 21/21 18/18 13/13
f 19/19 96/96 3/3
f 94/94 73/73 116/116
f 7/7 85/85 99/99
f 34/34 6/6 59/59
f 113/113 1/1 18/18
f 16/16 38/38 23/23
f 20/20 17/17 76/76
f 77/77 30/30 55/55
f 2/2 104/104 17/17
f 26/26 18/18 38/38
f 36/36 107/107 116/116
f 91/91 80/80 63/63
f 36/36 5/5 117/117
f 69/69 17/17 107/107
f 88/88 120/120 8/8
f 17/17 82/82 11/11
f 75/75 38/38 101/101
f 49/49 25/25 2/2
f 69/69 79/79 76/76
f 48/48 110/110 52/52
f 113/113 93/93 87/87
f 16/16 97/97 70/70
f 50/50 95/95 43/43
f 97/97 98/98 97/97
f 3/3 89/89 33/33
f 8/8 100/100 4/4
f 103/103 46/46 67/67
f 28/28 77/77 33/33
f 110/110 13/13 90/90
f 66/66 49/49 121/121
f 34/34 113/113 65/65
f 69/69 116/116 19/19
f 27/27 33/33 28/28
f 35/35 51/51 38/38
f 123/123 1/1 75/75
f 15/15 107/107 103/103
f 105/105 86/86 43/43
f 21/21 119/119 40/40
f 33/33 109/109 82/82
f 29/29 1/1 86/86
f 27/27 84/84 116/116
f 76/76 76/76 19/19
f 15/15 86/86 49/49
f 89/89 109/109 12/12
f 5/5 99/99 115/115
f 4/4 16/16 3/3
f 4/4 96/96 28/28
f 122/122 41/41 97/97
f 104/104 49/49 40/40
f 128/128 126/126 37/37
f 99/99 43/43 18/18
f 47/47 17/17 120/120
f 25/25 90/90 4/4
f 94/94 93/93 42/42
f 98/98 108/108 67/67
f 5/5 101/101 12/12
f 36/36 59/59 117/117
f 39/39 71/71 52/52
f 1/1 116/116 97/97
f 79/79 103/103 48/48
f 83/83 44/44 103/103
f 62/62 73/73 8/8
f 11/11 69/69 10/10
f 7/7 101/101 103/103
f 112/112 7/7 44/44
f 2/2 28/28 27/27
f 103/103 69/69 77/77
f 122/122 41/41 97/97
f 20/20 66/66 123/123
f 35/35 94/94 80/80
f 86/86 94/94 36/36
f 117/117 94/94 103/103
f 99/99 47/47 120/120
f 41/41 4/4 55/55
f 19/19 118/118 22/22
f 86/86 109/109 113/113
f 96/96 107/107 31/31
f 77/77 53/53 90/90
f 39/39 7/7 85/85
f 53/53 67/67 39/39
f 97/97 57/57 60/60
f 63/63 66/66 47/47
f 74/74 69/69 19/19
f 5/5 19/19 81/81
f 81/81 43/43 94/94
f 17/17 109/109 111/111
f 46/46 20/20 7/7
f 99/99 81/81 81/81
f 26/26 111/111 26/26
f 25/25 46/46 63/63
f 104/104 111/111 83/83
f 43/43 124/124 92/92
f 40/40 27/27 50/50
f 105/105 11/11 87/87
f 7/7 13/13 84/84
f 80/80 46/46 112/112
f 56/56 128/128 122/122
f 83/83 108/108 48/48
f 49/49 66/66 34/34
f 111/111 38/38 99/99
f 122/122 41/41 97/97
f 105/105 77/77 120/120
f 96/96 106/106 65/65
f 12/12 19/19 68/68
f 112/112 19/19 14/14
f 14/14 74/74 108/108
f 24/24 40/40 92/92
f 52/52 14/14 122/122
f 19/19 39/39 104/104
f 47/47 113/113 95/95
f 69/69 25/25 55/55
f 112/112 97/97 51/51
f 109/109 112/112 100/100
f 9/9 63/63 37/37
f 10/10 97/97 1/1
f 40/40 94/94 52/52
f 68/68 16/16 75/75
f 82/82 9/9 112/112
f 61/61 19/19 66/66
f 108/108 8/8 59/59
f 89/89 73/73 7/7
f 18/18 55/55 9/9
f 104/104 38/38 71/71
f 51/51 18/18 23/23
f 105/105 71/71 60/60
f 116/116 50/50 119/119
f 7/7 63/63 14/14
f 21/21 128/128 118/118
f 128/128 122/122 26/26
f 39/39 66/66 97/97
f 13/13 16/16 65/65
f 9/9 13/13 91/91
f 39/39 104/104 85/85
f 14/14 12/12 55/55
f 26/26 124/124 79/79
f 66/66 50/50 30/30
f 5/5 127/127 7/7
f 26/26 12/12 84/84
f 56/56 36/36 109/109
f 18/18 13/13 86/86
f 18/18 73/73 43/43
f 29/29 100/100 100/100
f 5/5 85/85 41/41
f 34/34 4/4 10/10
f 5/5 7/7 110/110
f 23/23 8/8 61/61
f 114/114 100/100 37/37
f 69/69 11/11 19/19
f 35/35 33/33 34/34
f 128/128 122/122 25/25
f 4/4 54/54 105/105
f 96/96 25/25 52/52
f 65/65 65/65 76/76
f 16/16 113/113 60/60
f 65/65 65/65 128/128
f 25/25 4/4 45/45
f 94/94 68/68 14/14
f 22/22 8/8 54/54
f 2/2 66/66 55/55
f 1/1 83/83 76/76
f 15/15 76/76 63/63
f 31/31 114/114 119/119
f 124/124 14/14 24/24
f 89/89 74/74 58/58
f 9/9 49/49 44/44
f 86/86 70/70 15/15
f 86/86 86/86 18/18
f 104/104 46/46 6/6
f 47/47 121/121 114/114
f 91/91 47/47 74/74
f 65/65 65/65 72/72
f 7/7 103/103 18/18
f 114/114 90/90 107/107
f 128/128 126/126 128/128
f 65/65 65/65 74/74
f 103/103 128/128 125/125
f 65/65 65/65 71/71
f 80/80 19/19 119/119
f 128/128 49/49 20/20
f 96/96 128/128 128/128
f 65/65 65/65 76/76
f 1/1 128/128 122/122
f 22/22 94/94 64/64
f 117/117 125/125 28/28
f 65/65 14/14 68/68
f 65/65 7/7 64/64
f 65/65 65/65 76/76
f 105/105 52/52 124/124
f 3/3 49/49 53/53
f 38/38 1/1 83/83
f 3/3 108/108 75/75
f 6/6 118/118 5/5
f 99/99 74/74 123/123
f 23/23 1/1 26/26
f 27/27 33/33 34/34
f 24/24 125/125 101/101
f 36/36 80/80 82/82
f 51/51 83/83 114/114
f 39/39 1/1 17/17
f 17/17 1/1 17/17
f 68/68 71/71 30/30
f 67/67 71/71 22/22
f 65/65 65/65 71/71
f 1/1 81/81 57/57
f 12/12 128/128 75/75
f 11/11 11/11 43/43
f 65/65 65/65 76/76
f 65/65 65/65 78/78
f 42/42 27/27 46/46
f 23/23 98/98 21/21
f 75/75 84/84 80/80
f 63/63 12/12 95/95
f 11/11 17/17 69/69
f 67/67 121/121 52/52
f 19/19 117/117 81/81
f 42/42 39/39 47/47
f 43/43 99/99 34/34
f 72/72 122/122 51/51
f 70/70 78/78 106/106
f 34/34 6/6 10/10
f 34/34 6/6 8/8
f 14/14 8/8 2/2
f 78/78 86/86 128/128
f 128/128 84/84 27/27
f 93/93 69/69 3/3
f 43/43 4/4 22/22
f 60/60 47/47 21/21
f 72/72 80/80 12/12
f 40/40 123/123 125/125
f 60/60 108/108 118/118
f 97/97 107/107 32/32
f 51/51 10/10 57/57
f 1/1 75/75 21/21
f 61/61 99/99 68/68
f 78/78 48/48 80/80
f 51/51 3/3 19/19
f 52/52 108/108 106/106
f 74/74 12/12 81/81
f 46/46 53/53 58/58
f 54/54 72/72 61/61
f 19/19 16/16 117/117
f 86/86 128/128 121/121
f 22/22 70/70 35/35
f 3/3 1/1 10/10
f 45/45 80/80 46/46
f 29/29 1/1 102/102
f 2/2 66/66 43/43
f 103/103 128/128 47/47
f 106/106 59/59 121/121
f 44/44 25/25 45/45
f 62/62 67/67 125/125
f 49/49 39/39 86/86
f 2/2 98/98 35/35
f 86/86 63/63 112/112
f 52/52 30/30 70/70
f 10/10 15/15 2/2
f 88/88 87/87 7/7
f 124/124 120/120 79/79
f 41/41 80/80 123/123
f 54/54 30/30 42/42
f 6/6 29/29 23/23
f 58/58 74/74 60/60
f 35/35 120/120 111/111
f 90/90 53/53 39/39
f 99/99 89/89 73/73
f 122/122 108/108 38/38
f 53/53 79/79 68/68
f 56/56 114/114 28/28
f 124/124 52/52 6/6
f 98/98 104/104 84/84
f 75/75 84/84 67/67
f 124/124 34/34 53/53
f 114/114 62/62 20/20
f 98/98 49/49 66/66
f 31/31 70/70 10/10
f 128/128 122/122 26/26
f 65/65 34/34 85/85
f 112/112 77/77 5/5
f 1/1 128/128 42/42
f 107/107 121/121 7/7
f 62/62 89/89 73/73
f 46/46 92/92 24/24
f 115/115 76/76 55/55
f 74/74 111/111 27/27
f 56/56 57/57 121/121
f 66/66 12/12 73/73
f 83/83 116/116 27/27
f 107/107 128/128 118/118
f 7/7 37/37 69/69
f 39/39 110/110 48/48
f 27/27 44/44 126/126
f 15/15 126/126 4/4
f 7/7 126/126 33/33
f 1/1 31/31 78/78
f 40/40 100/100 1/1
f 72/72 27/27 71/71
f 38/38 87/87 44/44
f 73/73 88/88 61/61
f 62/62 44/44 100/100
f 113/113 18/18 2/2
f 11/11 122/122 99/99
f 115/115 114/114 73/73
f 93/93 37/37 73/73
f 33/33 33/33 112/112
f 120/120 97/97 41/41
f 23/23 85/85 128/128
f 25/25 97/97 55/55
f 128/128 122/122 26/26
f 125/125 33/33 37/37
f 114/114 62/62 125/125
f 97/97 43/43 105/105
f 122/122 26/26 101/101
f 97/97 71/71 68/68
f 99/99 116/116 28/28
f 13/13 96/96 99/99
f 85/85 57/57 45/45
f 38/38 6/6 62/62
f 3/3 83/83 88/88
f 80/80 38/38 68/68
f 52/52 70/70 127/127
f 61/61 99/99 34/34
f 14/14 99/99 32/32
f 62/62 9/9 61/61
f 65/65 72/72 34/34
f 105/105 68/68 5/5
f 68/68 18/18 52/52
f 72/72 12/12 121/121
f 48/48 9/9 113/113
f 72/72 99/99 67/67
f 33/33 47/47 87/87
f 108/108 60/60 43/43
f 12/12 25/25 14/14
f 101/101 87/87 35/35
f 51/51 33/33 89/89
f 85/85 126/126 35/35
f 59/59 74/74 101/101
f 126/126 95/95 66/66
f 20/20 89/89 28/28
f 92/92 31/31 90/90
f 2/2 69/69 22/22
f 5/5 32/32 99/99
f 23/23 17/17 47/47
f 2/2 65/65 33/33
f 28/28 102/102 110/110
f 93/93 73/73 49/49
f 24/24 50/50 64/64
f 90/90 70/70 49/49
f 78/78 7/7 79/79
f 65/65 65/65 82/82
f 1/1 128/128 122/122
f 48/48 90/90 27/27
f 35/35 52/52 44/44
f 23/23 6/6 87/87
f 52/52 84/84 115/115
f 54/54 82/82 75/75
f 85/85 28/28 85/85
f 20/20 37/37 42/42
f 47/47 30/30 66/66
f 86/86 108/108 13/13
f 30/30 64/64 128/128
f 9/9 90/90 76/76
f 76/76 3/3 21/21
f 79/79 38/38 16/16
f 99/99 126/126 51/51
f 22/22 9/9 35/35
f 50/50 122/122 43/43
f 89/89 70/70 59/59
f 12/12 16/16 46/46
f 90/90 35/35 53/53
f 35/35 85/85 12/12
f 113/113 2/2 61/61
f 77/77 17/17 54/54
f 32/32 61/61 73/73
f 98/98 26/26 49/49
f 1/1 76/76 11/11
f 67/67 87/87 72/72
f 3/3 3/3 20/20
f 88/88 39/39 102/102
f 54/54 15/15 4/4
f 87/87 19/19 118/118
f 128/128 83/83 102/102
f 126/126 66/66 59/59
f 126/126 125/125 47/47
f 19/19 61/61 9/9
f 113/113 100/100 5/5
f 115/115 38/38 5/5
f 34/34 128/128 122/122
f 35/35 35/35 87/87
f 28/28 93/93 121/121
f 110/110 25/25 45/45
f 91/91 1/1 8/8
f 81/81 106/106 12/12
f 8/8 128/128 122/122
f 97/97 119/119 1/1
f 124/124 104/104 14/14
f 41/41 73/73 103/103
f 36/36 24/24 123/123
f 93/93 12/12 52/52
f 24/24 87/87 57/57
f 2/2 20/20 104/104
f 43/43 90/90 18/18
f 4/4 3/3 55/55
f 103/103 39/39 35/35
f 70/70 31/31 18/18
f 64/64 34/34 4/4
f 65/65 56/56 120/120
f 50/50 58/58 71/71
f 97/97 70/70 43/43
f 122/122 92/92 54/54
f 94/94 74/74 90/90
f 73/73 63/63 93/93
f 47/47 50/50 1/1
f 48/48 112/112 116/116
f 19/19 27/27 122/122
f 103/103 94/94 89/89
f 36/36 96/96 85/85
f 111/111 19/19 78/78
f 5/5 100/100 66/66
f 3/3 37/37 98/98
f 99/99 30/30 13/13
f 74/74 71/71 115/115
f 55/55 52/52 23/23
f 28/28 111/111 128/128
f 26/26 89/89 30/30
f 80/80 114/114 26/26
f 19/19 127/127 95/95
f 18/18 3/3 118/118
f 35/35 66/66 100/100
f 25/25 68/68 64/64
f 68/68 63/63 34/34
f 115/115 64/64 34/34
f 54/54 4/4 17/17
f 69/69 65/65 53/53
f 33/33 88/88 29/29
f 26/26 68/68 39/39
f 1/1 25/25 83/83
f 62/62 8/8 32/32
f 2/2 10/10 57/57
f 61/61 8/8 20/20
f 81/81 113/113 118/118
f 4/4 59/59 46/46
f 64/64 56/56 109/109
f 85/85 91/91 26/26
f 102/102 99/99 42/42
f 23/23 14/14 37/37
f 78/78 39/39 30/30
f 13/13 65/65 65/65
f 38/38 56/56 16/16
f 16/16 95/95 59/59
f 15/15 37/37 30/30
f 115/115 75/75 38/38
f 31/31 6/6 33/33
f 85/85 19/19 70/70
f 126/126 128/128 128/128
f 51/51 8/8 23/23
f 99/99 79/79 61/61
f 98/98 59/59 83/83
f 65/65 65/65 121/121
f 45/45 54/54 14/14
f 99/99 58/58 128/128
f 5/5 44/44 79/79
f 1/1 78/78 39/39
f 80/80 126/126 55/55
f 56/56 7/7 2/2
f 2/2 54/54 53/53
f 101/101 7/7 66/66
f 60/60 89/89 109/109
f 99/99 115/115 65/65
f 50/50 79/79 40/40
f 33/33 34/34 113/113
f 98/98 26/26 16/16
f 13/13 19/19 82/82
f 39/39 28/28 96/96
f 39/39 92/92 50/50
f 21/21 70/70 17/17
f 6/6 35/35 14/14
f 15/15 16/16 11/11
f 17/17 45/45 115/115
f 59/59 27/27 18/18
f 128/128 122/122 25/25
f 3/3 38/38 64/64
f 42/42 73/73 96/96
f 23/23 107/107 90/90
f 124/124 98/98 26/26
f 109/109 37/37 119/119
f 65/65 65/65 68/68
f 45/45 49/49 33/33
f 83/83 21/21 101/101
f 55/55 108/108 40/40
f 1/1 9/9 55/55
f 64/64 74/74 86/86
f 112/112 61/61 105/105
f 39/39 114/114 56/56
f 53/53 1/1 102/102
f 4/4 107/107 128/128
f 109/109 128/128 122/122
f 2/2 30/30 68/68
f 116/116 100/100 61/61
f 31/31 16/16 71/71
f 9/9 49/49 6/6
f 2/2 5/5 43/43
f 33/33 110/110 44/44
f 27/27 49/49 4/4
f 21/21 120/120 117/117
f 47/47 128/128 122/122
f 87/87 83/83 35/35
f 74/74 41/41 9/9
f 56/56 63/63 81/81
f 17/17 73/73 56/56
f 73/73 55/55 126/126
f 38/38 10/10 118/118
f 10/10 64/64 106/106
f 67/67 1/1 128/128
f 23/23 48/48 24/24
f 88/88 114/114 25/25
f 6/6 64/64 46/46
f 31/31 93/93 85/85
f 121/121 2/2 16/16
f 41/41 99/99 12/12
f 83/83 3/3 7/7
f 14/14 3/3 81/81
f 26/26 109/109 120/120
f 79/79 49/49 3/3
f 43/43 82/82 28/28
f 40/40 128/128 111/111
f 2/2 111/111 116/116
f 72/72 72/72 41/41
f 76/76 71/71 50/50
f 112/112 127/127 95/95
f 76/76 116/116 47/47
f 26/26 98/98 25/25
f 89/89 41/41 122/122
f 41/41 65/65 125/125
f 36/36 18/18 43/43
f 68/68 15/15 116/116
f 125/125 13/13 87/87
f 15/15 49/49 10/10
f 100/100 59/59 54/54
f 7/7 67/67 96/96
f 92/92 19/19 91/91
f 88/88 116/116 66/66
f 26/26 67/67 13/13
f 107/107 9/9 84/84
f 114/114 99/99 5/5
f 21/21 114/114 10/10
f 73/73 105/105 27/27
f 88/88 39/39 103/103
f 117/117 15/15 31/31
f 25/25 123/123 54/54
f 111/111 112/112 20/20
f 63/63 120/120 92/92
f 128/128 128/128 122/122
f 4/4 9/9 126/126
f 111/111 16/16 81/81
f 54/54 127/127 113/113
f 73/73 18/18 42/42
f 34/34 87/87 89/89
f 93/93 60/60 90/90
f 7/7 103/103 5/5
f 18/18 56/56 6/6
f 20/20 23/23 96/96
f 82/82 45/45 7/7
f 44/44 15/15 100/100
f 18/18 85/85 50/50
f 22/22 48/48 37/37
f 65/65 36/36 98/98
f 93/93 36/36 74/74
f 26/26 105/105 81/81
f 123/123 9/9 102/102
f 51/51 72/72 11/11
f 125/125 39/39 68/68
f 48/48 45/45 43/43
f 1/1 1/1 13/13
f 61/61 25/25 41/41
f 72/72 128/128 122/122
f 97/97 88/88 8/8
f 28/28 121/121 68/68
f 10/10 66/66 42/42
f 33/33 26/26 96/96
f 98/98 28/28 85/85
f 7/7 111/111 86/86
f 47/47 101/101 33/33
f 11/11 122/122 74/74
f 13/13 93/93 106/106
f 11/11 62/62 89/89
f 106/106 77/77 120/120
f 65/65 23/23 112/112
f 10/10 59/59 5/5
f 54/54 102/102 102/102
f 31/31 93/93 95/95
f 3/3 79/79 73/73
f 10/10 42/42 58/58
f 10/10 45/45 128/128
f 4/4 39/39 125/125
f 75/75 37/37 20/20
f 113/113 77/77 128/128
f 25/25 97/97 70/70
f 9/9 107/107 123/123
f 73/73 83/83 115/115
f 87/87 77/77 115/115
f 47/47 6/6 69/69
f 33/33 43/43 37/37
f 29/29 101/101 111/111
f 35/35 26/26 46/46
f 40/40 120/120 17/17
f 94/94 85/85 18/18
f 78/78 82/82 118/118
f 39/39 114/114 88/88
f 64/64 73/73 118/118
f 106/106 24/24 20/20
f 13/13 56/56 65/65
f 4/4 35/35 84/84
f 118/118 6/6 10/10
f 73/73 77/77 43/43
f 2/2 3/3 43/43
f 66/66 38/38 83/83
f 10/10 26/26 77/77
f 38/38 128/128 122/122
f 97/97 107/107 9/9
f 11/11 48/48 59/59
f 29/29 3/3 82/82
f 7/7 39/39 9/9
f 128/128 122/122 26/26
f 85/85 8/8 93/93
f 69/69 97/97 59/59
f 81/81 63/63 70/70
f 73/73 81/81 40/40
f 47/47 60/60 115/115
f 13/13 116/116 128/128
f 67/67 29/29 77/77
f 51/51 48/48 109/109
f 75/75 16/16 23/23
f 80/80 68/68 71/71
f 55/55 85/85 85/85
f 50/50 18/18 109/109
f 97/97 61/61 33/33
f 126/126 105/105 110/110
f 66/66 104/104 40/40
f 55/55 115/115 21/21
f 99/99 125/125 62/62
f 31/31 97/97 52/52
f 4/4 74/74 36/36
f 54/54 39/39 83/83
f 89/89 85/85 32/32
f 20/20 19/19 110/110
f 65/65 75/75 45/45
f 69/69 85/85 97/97
f 7/7 110/110 61/61
f 4/4 11/11 19/19
f 74/74 99/99 17/17
f 3/3 90/90 32/32
f 98/98 23/23 53/53
f 15/15 43/43 77/77
f 39/39 19/19 89/89
f 128/128 122/122 26/26
f 59/59 103/103 67/67
f 80/80 46/46 9/9
f 33/33 9/9 110/110
f 31/31 3/3 100/100
f 4/4 120/120 112/112
f 57/57 51/51 53/53
f 5/5 72/72 98/98
f 101/101 8/8 71/71
f 33/33 26/26 42/42
f 49/49 19/19 97/97
f 27/27 16/16 5/5
f 84/84 67/67 108/108
f 113/113 13/13 47/47
f 27/27 101/101 10/10
f 128/128 107/107 65/65
f 28/28 83/83 12/12
f 42/42 60/60 119/119
f 44/44 102/102 11/11
f 39/39 59/59 105/105
f 11/11 41/41 2/2
f 118/118 25/25 23/23
f 79/79 63/63 98/98
f 34/34 38/38 43/43
f 74/74 10/10 128/128
f 116/116 7/7 44/44
f 20/20 107/107 91/91
f 106/106 48/48 6/6
f 32/32 60/60 52/52
f 90/90 16/16 69/69
f 74/74 12/12 37/37
f 2/2 10/10 11/11
f 53/53 11/11 100/100
f 89/89 88/88 87/87
f 92/92 68/68 61/61
f 45/45 36/36 1/1
f 76/76 48/48 128/128
f 5/5 76/76 20/20
f 31/31 11/11 84/84
f 21/21 33/33 47/47
f 107/107 71/71 128/128
f 56/56 62/62 120/120
f 117/117 7/7 88/88
f 96/96 44/44 10/10
f 2/2 1/1 17/17
f 128/128 87/87 116/116
f 87/87 37/37 71/71
f 95/95 57/57 14/14
f 98/98 11/11 9/9
f 64/64 111/111 78/78
f 17/17 74/74 13/13
f 88/88 36/36 128/128
f 128/128 122/122 26/26
f 33/33 12/12 121/121
f 62/62 123/123 84/84
f 72/72 72/72 61/61
f 1/1 10/10 78/78
f 30/30 119/119 124/124
f 72/72 4/4 94/94
f 20/20 45/45 43/43
f 21/21 94/94 44/44
f 17/17 25/25 59/59
f 27/27 77/77 39/39
f 64/64 89/89 30/30
f 10/10 86/86 47/47
f 52/52 25/25 7/7
f 98/98 9/9 40/40
f 21/21 123/123 28/28
f 46/46 28/28 56/56
f 22/22 21/21 119/119
f 19/19 92/92 128/128
f 18/18 13/13 8/8
f 36/36 22/22 120/120
f 122/122 25/25 97/97
f 49/49 69/69 111/111
f 93/93 12/12 70/70
f 1/1 85/85 27/27
f 54/54 112/112 90/90
f 27/27 38/38 44/44
f 105/105 92/92 9/9
f 41/41 2/2 117/117
f 41/41 45/45 5/5
f 122/122 68/68 49/49
f 54/54 5/5 14/14
f 10/10 34/34 57/57
f 70/70 4/4 120/120
f 85/85 47/47 59/59
f 98/98 98/98 8/8
f 28/28 24/24 115/115
f 1/1 108/108 88/88
f 72/72 56/56 6/6
f 33/33 1/1 94/94
f 21/21 29/29 45/45
f 128/128 122/122 25/25
f 2/2 103/103 20/20
f 20/20 110/110 99/99
f 107/107 53/53 74/74
f 69/69 77/77 2/2
f 8/8 50/50 69/69
f 84/84 88/88 37/37
f 123/123 112/112 67/67
f 67/67 106/106 60/60
f 50/50 118/118 6/6
f 90/90 107/107 115/115
f 67/67 66/66 79/79
f 25/25 24/24 41/41
f 55/55 93/93 128/128
f 55/55 77/77 78/78
f 22/22 56/56 48/48
f 117/117 20/20 85/85
f 92/92 24/24 92/92
f 93/93 64/64 97/97
f 3/3 73/73 34/34
f 93/93 1/1 106/106
f 21/21 76/76 11/11
f 9/9 10/10 41/41
f 97/97 93/93 13/13
f 72/72 104/104 77/77
f 104/104 68/68 61/61
f 90/90 12/12 27/27
f 46/46 116/116 121/121
f 67/67 101/101 71/71
f 90/90 24/24 37/37
f 63/63 37/37 94/94
f 103/103 2/2 113/113
f 21/21 24/24 69/69
f 99/99 104/104 34/34
f 67/67 54/54 53/53
f 11/11 2/2 8/8
f 83/83 93/93 128/128
f 119/119 48/48 69/69
f 3/3 38/38 7/7
f 59/59 43/43 106/106
f 74/74 57/57 84/84
f 122/122 26/26 97/97
f 65/65 46/46 58/58
f 96/96 6/6 3/3
f 56/56 127/127 128/128
f 5/5 74/74 20/20
f 53/53 109/109 27/27
f 34/34 90/90 117/117
f 76/76 9/9 9/9
f 69/69 105/105 5/5
f 101/101 42/42 90/90
f 93/93 60/60 8/8
f 128/128 122/122 25/25
f 35/35 40/40 19/19
f 1/1 95/95 20/20
f 31/31 93/93 16/16
f 104/104 103/103 116/116
f 41/41 107/107 38/38
f 97/97 117/117 123/123
f 128/128 122/122 25/25
f 82/82 8/8 5/5
f 106/106 33/33 77/77
f 74/74 10/10 5/5
f 92/92 70/70 53/53
f 65/65 103/103 77/77
f 96/96 95/95 75/75
f 31/31 1/1 39/39
f 35/35 14/14 66/66
f 112/112 40/40 65/65
f 114/114 30/30 47/47
f 126/126 7/7 21/21
f 62/62 5/5 81/81
f 2/2 47/47 59/59
f 72/72 61/61 1/1
f 84/84 35/35 12/12
f 28/28 89/89 51/51
f 122/122 17/17 123/123
f 65/65 21/21 52/52
f 19/19 8/8 37/37
f 19/19 26/26 71/71
f 70/70 99/99 128/128
f 25/25 97/97 119/119
f 4/4 90/90 112/112
f 66/66 90/90 109/109
f 37/37 128/128 122/122
f 48/48 118/118 38/38
f 100/100 11/11 35/35
f 73/73 10/10 35/35
f 33/33 67/67 10/10
f 124/124 110/110 115/115
f 33/33 40/40 46/46
f 22/22 127/127 68/68
f 18/18 95/95 97/97
f 68/68 15/15 29/29
f 73/73 35/35 102/102
f 49/49 39/39 110/110
f 124/124 64/64 121/121
f 109/109 50/50 104/104
f 5/5 26/26 47/47
f 49/49 58/58 67/67
f 108/108 119/119 124/124
f 20/20 21/21 62/62
f 89/89 77/77 56/56
f 119/119 9/9 46/46
f 56/56 64/64 79/79
f 33/33 123/123 71/71
f 6/6 56/56 128/128
f 21/21 110/110 111/111
f 29/29 117/117 76/76
f 34/34 100/100 28/28
f 92/92 42/42 86/86
f 2/2 127/127 67/67
f 45/45 54/54 80/80
f 72/72 66/66 107/107
f 94/94 45/45 56/56
f 100/100 46/46 9/9
f 1/1 57/57 13/13
f 60/60 90/90 95/95
f 54/54 68/68 107/107
f 110/110 118/118 11/11
f 69/69 70/70 71/71
f 31/31 66/66 24/24
f 67/67 66/66 10/10
f 43/43 69/69 63/63
f 1/1 19/19 128/128
f 25/25 97/97 120/120
f 15/15 32/32 55/55
f 98/98 5/5 33/33
f 128/128 21/21 65/65
f 8/8 11/11 64/64
f 21/21 25/25 120/120
f 75/75 80/80 25/25
f 112/112 65/65 33/33
f 64/64 107/107 9/9
f 6/6 2/2 1/1
f 11/11 123/123 7/7
f 92/92 122/122 120/120
f 29/29 68/68 54/54
f 99/99 65/65 1/1
f 112/112 119/119 94/94
f 18/18 128/128 85/85
f 71/71 39/39 43/43
f 36/36 45/45 105/105
f 92/92 90/90 128/128
f 71/71 9/9 46/46
f 1/1 69/69 81/81
f 26/26 19/19 71/71
f 65/65 7/7 13/13
f 91/91 58/58 125/125
f 3/3 128/128 122/122
f 126/126 28/28 37/37
f 84/84 3/3 65/65
f 117/117 3/3 38/38
f 1/1 81/81 105/105
f 86/86 68/68 49/49
f 63/63 107/107 96/96
f 11/11 59/59 32/32
f 82/82 30/30 42/42
f 30/30 1/1 36/36
f 15/15 85/85 92/92
f 64/64 9/9 121/121
f 69/69 8/8 40/40
f 19/19 28/28 117/117
f 46/46 13/13 75/75
f 114/114 79/79 1/1
f 128/128 122/122 25/25
f 41/41 6/6 117/117
f 72/72 3/3 89/89
f 67/67 71/71 72/72
f 7/7 30/30 90/90
f 53/53 40/40 82/82
f 127/127 122/122 85/85
f 41/41 49/49 95/95
f 64/64 128/128 127/127
f 70/70 15/15 50/50
f 1/1 19/19 85/85
f 27/27 62/62 111/111
f 33/33 83/83 28/28
f 79/79 74/74 37/37
f 64/64 75/75 90/90
f 112/112 53/53 113/113
f 104/104 66/66 3/3
f 87/87 45/45 80/80
f 22/22 119/119 127/127
f 27/27 61/61 59/59
f 68/68 26/26 93/93
f 69/69 59/59 112/112
f 82/82 50/50 116/116
f 2/2 6/6 115/115
f 17/17 37/37 41/41
f 68/68 43/43 51/51
f 6/6 118/118 109/109
f 90/90 44/44 49/49
f 81/81 92/92 111/111
f 44/44 23/23 60/60
f 120/120 25/25 2/2
f 94/94 29/29 44/44
f 122/122 70/70 61/61
f 54/54 20/20 19/19
f 101/101 55/55 108/108
f 12/12 13/13 12/12
f 31/31 1/1 43/43
f 54/54 12/12 127/127
f 111/111 29/29 119/119
f 88/88 83/83 69/69
f 67/67 41/41 88/88
f 20/20 34/34 40/40
f 31/31 43/43 84/84
f 104/104 48/48 106/106
f 88/88 5/5 70/70
f 122/122 25/25 97/97
f 42/42 17/17 58/58
f 126/126 73/73 72/72
f 12/12 115/115 93/93
f 72/72 114/114 51/51
f 63/63 104/104 70/70
f 86/86 74/74 46/46
f 20/20 61/61 114/114
f 98/98 2/2 33/33
f 3/3 5/5 12/12
f 122/122 39/39 112/112
f 3/3 8/8 69/69
f 98/98 81/81 99/99
f 7/7 79/79 101/101
f 95/95 120/120 52/52
f 74/74 17/17 105/105
f 92/92 111/111 92/92
f 72/72 37/37 28/28
f 66/66 96/96 107/107
f 67/67 78/78 59/59
f 14/14 85/85 20/20
f 10/10 59/59 30/30
f 19/19 98/98 78/78
f 19/19 112/112 128/128
f 114/114 57/57 95/95
f 37/37 59/59 75/75
f 122/122 26/26 97/97
f 109/109 102/102 70/70
f 71/71 92/92 111/111
f 49/49 65/65 26/26
f 101/101 59/59 85/85
f 80/80 18/18 3/3
f 34/34 126/126 84/84
f 117/117 8/8 45/45
f 112/112 67/67 25/25
f 79/79 79/79 65/65
f 28/28 117/117 64/64
f 94/94 88/88 128/128
f 51/51 71/71 92/92
f 65/65 30/30 95/95
f 65/65 86/86 118/118
f 7/7 65/65 66/66
f 126/126 54/54 110/110
f 64/64 11/11 102/102
f 6/6 98/98 110/110
f 117/117 79/79 46/46
f 66/66 120/120 15/15
f 107/107 43/43 127/127
f 62/62 41/41 104/104
f 67/67 44/44 2/2
f 75/75 72/72 128/128
f 67/67 55/55 108/108
f 27/27 125/125 89/89
f 74/74 92/92 126/126
f 45/45 12/12 35/35
f 100/100 17/17 1/1
f 66/66 33/33 112/112
f 89/89 63/63 22/22
f 22/22 92/92 39/39
f 13/13 26/26 107/107
f 21/21 55/55 21/21
f 20/20 30/30 125/125
f 111/111 86/86 108/108
f 100/100 36/36 18/18
f 2/2 102/102 21/21
f 107/107 88/88 72/72
f 2/2 65/65 72/72
f 9/9 119/119 64/64
f 61/61 18/18 6/6
f 6/6 94/94 92/92
f 58/58 128/128 74/74
f 16/16 91/91 113/113
f 56/56 128/128 11/11
f 79/79 82/82 114/114
f 65/65 56/56 16/16
f 52/52 44/44 89/89
f 56/56 39/39 42/42
f 86/86 11/11 76/76
f 43/43 108/108 75/75
f 110/110 80/80 115/115
f 104/104 107/107 21/21
f 119/119 110/110 120/120
f 89/89 1/1 25/25
f 43/43 79/79 124/124
f 2/2 30/30 111/111
f 117/117 100/100 122/122
f 126/126 62/62 128/128
f 128/128 122/122 26/26
f 63/63 10/10 13/13
f 56/56 104/104 39/39
f 101/101 54/54 26/26
f 51/51 6/6 65/65
f 110/110 45/45 37/37
f 26/26 9/9 89/89
f 35/35 121/121 23/23
f 12/12 128/128 122/122
f 7/7 88/88 29/29
f 96/96 75/75 128/128
f 39/39 40/40 47/47
f 15/15 70/70 111/111
f 32/32 95/95 67/67
f 93/93 123/123 93/93
f 96/96 128/128 122/122
f 97/97 71/71 7/7
f 93/93 37/37 84/84
f 16/16 58/58 75/75
f 86/86 119/119 86/86
f 27/27 3/3 12/12
f 126/126 39/39 101/101
f 33/33 108/108 81/81
f 21/21 87/87 11/11
f 123/123 55/55 2/2
f 28/28 101/101 126/126
f 67/67 77/77 67/67
f 61/61 39/39 55/55
f 73/73 5/5 85/85
f 40/40 25/25 74/74
f 3/3 5/5 70/70
f 7/7 117/117 2/2
f 29/29 80/80 121/121
f 45/45 120/120 41/41
f 66/66 75/75 115/115
f 56/56 68/68 2/2
f 33/33 128/128 122/122
f 71/71 67/67 34/34
f 84/84 118/118 12/12
f 20/20 57/57 67/67
f 92/92 65/65 98/98
f 29/29 94/94 75/75
f 95/95 49/49 105/105
f 128/128 128/128 128/128
f 71/71 65/65 128/128
f 25/25 97/97 75/75
f 96/96 68/68 106/106
f 105/105 47/47 62/62
f 112/112 104/104 106/106
f 28/28 51/51 6/6
f 41/41 90/90 12/12
f 26/26 16/16 114/114
f 125/125 85/85 29/29
f 99/99 101/101 118/118
f 82/82 51/51 45/45
f 4/4 12/12 122/122
f 18/18 118/118 52/52
f 25/25 81/81 83/83
f 73/73 50/50 118/118
f 110/110 54/54 126/126
f 43/43 107/107 36/36
f 65/65 49/49 98/98
f 12/12 99/99 65/65
f 37/37 33/33 65/65
f 107/107 73/73 7/7
f 58/58 5/5 70/70
f 52/52 90/90 14/14
f 55/55 1/1 33/33
f 128/128 122/122 26/26
f 45/45 9/9 58/58
f 2/2 4/4 3/3
f 25/25 65/65 50/50
f 4/4 12/12 68/68
f 59/59 74/74 10/10
f 2/2 103/103 50/50
f 106/106 126/126 1/1
f 111/111 94/94 42/42
f 16/16 52/52 29/29
f 6/6 106/106 90/90
f 83/83 42/42 128/128
f 98/98 17/17 33/33
f 7/7 41/41 24/24
f 61/61 46/46 38/38
f 120/120 6/6 69/69
f 4/4 69/69 9/9
f 59/59 70/70 111/111
f 86/86 62/62 44/44
f 83/83 10/10 83/83
f 6/6 14/14 41/41
f 65/65 128/128 122/122
f 97/97 106/106 8/8
f 128/128 122/122 25/25
f 108/108 9/9 21/21
f 65/65 17/17 1/1
f 51/51 61/61 15/15
f 18/18 14/14 85/85
f 55/55 96/96 54/54
f 70/70 97/97 48/48
f 2/2 21/21 17/17
f 9/9 81/81 113/113
f 17/17 87/87 62/62
f 128/128 122/122 25/25
f 77/77 112/112 128/128
f 43/43 99/99 110/110
f 102/102 128/128 122/122
f 8/8 36/36 48/48
f 5/5 85/85 68/68
f 75/75 46/46 11/11
f 127/127 63/63 128/128
f 108/108 94/94 23/23
f 81/81 3/3 102/102
f 107/107 69/69 97/97
f 74/74 83/83 128/128
f 89/89 87/87 126/126
f 122/122 25/25 97/97
f 53/53 17/17 44/44
f 5/5 57/57 59/59
f 25/25 95/95 91/91
f 64/64 66/66 25/25
f 44/44 107/107 61/61
f 128/128 46/46 6/6
f 30/30 41/41 48/48
f 75/75 55/55 55/55
f 96/96 49/49 88/88
f 4/4 23/23 46/46
f 28/28 51/51 13/13
f 38/38 91/91 96/96
f 56/56 58/58 38/38
f 125/125 23/23 94/94
f 71/71 33/33 84/84
f 52/52 92/92 21/21
f 55/55 124/124 92/92
f 100/100 112/112 127/127
f 126/126 88/88 111/111
f 13/13 90/90 10/10
f 9/9 34/34 116/116
f 86/86 90/90 128/128
f 81/81 118/118 126/126
f 92/92 99/99 6/6
f 93/93 125/125 95/95
f 110/110 7/7 20/20
f 119/119 98/98 40/40
f 1/1 89/89 65/65
f 18/18 6/6 103/103
f 33/33 4/4 46/46
f 36/36 27/27 44/44
f 99/99 77/77 7/7
f 110/110 56/56 6/6
f 13/13 44/44 69/69
f 4/4 18/18 81/81
f 19/19 2/2 86/86
f 38/38 88/88 58/58
f 105/105 95/95 6/6
f 103/103 37/37 19/19
f 105/105 33/33 111/111
f 56/56 128/128 123/123
f 98/98 127/127 31/31
f 128/128 122/122 26/26
f 71/71 7/7 117/117
f 123/123 4/4 101/101
f 1/1 83/83 93/93
f 88/88 128/128 112/112
f 94/94 75/75 27/27
f 5/5 10/10 96/96
f 55/55 44/44 93/93
f 50/50 87/87 2/2
f 19/19 94/94 55/55
f 20/20 119/119 92/92
f 128/128 84/84 56/56
f 60/60 74/74 112/112
f 120/120 117/117 128/128
f 92/92 19/19 39/39
f 97/97 66/66 81/81
f 65/65 65/65 77/77
f 111/111 77/77 62/62
f 39/39 122/122 21/21
f 18/18 6/6 96/96
f 98/98 19/19 50/50
f 65/65 65/65 97/97
f 84/84 110/110 74/74
f 70/70 72/72 87/87
f 65/65 65/65 75/75
f 74/74 68/68 119/119
f 49/49 79/79 56/56
f 74/74 73/73 79/79
f 12/12 18/18 5/5
f 4/4 16/16 91/91
f 16/16 93/93 123/123
f 65/65 65/65 78/78
f 1/1 128/128 122/122
f 65/65 65/65 76/76
f 1/1 128/128 122/122
f 123/123 109/109 28/28
f 66/66 60/60 64/64
f 1/1 5/5 37/37
f 100/100 7/7 92/92
f 65/65 65/65 82/82
f 1/1 128/128 122/122
f 39/39 2/2 1/1
f 1/1 50/50 59/59
f 65/65 65/65 75/75
f 33/33 108/108 74/74
f 122/122 67/67 15/15
f 103/103 127/127 99/99
f 45/45 75/75 86/86
f 18/18 1/1 47/47
f 74/74 64/64 11/11
f 44/44 41/41 44/44
f 111/111 104/104 47/47
f 65/65 65/65 76/76
f 65/65 65/65 74/74
f 1/1 128/128 122/122
f 35/35 3/3 2/2
f 94/94 52/52 84/84
f 11/11 17/17 20/20
f 96/96 61/61 40/40
f 6/6 55/55 87/87
f 23/23 17/17 117/117
f 22/22 76/76 48/48
f 81/81 63/63 24/24
f 65/65 65/65 126/126
f 1/1 100/100 92/92
f 105/105 79/79 16/16
f 10/10 123/123 113/113
f 58/58 40/40 114/114
f 74/74 66/66 73/73
f 128/128 29/29 64/64
f 21/21 15/15 24/24
f 110/110 93/93 100/100
f 7/7 46/46 32/32
f 93/93 6/6 126/126
f 65/65 65/65 77/77
f 1/1 128/128 122/122
f 65/65 65/65 78/78
f 27/27 43/43 45/45
f 16/16 128/128 122/122
f 1/1 55/55 41/41
f 37/37 94/94 82/82
f 19/19 102/102 66/66
f 85/85 90/90 5/5
f 108/108 50/50 98/98
f 96/96 128/128 92/92
f 21/21 11/11 14/14
f 49/49 1/1 23/23
f 114/114 7/7 10/10
f 94/94 38/38 53/53
f 66/66 122/122 39/39
f 20/20 114/114 78/78
f 65/65 65/65 78/78
f 1/1 128/128 122/122
f 65/65 65/65 81/81
f 17/17 70/70 15/15
f 10/10 53/53 14/14
f 126/126 4/4 82/82
f 63/63 15/15 46/46
f 97/97 51/51 65/65
f 19/19 79/79 89/89
f 18/18 24/24 72/72
f 15/15 101/101 86/86
f 66/66 79/79 77/77
f 109/109 85/85 9/9
f 3/3 4/4 19/19
f 128/128 5/5 82/82
f 31/31 6/6 70/70
f 50/50 9/9 87/87
f 2/2 57/57 99/99
f 65/65 65/65 78/78
f 1/1 128/128 122/122
f 82/82 122/122 87/87
f 98/98 10/10 117/117
f 127/127 75/75 123/123
f 76/76 92/92 91/91
f 61/61 28/28 128/128
f 5/5 4/4 98/98
f 15/15 96/96 117/117
f 54/54 95/95 94/94
f 2/2 44/44 120/120
f 13/13 79/79 88/88
f 113/113 100/100 39/39
f 100/100 8/8 99/99
f 128/128 122/122 26/26
f 25/25 73/73 43/43
f 27/27 108/108 9/9
f 126/126 22/22 20/20
f 65/65 65/65 108/108
f 40/40 3/3 93/93
f 7/7 121/121 73/73
f 41/41 118/118 73/73
f 127/127 99/99 75/75
f 18/18 13/13 105/105
f 88/88 86/86 67/67
f 109/109 52/52 126/126
f 65/65 65/65 77/77
f 1/1 128/128 122/122
f 120/120 76/76 109/109
f 126/126 104/104 85/85
f 1/1 105/105 64/64
f 81/81 25/25 41/41
f 65/65 65/65 72/72
f 9/9 36/36 42/42
f 59/59 18/18 83/83
f 65/65 40/40 20/20
f 106/106 43/43 122/122
f 59/59 84/84 14/14
f 47/47 102/102 62/62
f 16/16 88/88 40/40
f 61/61 16/16 128/128
f 106/106 62/62 96/96
f 17/17 44/44 92/92
f 120/120 119/119 64/64
f 56/56 84/84 40/40
f 117/117 44/44 104/104
f 9/9 12/12 62/62
f 12/12 77/77 25/25
f 24/24 99/99 64/64
f 58/58 125/125 110/110
f 65/65 65/65 81/81
f 1/1 128/128 122/122
f 101/101 123/123 76/76
f 48/48 40/40 39/39
f 121/121 98/98 99/99
f 45/45 107/107 10/10
f 22/22 87/87 58/58
f 99/99 2/2 72/72
f 79/79 1/1 69/69
f 39/39 86/86 115/115
f 93/93 14/14 114/114
f 65/65 65/65 73/73
f 97/97 17/17 20/20
f 105/105 111/111 103/103
f 90/90 2/2 29/29
f 71/71 110/110 5/5
f 42/42 7/7 2/2
f 91/91 27/27 14/14
f 98/98 84/84 35/35
f 65/65 111/111 105/105
f 102/102 5/5 11/11
f 65/65 65/65 72/72
f 1/1 128/128 122/122
f 32/32 47/47 91/91
f 116/116 36/36 58/58
f 65/65 67/67 9/9
f 53/53 83/83 110/110
f 16/16 17/17 5/5
f 13/13 75/75 8/8
f 114/114 42/42 81/81
f 68/68 50/50 38/38
f 23/23 20/20 51/51
f 102/102 16/16 60/60
f 20/20 127/127 31/31
f 56/56 101/101 68/68
f 19/19 10/10 127/127
f 13/13 39/39 99/99
f 109/109 44/44 119/119
f 90/90 49/49 32/32
f 49/49 115/115 110/110
f 6/6 33/33 20/20
f 68/68 94/94 37/37
f 8/8 95/95 116/116
f 33/33 88/88 1/1
f 78/78 128/128 2/2
f 119/119 51/51 42/42
f 79/79 61/61 19/19
f 21/21 36/36 90/90
f 103/103 107/107 108/108
f 71/71 82/82 128/128
f 31/31 81/81 128/128
f 36/36 5/5 23/23
f 54/54 65/65 100/100
f 100/100 114/114 113/113
f 49/49 51/51 128/128
f 9/9 21/21 29/29
f 97/97 47/47 5/5
f 99/99 123/123 70/70
f 32/32 103/103 5/5
f 52/52 90/90 109/109
f 34/34 69/69 39/39
f 39/39 101/101 67/67
f 47/47 61/61 85/85
f 37/37 21/21 14/14
f 75/75 81/81 108/108
f 22/22 56/56 106/106
f 128/128 122/122 26/26
f 74/74 7/7 101/101
f 2/2 97/97 101/101
f 41/41 97/97 75/75
f 50/50 117/117 99/99
f 57/57 4/4 69/69
f 96/96 10/10 20/20
f 11/11 126/126 91/91
f 55/55 37/37 110/110
f 57/57 44/44 119/119
f 36/36 6/6 66/66
f 96/96 67/67 14/14
f 14/14 58/58 115/115
f 115/115 34/34 100/100
f 9/9 17/17 14/14
f 65/65 65/65 73/73
f 41/41 89/89 6/6
f 23/23 48/48 27/27
f 14/14 21/21 4/4
f 15/15 92/92 22/22
f 6/6 43/43 22/22
f 126/126 22/22 53/53
f 62/62 67/67 82/82
f 64/64 122/122 121/121
f 65/65 74/74 1/1
f 9/9 97/97 103/103
f 44/44 20/20 70/70
f 56/56 115/115 62/62
f 117/117 14/14 15/15
f 53/53 87/87 97/97
f 128/128 7/7 17/17
f 8/8 21/21 120/120
f 65/65 65/65 74/74
f 1/1 128/128 122/122
f 13/13 58/58 118/118
f 67/67 3/3 32/32
f 10/10 31/31 69/69
f 65/65 65/65 65/65
f 47/47 128/128 64/64
f 92/92 17/17 49/49
f 45/45 64/64 6/6
f 67/67 127/127 48/48
f 65/65 65/65 73/73
f 23/23 35/35 47/47
f 66/66 53/53 90/90
f 49/49 121/121 112/112
f 127/127 36/36 82/82
f 58/58 21/21 41/41
f 36/36 6/6 5/5
f 61/61 46/46 34/34
f 5/5 70/70 79/79
f 33/33 90/90 29/29
f 11/11 68/68 39/39
f 65/65 65/65 94/94
f 1/1 128/128 122/122
f 88/88 47/47 20/20
f 62/62 67/67 71/71
f 54/54 39/39 43/43
f 108/108 21/21 15/15
f 35/35 81/81 54/54
f 67/67 35/35 111/111
f 83/83 74/74 29/29
f 59/59 68/68 84/84
f 61/61 95/95 1/1
f 13/13 56/56 128/128
f 106/106 124/124 28/28
f 58/58 27/27 123/123
f 47/47 128/128 122/122
f 16/16 5/5 1/1
f 49/49 89/89 126/126
f 40/40 41/41 17/17
f 1/1 1/1 1/1
f 47/47 56/56 81/81
f 99/99 118/118 99/99
f 66/66 128/128 122/122
f 57/57 33/33 71/71
f 62/62 19/19 111/111
f 10/10 43/43 17/17
f 88/88 33/33 34/34
f 4/4 15/15 27/27
f 32/32 33/33 1/1
f 55/55 79/79 4/4
f 122/122 25/25 97/97
f 82/82 75/75 27/27
f 48/48 2/2 2/2
f 39/39 123/123 68/68
f 15/15 43/43 93/93
f 1/1 86/86 83/83
f 110/110 108/108 33/33
f 34/34 115/115 55/55
f 20/20 55/55 57/57
f 49/49 85/85 6/6
f 125/125 46/46 78/78
f 128/128 25/25 1/1
f 101/101 88/88 15/15
f 121/121 27/27 36/36
f 54/54 91/91 5/5
f 11/11 24/24 47/47
f 30/30 69/69 61/61
f 39/39 52/52 100/100
f 91/91 84/84 116/116
f 68/68 88/88 87/87
f 41/41 82/82 17/17
f 81/81 22/22 38/38
f 23/23 49/49 26/26
f 8/8 2/2 1/1
f 111/111 10/10 38/38
f 63/63 93/93 81/81
f 65/65 69/69 1/1
f 2/2 38/38 83/83
f 81/81 65/65 31/31
f 45/45 106/106 35/35
f 19/19 68/68 69/69
f 82/82 40/40 36/36
f 28/28 34/34 12/12
f 13/13 16/16 2/2
f 36/36 73/73 23/23
f 127/127 64/64 7/7
f 46/46 19/19 41/41
f 63/63 93/93 92/92
f 86/86 49/49 45/45
f 24/24 41/41 115/115
f 116/116 119/119 120/120
f 74/74 91/91 51/51
f 41/41 104/104 71/71
f 92/92 94/94 7/7
f 23/23 124/124 50/50
f 34/34 33/33 117/117
f 119/119 120/120 27/27
f 7/7 41/41 110/110
f 76/76 92/92 37/37
f 31/31 76/76 116/116
f 41/41 69/69 82/82
f 9/9 58/58 38/38
f 83/83 27/27 25/25
f 101/101 51/51 76/76
f 49/49 42/42 92/92
f 53/53 71/71 70/70
f 7/7 92/92 23/23
f 48/48 94/94 78/78
f 19/19 10/10 43/43
f 72/72 50/50 56/56
f 86/86 105/105 103/103
f 13/13 104/104 11/11
f 103/103 98/98 85/85
f 67/67 72/72 78/78
f 1/1 97/97 69/69
f 74/74 68/68 33/33
f 40/40 11/11 10/10
f 44/44 117/117 83/83
f 22/22 92/92 128/128
f 69/69 109/109 85/85
f 94/94 41/41 23/23
f 18/18 16/16 128/128
f 10/10 55/55 128/128
f 50/50 82/82 85/85
f 24/24 128/128 128/128
f 82/82 107/107 13/13
f 75/75 52/52 40/40
f 58/58 43/43 44/44
f 119/119 11/11 114/114
f 26/26 119/119 128/128
f 98/98 97/97 48/48
f 112/112 112/112 70/70
f 41/41 118/118 88/88
f 50/50 32/32 78/78
f 52/52 59/59 50/50
f 1/1 121/121 81/81
f 97/97 10/10 53/53
f 8/8 30/30 49/49
f 94/94 27/27 87/87
f 36/36 16/16 29/29
f 15/15 104/104 128/128
f 43/43 31/31 35/35
f 23/23 127/127 81/81
f 49/49 85/85 19/19
f 65/65 113/113 67/67
f 81/81 61/61 82/82
f 2/2 55/55 95/95
f 9/9 43/43 24/24
f 51/51 81/81 94/94
f 80/80 21/21 22/22
f 73/73 43/43 84/84
f 119/119 118/118 36/36
f 127/127 112/112 17/17
f 66/66 98/98 85/85
f 12/12 64/64 104/104
f 54/54 26/26 85/85
f 119/119 18/18 62/62
f 83/83 44/44 112/112
f 7/7 67/67 65/65
f 44/44 59/59 83/83
f 35/35 73/73 128/128
f 76/76 120/120 127/127
f 68/68 73/73 33/33
f 69/69 107/107 25/25
f 46/46 82/82 78/78
f 81/81 70/70 22/22
f 33/33 97/97 88/88
f 4/4 105/105 128/128
f 68/68 106/106 13/13
f 69/69 31/31 9/9
f 123/123 77/77 1/1
f 54/54 83/83 119/119
f 81/81 119/119 32/32
f 8/8 40/40 62/62
f 117/117 92/92 128/128
f 127/127 51/51 11/11
f 105/105 52/52 3/3
f 6/6 16/16 127/127
f 40/40 91/91 108/108
f 27/27 5/5 4/4
f 65/65 93/93 19/19
f 98/98 121/121 33/33
f 128/128 122/122 25/25
f 128/128 8/8 21/21
f 58/58 126/126 96/96
f 76/76 37/37 54/54
f 101/101 93/93 47/47
f 68/68 9/9 96/96
f 9/9 100/100 120/120
f 89/89 16/16 106/106
f 115/115 73/73 100/100
f 31/31 128/128 14/14
f 62/62 33/33 128/128
f 116/116 7/7 122/122
f 97/97 53/53 67/67
f 89/89 83/83 105/105
f 125/125 111/111 112/112
f 96/96 108/108 64/64
f 30/30 120/120 52/52
f 47/47 9/9 124/124
f 120/120 106/106 44/44
f 49/49 70/70 107/107
f 38/38 107/107 48/48
f 5/5 91/91 36/36
f 113/113 106/106 98/98
f 59/59 65/65 1/1
f 1/1 126/126 105/105
f 49/49 33/33 48/48
f 63/63 114/114 102/102
f 5/5 80/80 34/34
f 43/43 15/15 6/6
f 49/49 104/104 127/127
f 122/122 102/102 96/96
f 69/69 25/25 109/109
f 1/1 115/115 113/113
f 73/73 118/118 43/43
f 25/25 88/88 27/27
f 3/3 78/78 57/57
f 25/25 65/65 52/52
f 50/50 35/35 79/79
f 21/21 7/7 6/6
f 18/18 24/24 123/123
f 13/13 105/105 26/26
f 27/27 83/83 44/44
f 47/47 86/86 77/77
f 42/42 64/64 125/125
f 25/25 69/69 33/33
f 56/56 56/56 55/55
f 37/37 95/95 75/75
f 37/37 12/12 6/6
f 52/52 81/81 37/37
f 3/3 6/6 34/34
f 67/67 64/64 71/71
f 41/41 6/6 52/52
f 128/128 122/122 25/25
f 99/99 91/91 120/120
f 45/45 67/67 66/66
f 72/72 47/47 97/97
f 61/61 117/117 4/4
f 58/58 96/96 42/42
f 64/64 68/68 49/49
f 9/9 90/90 21/21
f 102/102 77/77 128/128
f 25/25 97/97 98/98
f 128/128 122/122 26/26
f 101/101 10/10 122/122
f 56/56 117/117 81/81
f 35/35 17/17 97/97
f 44/44 62/62 4/4
f 66/66 9/9 34/34
f 66/66 5/5 22/22
f 5/5 68/68 36/36
f 61/61 124/124 91/91
f 77/77 65/65 43/43
f 114/114 113/113 23/23
f 64/64 50/50 104/104
f 92/92 128/128 122/122
f 1/1 101/101 43/43
f 121/121 15/15 34/34
f 100/100 49/49 128/128
f 26/26 97/97 89/89
f 71/71 4/4 101/101
f 104/104 56/56 118/118
f 60/60 12/12 9/9
f 128/128 88/88 52/52
f 89/89 88/88 107/107
f 95/95 85/85 49/49
f 109/109 43/43 46/46
f 7/7 80/80 14/14
f 67/67 119/119 79/79
f 84/84 11/11 117/117
f 34/34 91/91 1/1
f 114/114 38/38 10/10
f 31/31 29/29 25/25
f 68/68 117/117 84/84
f 33/33 3/3 53/53
f 111/111 78/78 127/127
f 22/22 25/25 12/12
f 16/16 42/42 103/103
f 106/106 109/109 119/119
f 107/107 93/93 31/31
f 69/69 45/45 37/37
f 1/1 12/12 36/36
f 42/42 45/45 49/49
f 113/113 90/90 22/22
f 11/11 9/9 31/31
f 17/17 98/98 51/51
f 113/113 19/19 106/106
f 39/39 28/28 14/14
f 46/46 78/78 42/42
f 23/23 17/17 112/112
f 46/46 22/22 48/48
f 15/15 80/80 82/82
f 34/34 25/25 13/13
f 16/16 19/19 49/49
f 111/111 49/49 32/32
f 32/32 41/41 49/49
f 20/20 9/9 23/23
f 45/45 95/95 74/74
f 61/61 54/54 36/36
f 98/98 30/30 22/22
f 13/13 108/108 25/25
f 61/61 11/11 17/17
f 33/33 122/122 93/93
f 112/112 57/57 47/47
f 50/50 39/39 125/125
f 76/76 122/122 5/5
f 35/35 98/98 123/123
f 108/108 88/88 36/36
f 1/1 45/45 21/21
f 26/26 125/125 31/31
f 127/127 84/84 33/33
f 128/128 92/92 116/116
f 61/61 24/24 128/128
f 108/108 112/112 11/11
f 60/60 83/83 92/92
f 115/115 73/73 15/15
f 81/81 116/116 61/61
f 78/78 15/15 117/117
f 86/86 106/106 128/128
f 1/1 128/128 122/122
f 35/35 43/43 65/65
f 27/27 87/87 83/83
f 51/51 100/100 85/85
f 77/77 59/59 95/95
f 25/25 101/101 98/98
f 114/114 120/120 102/102
f 3/3 103/103 25/25
f 3/3 29/29 7/7
f 5/5 5/5 7/7
f 12/12 53/53 88/88
f 2/2 80/80 27/27
f 32/32 35/35 51/51
f 96/96 92/92 47/47
f 5/5 68/68 18/18
f 6/6 91/91 34/34
f 96/96 124/124 39/39
f 37/37 35/35 40/40
f 43/43 47/47 7/7
f 64/64 128/128 128/128
f 64/64 128/128 128/128
f 78/78 109/109 66/66
f 46/46 17/17 21/21
f 20/20 19/19 91/91
f 80/80 128/128 100/100
f 2/2 5/5 72/72
f 76/76 127/127 26/26
f 78/78 2/2 31/31
f 103/103 84/84 14/14
f 82/82 76/76 22/22
f 33/33 65/65 36/36
f 109/109 98/98 65/65
f 73/73 11/11 10/10
f 79/79 36/36 8/8
f 20/20 119/119 33/33
f 87/87 38/38 29/29
f 10/10 123/123 38/38
f 10/10 63/63 110/110
f 24/24 98/98 43/43
f 93/93 58/58 96/96
f 128/128 128/128 14/14
f 67/67 66/66 83/83
f 15/15 62/62 23/23
f 78/78 90/90 15/15
f 73/73 2/2 46/46
f 122/122 25/25 97/97
f 2/2 44/44 94/94
f 64/64 68/68 17/17
f 52/52 78/78 72/72
f 104/104 67/67 46/46
f 73/73 58/58 128/128
f 69/69 3/3 85/85
f 118/118 35/35 21/21
f 17/17 117/117 96/96
f 84/84 93/93 106/106
f 103/103 87/87 14/14
f 21/21 38/38 111/111
f 24/24 122/122 88/88
f 47/47 80/80 84/84
f 124/124 111/111 16/16
f 19/19 39/39 1/1
f 3/3 50/50 118/118
f 87/87 70/70 118/118
f 97/97 6/6 123/123
f 128/128 122/122 26/26
f 23/23 127/127 117/117
f 12/12 123/123 84/84
f 91/91 51/51 87/87
f 90/90 32/32 123/123
f 122/122 43/43 73/73
f 43/43 70/70 103/103
f 80/80 22/22 65/65
f 43/43 65/65 120/120
f 108/108 119/119 15/15
f 18/18 19/19 57/57
f 35/35 47/47 52/52
f 97/97 100/100 97/97
f 89/89 11/11 128/128
f 1/1 125/125 65/65
f 42/42 85/85 64/64
f 65/65 8/8 27/27
f 33/33 18/18 43/43
f 50/50 82/82 68/68
f 36/36 101/101 7/7
f 12/12 65/65 12/12
f 75/75 46/46 29/29
f 48/48 38/38 40/40
f 97/97 87/87 65/65
f 11/11 106/106 10/10
f 111/111 87/87 113/113
f 83/83 105/105 49/49
f 73/73 51/51 21/21
f 59/59 68/68 43/43
f 18/18 104/104 7/7
f 1/1 1/1 58/58
f 36/36 10/10 114/114
f 20/20 14/14 40/40
f 80/80 29/29 104/104
f 21/21 54/54 32/32
f 101/101 95/95 34/34
f 102/102 74/74 67/67
f 97/97 15/15 17/17
f 105/105 45/45 86/86
f 1/1 81/81 1/1
f 65/65 109/109 73/73
f 19/19 2/2 10/10
f 4/4 59/59 56/56
f 67/67 110/110 80/80
f 120/120 84/84 26/26
f 36/36 116/116 103/103
f 106/106 31/31 53/53
f 11/11 126/126 120/120
f 70/70 76/76 38/38
f 4/4 34/34 52/52
f 104/104 6/6 22/22
f 82/82 5/5 121/121
f 1/1 80/80 35/35
f 64/64 33/33 5/5
f 57/57 33/33 1/1
f 43/43 10/10 73/73
f 97/97 29/29 11/11
f 96/96 121/121 15/15
f 5/5 17/17 7/7
f 66/66 107/107 13/13
f 22/22 128/128 122/122
f 7/7 68/68 8/8
f 105/105 3/3 4/4
f 70/70 128/128 122/122
f 115/115 111/111 99/99
f 106/106 128/128 128/128
f 65/65 65/65 73/73
f 42/42 25/25 11/11
f 128/128 122/122 25/25
f 21/21 93/93 80/80
f 78/78 87/87 120/120
f 3/3 41/41 8/8
f 22/22 23/23 101/101
f 68/68 93/93 19/19
f 73/73 114/114 38/38
f 62/62 49/49 4/4
f 1/1 77/77 66/66
f 1/1 1/1 57/57
f 49/49 18/18 4/4
f 67/67 34/34 128/128
f 26/26 97/97 51/51
f 11/11 97/97 61/61
f 122/122 91/91 62/62
f 46/46 97/97 14/14
f 76/76 16/16 37/37
f 102/102 127/127 128/128
f 1/1 122/122 62/62
f 4/4 67/67 90/90
f 87/87 41/41 28/28
f 44/44 119/119 7/7
f 124/124 126/126 112/112
f 21/21 69/69 87/87
f 62/62 125/125 109/109
f 45/45 124/124 109/109
f 54/54 48/48 96/96
f 108/108 64/64 77/77
f 65/65 65/65 92/92
f 21/21 18/18 102/102
f 70/70 123/123 96/96
f 126/126 21/21 128/128
f 65/65 65/65 72/72
f 14/14 10/10 23/23
f 54/54 8/8 42/42
f 80/80 8/8 119/119
f 82/82 120/120 33/33
f 65/65 65/65 75/75
f 28/28 81/81 81/81
f 28/28 65/65 33/33
f 65/65 65/65 77/77
f 1/1 128/128 122/122
f 49/49 1/1 81/81
f 27/27 115/115 21/21
f 28/28 93/93 82/82
f 48/48 42/42 107/107
f 38/38 35/35 122/122
f 50/50 36/36 73/73
f 48/48 123/123 27/27
f 42/42 61/61 43/43
f 8/8 39/39 116/116
f 51/51 78/78 46/46
f 54/54 3/3 55/55
f 4/4 68/68 102/102
f 65/65 65/65 77/77
f 125/125 76/76 120/120
f 115/115 40/40 88/88
f 69/69 121/121 45/45
f 65/65 65/65 76/76
f 1/1 128/128 122/122
f 87/87 30/30 41/41
f 17/17 7/7 2/2
f 109/109 70/70 10/10
f 17/17 103/103 19/19
f 47/47 100/100 82/82
f 10/10 41/41 37/37
f 75/75 81/81 90/90
f 59/59 110/110 123/123
f 54/54 73/73 35/35
f 60/60 126/126 111/111
f 16/16 97/97 51/51
f 113/113 127/127 21/21
f 4/4 84/84 57/57
f 7/7 79/79 55/55
f 121/121 3/3 116/116
f 78/78 111/111 20/20
f 50/50 96/96 105/105
f 39/39 30/30 1/1
f 65/65 65/65 76/76
f 107/107 61/61 67/67
f 7/7 5/5 30/30
f 65/65 65/65 74/74
f 125/125 41/41 68/68
f 44/44 62/62 84/84
f 43/43 3/3 30/30
f 104/104 105/105 56/56
f 60/60 112/112 6/6
f 3/3 53/53 70/70
f 29/29 81/81 95/95
f 8/8 68/68 94/94
f 89/89 123/123 33/33
f 89/89 77/77 2/2
f 96/96 114/114 33/33
f 83/83 102/102 115/115
f 127/127 89/89 67/67
f 65/65 65/65 80/80
f 48/48 78/78 42/42
f 11/11 51/51 5/5
f 40/40 109/109 14/14
f 1/1 2/2 19/19
f 104/104 114/114 28/28
f 36/36 38/38 68/68
f 109/109 41/41 25/25
f 65/65 107/107 74/74
f 77/77 77/77 116/116
f 65/65 53/53 22/22
f 87/87 21/21 29/29
f 45/45 124/124 2/2
f 22/22 41/41 16/16
f 43/43 83/83 111/111
f 106/106 118/118 88/88
f 108/108 61/61 101/101
f 87/87 54/54 25/25
f 49/49 1/1 99/99
f 57/57 63/63 65/65
f 15/15 7/7 49/49
f 73/73 2/2 65/65
f 65/65 65/65 88/88
f 1/1 128/128 122/122
f 80/80 65/65 109/109
f 65/65 65/65 87/87
f 1/1 128/128 122/122
f 35/35 61/61 9/9
f 22/22 18/18 9/9
f 28/28 128/128 112/112
f 50/50 1/1 7/7
f 90/90 83/83 111/111
f 102/102 70/70 3/3
f 4/4 114/114 54/54
f 99/99 34/34 40/40
f 32/32 117/117 72/72
f 113/113 92/92 115/115
f 1/1 52/52 107/107
f 7/7 74/74 84/84
f 110/110 120/120 67/67
f 9/9 13/13 114/114
f 52/52 38/38 21/21
f 49/49 116/116 112/112
f 111/111 94/94 128/128
f 18/18 65/65 73/73
f 21/21 8/8 32/32
f 116/116 69/69 4/4
f 25/25 108/108 30/30
f 11/11 39/39 97/97
f 91/91 44/44 38/38
f 52/52 58/58 23/23
f 128/128 122/122 25/25
f 26/26 94/94 11/11
f 120/120 40/40 126/126
f 65/65 31/31 29/29
f 81/81 60/60 85/85
f 73/73 96/96 64/64
f 63/63 87/87 128/128
f 34/34 19/19 41/41
f 70/70 49/49 112/112
f 63/63 19/19 87/87
f 103/103 120/120 103/103
f 5/5 59/59 29/29
f 57/57 18/18 101/101
f 77/77 77/77 77/77
f 67/67 74/74 84/84
f 53/53 42/42 63/63
f 101/101 84/84 27/27
f 71/71 100/100 30/30
f 1/1 113/113 126/126
f 92/92 106/106 76/76
f 36/36 83/83 86/86
f 52/52 48/48 89/89
f 6/6 128/128 81/81
f 37/37 58/58 97/97
f 70/70 36/36 16/16
f 111/111 23/23 38/38
f 65/65 65/65 78/78
f 52/52 53/53 59/59
f 67/67 2/2 37/37
f 102/102 33/33 58/58
f 37/37 11/11 36/36
f 10/10 43/43 41/41
f 103/103 59/59 103/103
f 109/109 59/59 122/122
f 108/108 79/79 108/108
f 113/113 99/99 87/87
f 74/74 41/41 113/113
f 25/25 77/77 10/10
f 113/113 87/87 22/22
f 111/111 69/69 77/77
f 66/66 109/109 36/36
f 117/117 74/74 103/103
f 87/87 101/101 4/4
f 2/2 42/42 110/110
f 77/77 11/11 7/7
f 84/84 37/37 54/54
f 21/21 33/33 51/51
f 78/78 120/120 13/13
f 124/124 87/87 52/52
f 7/7 10/10 107/107
f 89/89 65/65 20/20
f 5/5 38/38 47/47
f 51/51 56/56 64/64
f 28/28 128/128 128/128
f 72/72 15/15 33/33
f 6/6 61/61 73/73
f 71/71 7/7 88/88
f 47/47 120/120 67/67
f 9/9 74/74 90/90
f 104/104 85/85 49/49
f 68/68 100/100 40/40
f 45/45 2/2 17/17
f 108/108 128/128 64/64
f 37/37 49/49 71/71
f 77/77 99/99 64/64
f 89/89 120/120 9/9
f 79/79 18/18 107/107
f 64/64 3/3 7/7
f 12/12 5/5 101/101
f 27/27 71/71 122/122
f 80/80 58/58 38/38
f 54/54 29/29 97/97
f 73/73 23/23 81/81
f 121/121 49/49 27/27
f 97/97 23/23 105/105
f 78/78 59/59 84/84
f 39/39 70/70 87/87
f 13/13 71/71 91/91
f 2/2 58/58 64/64
f 122/122 25/25 101/101
f 66/66 98/98 6/6
f 35/35 42/42 68/68
f 64/64 128/128 128/128
f 46/46 4/4 39/39
f 125/125 54/54 2/2
f 65/65 65/65 78/78
f 88/88 7/7 68/68
f 15/15 10/10 103/103
f 121/121 90/90 83/83
f 84/84 79/79 48/48
f 65/65 65/65 78/78
f 76/76 82/82 44/44
f 120/120 56/56 62/62
f 36/36 9/9 87/87
f 1/1 77/77 53/53
f 5/5 116/116 79/79
f 104/104 34/34 41/41
f 50/50 67/67 19/19
f 76/76 128/128 86/86
f 70/70 66/66 101/101
f 33/33 52/52 111/111
f 21/21 5/5 102/102
f 121/121 86/86 109/109
f 112/112 76/76 87/87
f 13/13 36/36 99/99
f 41/41 37/37 62/62
f 101/101 41/41 128/128
f 107/107 62/62 54/54
f 95/95 110/110 13/13
f 91/91 78/78 97/97
f 65/65 65/65 82/82
f 1/1 128/128 122/122
f 113/113 102/102 110/110
f 17/17 97/97 22/22
f 74/74 78/78 58/58
f 59/59 54/54 119/119
f 19/19 115/115 115/115
f 17/17 16/16 83/83
f 63/63 15/15 55/55
f 108/108 64/64 52/52
f 15/15 96/96 3/3
f 65/65 65/65 75/75
f 65/65 65/65 111/111
f 6/6 75/75 1/1
f 15/15 13/13 60/60
f 63/63 124/124 91/91
f 63/63 128/128 122/122
f 60/60 43/43 87/87
f 96/96 75/75 61/61
f 65/65 65/65 75/75
f 1/1 75/75 1/1
f 60/60 33/33 85/85
f 65/65 65/65 101/101
f 99/99 20/20 16/16
f 12/12 69/69 33/33
f 56/56 128/128 108/108
f 5/5 103/103 48/48
f 4/4 89/89 112/112
f 23/23 58/58 118/118
f 117/117 53/53 86/86
f 53/53 107/107 27/27
f 3/3 128/128 52/52
f 13/13 121/121 85/85
f 5/5 64/64 109/109
f 51/51 118/118 112/112
f 122/122 25/25 97/97
f 3/3 55/55 19/19
f 39/39 74/74 86/86
f 94/94 90/90 88/88
f 17/17 124/124 86/86
f 115/115 50/50 25/25
f 62/62 1/1 1/1
f 65/65 5/5 65/65
f 79/79 28/28 100/100
f 109/109 116/116 108/108
f 35/35 7/7 75/75
f 6/6 128/128 127/127
f 92/92 111/111 94/94
f 92/92 5/5 111/111
f 57/57 102/102 34/34
f 119/119 8/8 7/7
f 126/126 128/128 96/96
f 59/59 88/88 3/3
f 113/113 107/107 89/89
f 102/102 17/17 15/15
f 91/91 41/41 92/92
f 128/128 122/122 25/25
f 38/38 81/81 41/41
f 34/34 99/99 28/28
f 65/65 65/65 84/84
f 25/25 56/56 49/49
f 40/40 123/123 41/41
f 37/37 112/112 72/72
f 65/65 65/65 105/105
f 121/121 21/21 57/57
f 19/19 39/39 100/100
f 84/84 108/108 63/63
f 21/21 69/69 54/54
f 40/40 46/46 117/117
f 57/57 8/8 17/17
f 7/7 39/39 39/39
f 39/39 60/60 5/5
f 118/118 46/46 46/46
f 36/36 115/115 34/34
f 73/73 78/78 52/52
f 95/95 41/41 38/38
f 81/81 106/106 85/85
f 104/104 68/68 37/37
f 16/16 59/59 58/58
f 4/4 26/26 5/5
f 72/72 64/64 112/112
f 59/59 23/23 11/11
f 118/118 16/16 87/87
f 6/6 66/66 124/124
f 28/28 128/128 32/32
f 56/56 70/70 44/44
f 51/51 108/108 39/39
f 1/1 3/3 65/65
f 122/122 117/117 12/12
f 65/65 65/65 75/75
f 1/1 128/128 122/122
f 33/33 69/69 82/82
f 70/70 76/76 87/87
f 42/42 39/39 1/1
f 70/70 68/68 92/92
f 18/18 33/33 106/106
f 91/91 126/126 128/128
f 65/65 65/65 76/76
f 65/65 81/81 53/53
f 31/31 115/115 33/33
f 115/115 53/53 55/55
f 65/65 65/65 75/75
f 1/1 3/3 83/83
f 53/53 60/60 83/83
f 56/56 67/67 75/75
f 65/65 65/65 72/72
f 65/65 65/65 73/73
f 1/1 128/128 122/122
f 128/128 72/72 114/114
f 23/23 33/33 51/51
f 7/7 100/100 126/126
f 80/80 63/63 117/117
f 105/105 7/7 27/27
f 65/65 65/65 77/77
f 17/17 70/70 119/119
f 42/42 42/42 51/51
f 105/105 111/111 67/67
f 36/36 106/106 8/8
f 22/22 128/128 122/122
f 97/97 121/121 8/8
f 83/83 58/58 104/104
f 29/29 87/87 118/118
f 72/72 123/123 68/68
f 18/18 41/41 99/99
f 64/64 18/18 32/32
f 10/10 54/54 119/119
f 102/102 64/64 5/5
f 117/117 11/11 112/112
f 125/125 106/106 86/86
f 10/10 64/64 52/52
f 106/106 81/81 102/102
f 15/15 41/41 69/69
f 112/112 66/66 28/28
f 17/17 21/21 113/113
f 21/21 83/83 19/19
f 99/99 1/1 70/70
f 44/44 39/39 110/110
f 35/35 99/99 72/72
f 52/52 67/67 35/35
f 61/61 68/68 76/76
f 21/21 8/8 90/90
f 11/11 112/112 91/91
f 25/25 114/114 82/82
f 1/1 120/120 19/19
f 86/86 85/85 125/125
f 105/105 7/7 76/76
f 74/74 75/75 96/96
f 107/107 102/102 128/128
f 13/13 58/58 35/35
f 5/5 72/72 11/11
f 66/66 41/41 94/94
f 112/112 20/20 120/120
f 128/128 58/58 45/45
f 22/22 97/97 9/9
f 6/6 92/92 7/7
f 92/92 68/68 60/60
f 118/118 128/128 122/122
f 89/89 13/13 85/85
f 114/114 112/112 61/61
f 1/1 86/86 128/128
f 107/107 94/94 25/25
f 50/50 30/30 65/65
f 54/54 106/106 94/94
f 123/123 2/2 128/128
f 46/46 89/89 61/61
f 7/7 100/100 13/13
f 54/54 76/76 1/1
f 22/22 18/18 38/38
f 43/43 24/24 9/9
f 66/66 128/128 122/122
f 85/85 91/91 19/19
f 49/49 116/116 70/70
f 49/49 59/59 68/68
f 67/67 71/71 128/128
f 99/99 50/50 41/41
f 79/79 14/14 23/23
f 26/26 51/51 98/98
f 128/128 73/73 115/115
f 15/15 40/40 12/12
f 76/76 102/102 113/113
f 10/10 1/1 128/128
f 29/29 7/7 86/86
f 97/97 87/87 1/1
f 57/57 58/58 79/79
f 26/26 128/128 122/122
f 97/97 114/114 12/12
f 3/3 92/92 10/10
f 22/22 128/128 40/40
f 72/72 127/127 29/29
f 65/65 65/65 76/76
f 36/36 26/26 93/93
f 67/67 100/100 102/102
f 65/65 65/65 80/80
f 34/34 17/17 13/13
f 31/31 118/118 48/48
f 65/65 65/65 81/81
f 1/1 128/128 122/122
f 69/69 56/56 86/86
f 128/128 86/86 18/18
f 18/18 118/118 55/55
f 106/106 124/124 42/42
f 23/23 16/16 97/97
f 20/20 128/128 3/3
f 103/103 51/51 117/117
f 1/1 121/121 81/81
f 87/87 54/54 18/18
f 20/20 96/96 117/117
f 56/56 5/5 71/71
f 13/13 96/96 27/27
f 12/12 81/81 33/33
f 57/57 2/2 7/7
f 87/87 23/23 102/102
f 107/107 103/103 99/99
f 71/71 89/89 124/124
f 65/65 65/65 72/72
f 84/84 81/81 83/83
f 88/88 119/119 70/70
f 82/82 37/37 8/8
f 22/22 25/25 73/73
f 111/111 11/11 48/48
f 128/128 116/116 26/26
f 17/17 15/15 74/74
f 12/12 17/17 34/34
f 76/76 28/28 7/7
f 102/102 51/51 112/112
f 124/124 3/3 95/95
f 38/38 43/43 128/128
f 82/82 18/18 17/17
f 97/97 17/17 113/113
f 83/83 69/69 29/29
f 113/113 57/57 76/76
f 67/67 69/69 78/78
f 122/122 25/25 97/97
f 19/19 96/96 45/45
f 110/110 88/88 13/13
f 112/112 94/94 77/77
f 119/119 59/59 89/89
f 67/67 46/46 61/61
f 128/128 122/122 25/25
f 69/69 10/10 13/13
f 102/102 68/68 105/105
f 58/58 10/10 81/81
f 23/23 1/1 61/61
f 45/45 33/33 39/39
f 37/37 43/43 62/62
f 84/84 66/66 87/87
f 108/108 126/126 75/75
f 21/21 75/75 15/15
f 16/16 113/113 94/94
f 64/64 69/69 57/57
f 91/91 33/33 43/43
f 54/54 9/9 108/108
f 82/82 83/83 43/43
f 77/77 127/127 45/45
f 76/76 47/47 127/127
f 83/83 57/57 78/78
f 55/55 45/45 123/123
f 118/118 67/67 98/98
f 27/27 127/127 9/9
f 113/113 73/73 72/72
f 20/20 47/47 48/48
f 76/76 63/63 122/122
f 5/5 117/117 63/63
f 76/76 51/51 23/23
f 107/107 93/93 84/84
f 88/88 94/94 16/16
f 113/113 20/20 51/51
f 11/11 24/24 97/97
f 28/28 9/9 82/82
f 32/32 85/85 117/117
f 88/88 56/56 35/35
f 127/127 46/46 128/128
f 59/59 41/41 92/92
f 53/53 62/62 108/108
f 29/29 14/14 44/44
f 100/100 18/18 64/64
f 4/4 106/106 121/121
f 33/33 66/66 106/106
f 110/110 98/98 117/117
f 38/38 31/31 33/33
f 68/68 96/96 123/123
f 13/13 34/34 5/5
f 117/117 18/18 100/100
f 55/55 103/103 26/26
f 13/13 2/2 127/127
f 10/10 128/128 122/122
f 86/86 21/21 128/128
f 87/87 117/117 87/87
f 65/65 65/65 76/76
f 1/1 39/39 115/115
f 118/118 18/18 87/87
f 72/72 127/127 89/89
f 83/83 73/73 14/14
f 46/46 20/20 44/44
f 94/94 42/42 44/44
f 86/86 21/21 20/20
f 48/48 118/118 126/126
f 105/105 128/128 122/122
f 52/52 81/81 38/38
f 68/68 13/13 114/114
f 64/64 56/56 2/2
f 2/2 7/7 2/2
f 101/101 97/97 83/83
f 106/106 66/66 4/4
f 113/113 50/50 117/117
f 56/56 111/111 43/43
f 48/48 68/68 54/54
f 116/116 103/103 128/128
f 74/74 9/9 95/95
f 88/88 64/64 106/106
f 33/33 103/103 40/40
f 97/97 98/98 4/4
f 57/57 28/28 100/100
f 26/26 69/69 49/49
f 90/90 106/106 96/96
f 94/94 79/79 110/110
f 20/20 100/100 105/105
f 22/22 51/51 10/10
f 65/65 72/72 87/87
f 24/24 54/54 123/123
f 83/83 128/128 122/122
f 74/74 12/12 71/71
f 29/29 30/30 9/9
f 19/19 94/94 13/13
f 38/38 63/63 83/83
f 2/2 83/83 88/88
f 89/89 39/39 24/24
f 101/101 34/34 119/119
f 35/35 18/18 45/45
f 90/90 12/12 100/100
f 49/49 123/123 127/127
f 80/80 38/38 117/117
f 38/38 5/5 89/89
f 1/1 6/6 109/109
f 102/102 77/77 12/12
f 33/33 89/89 80/80
f 84/84 52/52 128/128
f 25/25 97/97 106/106
f 121/121 90/90 58/58
f 88/88 112/112 44/44
f 16/16 89/89 3/3
f 42/42 13/13 43/43
f 1/1 3/3 37/37
f 71/71 94/94 99/99
f 88/88 68/68 35/35
f 108/108 95/95 9/9
f 73/73 95/95 71/71
f 14/14 89/89 1/1
f 5/5 73/73 110/110
f 9/9 57/57 128/128
f 25/25 97/97 85/85
f 46/46 91/91 15/15
f 69/69 30/30 30/30
f 30/30 42/42 128/128
f 116/116 34/34 9/9
f 128/128 52/52 35/35
f 40/40 117/117 24/24
f 65/65 65/65 84/84
f 6/6 6/6 13/13
f 5/5 32/32 94/94
f 61/61 1/1 27/27
f 65/65 65/65 74/74
f 1/1 128/128 122/122
f 15/15 73/73 119/119
f 17/17 44/44 69/69
f 120/120 15/15 21/21
f 65/65 34/34 19/19
f 27/27 65/65 100/100
f 9/9 58/58 8/8
f 65/65 65/65 79/79
f 1/1 128/128 122/122
f 120/120 72/72 4/4
f 101/101 93/93 85/85
f 3/3 74/74 8/8
f 18/18 103/103 32/32
f 15/15 67/67 6/6
f 18/18 81/81 85/85
f 66/66 11/11 85/85
f 109/109 82/82 92/92
f 109/109 103/103 29/29
f 43/43 128/128 52/52
f 77/77 73/73 1/1
f 3/3 72/72 122/122
f 41/41 109/109 92/92
f 53/53 121/121 11/11
f 10/10 128/128 128/128
f 62/62 87/87 49/49
f 21/21 75/75 47/47
f 38/38 22/22 78/78
f 68/68 112/112 60/60
f 65/65 65/65 65/65
f 107/107 56/56 42/42
f 128/128 122/122 25/25
f 13/13 19/19 125/125
f 123/123 39/39 64/64
f 45/45 24/24 91/91
f 11/11 8/8 95/95
f 97/97 1/1 71/71
f 39/39 112/112 128/128
f 117/117 24/24 110/110
f 116/116 26/26 120/120
f 2/2 35/35 76/76
f 33/33 78/78 89/89
f 108/108 54/54 98/98
f 112/112 39/39 49/49
f 71/71 124/124 35/35
f 29/29 69/69 104/104
f 19/19 102/102 21/21
f 59/59 86/86 22/22
f 112/112 32/32 45/45
f 15/15 102/102 104/104
f 34/34 87/87 92/92
f 124/124 76/76 30/30
f 113/113 3/3 102/102
f 128/128 122/122 25/25
f 85/85 8/8 29/29
f 15/15 121/121 41/41
f 109/109 75/75 22/22
f 76/76 119/119 102/102
f 98/98 113/113 38/38
f 75/75 78/78 74/74
f 96/96 35/35 46/46
f 17/17 10/10 48/48
f 11/11 50/50 98/98
f 64/64 42/42 128/128
f 59/59 2/2 31/31
f 84/84 121/121 109/109
f 28/28 127/127 90/90
f 72/72 26/26 117/117
f 90/90 44/44 9/9
f 87/87 27/27 107/107
f 29/29 127/127 55/55
f 67/67 111/111 111/111
f 55/55 56/56 29/29
f 12/12 75/75 23/23
f 2/2 55/55 33/33
f 65/65 73/73 65/65
f 94/94 14/14 16/16
f 1/1 18/18 19/19
f 65/65 2/2 76/76
f 15/15 43/43 65/65
f 55/55 65/65 29/29
f 2/2 65/65 4/4
f 120/120 40/40 46/46
f 63/63 7/7 79/79
f 69/69 77/77 30/30
f 128/128 122/122 25/25
f 36/36 2/2 49/49
f 91/91 13/13 41/41
f 49/49 128/128 128/128
f 37/37 90/90 19/19
f 92/92 3/3 13/13
f 60/60 87/87 110/110
f 73/73 98/98 55/55
f 124/124 107/107 93/93
f 50/50 24/24 60/60
f 26/26 52/52 122/122
f 19/19 65/65 109/109
f 71/71 47/47 124/124
f 37/37 76/76 127/127
f 56/56 37/37 87/87
f 17/17 35/35 125/125
f 79/79 53/53 52/52
f 99/99 54/54 21/21
f 83/83 105/105 85/85
f 97/97 89/89 22/22
f 9/9 74/74 90/90
f 65/65 77/77 76/76
f 64/64 99/99 85/85
f 75/75 74/74 110/110
f 111/111 82/82 32/32
f 17/17 35/35 39/39
f 116/116 83/83 112/112
f 88/88 127/127 10/10
f 56/56 110/110 85/85
f 40/40 43/43 32/32
f 7/7 87/87 103/103
f 37/37 103/103 79/79
f 22/22 37/37 126/126
f 65/65 65/65 85/85
f 49/49 48/48 36/36
f 108/108 91/91 53/53
f 77/77 128/128 83/83
f 124/124 128/128 128/128
f 44/44 39/39 78/78
f 29/29 61/61 52/52
f 100/100 4/4 2/2
f 81/81 55/55 125/125
f 16/16 6/6 93/93
f 3/3 65/65 8/8
f 65/65 58/58 76/76
f 65/65 113/113 89/89
f 47/47 52/52 66/66
f 59/59 11/11 44/44
f 38/38 78/78 68/68
f 31/31 76/76 50/50
f 128/128 122/122 26/26
f 121/121 16/16 99/99
f 98/98 114/114 115/115
f 77/77 128/128 32/32
f 74/74 39/39 103/103
f 65/65 42/42 24/24
f 33/33 51/51 69/69
f 86/86 18/18 11/11
f 55/55 111/111 96/96
f 88/88 30/30 32/32
f 71/71 62/62 65/65
f 16/16 101/101 57/57
f 113/113 19/19 63/63
f 47/47 89/89 10/10
f 39/39 9/9 26/26
f 63/63 85/85 5/5
f 12/12 32/32 9/9
f 83/83 9/9 8/8
f 97/97 111/111 112/112
f 122/122 123/123 7/7
f 52/52 110/110 109/109
f 111/111 68/68 55/55
f 10/10 3/3 115/115
f 94/94 79/79 50/50
f 42/42 124/124 29/29
f 5/5 15/15 78/78
f 110/110 38/38 37/37
f 44/44 37/37 53/53
f 73/73 105/105 50/50
f 72/72 42/42 101/101
f 25/25 62/62 51/51
f 45/45 46/46 65/65
f 3/3 82/82 10/10
f 41/41 108/108 76/76
f 120/120 114/114 117/117
f 64/64 97/97 6/6
f 76/76 43/43 84/84
f 75/75 52/52 51/51
f 27/27 99/99 69/69
f 30/30 12/12 31/31
f 18/18 90/90 108/108
f 53/53 48/48 76/76
f 122/122 25/25 97/97
f 16/16 45/45 91/91
f 33/33 94/94 108/108
f 66/66 84/84 15/15
f 23/23 122/122 33/33
f 65/65 65/65 26/26
f 36/36 123/123 10/10
f 62/62 128/128 122/122
f 23/23 37/37 112/112
f 102/102 69/69 72/72
f 65/65 117/117 23/23
f 18/18 59/59 43/43
f 40/40 93/93 128/128
f 27/27 51/51 73/73
f 77/77 105/105 1/1
f 20/20 29/29 14/14
f 7/7 82/82 19/19
f 111/111 60/60 81/81
f 89/89 56/56 90/90
f 86/86 19/19 90/90
f 69/69 22/22 116/116
f 56/56 90/90 39/39
f 48/48 50/50 63/63
f 1/1 40/40 21/21
f 88/88 84/84 63/63
f 115/115 40/40 28/28
f 54/54 66/66 8/8
f 7/7 101/101 14/14
f 65/65 65/65 76/76
f 64/64 128/128 122/122
f 72/72 99/99 41/41
f 102/102 5/5 25/25
f 125/125 32/32 128/128
f 97/97 57/57 42/42
f 49/49 128/128 122/122
f 26/26 66/66 127/127
f 54/54 42/42 42/42
f 4/4 103/103 47/47
f 52/52 21/21 33/33
f 83/83 127/127 46/46
f 2/2 81/81 26/26
f 3/3 56/56 128/128
f 98/98 107/107 23/23
f 125/125 92/92 53/53
f 55/55 69/69 2/2
f 19/19 91/91 84/84
f 84/84 9/9 104/104
f 27/27 43/43 23/23
f 53/53 70/70 48/48
f 74/74 95/95 43/43
f 23/23 73/73 58/58
f 13/13 26/26 128/128
f 50/50 38/38 48/48
f 45/45 31/31 120/120
f 65/65 65/65 77/77
f 7/7 70/70 13/13
f 4/4 51/51 90/90
f 30/30 23/23 87/87
f 98/98 9/9 85/85
f 54/54 27/27 10/10
f 17/17 123/123 94/94
f 81/81 73/73 107/107
f 113/113 17/17 15/15
f 101/101 91/91 36/36
f 66/66 113/113 17/17
f 65/65 65/65 74/74
f 65/65 65/65 72/72
f 66/66 99/99 2/2
f 7/7 8/8 1/1
f 117/117 97/97 71/71
f 128/128 103/103 56/56
f 8/8 32/32 29/29
f 39/39 52/52 54/54
f 45/45 2/2 15/15
f 62/62 94/94 77/77
f 15/15 2/2 17/17
f 38/38 25/25 6/6
f 99/99 34/34 101/101
f 42/42 117/117 32/32
f 98/98 25/25 47/47
f 126/126 72/72 6/6
f 111/111 56/56 100/100
f 105/105 104/104 56/56
f 76/76 128/128 64/64
f 128/128 122/122 25/25
f 57/57 7/7 103/103
f 35/35 71/71 126/126
f 17/17 64/64 120/120
f 9/9 13/13 47/47
f 91/91 21/21 65/65
f 33/33 25/25 81/81
f 110/110 77/77 128/128
f 68/68 47/47 13/13
f 42/42 29/29 59/59
f 92/92 9/9 1/1
f 65/65 65/65 69/69
f 9/9 51/51 102/102
f 24/24 17/17 1/1
f 1/1 17/17 1/1
f 65/65 65/65 67/67
f 128/128 126/126 105/105
f 35/35 49/49 72/72
f 22/22 14/14 41/41
f 122/122 25/25 101/101
f 47/47 89/89 10/10
f 79/79 75/75 63/63
f 57/57 35/35 128/128
f 33/33 21/21 25/25
f 99/99 79/79 75/75
f 78/78 21/21 18/18
f 112/112 2/2 69/69
f 23/23 98/98 70/70
f 86/86 13/13 114/114
f 22/22 25/25 115/115
f 98/98 26/26 7/7
f 11/11 94/94 85/85
f 58/58 128/128 122/122
f 97/97 97/97 8/8
f 46/46 37/37 110/110
f 15/15 64/64 71/71
f 36/36 94/94 102/102
f 67/67 81/81 3/3
f 66/66 72/72 95/95
f 62/62 87/87 63/63
f 20/20 45/45 23/23
f 63/63 105/105 124/124
f 25/25 5/5 38/38
f 122/122 44/44 52/52
f 26/26 23/23 104/104
f 126/126 107/107 103/103
f 13/13 38/38 4/4
f 34/34 81/81 26/26
f 67/67 66/66 74/74
f 73/73 128/128 128/128
f 26/26 97/97 95/95
f 35/35 43/43 110/110
f 63/63 119/119 23/23
f 88/88 25/25 76/76
f 73/73 84/84 105/105
f 88/88 117/117 67/67
f 64/64 120/120 38/38
f 3/3 94/94 49/49
f 1/1 34/34 118/118
f 114/114 17/17 99/99
f 81/81 106/106 104/104
f 7/7 112/112 65/65
f 32/32 4/4 35/35
f 37/37 118/118 67/67
f 89/89 28/28 6/6
f 40/40 123/123 9/9
f 21/21 119/119 128/128
f 126/126 68/68 75/75
f 119/119 56/56 32/32
f 88/88 106/106 77/77
f 42/42 53/53 18/18
f 52/52 4/4 123/123
f 78/78 101/101 91/91
f 1/1 31/31 31/31
f 1/1 33/33 7/7
f 97/97 48/48 66/66
f 57/57 83/83 49/49
f 3/3 34/34 31/31
f 21/21 124/124 50/50
f 50/50 68/68 11/11
f 86/86 81/81 29/29
f 8/8 47/47 35/35
f 29/29 5/5 72/72
f 114/114 127/127 83/83
f 116/116 115/115 14/14
f 44/44 47/47 24/24
f 30/30 74/74 103/103
f 79/79 115/115 42/42
f 25/25 122/122 70/70
f 27/27 27/27 73/73
f 34/34 60/60 40/40
f 22/22 31/31 3/3
f 90/90 117/117 93/93
f 116/116 85/85 29/29
f 112/112 128/128 122/122
f 71/71 85/85 83/83
f 33/33 96/96 27/27
f 37/37 128/128 122/122
f 21/21 91/91 78/78
f 46/46 27/27 39/39
f 76/76 106/106 16/16
f 122/122 25/25 97/97
f 48/48 120/120 128/128
f 117/117 16/16 25/25
f 72/72 88/88 7/7
f 2/2 68/68 110/110
f 9/9 127/127 2/2
f 80/80 46/46 10/10
f 106/106 87/87 57/57
f 112/112 34/34 15/15
f 78/78 30/30 28/28
f 122/122 25/25 97/97
f 99/99 82/82 68/68
f 97/97 5/5 8/8
f 127/127 4/4 126/126
f 62/62 109/109 38/38
f 108/108 50/50 30/30
f 61/61 101/101 60/60
f 88/88 90/90 56/56
f 18/18 62/62 25/25
f 48/48 128/128 122/122
f 1/1 11/11 56/56
f 17/17 84/84 105/105
f 113/113 9/9 30/30
f 122/122 102/102 19/19
f 119/119 111/111 94/94
f 76/76 30/30 61/61
f 29/29 121/121 81/81
f 91/91 70/70 117/117
f 90/90 118/118 118/118
f 104/104 100/100 82/82
f 3/3 100/100 61/61
f 110/110 128/128 122/122
f 121/121 105/105 1/1
f 37/37 28/28 122/122
f 78/78 64/64 8/8
f 73/73 2/2 10/10
f 69/69 40/40 46/46
f 98/98 25/25 46/46
f 54/54 96/96 127/127
f 24/24 126/126 16/16
f 39/39 97/97 23/23
f 9/9 84/84 108/108
f 47/47 11/11 92/92
f 37/37 80/80 93/93
f 5/5 54/54 128/128
f 39/39 1/1 5/5
f 7/7 35/35 21/21
f 90/90 98/98 103/103
f 73/73 1/1 119/119
f 98/98 119/119 34/34
f 95/95 92/92 8/8
f 47/47 35/35 103/103
f 39/39 70/70 79/79
f 78/78 84/84 128/128
f 55/55 16/16 126/126
f 73/73 102/102 18/18
f 17/17 87/87 100/100
f 103/103 6/6 87/87
f 15/15 107/107 21/21
f 73/73 1/1 21/21
f 40/40 72/72 84/84
f 40/40 47/47 120/120
f 8/8 96/96 54/54
f 96/96 66/66 85/85
f 37/37 121/121 37/37
f 33/33 17/17 58/58
f 26/26 89/89 29/29
f 28/28 2/2 84/84
f 1/1 67/67 1/1
f 74/74 96/96 116/116
f 32/32 128/128 122/122
f 97/97 109/109 9/9
f 95/95 2/2 3/3
f 87/87 121/121 120/120
f 114/114 73/73 105/105
f 13/13 49/49 19/19
f 2/2 29/29 118/118
f 10/10 44/44 124/124
f 122/122 25/25 97/97
f 120/120 29/29 103/103
f 35/35 59/59 52/52
f 127/127 121/121 76/76
f 66/66 89/89 71/71
f 116/116 106/106 94/94
f 51/51 101/101 34/34
f 13/13 10/10 48/48
f 11/11 108/108 27/27
f 67/67 110/110 54/54
f 121/121 96/96 13/13
f 12/12 72/72 73/73
f 49/49 25/25 97/97
f 118/118 124/124 41/41
f 2/2 1/1 97/97
f 43/43 56/56 72/72
f 80/80 75/75 64/64
f 102/102 33/33 9/9
f 17/17 21/21 21/21
f 73/73 23/23 86/86
f 48/48 128/128 122/122
f 12/12 42/42 63/63
f 25/25 121/121 53/53
f 1/1 29/29 4/4
f 116/116 18/18 17/17
f 60/60 108/108 102/102
f 120/120 93/93 27/27
f 110/110 62/62 3/3
f 70/70 47/47 128/128
f 9/9 97/97 2/2
f 106/106 22/22 113/113
f 64/64 128/128 122/122
f 72/72 52/52 116/116
f 41/41 118/118 76/76
f 106/106 101/101 4/4
f 42/42 128/128 119/119
f 72/72 6/6 14/14
f 67/67 101/101 55/55
f 20/20 69/69 3/3
f 118/118 34/34 50/50
f 17/17 36/36 111/111
f 57/57 28/28 52/52
f 27/27 35/35 101/101
f 92/92 30/30 52/52
f 55/55 95/95 122/122
f 49/49 65/65 1/1
f 79/79 39/39 25/25
f 73/73 33/33 53/53
f 30/30 112/112 128/128
f 120/120 45/45 83/83
f 116/116 83/83 96/96
f 5/5 14/14 87/87
f 72/72 22/22 19/19
f 46/46 96/96 106/106
f 65/65 65/65 82/82
f 1/1 128/128 122/122
f 1/1 65/65 11/11
f 101/101 21/21 21/21
f 89/89 37/37 128/128
f 75/75 44/44 26/26
f 89/89 71/71 37/37
f 10/10 18/18 16/16
f 68/68 116/116 89/89
f 10/10 122/122 98/98
f 5/5 32/32 15/15
f 121/121 128/128 58/58
f 9/9 70/70 110/110
f 104/104 5/5 112/112
f 10/10 72/72 114/114
f 18/18 78/78 108/108
f 90/90 105/105 39/39
f 127/127 114/114 34/34
f 40/40 78/78 128/128
f 9/9 94/94 105/105
f 28/28 116/116 29/29
f 45/45 40/40 24/24
f 128/128 128/128 88/88
f 120/120 37/37 109/109
f 71/71 8/8 70/70
f 52/52 41/41 3/3
f 99/99 38/38 107/107
f 9/9 47/47 17/17
f 112/112 6/6 5/5
f 37/37 25/25 33/33
f 40/40 123/123 54/54
f 79/79 107/107 101/101
f 34/34 56/56 91/91
f 27/27 64/64 67/67
f 117/117 18/18 107/107
f 75/75 79/79 5/5
f 33/33 50/50 66/66
f 68/68 127/127 119/119
f 45/45 37/37 71/71
f 51/51 88/88 100/100
f 31/31 96/96 108/108
f 29/29 26/26 99/99
f 107/107 96/96 64/64
f 23/23 36/36 33/33
f 79/79 74/74 46/46
f 115/115 82/82 27/27
f 55/55 11/11 37/37
f 47/47 25/25 2/2
f 12/12 6/6 88/88
f 48/48 124/124 126/126
f 49/49 83/83 18/18
f 118/118 28/28 103/103
f 1/1 122/122 67/67
f 87/87 61/61 87/87
f 30/30 128/128 122/122
f 71/71 83/83 23/23
f 46/46 71/71 97/97
f 47/47 121/121 29/29
f 35/35 115/115 57/57
f 77/77 17/17 98/98
f 43/43 89/89 74/74
f 31/31 45/45 17/17
f 28/28 18/18 77/77
f 58/58 60/60 46/46
f 103/103 26/26 32/32
f 128/128 68/68 43/43
f 41/41 47/47 103/103
f 77/77 57/57 98/98
f 118/118 38/38 58/58
f 87/87 83/83 112/112
f 61/61 127/127 71/71
f 41/41 14/14 128/128
f 20/20 43/43 1/1
f 38/38 67/67 111/111
f 81/81 63/63 104/104
f 107/107 93/93 69/69
f 62/62 46/46 90/90
f 47/47 14/14 9/9
f 4/4 2/2 117/117
f 93/93 102/102 88/88
f 69/69 81/81 128/128
f 120/120 12/12 21/21
f 61/61 16/16 47/47
f 50/50 110/110 47/47
f 5/5 100/100 57/57
f 51/51 44/44 62/62
f 52/52 117/117 15/15
f 115/115 9/9 8/8
f 1/1 76/76 74/74
f 108/108 128/128 85/85
f 67/67 45/45 72/72
f 61/61 38/38 34/34
f 98/98 38/38 26/26
f 78/78 96/96 110/110
f 32/32 3/3 68/68
f 114/114 27/27 72/72
f 74/74 41/41 106/106
f 128/128 33/33 33/33
f 27/27 125/125 108/108
f 69/69 116/116 40/40
f 108/108 57/57 56/56
f 6/6 1/1 17/17
f 21/21 13/13 71/71
f 20/20 51/51 35/35
f 42/42 96/96 3/3
f 58/58 29/29 23/23
f 11/11 33/33 121/121
f 65/65 4/4 69/69
f 1/1 103/103 17/17
f 18/18 60/60 61/61
f 17/17 121/121 127/127
f 1/1 63/63 95/95
f 94/94 29/29 5/5
f 102/102 28/28 64/64
f 6/6 44/44 27/27
f 23/23 29/29 18/18
f 21/21 20/20 48/48
f 54/54 99/99 28/28
f 85/85 7/7 63/63
f 100/100 58/58 99/99
f 102/102 9/9 37/37
f 73/73 58/58 40/40
f 13/13 33/33 42/42
f 37/37 48/48 41/41
f 65/65 65/65 86/86
f 65/65 71/71 55/55
f 21/21 35/35 88/88
f 52/52 2/2 36/36
f 13/13 86/86 119/119
f 34/34 102/102 19/19
f 17/17 128/128 122/122
f 97/97 29/29 13/13
f 1/1 97/97 49/49
f 4/4 4/4 111/111
f 70/70 32/32 90/90
f 20/20 98/98 98/98
f 107/107 9/9 17/17
f 23/23 23/23 8/8
f 56/56 90/90 102/102
f 128/128 98/98 22/22
f 55/55 109/109 126/126
f 12/12 104/104 105/105
f 45/45 62/62 12/12
f 79/79 81/81 9/9
f 7/7 40/40 118/118
f 94/94 128/128 122/122
f 97/97 85/85 10/10
f 36/36 119/119 86/86
f 114/114 15/15 70/70
f 100/100 39/39 25/25
f 83/83 33/33 64/64
f 101/101 110/110 1/1
f 50/50 75/75 104/104
f 62/62 32/32 57/57
f 85/85 117/117 5/5
f 73/73 80/80 103/103
f 5/5 6/6 77/77
f 60/60 29/29 118/118
f 78/78 128/128 122/122
f 47/47 59/59 25/25
f 58/58 9/9 73/73
f 64/64 72/72 109/109
f 65/65 28/28 111/111
f 6/6 104/104 26/26
f 65/65 65/65 81/81
f 1/1 128/128 122/122
f 51/51 120/120 112/112
f 117/117 58/58 94/94
f 86/86 68/68 37/37
f 1/1 106/106 70/70
f 21/21 9/9 1/1
f 101/101 93/93 69/69
f 37/37 53/53 29/29
f 42/42 59/59 75/75
f 69/69 59/59 67/67
f 34/34 15/15 71/71
f 100/100 40/40 14/14
f 1/1 2/2 61/61
f 91/91 60/60 84/84
f 4/4 5/5 92/92
f 66/66 3/3 115/115
f 105/105 65/65 2/2
f 19/19 43/43 122/122
f 118/118 59/59 15/15
f 36/36 87/87 112/112
f 128/128 122/122 25/25
f 36/36 2/2 128/128
f 97/97 65/65 3/3
f 56/56 55/55 99/99
f 65/65 20/20 128/128
f 117/117 53/53 102/102
f 45/45 96/96 28/28
f 1/1 114/114 34/34
f 47/47 46/46 35/35
f 39/39 20/20 99/99
f 78/78 105/105 128/128
f 52/52 94/94 128/128
f 110/110 28/28 25/25
f 1/1 59/59 75/75
f 5/5 6/6 80/80
f 128/128 122/122 25/25
f 111/111 10/10 117/117
f 51/51 123/123 6/6
f 82/82 98/98 128/128
f 63/63 114/114 15/15
f 104/104 16/16 46/46
f 58/58 107/107 67/67
f 96/96 107/107 64/64
f 96/96 26/26 37/37
f 65/65 65/65 85/85
f 79/79 6/6 128/128
f 33/33 16/16 108/108
f 103/103 50/50 17/17
f 78/78 23/23 51/51
f 56/56 111/111 78/78
f 84/84 19/19 7/7
f 99/99 32/32 106/106
f 36/36 109/109 47/47
f 40/40 55/55 114/114
f 116/116 51/51 20/20
f 51/51 61/61 106/106
f 42/42 2/2 111/111
f 37/37 65/65 65/65
f 102/102 64/64 64/64
f 128/128 122/122 25/25
f 97/97 87/87 62/62
f 47/47 24/24 1/1
f 90/90 47/47 53/53
f 28/28 2/2 65/65
f 22/22 55/55 102/102
f 2/2 65/65 33/33
f 38/38 113/113 92/92
f 15/15 22/22 60/60
f 3/3 68/68 102/102
f 5/5 43/43 122/122
f 96/96 66/66 45/45
f 17/17 115/115 73/73
f 21/21 65/65 5/5
f 100/100 37/37 99/99
f 108/108 85/85 36/36
f 25/25 121/121 49/49
f 69/69 94/94 65/65
f 93/93 73/73 47/47
f 39/39 33/33 114/114
f 40/40 111/111 93/93
f 43/43 29/29 103/103
f 37/37 69/69 5/5
f 33/33 65/65 66/66
f 72/72 43/43 53/53
f 116/116 68/68 13/13
f 49/49 77/77 11/11
f 18/18 89/89 125/125
f 37/37 23/23 92/92
f 82/82 64/64 61/61
f 123/123 13/13 11/11
f 30/30 85/85 62/62
f 71/71 18/18 60/60
f 18/18 108/108 104/104
f 65/65 86/86 81/81
f 128/128 128/128 122/122
f 97/97 101/101 8/8
f 93/93 19/19 67/67
f 22/22 42/42 55/55
f 24/24 18/18 64/64
f 44/44 74/74 67/67
f 5/5 12/12 71/71
f 13/13 108/108 70/70
f 56/56 79/79 9/9
f 30/30 77/77 76/76
f 53/53 23/23 83/83
f 12/12 111/111 46/46
f 43/43 8/8 5/5
f 102/102 47/47 33/33
f 113/113 117/117 12/12
f 111/111 35/35 101/101
f 125/125 58/58 102/102
f 43/43 96/96 119/119
f 71/71 127/127 29/29
f 121/121 45/45 102/102
f 62/62 72/72 76/76
f 67/67 16/16 96/96
f 100/100 60/60 127/127
f 10/10 125/125 63/63
f 66/66 55/55 101/101
f 127/127 13/13 36/36
f 82/82 13/13 15/15
f 65/65 1/1 74/74
f 122/122 25/25 97/97
f 121/121 97/97 100/100
f 86/86 79/79 42/42
f 3/3 116/116 1/1
f 107/107 124/124 124/124
f 83/83 88/88 120/120
f 76/76 104/104 19/19
f 116/116 60/60 19/19
f 34/34 3/3 104/104
f 127/127 1/1 127/127
f 1/1 8/8 62/62
f 86/86 126/126 26/26
f 117/117 60/60 92/92
f 96/96 83/83 49/49
f 117/117 127/127 120/120
f 60/60 128/128 98/98
f 74/74 2/2 31/31
f 81/81 7/7 6/6
f 64/64 28/28 81/81
f 80/80 3/3 65/65
f 84/84 52/52 42/42
f 94/94 14/14 85/85
f 75/75 70/70 85/85
f 120/120 43/43 97/97
f 20/20 120/120 20/20
f 58/58 14/14 31/31
f 64/64 128/128 128/128
f 127/127 79/79 1/1
f 127/127 91/91 85/85
f 119/119 98/98 51/51
f 45/45 45/45 74/74
f 7/7 17/17 41/41
f 45/45 89/89 117/117
f 125/125 61/61 68/68
f 102/102 21/21 42/42
f 81/81 13/13 126/126
f 80/80 24/24 49/49
f 104/104 77/77 126/126
f 78/78 75/75 9/9
f 58/58 62/62 82/82
f 22/22 47/47 30/30
f 14/14 94/94 123/123
f 60/60 37/37 36/36
f 68/68 83/83 33/33
f 17/17 81/81 65/65
f 125/125 49/49 103/103
f 41/41 84/84 45/45
f 82/82 85/85 11/11
f 44/44 108/108 7/7
f 16/16 12/12 13/13
f 114/114 10/10 76/76
f 33/33 124/124 5/5
f 12/12 71/71 111/111
f 9/9 13/13 78/78
f 102/102 85/85 66/66
f 117/117 92/92 22/22
f 13/13 67/67 32/32
f 101/101 23/23 92/92
f 123/123 32/32 51/51
f 46/46 102/102 27/27
f 17/17 3/3 45/45
f 65/65 5/5 51/51
f 32/32 59/59 64/64
f 98/98 54/54 101/101
f 105/105 97/97 4/4
f 41/41 3/3 10/10
f 118/118 71/71 55/55
f 36/36 74/74 33/33
f 111/111 2/2 127/127
f 13/13 86/86 9/9
f 124/124 97/97 17/17
f 109/109 40/40 94/94
f 61/61 32/32 118/118
f 99/99 54/54 102/102
f 25/25 57/57 7/7
f 125/125 58/58 69/69
f 23/23 36/36 77/77
f 115/115 52/52 10/10
f 58/58 72/72 32/32
f 23/23 88/88 119/119
f 18/18 35/35 22/22
f 26/26 35/35 93/93
f 83/83 74/74 69/69
f 101/101 63/63 82/82
f 4/4 113/113 118/118
f 28/28 64/64 110/110
f 123/123 32/32 100/100
f 46/46 14/14 11/11
f 114/114 2/2 66/66
f 101/101 93/93 49/49
f 15/15 86/86 86/86
f 25/25 66/66 42/42
f 72/72 38/38 1/1
f 2/2 1/1 60/60
f 112/112 16/16 20/20
f 63/63 119/119 18/18
f 88/88 24/24 61/61
f 37/37 42/42 6/6
f 90/90 57/57 24/24
f 84/84 27/27 30/30
f 41/41 73/73 11/11
f 75/75 54/54 9/9
f 11/11 15/15 41/41
f 65/65 65/65 111/111
f 9/9 128/128 65/65
f 68/68 53/53 35/35
f 99/99 117/117 108/108
f 67/67 112/112 128/128
f 18/18 90/90 103/103
f 69/69 85/85 36/36
f 57/57 118/118 38/38
f 103/103 29/29 67/67
f 90/90 49/49 76/76
f 35/35 84/84 18/18
f 65/65 65/65 76/76
f 13/13 37/37 13/13
f 12/12 24/24 84/84
f 30/30 35/35 40/40
f 65/65 65/65 76/76
f 27/27 51/51 17/17
f 30/30 92/92 26/26
f 52/52 115/115 35/35
f 26/26 45/45 6/6
f 91/91 84/84 70/70
f 91/91 82/82 6/6
f 13/13 40/40 127/127
f 122/122 25/25 97/97
f 76/76 93/93 98/98
f 68/68 104/104 2/2
f 5/5 23/23 22/22
f 30/30 1/1 78/78
f 2/2 46/46 116/116
f 113/113 28/28 107/107
f 93/93 9/9 125/125
f 101/101 15/15 75/75
f 28/28 105/105 29/29
f 84/84 19/19 102/102
f 1/1 66/66 5/5
f 117/117 128/128 2/2
f 45/45 60/60 84/84
f 9/9 54/54 42/42
f 104/104 44/44 81/81
f 70/70 77/77 90/90
f 98/98 119/119 94/94
f 35/35 41/41 28/28
f 18/18 69/69 47/47
f 47/47 54/54 125/125
f 71/71 1/1 35/35
f 50/50 98/98 72/72
f 5/5 96/96 9/9
f 8/8 74/74 6/6
f 103/103 108/108 9/9
f 22/22 17/17 35/35
f 29/29 18/18 16/16
f 18/18 100/100 6/6
f 128/128 115/115 128/128
f 120/120 100/100 38/38
f 12/12 12/12 111/111
f 112/112 60/60 65/65
f 70/70 43/43 97/97
f 72/72 96/96 5/5
f 46/46 67/67 83/83
f 122/122 25/25 97/97
f 10/10 124/124 21/21
f 24/24 87/87 111/111
f 43/43 86/86 110/110
f 88/88 128/128 106/106
f 114/114 119/119 50/50
f 125/125 83/83 20/20
f 120/120 24/24 61/61
f 46/46 68/68 116/116
f 85/85 33/33 81/81
f 116/116 47/47 68/68
f 89/89 27/27 74/74
f 74/74 55/55 94/94
f 113/113 21/21 72/72
f 122/122 25/25 97/97
f 21/21 59/59 71/71
f 75/75 82/82 44/44
f 79/79 41/41 24/24
f 44/44 87/87 95/95
f 62/62 18/18 3/3
f 6/6 5/5 82/82
f 64/64 71/71 117/117
f 86/86 128/128 122/122
f 89/89 100/100 20/20
f 30/30 97/97 9/9
f 80/80 78/78 71/71
f 86/86 111/111 41/41
f 25/25 63/63 22/22
f 92/92 6/6 108/108
f 96/96 20/20 30/30
f 122/122 25/25 97/97
f 41/41 83/83 111/111
f 72/72 14/14 66/66
f 43/43 113/113 29/29
f 26/26 66/66 1/1
f 8/8 61/61 33/33
f 13/13 62/62 99/99
f 43/43 68/68 76/76
f 42/42 55/55 83/83
f 17/17 74/74 43/43
f 127/127 122/122 60/60
f 1/1 1/1 1/1
f 17/17 54/54 73/73
f 107/107 49/49 41/41
f 102/102 9/9 118/118
f 64/64 113/113 97/97
f 65/65 34/34 36/36
f 50/50 76/76 55/55
f 85/85 7/7 33/33
f 93/93 106/106 118/118
f 77/77 28/28 37/37
f 70/70 61/61 52/52
f 19/19 81/81 25/25
f 122/122 75/75 67/67
f 17/17 2/2 66/66
f 55/55 99/99 34/34
f 110/110 11/11 2/2
f 46/46 33/33 81/81
f 6/6 86/86 111/111
f 124/124 14/14 99/99
f 120/120 37/37 75/75
f 107/107 73/73 32/32
f 55/55 97/97 6/6
f 127/127 24/24 41/41
f 77/77 33/33 7/7
f 48/48 85/85 114/114
f 11/11 22/22 65/65
f 115/115 73/73 32/32
f 81/81 74/74 37/37
f 68/68 26/26 26/26
f 110/110 21/21 41/41
f 79/79 50/50 23/23
f 36/36 50/50 104/104
f 105/105 37/37 36/36
f 17/17 77/77 33/33
f 117/117 94/94 89/89
f 28/28 65/65 42/42
f 2/2 25/25 61/61
f 29/29 116/116 65/65
f 11/11 31/31 66/66
f 64/64 113/113 39/39
f 68/68 55/55 80/80
f 57/57 41/41 65/65
f 65/65 15/15 1/1
f 59/59 76/76 33/33
f 61/61 1/1 54/54
f 24/24 56/56 124/124
f 91/91 62/62 53/53
f 80/80 117/117 126/126
f 91/91 79/79 56/56
f 9/9 22/22 8/8
f 124/124 69/69 104/104
f 49/49 7/7 32/32
f 53/53 5/5 13/13
f 36/36 32/32 44/44
f 119/119 73/73 54/54
f 1/1 17/17 39/39
f 121/121 24/24 41/41
f 108/108 55/55 97/97
f 119/119 6/6 57/57
f 2/2 114/114 81/81
f 20/20 25/25 95/95
f 7/7 119/119 46/46
f 1/1 106/106 93/93
f 101/101 105/105 90/90
f 128/128 23/23 96/96
f 85/85 86/86 44/44
f 115/115 6/6 100/100
f 52/52 121/121 100/100
f 47/47 35/35 39/39
f 75/75 97/97 105/105
f 104/104 96/96 65/65
f 58/58 26/26 106/106
f 13/13 40/40 43/43
f 116/116 59/59 120/120
f 89/89 102/102 128/128
f 90/90 21/21 119/119
f 18/18 73/73 97/97
f 68/68 20/20 17/17
f 91/91 122/122 117/117
f 118/118 124/124 5/5
f 65/65 65/65 77/77
f 1/1 128/128 122/122
f 126/126 21/21 102/102
f 71/71 10/10 38/38
f 71/71 23/23 51/51
f 18/18 34/34 50/50
f 81/81 105/105 85/85
f 54/54 113/113 12/12
f 8/8 90/90 128/128
f 45/45 82/82 126/126
f 128/128 122/122 25/25
f 20/20 59/59 114/114
f 49/49 41/41 102/102
f 8/8 128/128 9/9
f 76/76 128/128 128/128
f 77/77 127/127 86/86
f 7/7 81/81 90/90
f 37/37 92/92 2/2
f 20/20 116/116 127/127
f 41/41 77/77 33/33
f 43/43 73/73 73/73
f 61/61 35/35 117/117
f 68/68 73/73 61/61
f 80/80 22/22 18/18
f 20/20 6/6 55/55
f 96/96 2/2 22/22
f 127/127 125/125 54/54
f 116/116 92/92 53/53
f 105/105 2/2 73/73
f 12/12 97/97 103/103
f 75/75 104/104 70/70
f 25/25 62/62 70/70
f 65/65 61/61 1/1
f 107/107 51/51 104/104
f 3/3 67/67 1/1
f 74/74 37/37 13/13
f 83/83 41/41 35/35
f 29/29 57/57 107/107
f 128/128 68/68 121/121
f 22/22 128/128 86/86
f 36/36 89/89 128/128
f 104/104 112/112 106/106
f 29/29 128/128 20/20
f 60/60 116/116 40/40
f 82/82 105/105 106/106
f 23/23 13/13 8/8
f 112/112 81/81 33/33
f 31/31 99/99 87/87
f 28/28 72/72 84/84
f 67/67 115/115 123/123
f 105/105 44/44 34/34
f 37/37 77/77 41/41
f 127/127 64/64 48/48
f 128/128 84/84 102/102
f 24/24 7/7 89/89
f 100/100 64/64 61/61
f 87/87 71/71 1/1
f 82/82 118/118 69/69
f 58/58 112/112 75/75
f 7/7 128/128 21/21
f 116/116 15/15 97/97
f 41/41 114/114 12/12
f 65/65 98/98 72/72
f 8/8 89/89 20/20
f 15/15 88/88 22/22
f 41/41 46/46 53/53
f 124/124 87/87 71/71
f 79/79 105/105 101/101
f 31/31 32/32 42/42
f 17/17 21/21 71/71
f 63/63 48/48 108/108
f 66/66 43/43 126/126
f 53/53 89/89 101/101
f 65/65 65/65 68/68
f 28/28 6/6 2/2
f 128/128 84/84 20/20
f 28/28 83/83 108/108
f 72/72 52/52 37/37
f 45/45 110/110 8/8
f 79/79 81/81 76/76
f 3/3 34/34 6/6
f 4/4 123/123 2/2
f 32/32 103/103 37/37
f 68/68 13/13 52/52
f 23/23 97/97 1/1
f 69/69 79/79 113/113
f 52/52 15/15 50/50
f 7/7 40/40 83/83
f 30/30 94/94 39/39
f 58/58 6/6 53/53
f 52/52 26/26 95/95
f 93/93 25/25 16/16
f 4/4 2/2 101/101
f 98/98 50/50 128/128
f 74/74 12/12 53/53
f 107/107 119/119 16/16
f 4/4 39/39 79/79
f 77/77 110/110 9/9
f 53/53 103/103 61/61
f 12/12 42/42 109/109
f 75/75 1/1 12/12
f 16/16 76/76 93/93
f 49/49 23/23 17/17
f 69/69 82/82 44/44
f 104/104 78/78 95/95
f 21/21 72/72 87/87
f 128/128 124/124 54/54
f 13/13 48/48 110/110
f 2/2 9/9 33/33
f 57/57 17/17 15/15
f 67/67 71/71 84/84
f 20/20 100/100 64/64
f 119/119 88/88 1/1
f 44/44 108/108 21/21
f 98/98 128/128 122/122
f 42/42 24/24 119/119
f 17/17 71/71 78/78
f 29/29 83/83 126/126
f 2/2 82/82 4/4
f 32/32 4/4 29/29
f 75/75 1/1 3/3
f 99/99 22/22 128/128
f 122/122 25/25 97/97
f 91/91 66/66 100/100
f 122/122 25/25 97/97
f 111/111 17/17 63/63
f 20/20 14/14 60/60
f 74/74 100/100 37/37
f 8/8 69/69 48/48
f 99/99 3/3 1/1
f 40/40 73/73 88/88
f 62/62 110/110 124/124
f 10/10 94/94 96/96
f 120/120 92/92 60/60
f 125/125 36/36 101/101
f 111/111 36/36 37/37
f 48/48 98/98 44/44
f 49/49 128/128 122/122
f 11/11 74/74 44/44
f 79/79 72/72 62/62
f 48/48 123/123 53/53
f 126/126 43/43 33/33
f 74/74 93/93 51/51
f 41/41 19/19 60/60
f 66/66 32/32 109/109
f 19/19 3/3 94/94
f 111/111 100/100 14/14
f 65/65 65/65 80/80
f 11/11 63/63 49/49
f 43/43 86/86 49/49
f 87/87 4/4 90/90
f 103/103 71/71 69/69
f 117/117 110/110 44/44
f 1/1 16/16 91/91
f 32/32 67/67 118/118
f 39/39 119/119 17/17
f 109/109 110/110 76/76
f 89/89 44/44 66/66
f 28/28 89/89 43/43
f 125/125 62/62 4/4
f 106/106 126/126 33/33
f 73/73 65/65 90/90
f 35/35 80/80 81/81
f 61/61 69/69 109/109
f 73/73 33/33 55/55
f 16/16 98/98 3/3
f 20/20 56/56 19/19
f 44/44 14/14 1/1
f 100/100 73/73 74/74
f 49/49 75/75 108/108
f 65/65 65/65 33/33
f 5/5 40/40 105/105
f 66/66 9/9 8/8
f 22/22 1/1 78/78
f 19/19 105/105 111/111
f 67/67 128/128 128/128
f 74/74 75/75 41/41
f 1/1 100/100 38/38
f 2/2 34/34 54/54
f 24/24 127/127 88/88
f 2/2 51/51 18/18
f 48/48 61/61 84/84
f 9/9 72/72 93/93
f 12/12 48/48 82/82
f 1/1 127/127 101/101
f 29/29 95/95 80/80
f 88/88 23/23 101/101
f 34/34 118/118 46/46
f 52/52 91/91 26/26
f 36/36 101/101 84/84
f 47/47 48/48 35/35
f 62/62 113/113 13/13
f 1/1 17/17 1/1
f 1/1 17/17 1/1
f 120/120 7/7 125/125
f 36/36 3/3 51/51
f 24/24 33/33 46/46
f 6/6 42/42 27/27
f 46/46 34/34 107/107
f 1/1 105/105 38/38
f 35/35 34/34 17/17
f 76/76 54/54 36/36
f 8/8 81/81 49/49
f 67/67 73/73 2/2
f 8/8 95/95 33/33
f 33/33 102/102 15/15
f 112/112 44/44 74/74
f 46/46 1/1 6/6
f 105/105 66/66 13/13
f 22/22 124/124 81/81
f 74/74 65/65 117/117
f 41/41 62/62 2/2
f 70/70 75/75 11/11
f 112/112 51/51 20/20
f 19/19 102/102 62/62
f 104/104 65/65 65/65
f 17/17 117/117 34/34
f 87/87 7/7 123/123
f 124/124 78/78 11/11
f 69/69 43/43 76/76
f 97/97 93/93 100/100
f 69/69 71/71 32/32
f 18/18 49/49 17/17
f 66/66 107/107 88/88
f 21/21 110/110 39/39
f 128/128 128/128 125/125
f 74/74 81/81 17/17
f 44/44 63/63 114/114
f 80/80 128/128 125/125
f 43/43 99/99 83/83
f 40/40 104/104 68/68
f 120/120 128/128 128/128
f 106/106 29/29 28/28
f 68/68 55/55 76/76
f 66/66 110/110 18/18
f 36/36 16/16 99/99
f 122/122 39/39 83/83
f 96/96 126/126 118/118
f 76/76 45/45 114/114
f 8/8 19/19 14/14
f 46/46 14/14 2/2
f 15/15 80/80 65/65
f 40/40 127/127 66/66
f 77/77 50/50 32/32
f 50/50 67/67 101/101
f 106/106 111/111 48/48
f 20/20 86/86 19/19
f 69/69 128/128 122/122
f 99/99 55/55 89/89
f 2/2 16/16 75/75
f 20/20 50/50 17/17
f 128/128 122/122 25/25
f 12/12 56/56 63/63
f 41/41 45/45 110/110
f 77/77 21/21 128/128
f 46/46 83/83 1/1
f 54/54 117/117 29/29
f 57/57 21/21 110/110
f 46/46 7/7 40/40
f 18/18 102/102 83/83
f 7/7 6/6 2/2
f 21/21 68/68 71/71
f 118/118 68/68 13/13
f 98/98 5/5 52/52
f 119/119 121/121 68/68
f 19/19 67/67 46/46
f 97/97 111/111 17/17
f 60/60 62/62 128/128
f 30/30 41/41 3/3
f 56/56 11/11 1/1
f 31/31 57/57 66/66
f 65/65 66/66 16/16
f 118/118 44/44 5/5
f 111/111 45/45 43/43
f 22/22 9/9 59/59
f 128/128 122/122 25/25
f 97/97 22/22 44/44
f 103/103 35/35 59/59
f 58/58 5/5 60/60
f 86/86 47/47 92/92
f 1/1 93/93 24/24
f 84/84 15/15 13/13
f 65/65 11/11 85/85
f 73/73 56/56 10/10
f 117/117 6/6 80/80
f 102/102 17/17 101/101
f 2/2 30/30 21/21
f 5/5 62/62 128/128
f 116/116 14/14 66/66
f 102/102 65/65 128/128
f 110/110 101/101 40/40
f 23/23 3/3 41/41
f 41/41 12/12 43/43
f 82/82 52/52 103/103
f 9/9 4/4 67/67
f 117/117 97/97 42/42
f 81/81 1/1 1/1
f 17/17 5/5 33/33
f 35/35 4/4 4/4
f 89/89 42/42 111/111
f 81/81 85/85 74/74
f 71/71 6/6 28/28
f 92/92 19/19 92/92
f 17/17 102/102 86/86
f 124/124 113/113 99/99
f 14/14 121/121 15/15
f 128/128 122/122 25/25
f 112/112 80/80 5/5
f 127/127 100/100 53/53
f 46/46 30/30 49/49
f 115/115 112/112 114/114
f 69/69 1/1 1/1
f 28/28 19/19 97/97
f 70/70 15/15 1/1
f 34/34 99/99 112/112
f 115/115 56/56 14/14
f 80/80 15/15 75/75
f 3/3 34/34 68/68
f 83/83 1/1 127/127
f 54/54 103/103 106/106
f 112/112 97/97 8/8
f 45/45 106/106 124/124
f 12/12 18/18 19/19
f 128/128 122/122 25/25
f 46/46 7/7 21/21
f 1/1 10/10 114/114
f 5/5 113/113 43/43
f 120/120 64/64 9/9
f 7/7 46/46 100/100
f 104/104 72/72 77/77
f 101/101 31/31 119/119
f 77/77 44/44 60/60
f 79/79 114/114 4/4
f 120/120 67/67 5/5
f 1/1 122/122 10/10
f 4/4 92/92 97/97
f 67/67 83/83 45/45
f 25/25 22/22 22/22
f 15/15 123/123 125/125
f 29/29 64/64 37/37
f 53/53 45/45 94/94
f 128/128 122/122 25/25
f 1/1 49/49 22/22
f 87/87 85/85 118/118
f 90/90 64/64 43/43
f 2/2 13/13 65/65
f 45/45 9/9 16/16
f 121/121 86/86 46/46
f 59/59 26/26 42/42
f 11/11 22/22 30/30
f 102/102 44/44 61/61
f 73/73 6/6 77/77
f 3/3 3/3 11/11
f 73/73 41/41 47/47
f 5/5 44/44 33/33
f 1/1 1/1 18/18
f 8/8 103/103 24/24
f 96/96 32/32 65/65
f 39/39 60/60 1/1
f 7/7 36/36 118/118
f 56/56 77/77 124/124
f 18/18 89/89 1/1
f 4/4 54/54 105/105
f 97/97 72/72 85/85
f 77/77 26/26 29/29
f 43/43 52/52 117/117
f 36/36 101/101 109/109
f 48/48 109/109 16/16
f 126/126 74/74 77/77
f 30/30 68/68 1/1
f 98/98 59/59 46/46
f 18/18 103/103 15/15
f 108/108 71/71 25/25
f 53/53 75/75 24/24
f 18/18 84/84 110/110
f 74/74 120/120 126/126
f 47/47 50/50 28/28
f 128/128 13/13 127/127
f 75/75 24/24 112/112
f 112/112 128/128 85/85
f 8/8 67/67 110/110
f 98/98 92/92 78/78
f 128/128 117/117 51/51
f 99/99 71/71 57/57
f 63/63 101/101 92/92
f 125/125 71/71 128/128
f 123/123 30/30 76/76
f 94/94 92/92 42/42
f 108/108 31/31 43/43
f 68/68 54/54 21/21
f 124/124 125/125 109/109
f 1/1 1/1 46/46
f 29/29 109/109 99/99
f 31/31 61/61 112/112
f 25/25 2/2 72/72
f 53/53 13/13 22/22
f 125/125 14/14 60/60
f 36/36 113/113 55/55
f 77/77 6/6 98/98
f 8/8 119/119 49/49
f 29/29 13/13 117/117
f 65/65 65/65 71/71
f 65/65 65/65 73/73
f 39/39 30/30 1/1
f 20/20 8/8 3/3
f 5/5 19/19 120/120
f 11/11 60/60 102/102
f 100/100 73/73 60/60
f 93/93 112/112 67/67
f 126/126 16/16 63/63
f 2/2 56/56 39/39
f 25/25 107/107 17/17
f 73/73 73/73 94/94
f 121/121 46/46 69/69
f 20/20 51/51 6/6
f 1/1 56/56 90/90
f 26/26 72/72 19/19
f 120/120 58/58 102/102
f 39/39 95/95 107/107
f 75/75 72/72 28/28
f 51/51 111/111 41/41
f 107/107 54/54 5/5
f 34/34 7/7 64/64
f 74/74 33/33 19/19
f 8/8 31/31 122/122
f 85/85 8/8 115/115
f 61/61 111/111 26/26
f 96/96 128/128 128/128
f 1/1 60/60 120/120
f 124/124 55/55 76/76
f 83/83 79/79 82/82
f 53/53 63/63 10/10
f 77/77 31/31 44/44
f 122/122 25/25 97/97
f 83/83 74/74 38/38
f 29/29 89/89 33/33
f 15/15 108/108 125/125
f 47/47 92/92 54/54
f 103/103 4/4 100/100
f 10/10 69/69 75/75
f 128/128 13/13 31/31
f 17/17 64/64 51/51
f 86/86 36/36 60/60
f 65/65 75/75 115/115
f 41/41 71/71 120/120
f 72/72 99/99 17/17
f 18/18 56/56 123/123
f 98/98 27/27 20/20
f 29/29 33/33 125/125
f 21/21 118/118 128/128
f 30/30 110/110 110/110
f 81/81 48/48 32/32
f 107/107 24/24 36/36
f 9/9 120/120 13/13
f 64/64 63/63 120/120
f 64/64 65/65 41/41
f 66/66 4/4 48/48
f 117/117 79/79 31/31
f 23/23 30/30 77/77
f 71/71 84/84 20/20
f 120/120 46/46 93/93
f 64/64 93/93 102/102
f 93/93 15/15 76/76
f 13/13 34/34 107/107
f 64/64 59/59 81/81
f 111/111 77/77 52/52
f 25/25 83/83 103/103
f 103/103 70/70 104/104
f 51/51 118/118 37/37
f 83/83 106/106 56/56
f 33/33 54/54 38/38
f 4/4 22/22 107/107
f 96/96 56/56 48/48
f 123/123 38/38 86/86
f 70/70 66/66 30/30
f 17/17 42/42 32/32
f 13/13 31/31 57/57
f 41/41 76/76 48/48
f 74/74 1/1 114/114
f 52/52 77/77 112/112
f 53/53 49/49 47/47
f 74/74 93/93 49/49
f 67/67 48/48 128/128
f 72/72 128/128 128/128
f 128/128 128/128 105/105
f 101/101 128/128 122/122
f 104/104 93/93 123/123
f 27/27 41/41 73/73
f 18/18 69/69 99/99
f 18/18 113/113 105/105
f 91/91 128/128 43/43
f 66/66 116/116 81/81
f 4/4 16/16 95/95
f 122/122 25/25 97/97
f 1/1 124/124 2/2
f 20/20 65/65 7/7
f 126/126 109/109 101/101
f 34/34 12/12 38/38
f 66/66 83/83 92/92
f 19/19 1/1 32/32
f 128/128 2/2 65/65
f 95/95 109/109 7/7
f 6/6 62/62 56/56
f 42/42 102/102 21/21
f 118/118 64/64 94/94
f 124/124 13/13 85/85
f 65/65 65/65 74/74
f 65/65 65/65 77/77
f 2/2 65/65 65/65
f 32/32 120/120 126/126
f 4/4 109/109 41/41
f 20/20 69/69 12/12
f 1/1 67/67 36/36
f 111/111 122/122 128/128
f 21/21 5/5 43/43
f 68/68 44/44 61/61
f 74/74 128/128 128/128
f 83/83 68/68 63/63
f 112/112 37/37 32/32
f 19/19 86/86 128/128
f 105/105 103/103 100/100
f 70/70 17/17 37/37
f 115/115 91/91 105/105
f 38/38 31/31 22/22
f 1/1 4/4 102/102
f 67/67 51/51 13/13
f 8/8 33/33 83/83
f 47/47 50/50 78/78
f 20/20 111/111 84/84
f 66/66 38/38 42/42
f 70/70 83/83 11/11
f 110/110 5/5 55/55
f 120/120 39/39 30/30
f 71/71 38/38 1/1
f 101/101 8/8 71/71
f 57/57 3/3 3/3
f 34/34 27/27 2/2
f 39/39 114/114 97/97
f 109/109 35/35 122/122
f 20/20 61/61 91/91
f 84/84 21/21 15/15
f 59/59 60/60 65/65
f 71/71 126/126 109/109
f 23/23 100/100 55/55
f 103/103 82/82 5/5
f 56/56 6/6 40/40
f 94/94 9/9 107/107
f 77/77 74/74 63/63
f 6/6 16/16 90/90
f 55/55 101/101 112/112
f 122/122 48/48 128/128
f 33/33 69/69 67/67
f 29/29 127/127 110/110
f 106/106 112/112 106/106
f 51/51 65/65 104/104
f 9/9 1/1 8/8
f 84/84 76/76 21/21
f 81/81 55/55 41/41
f 8/8 90/90 58/58
f 46/46 28/28 46/46
f 33/33 54/54 2/2
f 40/40 10/10 81/81
f 110/110 112/112 58/58
f 8/8 87/87 25/25
f 3/3 88/88 124/124
f 78/78 15/15 111/111
f 38/38 23/23 111/111
f 81/81 21/21 65/65
f 33/33 4/4 37/37
f 69/69 82/82 108/108
f 32/32 122/122 85/85
f 29/29 63/63 87/87
f 3/3 90/90 113/113
f 71/71 42/42 69/69
f 116/116 111/111 20/20
f 42/42 19/19 1/1
f 39/39 35/35 11/11
f 28/28 13/13 97/97
f 34/34 113/113 122/122
f 68/68 128/128 128/128
f 85/85 126/126 85/85
f 98/98 36/36 16/16
f 15/15 75/75 72/72
f 30/30 1/1 102/102
f 100/100 79/79 19/19
f 15/15 121/121 24/24
f 127/127 74/74 54/54
f 39/39 109/109 38/38
f 95/95 13/13 53/53
f 57/57 20/20 10/10
f 127/127 33/33 1/1
f 56/56 103/103 15/15
f 4/4 47/47 47/47
f 67/67 28/28 86/86
f 99/99 71/71 76/76
f 70/70 43/43 43/43
f 10/10 4/4 98/98
f 33/33 63/63 4/4
f 126/126 111/111 7/7
f 19/19 34/34 102/102
f 84/84 44/44 35/35
f 86/86 99/99 65/65
f 54/54 75/75 76/76
f 38/38 21/21 23/23
f 119/119 87/87 101/101
f 127/127 37/37 119/119
f 8/8 1/1 102/102
f 117/117 62/62 5/5
f 10/10 79/79 61/61
f 1/1 1/1 74/74
f 102/102 81/81 81/81
f 26/26 116/116 70/70
f 102/102 128/128 61/61
f 21/21 55/55 114/114
f 6/6 102/102 19/19
f 5/5 17/17 24/24
f 104/104 27/27 65/65
f 87/87 83/83 103/103
f 19/19 7/7 36/36
f 108/108 1/1 30/30
f 30/30 1/1 3/3
f 100/100 24/24 78/78
f 66/66 31/31 17/17
f 116/116 64/64 34/34
f 12/12 74/74 23/23
f 85/85 7/7 83/83
f 41/41 77/77 65/65
f 42/42 42/42 127/127
f 40/40 64/64 86/86
f 43/43 106/106 27/27
f 1/1 97/97 116/116
f 49/49 2/2 59/59
f 48/48 103/103 71/71
f 38/38 17/17 50/50
f 5/5 22/22 65/65
f 65/65 104/104 73/73
f 82/82 20/20 108/108
f 20/20 45/45 10/10
f 126/126 72/72 47/47
f 39/39 83/83 42/42
f 60/60 111/111 87/87
f 116/116 56/56 47/47
f 65/65 65/65 71/71
f 1/1 128/128 122/122
f 59/59 113/113 26/26
f 77/77 54/54 42/42
f 2/2 124/124 76/76
f 123/123 13/13 6/6
f 91/91 65/65 83/83
f 46/46 109/109 56/56
f 8/8 84/84 72/72
f 107/107 4/4 31/31
f 73/73 38/38 115/115
f 10/10 57/57 128/128
f 100/100 17/17 85/85
f 57/57 44/44 37/37
f 17/17 7/7 70/70
f 37/37 90/90 35/35
f 10/10 85/85 91/91
f 99/99 89/89 100/100
f 43/43 89/89 105/105
f 56/56 10/10 58/58
f 5/5 105/105 109/109
f 5/5 29/29 95/95
f 78/78 56/56 45/45
f 13/13 118/118 9/9
f 74/74 4/4 38/38
f 33/33 33/33 51/51
f 119/119 88/88 96/96
f 1/1 10/10 17/17
f 4/4 105/105 27/27
f 26/26 123/123 110/110
f 116/116 53/53 40/40
f 17/17 52/52 50/50
f 128/128 122/122 25/25
f 35/35 7/7 33/33
f 49/49 118/118 42/42
f 77/77 96/96 120/120
f 3/3 5/5 65/65
f 2/2 37/37 93/93
f 57/57 11/11 61/61
f 122/122 65/65 54/54
f 47/47 58/58 82/82
f 65/65 65/65 75/75
f 1/1 128/128 122/122
f 97/97 78/78 3/3
f 107/107 89/89 96/96
f 23/23 105/105 35/35
f 125/125 23/23 19/19
f 115/115 9/9 56/56
f 42/42 28/28 27/27
f 82/82 48/48 121/121
f 98/98 18/18 105/105
f 92/92 94/94 60/60
f 97/97 95/95 10/10
f 127/127 66/66 86/86
f 66/66 16/16 7/7
f 76/76 6/6 21/21
f 28/28 33/33 31/31
f 126/126 72/72 32/32
f 26/26 28/28 23/23
f 53/53 76/76 64/64
f 101/101 127/127 84/84
f 118/118 73/73 125/125
f 104/104 91/91 80/80
f 7/7 95/95 110/110
f 40/40 125/125 96/96
f 99/99 50/50 13/13
f 35/35 41/41 83/83
f 14/14 5/5 80/80
f 6/6 85/85 4/4
f 38/38 8/8 14/14
f 34/34 34/34 43/43
f 98/98 48/48 127/127
f 65/65 65/65 73/73
f 1/1 128/128 122/122
f 64/64 105/105 128/128
f 23/23 41/41 38/38
f 101/101 125/125 126/126
f 115/115 19/19 74/74
f 55/55 1/1 82/82
f 45/45 128/128 122/122
f 97/97 77/77 9/9
f 62/62 35/35 29/29
f 67/67 39/39 21/21
f 51/51 23/23 113/113
f 17/17 96/96 93/93
f 54/54 15/15 37/37
f 46/46 88/88 36/36
f 111/111 102/102 55/55
f 26/26 85/85 47/47
f 1/1 31/31 12/12
f 19/19 104/104 128/128
f 9/9 43/43 58/58
f 3/3 113/113 109/109
f 95/95 46/46 61/61
f 40/40 67/67 65/65
f 21/21 71/71 119/119
f 18/18 126/126 26/26
f 62/62 46/46 90/90
f 35/35 29/29 48/48
f 112/112 69/69 49/49
f 120/120 122/122 91/91
f 106/106 13/13 17/17
f 22/22 41/41 87/87
f 48/48 36/36 24/24
f 19/19 56/56 127/127
f 109/109 43/43 40/40
f 120/120 92/92 9/9
f 1/1 46/46 105/105
f 37/37 121/121 30/30
f 121/121 45/45 38/38
f 85/85 89/89 89/89
f 94/94 89/89 75/75
f 94/94 127/127 58/58
f 62/62 35/35 23/23
f 47/47 31/31 91/91
f 83/83 47/47 106/106
f 105/105 44/44 122/122
f 112/112 6/6 95/95
f 105/105 98/98 59/59
f 33/33 76/76 36/36
f 4/4 28/28 21/21
f 19/19 128/128 102/102
f 7/7 81/81 55/55
f 118/118 95/95 6/6
f 77/77 121/121 29/29
f 65/65 65/65 75/75
f 65/65 68/68 112/112
f 69/69 78/78 25/25
f 17/17 1/1 1/1
f 120/120 32/32 106/106
f 68/68 93/93 106/106
f 86/86 91/91 49/49
f 96/96 40/40 105/105
f 124/124 47/47 116/116
f 19/19 49/49 87/87
f 35/35 105/105 16/16
f 9/9 21/21 50/50
f 48/48 128/128 122/122
f 40/40 6/6 105/105
f 69/69 63/63 86/86
f 112/112 83/83 15/15
f 22/22 106/106 21/21
f 66/66 12/12 89/89
f 50/50 21/21 55/55
f 38/38 52/52 97/97
f 71/71 87/87 33/33
f 125/125 16/16 119/119
f 115/115 34/34 61/61
f 17/17 128/128 121/121
f 81/81 5/5 18/18
f 29/29 67/67 53/53
f 50/50 34/34 82/82
f 93/93 37/37 13/13
f 39/39 12/12 61/61
f 94/94 82/82 46/46
f 62/62 21/21 117/117
f 7/7 13/13 114/114
f 4/4 4/4 100/100
f 17/17 71/71 15/15
f 23/23 8/8 30/30
f 43/43 26/26 54/54
f 39/39 47/47 47/47
f 73/73 39/39 1/1
f 26/26 91/91 16/16
f 76/76 120/120 53/53
f 25/25 106/106 91/91
f 71/71 68/68 65/65
f 21/21 45/45 26/26
f 9/9 71/71 101/101
f 40/40 100/100 44/44
f 128/128 1/1 52/52
f 89/89 87/87 117/117
f 79/79 101/101 91/91
f 122/122 25/25 101/101
f 99/99 22/22 4/4
f 125/125 26/26 81/81
f 2/2 56/56 117/117
f 127/127 47/47 71/71
f 101/101 119/119 104/104
f 45/45 97/97 123/123
f 1/1 18/18 87/87
f 85/85 51/51 19/19
f 119/119 4/4 16/16
f 41/41 25/25 56/56
f 65/65 114/114 96/96
f 44/44 46/46 78/78
f 65/65 65/65 84/84
f 58/58 91/91 83/83
f 10/10 13/13 124/124
f 65/65 65/65 84/84
f 74/74 26/26 85/85
f 73/73 16/16 120/120
f 34/34 98/98 123/123
f 6/6 128/128 122/122
f 93/93 73/73 45/45
f 82/82 17/17 96/96
f 65/65 65/65 82/82
f 65/65 65/65 121/121
f 64/64 120/120 36/36
f 88/88 125/125 102/102
f 104/104 107/107 45/45
f 79/79 120/120 68/68
f 9/9 73/73 67/67
f 14/14 39/39 88/88
f 21/21 84/84 66/66
f 6/6 18/18 21/21
f 99/99 95/95 101/101
f 41/41 81/81 22/22
f 102/102 112/112 12/12
f 40/40 1/1 113/113
f 50/50 38/38 17/17
f 65/65 65/65 88/88
f 1/1 128/128 122/122
f 65/65 65/65 73/73
f 71/71 15/15 127/127
f 9/9 3/3 54/54
f 65/65 65/65 72/72
f 35/35 103/103 104/104
f 50/50 128/128 91/91
f 108/108 47/47 62/62
f 49/49 1/1 1/1
f 124/124 31/31 70/70
f 6/6 99/99 29/29
f 65/65 65/65 75/75
f 1/1 128/128 122/122
f 55/55 39/39 105/105
f 127/127 128/128 20/20
f 117/117 43/43 94/94
f 49/49 7/7 118/118
f 47/47 105/105 36/36
f 65/65 66/66 68/68
f 52/52 87/87 17/17
f 1/1 1/1 33/33
f 63/63 38/38 5/5
f 128/128 59/59 44/44
f 52/52 56/56 128/128
f 66/66 61/61 37/37
f 62/62 98/98 40/40
f 65/65 65/65 73/73
f 1/1 128/128 122/122
f 65/65 65/65 76/76
f 1/1 128/128 122/122
f 26/26 127/127 33/33
f 1/1 89/89 21/21
f 73/73 93/93 44/44
f 65/65 65/65 75/75
f 37/37 93/93 49/49
f 65/65 5/5 2/2
f 61/61 83/83 8/8
f 96/96 57/57 122/122
f 92/92 114/114 49/49
f 92/92 112/112 67/67
f 19/19 118/118 45/45
f 128/128 122/122 25/25
f 115/115 66/66 110/110
f 44/44 33/33 78/78
f 19/19 65/65 5/5
f 8/8 68/68 62/62
f 55/55 26/26 58/58
f 83/83 60/60 107/107
f 46/46 83/83 50/50
f 70/70 90/90 67/67
f 128/128 77/77 8/8
f 120/120 22/22 4/4
f 1/1 96/96 41/41
f 74/74 4/4 18/18
f 35/35 60/60 85/85
f 63/63 99/99 57/57
f 84/84 113/113 93/93
f 27/27 70/70 49/49
f 9/9 101/101 92/92
f 65/65 65/65 75/75
f 1/1 128/128 122/122
f 28/28 112/112 98/98
f 92/92 67/67 37/37
f 81/81 60/60 10/10
f 47/47 19/19 19/19
f 11/11 9/9 110/110
f 20/20 73/73 90/90
f 20/20 21/21 37/37
f 34/34 117/117 41/41
f 99/99 109/109 98/98
f 68/68 48/48 72/72
f 65/65 65/65 73/73
f 1/1 128/128 122/122
f 36/36 4/4 65/65
f 39/39 69/69 119/119
f 74/74 26/26 49/49
f 117/117 42/42 44/44
f 118/118 72/72 102/102
f 55/55 59/59 74/74
f 57/57 25/25 1/1
f 40/40 43/43 108/108
f 78/78 91/91 78/78
f 93/93 127/127 110/110
f 91/91 81/81 87/87
f 6/6 117/117 44/44
f 100/100 65/65 44/44
f 114/114 30/30 124/124
f 42/42 25/25 17/17
f 119/119 61/61 115/115
f 80/80 73/73 81/81
f 1/1 2/2 70/70
f 18/18 60/60 53/53
f 68/68 48/48 57/57
f 116/116 47/47 75/75
f 118/118 45/45 78/78
f 127/127 74/74 61/61
f 65/65 65/65 74/74
f 18/18 2/2 41/41
f 5/5 8/8 91/91
f 32/32 121/121 70/70
f 128/128 122/122 25/25
f 15/15 67/67 14/14
f 25/25 12/12 8/8
f 128/128 122/122 25/25
f 102/102 8/8 57/57
f 59/59 80/80 89/89
f 85/85 37/37 7/7
f 65/65 65/65 97/97
f 80/80 86/86 34/34
f 87/87 68/68 79/79
f 33/33 121/121 2/2
f 11/11 6/6 66/66
f 119/119 107/107 32/32
f 10/10 11/11 22/22
f 65/65 65/65 101/101
f 18/18 54/54 107/107
f 46/46 36/36 109/109
f 108/108 100/100 106/106
f 91/91 22/22 55/55
f 90/90 5/5 83/83
f 22/22 11/11 128/128
f 127/127 78/78 76/76
f 82/82 36/36 128/128
f 33/33 19/19 29/29
f 117/117 8/8 90/90
f 65/65 65/65 75/75
f 1/1 128/128 122/122
f 66/66 104/104 90/90
f 127/127 24/24 85/85
f 4/4 15/15 13/13
f 89/89 49/49 1/1
f 14/14 13/13 28/28
f 128/128 18/18 81/81
f 19/19 23/23 10/10
f 101/101 11/11 41/41
f 43/43 127/127 106/106
f 28/28 22/22 16/16
f 102/102 66/66 123/123
f 13/13 6/6 112/112
f 41/41 40/40 32/32
f 108/108 106/106 96/96
f 16/16 11/11 128/128
f 7/7 87/87 78/78
f 30/30 84/84 128/128
f 21/21 20/20 82/82
f 124/124 33/33 10/10
f 32/32 96/96 119/119
f 128/128 77/77 14/14
f 45/45 109/109 30/30
f 1/1 5/5 48/48
f 85/85 97/97 3/3
f 101/101 5/5 18/18
f 81/81 84/84 126/126
f 21/21 50/50 17/17
f 2/2 53/53 49/49
f 95/95 107/107 58/58
f 105/105 65/65 1/1
f 15/15 25/25 28/28
f 93/93 31/31 24/24
f 71/71 66/66 114/114
f 31/31 33/33 5/5
f 47/47 72/72 13/13
f 23/23 90/90 75/75
f 36/36 128/128 124/124
f 126/126 96/96 128/128
f 43/43 10/10 14/14
f 128/128 122/122 25/25
f 29/29 68/68 18/18
f 49/49 72/72 22/22
f 90/90 49/49 26/26
f 18/18 83/83 70/70
f 122/122 128/128 29/29
f 106/106 17/17 17/17
f 73/73 39/39 69/69
f 2/2 115/115 1/1
f 11/11 90/90 7/7
f 96/96 115/115 49/49
f 94/94 77/77 44/44
f 52/52 5/5 41/41
f 24/24 74/74 83/83
f 124/124 88/88 37/37
f 9/9 31/31 43/43
f 112/112 107/107 106/106
f 63/63 48/48 122/122
f 108/108 26/26 64/64
f 99/99 31/31 32/32
f 27/27 101/101 120/120
f 68/68 46/46 97/97
f 67/67 82/82 128/128
f 124/124 88/88 62/62
f 94/94 48/48 70/70
f 67/67 30/30 91/91
f 47/47 67/67 1/1
f 126/126 64/64 115/115
f 19/19 35/35 15/15
f 112/112 101/101 6/6
f 42/42 32/32 73/73
f 2/2 39/39 64/64
f 65/65 30/30 80/80
f 111/111 117/117 37/37
f 73/73 63/63 128/128
f 25/25 97/97 82/82
f 67/67 92/92 79/79
f 52/52 61/61 73/73
f 114/114 21/21 102/102
f 81/81 9/9 101/101
f 84/84 88/88 49/49
f 128/128 88/88 45/45
f 79/79 71/71 128/128
f 103/103 107/107 126/126
f 35/35 60/60 33/33
f 48/48 105/105 100/100
f 108/108 56/56 83/83
f 75/75 70/70 106/106
f 85/85 65/65 51/51
f 17/17 69/69 56/56
f 11/11 38/38 80/80
f 31/31 4/4 30/30
f 11/11 76/76 115/115
f 102/102 54/54 58/58
f 45/45 35/35 73/73
f 54/54 90/90 77/77
f 13/13 127/127 85/85
f 14/14 56/56 13/13
f 36/36 86/86 57/57
f 59/59 112/112 108/108
f 34/34 32/32 18/18
f 75/75 49/49 50/50
f 111/111 60/60 116/116
f 45/45 103/103 79/79
f 118/118 97/97 2/2
f 1/1 5/5 64/64
f 11/11 28/28 27/27
f 2/2 90/90 36/36
f 106/106 53/53 77/77
f 1/1 54/54 13/13
f 106/106 18/18 44/44
f 59/59 42/42 128/128
f 18/18 115/115 64/64
f 95/95 59/59 124/124
f 106/106 128/128 122/122
f 31/31 52/52 64/64
f 54/54 36/36 56/56
f 85/85 64/64 122/122
f 22/22 54/54 108/108
f 39/39 1/1 105/105
f 32/32 128/128 122/122
f 97/97 111/111 9/9
f 71/71 119/119 44/44
f 51/51 32/32 18/18
f 119/119 111/111 9/9
f 63/63 125/125 99/99
f 111/111 53/53 11/11
f 113/113 64/64 15/15
f 102/102 102/102 36/36
f 102/102 36/36 11/11
f 40/40 114/114 16/16
f 35/35 39/39 76/76
f 110/110 21/21 111/111
f 49/49 75/75 117/117
f 26/26 45/45 43/43
f 108/108 31/31 47/47
f 64/64 128/128 21/21
f 1/1 81/81 61/61
f 121/121 70/70 73/73
f 122/122 25/25 101/101
f 29/29 31/31 94/94
f 65/65 65/65 105/105
f 34/34 39/39 92/92
f 55/55 20/20 2/2
f 107/107 98/98 87/87
f 60/60 119/119 113/113
f 12/12 25/25 5/5
f 19/19 107/107 6/6
f 117/117 69/69 5/5
f 51/51 106/106 6/6
f 62/62 38/38 23/23
f 30/30 12/12 15/15
f 86/86 104/104 8/8
f 40/40 110/110 115/115
f 83/83 105/105 48/48
f 65/65 65/65 82/82
f 1/1 128/128 122/122
f 17/17 12/12 69/69
f 35/35 104/104 118/118
f 12/12 109/109 1/1
f 85/85 106/106 39/39
f 3/3 60/60 128/128
f 65/65 65/65 65/65
f 86/86 104/104 8/8
f 3/3 121/121 128/128
f 56/56 78/78 81/81
f 18/18 45/45 51/51
f 60/60 117/117 11/11
f 114/114 38/38 128/128
f 23/23 40/40 98/98
f 42/42 2/2 32/32
f 101/101 91/91 44/44
f 33/33 81/81 52/52
f 9/9 46/46 40/40
f 83/83 14/14 102/102
f 102/102 118/118 57/57
f 33/33 107/107 28/28
f 55/55 78/78 115/115
f 16/16 123/123 124/124
f 27/27 127/127 10/10
f 44/44 85/85 17/17
f 99/99 73/73 45/45
f 103/103 77/77 54/54
f 88/88 89/89 4/4
f 110/110 33/33 55/55
f 26/26 24/24 32/32
f 49/49 33/33 28/28
f 11/11 115/115 123/123
f 28/28 100/100 8/8
f 71/71 125/125 16/16
f 92/92 126/126 2/2
f 95/95 82/82 97/97
f 19/19 128/128 113/113
f 45/45 49/49 43/43
f 65/65 1/1 3/3
f 39/39 82/82 7/7
f 37/37 81/81 101/101
f 110/110 63/63 52/52
f 93/93 44/44 109/109
f 28/28 36/36 111/111
f 77/77 109/109 125/125
f 21/21 13/13 70/70
f 41/41 35/35 87/87
f 3/3 27/27 54/54
f 81/81 69/69 3/3
f 75/75 96/96 124/124
f 123/123 13/13 64/64
f 74/74 77/77 87/87
f 105/105 112/112 67/67
f 21/21 84/84 3/3
f 13/13 103/103 73/73
f 119/119 119/119 78/78
f 1/1 11/11 18/18
f 71/71 101/101 79/79
f 10/10 49/49 36/36
f 32/32 34/34 72/72
f 104/104 126/126 69/69
f 127/127 82/82 123/123
f 97/97 1/1 72/72
f 30/30 10/10 36/36
f 41/41 9/9 78/78
f 62/62 64/64 18/18
f 28/28 120/120 72/72
f 83/83 116/116 63/63
f 3/3 128/128 99/99
f 24/24 128/128 122/122
f 8/8 38/38 76/76
f 67/67 5/5 126/126
f 116/116 50/50 40/40
f 10/10 68/68 100/100
f 81/81 9/9 60/60
f 12/12 42/42 65/65
f 30/30 44/44 98/98
f 50/50 121/121 78/78
f 124/124 9/9 37/37
f 12/12 107/107 33/33
f 49/49 44/44 77/77
f 65/65 36/36 73/73
f 43/43 96/96 101/101
f 33/33 44/44 23/23
f 58/58 119/119 46/46
f 106/106 95/95 34/34
f 44/44 92/92 112/112
f 29/29 106/106 102/102
f 61/61 8/8 107/107
f 75/75 38/38 51/51
f 102/102 74/74 80/80
f 19/19 65/65 71/71
f 116/116 128/128 116/116
f 53/53 121/121 21/21
f 97/97 69/69 33/33
f 65/65 78/78 54/54
f 33/33 1/1 77/77
f 116/116 85/85 52/52
f 68/68 22/22 112/112
f 91/91 67/67 69/69
f 65/65 65/65 76/76
f 62/62 18/18 12/12
f 109/109 5/5 38/38
f 77/77 36/36 23/23
f 111/111 33/33 128/128
f 3/3 76/76 52/52
f 39/39 87/87 90/90
f 8/8 75/75 5/5
f 25/25 53/53 20/20
f 25/25 30/30 39/39
f 29/29 46/46 22/22
f 106/106 73/73 110/110
f 60/60 114/114 64/64
f 39/39 18/18 34/34
f 77/77 77/77 77/77
f 97/97 12/12 44/44
f 111/111 18/18 82/82
f 98/98 107/107 126/126
f 6/6 81/81 119/119
f 4/4 62/62 66/66
f 98/98 55/55 10/10
f 112/112 128/128 48/48
f 96/96 128/128 79/79
f 4/4 83/83 38/38
f 70/70 21/21 14/14
f 35/35 99/99 39/39
f 31/31 128/128 75/75
f 121/121 90/90 128/128
f 48/48 112/112 128/128
f 87/87 128/128 40/40
f 83/83 20/20 66/66
f 121/121 120/120 21/21
f 38/38 128/128 122/122
f 89/89 73/73 128/128
f 76/76 19/19 30/30
f 55/55 61/61 110/110
f 111/111 10/10 35/35
f 124/124 25/25 25/25
f 6/6 5/5 24/24
f 128/128 88/88 125/125
f 122/122 25/25 97/97
f 97/97 30/30 105/105
f 97/97 57/57 68/68
f 2/2 101/101 3/3
f 88/88 27/27 32/32
f 116/116 98/98 38/38
f 56/56 60/60 92/92
f 105/105 22/22 91/91
f 81/81 121/121 89/89
f 113/113 74/74 102/102
f 93/93 121/121 21/21
f 56/56 30/30 125/125
f 14/14 2/2 87/87
f 60/60 113/113 18/18
f 60/60 125/125 73/73
f 71/71 47/47 74/74
f 1/1 25/25 35/35
f 125/125 107/107 65/65
f 64/64 107/107 121/121
f 107/107 93/93 70/70
f 93/93 97/97 121/121
f 94/94 84/84 1/1
f 64/64 83/83 2/2
f 20/20 12/12 43/43
f 126/126 89/89 77/77
f 18/18 106/106 69/69
f 1/1 1/1 15/15
f 114/114 32/32 35/35
f 19/19 13/13 87/87
f 122/122 69/69 3/3
f 79/79 113/113 92/92
f 22/22 107/107 106/106
f 61/61 1/1 121/121
f 119/119 72/72 112/112
f 44/44 106/106 69/69
f 101/101 56/56 121/121
f 52/52 69/69 117/117
f 106/106 75/75 100/100
f 118/118 15/15 19/19
f 101/101 42/42 38/38
f 112/112 109/109 123/123
f 101/101 83/83 58/58
f 54/54 107/107 41/41
f 65/65 85/85 13/13
f 17/17 26/26 118/118
f 23/23 73/73 75/75
f 40/40 45/45 45/45
f 65/65 65/65 80/80
f 71/71 26/26 70/70
f 104/104 69/69 128/128
f 3/3 14/14 127/127
f 104/104 80/80 35/35
f 1/1 57/57 114/114
f 81/81 96/96 23/23
f 99/99 23/23 1/1
f 61/61 60/60 72/72
f 97/97 113/113 25/25
f 65/65 18/18 56/56
f 69/69 72/72 65/65
f 94/94 44/44 50/50
f 119/119 48/48 81/81
f 49/49 105/105 1/1
f 65/65 2/2 110/110
f 112/112 20/20 114/114
f 18/18 38/38 128/128
f 4/4 37/37 128/128
f 25/25 97/97 92/92
f 25/25 33/33 17/17
f 99/99 19/19 116/116
f 10/10 1/1 36/36
f 8/8 1/1 108/108
f 88/88 104/104 109/109
f 21/21 120/120 46/46
f 67/67 25/25 126/126
f 111/111 107/107 3/3
f 5/5 67/67 72/72
f 36/36 64/64 21/21
f 37/37 14/14 64/64
f 21/21 115/115 8/8
f 41/41 45/45 72/72
f 109/109 80/80 113/113
f 3/3 109/109 17/17
f 98/98 49/49 45/45
f 63/63 94/94 117/117
f 96/96 124/124 18/18
f 33/33 95/95 94/94
f 32/32 20/20 23/23
f 111/111 61/61 55/55
f 1/1 9/9 65/65
f 122/122 126/126 89/89
f 124/124 69/69 75/75
f 1/1 72/72 25/25
f 68/68 120/120 69/69
f 124/124 60/60 39/39
f 89/89 121/121 128/128
f 25/25 97/97 79/79
f 85/85 5/5 28/28
f 51/51 82/82 76/76
f 72/72 39/39 123/123
f 62/62 94/94 81/81
f 3/3 81/81 120/120
f 94/94 102/102 5/5
f 3/3 121/121 102/102
f 4/4 4/4 37/37
f 112/112 79/79 107/107
f 1/1 87/87 50/50
f 65/65 81/81 81/81
f 114/114 92/92 16/16
f 23/23 39/39 27/27
f 88/88 107/107 7/7
f 38/38 90/90 9/9
f 121/121 65/65 42/42
f 6/6 10/10 77/77
f 108/108 19/19 93/93
f 73/73 17/17 40/40
f 4/4 78/78 119/119
f 75/75 29/29 122/122
f 122/122 87/87 38/38
f 39/39 120/120 52/52
f 65/65 15/15 35/35
f 5/5 104/104 52/52
f 73/73 94/94 41/41
f 20/20 56/56 20/20
f 19/19 7/7 32/32
f 110/110 44/44 10/10
f 6/6 116/116 93/93
f 86/86 116/116 122/122
f 51/51 80/80 97/97
f 5/5 63/63 53/53
f 3/3 15/15 54/54
f 78/78 56/56 36/36
f 12/12 9/9 97/97
f 5/5 71/71 26/26
f 26/26 17/17 20/20
f 77/77 47/47 40/40
f 116/116 68/68 125/125
f 25/25 9/9 1/1
f 65/65 49/49 114/114
f 55/55 49/49 117/117
f 56/56 33/33 85/85
f 117/117 1/1 128/128
f 25/25 97/97 77/77
f 49/49 59/59 87/87
f 62/62 54/54 128/128
f 25/25 97/97 70/70
f 109/109 14/14 4/4
f 92/92 64/64 7/7
f 10/10 34/34 56/56
f 83/83 82/82 35/35
f 46/46 117/117 36/36
f 97/97 28/28 32/32
f 20/20 92/92 68/68
f 54/54 28/28 12/12
f 117/117 25/25 6/6
f 65/65 65/65 76/76
f 65/65 65/65 74/74
f 65/65 65/65 73/73
f 52/52 28/28 67/67
f 59/59 28/28 30/30
f 55/55 47/47 71/71
f 3/3 15/15 107/107
f 49/49 57/57 125/125
f 95/95 40/40 70/70
f 48/48 116/116 28/28
f 65/65 16/16 114/114
f 41/41 88/88 79/79
f 7/7 108/108 35/35
f 5/5 31/31 118/118
f 76/76 7/7 35/35
f 80/80 115/115 89/89
f 2/2 19/19 73/73
f 67/67 104/104 127/127
f 68/68 114/114 122/122
f 14/14 51/51 31/31
f 60/60 20/20 68/68
f 53/53 113/113 107/107
f 61/61 68/68 59/59
f 79/79 20/20 94/94
f 115/115 5/5 26/26
f 2/2 1/1 17/17
f 90/90 65/65 48/48
f 17/17 1/1 17/17
f 70/70 90/90 119/119
f 1/1 21/21 58/58
f 47/47 39/39 114/114
f 19/19 71/71 28/28
f 38/38 47/47 40/40
f 78/78 58/58 112/112
f 1/1 11/11 100/100
f 83/83 44/44 4/4
f 79/79 30/30 28/28
f 38/38 5/5 4/4
f 5/5 29/29 37/37
f 112/112 85/85 91/91
f 1/1 128/128 122/122
f 97/97 108/108 9/9
f 128/128 55/55 96/96
f 50/50 116/116 4/4
f 78/78 101/101 7/7
f 79/79 52/52 40/40
f 40/40 104/104 74/74
f 40/40 128/128 33/33
f 104/104 81/81 1/1
f 46/46 79/79 24/24
f 109/109 69/69 125/125
f 76/76 119/119 20/20
f 69/69 69/69 57/57
f 125/125 26/26 105/105
f 125/125 32/32 123/123
f 128/128 97/97 98/98
f 92/92 6/6 69/69
f 46/46 41/41 27/27
f 77/77 10/10 46/46
f 39/39 95/95 64/64
f 48/48 127/127 6/6
f 124/124 128/128 122/122
f 72/72 76/76 38/38
f 116/116 116/116 96/96
f 99/99 22/22 31/31
f 30/30 15/15 97/97
f 1/1 67/67 101/101
f 51/51 100/100 112/112
f 71/71 97/97 38/38
f 93/93 111/111 58/58
f 75/75 72/72 98/98
f 109/109 44/44 82/82
f 98/98 55/55 73/73
f 114/114 33/33 65/65
f 1/1 104/104 115/115
f 49/49 5/5 112/112
f 96/96 17/17 44/44
f 100/100 100/100 3/3
f 2/2 18/18 36/36
f 85/85 79/79 84/84
f 95/95 128/128 122/122
f 97/97 33/33 8/8
f 99/99 1/1 77/77
f 92/92 3/3 116/116
f 54/54 62/62 2/2
f 128/128 8/8 1/1
f 31/31 33/33 25/25
f 69/69 58/58 38/38
f 95/95 56/56 92/92
f 128/128 122/122 25/25
f 23/23 67/67 88/88
f 110/110 71/71 19/19
f 75/75 18/18 36/36
f 82/82 59/59 68/68
f 25/25 7/7 98/98
f 35/35 33/33 108/108
f 9/9 80/80 7/7
f 5/5 48/48 103/103
f 66/66 72/72 62/62
f 19/19 1/1 1/1
f 37/37 122/122 106/106
f 44/44 48/48 127/127
f 7/7 65/65 126/126
f 126/126 43/43 66/66
f 21/21 107/107 53/53
f 12/12 99/99 44/44
f 36/36 71/71 77/77
f 77/77 60/60 121/121
f 65/65 65/65 76/76
f 57/57 13/13 25/25
f 9/9 12/12 112/112
f 98/98 31/31 95/95
f 122/122 25/25 97/97
f 104/104 97/97 42/42
f 10/10 82/82 12/12
f 78/78 101/101 76/76
f 9/9 77/77 44/44
f 102/102 38/38 104/104
f 6/6 78/78 122/122
f 29/29 49/49 36/36
f 76/76 49/49 45/45
f 4/4 58/58 74/74
f 62/62 119/119 58/58
f 128/128 39/39 30/30
f 111/111 119/119 98/98
f 116/116 64/64 32/32
f 61/61 18/18 122/122
f 33/33 33/33 63/63
f 40/40 102/102 44/44
f 113/113 57/57 28/28
f 65/65 65/65 85/85
f 1/1 128/128 122/122
f 1/1 83/83 104/104
f 117/117 13/13 19/19
f 102/102 74/74 69/69
f 64/64 126/126 42/42
f 34/34 24/24 98/98
f 72/72 88/88 120/120
f 86/86 50/50 35/35
f 102/102 39/39 107/107
f 29/29 58/58 2/2
f 10/10 8/8 83/83
f 105/105 10/10 8/8
f 70/70 1/1 1/1
f 1/1 1/1 1/1
f 4/4 6/6 96/96
f 89/89 125/125 47/47
f 22/22 35/35 18/18
f 4/4 1/1 1/1
f 1/1 1/1 89/89
f 65/65 65/65 93/93
f 1/1 128/128 122/122
f 69/69 81/81 118/118
f 35/35 86/86 67/67
f 123/123 65/65 75/75
f 79/79 79/79 44/44
f 119/119 18/18 102/102
f 33/33 24/24 27/27
f 124/124 76/76 28/28
f 27/27 51/51 53/53
f 90/90 87/87 127/127
f 64/64 85/85 27/27
f 27/27 16/16 88/88
f 36/36 50/50 109/109
f 18/18 3/3 21/21
f 43/43 104/104 109/109
f 24/24 84/84 34/34
f 64/64 71/71 11/11
f 110/110 19/19 60/60
f 126/126 118/118 47/47
f 113/113 15/15 93/93
f 123/123 53/53 6/6
f 98/98 33/33 5/5
f 35/35 5/5 34/34
f 27/27 26/26 66/66
f 80/80 116/116 70/70
f 66/66 33/33 96/96
f 14/14 3/3 95/95
f 37/37 65/65 76/76
f 5/5 18/18 66/66
f 104/104 44/44 78/78
f 70/70 102/102 1/1
f 94/94 11/11 128/128
f 13/13 36/36 128/128
f 72/72 128/128 122/122
f 97/97 74/74 10/10
f 1/1 80/80 44/44
f 10/10 82/82 69/69
f 89/89 61/61 15/15
f 12/12 5/5 8/8
f 41/41 4/4 30/30
f 119/119 31/31 9/9
f 93/93 81/81 77/77
f 12/12 15/15 97/97
f 6/6 12/12 79/79
f 111/111 59/59 19/19
f 77/77 104/104 41/41
f 54/54 68/68 7/7
f 1/1 54/54 107/107
f 16/16 41/41 17/17
f 7/7 47/47 39/39
f 124/124 87/87 119/119
f 119/119 87/87 84/84
f 104/104 87/87 64/64
f 103/103 67/67 124/124
f 113/113 128/128 126/126
f 71/71 33/33 42/42
f 103/103 33/33 112/112
f 23/23 96/96 88/88
f 65/65 65/65 80/80
f 73/73 85/85 33/33
f 65/65 65/65 75/75
f 47/47 38/38 114/114
f 24/24 23/23 11/11
f 65/65 65/65 76/76
f 37/37 31/31 65/65
f 80/80 37/37 41/41
f 59/59 77/77 7/7
f 123/123 25/25 11/11
f 65/65 48/48 117/117
f 12/12 31/31 100/100
f 65/65 65/65 77/77
f 65/65 65/65 81/81
f 43/43 95/95 80/80
f 82/82 96/96 89/89
f 65/65 65/65 91/91
f 14/14 3/3 34/34
f 122/122 80/80 39/39
f 73/73 12/12 41/41
f 61/61 106/106 47/47
f 7/7 33/33 50/50
f 5/5 57/57 66/66
f 31/31 5/5 69/69
f 100/100 22/22 27/27
f 53/53 105/105 92/92
f 110/110 2/2 76/76
f 38/38 50/50 121/121
f 96/96 36/36 40/40
f 15/15 128/128 122/122
f 127/127 54/54 41/41
f 99/99 38/38 80/80
f 97/97 128/128 122/122
f 82/82 82/82 21/21
f 4/4 13/13 1/1
f 30/30 128/128 122/122
f 4/4 128/128 122/122
f 97/97 88/88 9/9
f 52/52 14/14 76/76
f 84/84 101/101 55/55
f 67/67 122/122 6/6
f 17/17 17/17 41/41
f 58/58 102/102 24/24
f 58/58 101/101 73/73
f 105/105 6/6 16/16
f 90/90 37/37 48/48
f 45/45 12/12 74/74
f 37/37 60/60 44/44
f 54/54 27/27 72/72
f 43/43 111/111 70/70
f 70/70 68/68 22/22
f 37/37 32/32 44/44
f 3/3 39/39 115/115
f 6/6 81/81 1/1
f 64/64 45/45 24/24
f 113/113 111/111 32/32
f 112/112 77/77 112/112
f 77/77 108/108 125/125
f 122/122 25/25 97/97
f 99/99 80/80 53/53
f 116/116 83/83 70/70
f 112/112 6/6 6/6
f 50/50 49/49 73/73
f 51/51 43/43 126/126
f 107/107 128/128 122/122
f 118/118 22/22 127/127
f 13/13 112/112 38/38
f 45/45 117/117 20/20
f 106/106 39/39 96/96
f 52/52 127/127 76/76
f 115/115 124/124 62/62
f 9/9 78/78 83/83
f 122/122 25/25 97/97
f 5/5 122/122 114/114
f 35/35 9/9 26/26
f 1/1 1/1 1/1
f 1/1 1/1 1/1
f 1/1 59/59 101/101
f 5/5 49/49 83/83
f 23/23 93/93 66/66
f 69/69 36/36 21/21
f 93/93 15/15 93/93
f 32/32 43/43 128/128
f 4/4 128/128 122/122
f 47/47 113/113 107/107
f 85/85 128/128 122/122
f 97/97 60/60 7/7
f 42/42 54/54 43/43
f 86/86 19/19 77/77
f 98/98 36/36 55/55
f 25/25 92/92 82/82
f 45/45 21/21 76/76
f 42/42 104/104 112/112
f 128/128 122/122 25/25
f 93/93 7/7 101/101
f 104/104 111/111 47/47
f 1/1 26/26 5/5
f 11/11 20/20 51/51
f 53/53 6/6 76/76
f 80/80 119/119 102/102
f 58/58 79/79 47/47
f 90/90 42/42 90/90
f 106/106 100/100 85/85
f 82/82 112/112 80/80
f 37/37 79/79 128/128
f 7/7 25/25 9/9
f 64/64 83/83 27/27
f 95/95 58/58 89/89
f 76/76 29/29 8/8
f 50/50 109/109 123/123
f 26/26 45/45 127/127
f 75/75 128/128 60/60
f 49/49 41/41 41/41
f 4/4 75/75 127/127
f 54/54 1/1 8/8
f 109/109 106/106 102/102
f 90/90 3/3 106/106
f 10/10 93/93 20/20
f 51/51 128/128 73/73
f 70/70 70/70 23/23
f 66/66 81/81 69/69
f 60/60 128/128 65/65
f 4/4 37/37 114/114
f 98/98 2/2 60/60
f 13/13 39/39 102/102
f 57/57 2/2 13/13
f 108/108 128/128 126/126
f 19/19 106/106 102/102
f 66/66 127/127 59/59
f 23/23 73/73 128/128
f 1/1 33/33 65/65
f 87/87 51/51 89/89
f 15/15 72/72 52/52
f 68/68 83/83 44/44
f 44/44 116/116 69/69
f 8/8 123/123 93/93
f 33/33 81/81 89/89
f 22/22 27/27 16/16
f 60/60 81/81 65/65
f 52/52 78/78 120/120
f 128/128 124/124 78/78
f 83/83 45/45 74/74
f 99/99 49/49 50/50
f 36/36 12/12 24/24
f 75/75 55/55 128/128
f 56/56 54/54 54/54
f 39/39 61/61 19/19
f 51/51 4/4 46/46
f 58/58 51/51 9/9
f 9/9 65/65 117/117
f 88/88 83/83 93/93
f 48/48 27/27 4/4
f 71/71 108/108 41/41
f 25/25 67/67 43/43
f 36/36 92/92 70/70
f 86/86 57/57 45/45
f 64/64 73/73 113/113
f 98/98 85/85 80/80
f 66/66 85/85 29/29
f 7/7 104/104 128/128
f 94/94 99/99 106/106
f 29/29 11/11 77/77
f 18/18 54/54 52/52
f 102/102 69/69 117/117
f 80/80 38/38 44/44
f 66/66 86/86 67/67
f 60/60 81/81 102/102
f 22/22 26/26 128/128
f 121/121 1/1 3/3
f 35/35 108/108 127/127
f 41/41 91/91 4/4
f 68/68 91/91 96/96
f 128/128 128/128 122/122
f 97/97 82/82 7/7
f 1/1 76/76 66/66
f 38/38 23/23 61/61
f 95/95 49/49 110/110
f 101/101 29/29 65/65
f 45/45 10/10 102/102
f 2/2 121/121 15/15
f 120/120 83/83 76/76
f 86/86 39/39 30/30
f 83/83 62/62 56/56
f 15/15 36/36 110/110
f 88/88 30/30 102/102
f 116/116 48/48 38/38
f 2/2 9/9 33/33
f 35/35 65/65 73/73
f 1/1 30/30 113/113
f 47/47 28/28 34/34
f 36/36 41/41 122/122
f 1/1 84/84 34/34
f 33/33 30/30 87/87
f 11/11 107/107 50/50
f 30/30 20/20 120/120
f 83/83 115/115 51/51
f 35/35 38/38 34/34
f 110/110 81/81 71/71
f 5/5 6/6 13/13
f 9/9 22/22 4/4
f 19/19 45/45 16/16
f 113/113 128/128 122/122
f 89/89 65/65 50/50
f 35/35 3/3 12/12
f 47/47 33/33 1/1
f 89/89 61/61 64/64
f 36/36 4/4 110/110
f 103/103 95/95 86/86
f 101/101 28/28 85/85
f 64/64 48/48 33/33
f 1/1 2/2 113/113
f 50/50 84/84 79/79
f 91/91 70/70 36/36
f 101/101 128/128 122/122
f 97/97 91/91 8/8
f 62/62 24/24 29/29
f 113/113 128/128 122/122
f 97/97 102/102 8/8
f 51/51 83/83 37/37
f 17/17 25/25 50/50
f 94/94 47/47 13/13
f 113/113 17/17 111/111
f 16/16 100/100 62/62
f 5/5 8/8 76/76
f 8/8 98/98 23/23
f 91/91 65/65 12/12
f 3/3 1/1 1/1
f 123/123 9/9 65/65
f 4/4 1/1 27/27
f 52/52 128/128 6/6
f 87/87 56/56 26/26
f 76/76 62/62 76/76
f 35/35 21/21 34/34
f 127/127 60/60 51/51
f 57/57 93/93 7/7
f 83/83 68/68 53/53
f 126/126 50/50 65/65
f 1/1 1/1 1/1
f 1/1 78/78 47/47
f 95/95 46/46 59/59
f 126/126 4/4 128/128
f 64/64 128/128 128/128
f 71/71 84/84 94/94
f 73/73 33/33 76/76
f 67/67 89/89 2/2
f 12/12 63/63 78/78
f 85/85 86/86 16/16
f 5/5 20/20 111/111
f 128/128 41/41 37/37
f 1/1 19/19 36/36
f 1/1 7/7 93/93
f 80/80 115/115 72/72
f 6/6 5/5 103/103
f 7/7 105/105 110/110
f 50/50 102/102 124/124
f 86/86 43/43 34/34
f 35/35 36/36 11/11
f 65/65 106/106 25/25
f 53/53 29/29 80/80
f 122/122 25/25 97/97
f 56/56 97/97 91/91
f 92/92 115/115 75/75
f 117/117 105/105 25/25
f 122/122 25/25 97/97
f 21/21 92/92 120/120
f 97/97 70/70 90/90
f 2/2 93/93 49/49
f 101/101 81/81 121/121
f 39/39 107/107 60/60
f 32/32 72/72 105/105
f 49/49 126/126 91/91
f 11/11 115/115 109/109
f 61/61 81/81 41/41
f 106/106 17/17 42/42
f 118/118 91/91 75/75
f 106/106 128/128 122/122
f 105/105 8/8 3/3
f 1/1 24/24 91/91
f 102/102 67/67 3/3
f 73/73 83/83 28/28
f 68/68 38/38 57/57
f 100/100 73/73 45/45
f 65/65 1/1 40/40
f 5/5 15/15 75/75
f 11/11 18/18 26/26
f 128/128 111/111 18/18
f 3/3 2/2 65/65
f 97/97 1/1 128/128
f 68/68 41/41 33/33
f 68/68 127/127 57/57
f 119/119 74/74 37/37
f 99/99 72/72 125/125
f 120/120 105/105 120/120
f 14/14 123/123 97/97
f 88/88 61/61 116/116
f 35/35 128/128 122/122
f 65/65 106/106 50/50
f 128/128 86/86 58/58
f 42/42 17/17 26/26
f 51/51 117/117 58/58
f 28/28 111/111 67/67
f 93/93 14/14 38/38
f 18/18 8/8 119/119
f 100/100 4/4 33/33
f 32/32 16/16 34/34
f 52/52 36/36 51/51
f 24/24 82/82 105/105
f 37/37 49/49 5/5
f 120/120 52/52 66/66
f 10/10 13/13 55/55
f 123/123 50/50 118/118
f 7/7 54/54 83/83
f 23/23 3/3 7/7
f 40/40 117/117 98/98
f 2/2 101/101 74/74
f 70/70 30/30 112/112
f 86/86 85/85 91/91
f 38/38 86/86 35/35
f 12/12 46/46 34/34
f 80/80 11/11 22/22
f 110/110 47/47 65/65
f 41/41 80/80 26/26
f 67/67 82/82 16/16
f 7/7 31/31 43/43
f 86/86 90/90 41/41
f 1/1 14/14 128/128
f 23/23 59/59 128/128
f 107/107 61/61 9/9
f 110/110 65/65 5/5
f 74/74 48/48 64/64
f 52/52 111/111 89/89
f 23/23 10/10 25/25
f 87/87 32/32 113/113
f 45/45 107/107 85/85
f 21/21 7/7 100/100
f 72/72 104/104 5/5
f 22/22 36/36 81/81
f 37/37 50/50 23/23
f 91/91 110/110 2/2
f 71/71 11/11 36/36
f 95/95 45/45 61/61
f 1/1 128/128 122/122
f 97/97 108/108 19/19
f 45/45 20/20 19/19
f 43/43 46/46 94/94
f 46/46 3/3 52/52
f 13/13 31/31 33/33
f 11/11 88/88 128/128
f 27/27 108/108 80/80
f 28/28 45/45 59/59
f 94/94 13/13 107/107
f 2/2 40/40 37/37
f 60/60 73/73 44/44
f 55/55 71/71 57/57
f 45/45 69/69 113/113
f 22/22 127/127 93/93
f 86/86 30/30 74/74
f 50/50 35/35 24/24
f 35/35 12/12 48/48
f 75/75 74/74 7/7
f 53/53 33/33 9/9
f 121/121 13/13 101/101
f 27/27 28/28 57/57
f 127/127 1/1 43/43
f 78/78 12/12 14/14
f 126/126 103/103 82/82
f 91/91 9/9 17/17
f 29/29 81/81 17/17
f 122/122 103/103 82/82
f 65/65 81/81 5/5
f 21/21 71/71 95/95
f 117/117 112/112 60/60
f 113/113 70/70 64/64
f 128/128 128/128 128/128
f 13/13 62/62 82/82
f 31/31 81/81 74/74
f 78/78 128/128 122/122
f 97/97 86/86 8/8
f 97/97 109/109 67/67
f 79/79 62/62 10/10
f 28/28 111/111 72/72
f 115/115 112/112 63/63
f 9/9 20/20 1/1
f 94/94 105/105 54/54
f 35/35 33/33 51/51
f 80/80 6/6 69/69
f 17/17 99/99 30/30
f 73/73 30/30 33/33
f 24/24 67/67 51/51
f 98/98 114/114 50/50
f 41/41 93/93 12/12
f 31/31 127/127 116/116
f 52/52 52/52 52/52
f 64/64 66/66 120/120
f 107/107 124/124 114/114
f 68/68 67/67 97/97
f 48/48 7/7 10/10
f 17/17 8/8 66/66
f 102/102 16/16 3/3
f 15/15 21/21 70/70
f 44/44 60/60 48/48
f 77/77 103/103 9/9
f 93/93 118/118 66/66
f 27/27 41/41 128/128
f 65/65 126/126 1/1
f 5/5 72/72 120/120
f 72/72 17/17 24/24
f 60/60 30/30 82/82
f 42/42 90/90 1/1
f 44/44 73/73 22/22
f 26/26 14/14 85/85
f 26/26 83/83 30/30
f 114/114 39/39 102/102
f 73/73 12/12 87/87
f 122/122 25/25 97/97
f 76/76 126/126 89/89
f 21/21 14/14 128/128
f 32/32 108/108 116/116
f 8/8 38/38 19/19
f 10/10 5/5 7/7
f 84/84 93/93 1/1
f 1/1 113/113 11/11
f 70/70 11/11 25/25
f 39/39 16/16 66/66
f 119/119 128/128 125/125
f 7/7 23/23 123/123
f 86/86 39/39 77/77
f 72/72 42/42 93/93
f 112/112 12/12 114/114
f 24/24 110/110 75/75
f 3/3 103/103 27/27
f 40/40 50/50 107/107
f 113/113 1/1 4/4
f 35/35 68/68 59/59
f 5/5 128/128 122/122
f 97/97 86/86 8/8
f 1/1 39/39 111/111
f 33/33 98/98 24/24
f 72/72 40/40 84/84
f 118/118 6/6 119/119
f 50/50 109/109 77/77
f 126/126 19/19 105/105
f 55/55 56/56 89/89
f 93/93 83/83 95/95
f 118/118 128/128 120/120
f 65/65 69/69 24/24
f 56/56 6/6 16/16
f 39/39 3/3 5/5
f 32/32 29/29 12/12
f 25/25 37/37 84/84
f 100/100 51/51 19/19
f 20/20 38/38 114/114
f 15/15 77/77 20/20
f 3/3 21/21 22/22
f 34/34 23/23 23/23
f 54/54 98/98 107/107
f 86/86 48/48 9/9
f 92/92 128/128 122/122
f 114/114 101/101 54/54
f 78/78 104/104 61/61
f 116/116 18/18 12/12
f 34/34 52/52 109/109
f 52/52 18/18 91/91
f 1/1 65/65 65/65
f 1/1 97/97 9/9
f 119/119 2/2 90/90
f 7/7 62/62 1/1
f 128/128 24/24 84/84
f 86/86 56/56 43/43
f 41/41 16/16 12/12
f 95/95 102/102 61/61
f 70/70 6/6 52/52
f 46/46 39/39 95/95
f 114/114 81/81 39/39
f 73/73 60/60 119/119
f 6/6 84/84 78/78
f 52/52 66/66 88/88
f 68/68 5/5 77/77
f 75/75 88/88 114/114
f 72/72 7/7 42/42
f 15/15 48/48 115/115
f 100/100 7/7 111/111
f 72/72 108/108 94/94
f 5/5 106/106 6/6
f 123/123 79/79 112/112
f 82/82 34/34 36/36
f 65/65 65/65 88/88
f 6/6 42/42 76/76
f 1/1 128/128 122/122
f 97/97 101/101 8/8
f 17/17 116/116 75/75
f 102/102 89/89 78/78
f 128/128 122/122 25/25
f 47/47 44/44 5/5
f 75/75 107/107 49/49
f 6/6 69/69 103/103
f 7/7 10/10 3/3
f 56/56 126/126 128/128
f 68/68 121/121 1/1
f 101/101 69/69 122/122
f 64/64 28/28 93/93
f 1/1 2/2 13/13
f 90/90 119/119 55/55
f 69/69 128/128 122/122
f 4/4 88/88 78/78
f 59/59 25/25 91/91
f 121/121 65/65 62/62
f 12/12 9/9 125/125
f 56/56 83/83 119/119
f 35/35 5/5 107/107
f 10/10 16/16 111/111
f 16/16 111/111 38/38
f 94/94 55/55 101/101
f 34/34 31/31 71/71
f 84/84 113/113 112/112
f 94/94 38/38 64/64
f 1/1 33/33 64/64
f 52/52 119/119 111/111
f 73/73 92/92 56/56
f 96/96 58/58 67/67
f 9/9 124/124 124/124
f 97/97 48/48 66/66
f 101/101 38/38 55/55
f 126/126 74/74 27/27
f 1/1 5/5 1/1
f 65/65 100/100 15/15
f 7/7 39/39 76/76
f 113/113 99/99 37/37
f 15/15 83/83 67/67
f 4/4 106/106 40/40
f 4/4 55/55 97/97
f 85/85 23/23 77/77
f 20/20 119/119 113/113
f 29/29 11/11 4/4
f 26/26 63/63 94/94
f 16/16 8/8 67/67
f 29/29 10/10 33/33
f 15/15 25/25 110/110
f 76/76 51/51 33/33
f 99/99 122/122 72/72
f 125/125 91/91 22/22
f 40/40 113/113 76/76
f 5/5 81/81 62/62
f 32/32 90/90 113/113
f 94/94 55/55 35/35
f 28/28 60/60 112/112
f 32/32 120/120 55/55
f 75/75 85/85 57/57
f 52/52 1/1 21/21
f 128/128 83/83 127/127
f 26/26 35/35 22/22
f 92/92 21/21 28/28
f 85/85 98/98 79/79
f 87/87 119/119 19/19
f 13/13 5/5 73/73
f 44/44 2/2 115/115
f 31/31 32/32 85/85
f 78/78 111/111 26/26
f 3/3 92/92 24/24
f 43/43 21/21 51/51
f 38/38 104/104 24/24
f 65/65 126/126 67/67
f 37/37 49/49 26/26
f 115/115 113/113 8/8
f 83/83 66/66 56/56
f 42/42 55/55 99/99
f 74/74 118/118 86/86
f 55/55 102/102 57/57
f 20/20 45/45 120/120
f 126/126 128/128 122/122
f 97/97 93/93 8/8
f 4/4 128/128 82/82
f 126/126 26/26 2/2
f 22/22 54/54 77/77
f 105/105 128/128 122/122
f 30/30 7/7 2/2
f 17/17 52/52 48/48
f 71/71 104/104 64/64
f 22/22 56/56 37/37
f 65/65 74/74 104/104
f 106/106 30/30 75/75
f 113/113 117/117 109/109
f 17/17 3/3 54/54
f 111/111 122/122 5/5
f 22/22 70/70 108/108
f 77/77 113/113 88/88
f 124/124 39/39 30/30
f 14/14 65/65 65/65
f 60/60 119/119 128/128
f 23/23 37/37 70/70
f 67/67 35/35 16/16
f 3/3 128/128 122/122
f 97/97 65/65 9/9
f 104/104 29/29 44/44
f 18/18 91/91 1/1
f 14/14 123/123 13/13
f 72/72 59/59 48/48
f 37/37 110/110 49/49
f 110/110 85/85 49/49
f 65/65 64/64 116/116
f 115/115 109/109 58/58
f 20/20 18/18 1/1
f 11/11 18/18 9/9
f 34/34 39/39 115/115
f 40/40 41/41 94/94
f 25/25 56/56 99/99
f 37/37 96/96 11/11
f 69/69 41/41 102/102
f 7/7 80/80 128/128
f 78/78 14/14 117/117
f 7/7 5/5 100/100
f 92/92 49/49 109/109
f 79/79 103/103 30/30
f 24/24 120/120 116/116
f 22/22 36/36 108/108
f 22/22 126/126 89/89
f 92/92 32/32 113/113
f 65/65 49/49 108/108
f 37/37 89/89 29/29
f 3/3 34/34 59/59
f 35/35 58/58 113/113
f 128/128 122/122 25/25
f 37/37 61/61 43/43
f 46/46 124/124 33/33
f 63/63 9/9 80/80
f 60/60 92/92 120/120
f 45/45 58/58 98/98
f 56/56 112/112 57/57
f 40/40 68/68 108/108
f 75/75 128/128 122/122
f 84/84 23/23 118/118
f 31/31 12/12 33/33
f 19/19 53/53 115/115
f 125/125 59/59 85/85
f 83/83 10/10 53/53
f 19/19 3/3 55/55
f 101/101 23/23 27/27
f 100/100 34/34 2/2
f 18/18 38/38 26/26
f 124/124 112/112 46/46
f 22/22 91/91 113/113
f 94/94 8/8 107/107
f 83/83 43/43 58/58
f 38/38 87/87 46/46
f 109/109 5/5 19/19
f 1/1 33/33 43/43
f 45/45 47/47 118/118
f 35/35 32/32 25/25
f 126/126 18/18 65/65
f 27/27 19/19 66/66
f 50/50 27/27 96/96
f 94/94 59/59 120/120
f 71/71 22/22 56/56
f 53/53 85/85 49/49
f 2/2 105/105 45/45
f 71/71 21/21 123/123
f 51/51 16/16 93/93
f 1/1 123/123 29/29
f 104/104 33/33 87/87
f 36/36 48/48 104/104
f 48/48 116/116 30/30
f 96/96 107/107 22/22
f 30/30 76/76 52/52
f 25/25 13/13 85/85
f 94/94 88/88 30/30
f 24/24 45/45 82/82
f 51/51 33/33 26/26
f 13/13 84/84 66/66
f 33/33 106/106 38/38
f 75/75 31/31 85/85
f 12/12 66/66 12/12
f 31/31 125/125 43/43
f 126/126 70/70 45/45
f 1/1 29/29 21/21
f 128/128 44/44 61/61
f 61/61 19/19 94/94
f 35/35 87/87 12/12
f 24/24 88/88 46/46
f 74/74 14/14 79/79
f 67/67 66/66 99/99
f 33/33 81/81 60/60
f 86/86 120/120 60/60
f 25/25 5/5 74/74
f 124/124 92/92 12/12
f 4/4 94/94 25/25
f 34/34 53/53 112/112
f 3/3 99/99 110/110
f 71/71 95/95 86/86
f 42/42 117/117 2/2
f 98/98 112/112 47/47
f 95/95 110/110 45/45
f 37/37 68/68 34/34
f 56/56 55/55 102/102
f 17/17 80/80 8/8
f 1/1 15/15 128/128
f 108/108 44/44 28/28
f 50/50 71/71 76/76
f 111/111 127/127 7/7
f 121/121 125/125 1/1
f 13/13 105/105 14/14
f 111/111 99/99 12/12
f 101/101 52/52 128/128
f 9/9 25/25 94/94
f 65/65 64/64 100/100
f 109/109 96/96 2/2
f 104/104 35/35 14/14
f 35/35 105/105 82/82
f 1/1 83/83 79/79
f 90/90 118/118 80/80
f 47/47 123/123 66/66
f 62/62 85/85 101/101
f 79/79 24/24 128/128
f 31/31 73/73 39/39
f 122/122 17/17 119/119
f 40/40 18/18 36/36
f 53/53 37/37 70/70
f 125/125 75/75 124/124
f 127/127 90/90 82/82
f 3/3 128/128 122/122
f 114/114 37/37 33/33
f 55/55 125/125 121/121
f 51/51 15/15 18/18
f 50/50 20/20 71/71
f 61/61 100/100 42/42
f 8/8 52/52 34/34
f 20/20 65/65 101/101
f 82/82 123/123 1/1
f 49/49 19/19 1/1
f 38/38 87/87 89/89
f 70/70 118/118 94/94
f 97/97 66/66 13/13
f 16/16 107/107 121/121
f 65/65 45/45 45/45
f 34/34 68/68 14/14
f 28/28 57/57 64/64
f 31/31 11/11 9/9
f 108/108 26/26 88/88
f 11/11 110/110 58/58
f 42/42 62/62 6/6
f 51/51 11/11 89/89
f 119/119 13/13 124/124
f 105/105 93/93 90/90
f 102/102 70/70 65/65
f 43/43 95/95 41/41
f 18/18 110/110 68/68
f 55/55 41/41 32/32
f 55/55 23/23 101/101
f 76/76 86/86 106/106
f 27/27 108/108 57/57
f 97/97 1/1 81/81
f 115/115 93/93 55/55
f 71/71 37/37 6/6
f 1/1 1/1 10/10
f 80/80 99/99 107/107
f 51/51 27/27 47/47
f 35/35 3/3 77/77
f 68/68 70/70 12/12
f 14/14 83/83 7/7
f 17/17 36/36 120/120
f 96/96 77/77 23/23
f 15/15 75/75 17/17
f 72/72 31/31 44/44
f 4/4 38/38 72/72
f 20/20 90/90 7/7
f 70/70 127/127 4/4
f 106/106 58/58 41/41
f 51/51 49/49 108/108
f 2/2 8/8 20/20
f 36/36 71/71 91/91
f 7/7 23/23 60/60
f 29/29 64/64 118/118
f 35/35 33/33 36/36
f 64/64 84/84 31/31
f 39/39 44/44 125/125
f 49/49 67/67 6/6
f 34/34 38/38 31/31
f 3/3 91/91 91/91
f 120/120 120/120 22/22
f 48/48 128/128 122/122
f 126/126 43/43 20/20
f 56/56 128/128 122/122
f 21/21 15/15 8/8
f 41/41 1/1 66/66
f 4/4 47/47 20/20
f 10/10 1/1 128/128
f 36/36 21/21 115/115
f 69/69 67/67 112/112
f 65/65 6/6 120/120
f 27/27 128/128 122/122
f 97/97 78/78 8/8
f 99/99 34/34 59/59
f 36/36 105/105 75/75
f 108/108 123/123 112/112
f 52/52 11/11 127/127
f 42/42 23/23 121/121
f 97/97 76/76 18/18
f 104/104 96/96 107/107
f 9/9 2/2 58/58
f 65/65 65/65 78/78
f 1/1 128/128 122/122
f 45/45 79/79 80/80
f 4/4 117/117 126/126
f 128/128 122/122 25/25
f 99/99 8/8 81/81
f 50/50 3/3 34/34
f 17/17 121/121 96/96
f 115/115 80/80 4/4
f 72/72 33/33 91/91
f 37/37 74/74 77/77
f 17/17 77/77 43/43
f 128/128 128/128 128/128
f 53/53 128/128 122/122
f 86/86 52/52 100/100
f 10/10 85/85 4/4
f 128/128 122/122 25/25
f 78/78 10/10 14/14
f 26/26 91/91 45/45
f 40/40 42/42 14/14
f 86/86 53/53 1/1
f 1/1 36/36 93/93
f 128/128 62/62 23/23
f 124/124 128/128 128/128
f 17/17 127/127 40/40
f 118/118 115/115 126/126
f 8/8 30/30 59/59
f 30/30 1/1 14/14
f 68/68 15/15 83/83
f 21/21 22/22 57/57
f 78/78 128/128 122/122
f 97/97 97/97 9/9
f 45/45 56/56 82/82
f 52/52 21/21 55/55
f 49/49 57/57 65/65
f 89/89 82/82 78/78
f 63/63 98/98 86/86
f 46/46 94/94 61/61
f 86/86 76/76 6/6
f 76/76 91/91 86/86
f 106/106 101/101 21/21
f 127/127 83/83 17/17
f 38/38 110/110 25/25
f 66/66 79/79 120/120
f 35/35 43/43 24/24
f 67/67 68/68 70/70
f 95/95 19/19 77/77
f 30/30 122/122 80/80
f 5/5 34/34 21/21
f 91/91 42/42 126/126
f 78/78 28/28 127/127
f 39/39 111/111 7/7
f 124/124 40/40 128/128
f 64/64 67/67 56/56
f 128/128 123/123 64/64
f 14/14 89/89 89/89
f 91/91 87/87 35/35
f 37/37 113/113 26/26
f 109/109 126/126 67/67
f 115/115 117/117 127/127
f 18/18 96/96 109/109
f 35/35 79/79 27/27
f 98/98 72/72 6/6
f 24/24 80/80 34/34
f 63/63 112/112 127/127
f 17/17 39/39 64/64
f 17/17 69/69 73/73
f 89/89 95/95 99/99
f 23/23 79/79 18/18
f 101/101 5/5 95/95
f 95/95 8/8 50/50
f 101/101 119/119 36/36
f 46/46 120/120 42/42
f 77/77 123/123 4/4
f 124/124 121/121 13/13
f 109/109 96/96 34/34
f 122/122 29/29 69/69
f 43/43 125/125 36/36
f 69/69 74/74 126/126
f 91/91 111/111 11/11
f 18/18 56/56 111/111
f 95/95 128/128 122/122
f 53/53 72/72 105/105
f 5/5 117/117 32/32
f 120/120 96/96 127/127
f 84/84 16/16 5/5
f 66/66 103/103 59/59
f 100/100 5/5 110/110
f 32/32 27/27 13/13
f 48/48 32/32 121/121
f 54/54 114/114 17/17
f 37/37 93/93 58/58
f 29/29 51/51 77/77
f 127/127 8/8 43/43
f 61/61 36/36 96/96
f 29/29 84/84 33/33
f 10/10 50/50 106/106
f 101/101 40/40 47/47
f 65/65 81/81 37/37
f 33/33 52/52 88/88
f 112/112 116/116 47/47
f 102/102 45/45 116/116
f 12/12 128/128 122/122
f 34/34 65/65 54/54
f 122/122 25/25 97/97
f 59/59 68/68 46/46
f 17/17 12/12 14/14
f 126/126 108/108 2/2
f 1/1 65/65 1/1
f 13/13 63/63 42/42
f 17/17 3/3 70/70
f 27/27 105/105 34/34
f 70/70 120/120 47/47
f 63/63 56/56 57/57
f 115/115 21/21 11/11
f 75/75 103/103 30/30
f 17/17 49/49 39/39
f 69/69 2/2 13/13
f 86/86 95/95 86/86
f 52/52 14/14 43/43
f 58/58 75/75 116/116
f 82/82 55/55 4/4
f 43/43 57/57 18/18
f 5/5 58/58 3/3
f 7/7 37/37 93/93
f 116/116 66/66 51/51
f 38/38 61/61 93/93
f 39/39 25/25 72/72
f 122/122 25/25 97/97
f 94/94 116/116 128/128
f 36/36 125/125 116/116
f 10/10 25/25 16/16
f 114/114 64/64 124/124
f 39/39 31/31 93/93
f 38/38 18/18 47/47
f 122/122 72/72 31/31
f 22/22 93/93 45/45
f 58/58 5/5 31/31
f 44/44 32/32 97/97
f 59/59 125/125 15/15
f 4/4 107/107 38/38
f 122/122 92/92 93/93
f 41/41 2/2 34/34
f 2/2 40/40 28/28
f 27/27 15/15 82/82
f 1/1 18/18 60/60
f 101/101 71/71 62/62
f 120/120 32/32 31/31
f 80/80 7/7 53/53
f 41/41 27/27 16/16
f 2/2 11/11 7/7
f 106/106 33/33 52/52
f 41/41 88/88 56/56
f 16/16 100/100 29/29
f 1/1 63/63 79/79
f 57/57 103/103 102/102
f 17/17 4/4 16/16
f 59/59 26/26 31/31
f 96/96 108/108 120/120
f 12/12 68/68 96/96
f 83/83 90/90 43/43
f 52/52 112/112 16/16
f 102/102 5/5 8/8
f 96/96 25/25 99/99
f 20/20 68/68 56/56
f 117/117 62/62 108/108
f 83/83 2/2 41/41
f 24/24 47/47 125/125
f 7/7 105/105 1/1
f 33/33 106/106 126/126
f 16/16 82/82 71/71
f 18/18 64/64 125/125
f 46/46 37/37 8/8
f 74/74 58/58 37/37
f 62/62 81/81 52/52
f 2/2 9/9 65/65
f 50/50 1/1 6/6
f 2/2 69/69 84/84
f 2/2 72/72 114/114
f 23/23 13/13 85/85
f 48/48 21/21 36/36
f 124/124 123/123 112/112
f 29/29 55/55 113/113
f 103/103 99/99 4/4
f 112/112 33/33 23/23
f 9/9 109/109 70/70
f 125/125 53/53 1/1
f 29/29 92/92 2/2
f 52/52 91/91 46/46
f 77/77 4/4 2/2
f 127/127 109/109 107/107
f 110/110 87/87 83/83
f 59/59 117/117 122/122
f 6/6 71/71 67/67
f 92/92 128/128 89/89
f 110/110 54/54 17/17
f 1/1 66/66 22/22
f 98/98 84/84 1/1
f 110/110 72/72 123/123
f 96/96 14/14 100/100
f 99/99 119/119 18/18
f 102/102 78/78 111/111
f 64/64 11/11 121/121
f 125/125 71/71 69/69
f 100/100 102/102 39/39
f 25/25 127/127 40/40
f 104/104 70/70 34/34
f 91/91 43/43 2/2
f 37/37 87/87 61/61
f 65/65 102/102 121/121
f 80/80 28/28 123/123
f 4/4 33/33 64/64
f 51/51 20/20 96/96
f 72/72 128/128 32/32
f 76/76 70/70 4/4
f 128/128 120/120 48/48
f 113/113 66/66 113/113
f 6/6 66/66 79/79
f 8/8 37/37 36/36
f 36/36 3/3 127/127
f 77/77 106/106 90/90
f 98/98 26/26 118/118
f 2/2 86/86 111/111
f 7/7 17/17 79/79
f 17/17 7/7 4/4
f 26/26 12/12 27/27
f 85/85 14/14 110/110
f 48/48 37/37 36/36
f 37/37 35/35 121/121
f 14/14 123/123 33/33
f 1/1 84/84 126/126
f 86/86 120/120 54/54
f 60/60 122/122 18/18
f 28/28 34/34 94/94
f 117/117 6/6 114/114
f 83/83 82/82 72/72
f 4/4 78/78 64/64
f 1/1 35/35 7/7
f 66/66 92/92 75/75
f 124/124 120/120 30/30
f 106/106 41/41 1/1
f 73/73 4/4 105/105
f 28/28 123/123 63/63
f 91/91 50/50 95/95
f 127/127 127/127 112/112
f 29/29 60/60 43/43
f 37/37 106/106 95/95
f 63/63 1/1 1/1
f 96/96 61/61 36/36
f 71/71 93/93 24/24
f 123/123 110/110 92/92
f 128/128 97/97 31/31
f 81/81 54/54 95/95
f 62/62 79/79 92/92
f 25/25 66/66 7/7
f 67/67 35/35 99/99
f 55/55 109/109 60/60
f 9/9 92/92 122/122
f 93/93 5/5 22/22
f 70/70 33/33 22/22
f 19/19 107/107 72/72
f 93/93 128/128 112/112
f 42/42 23/23 26/26
f 112/112 34/34 92/92
f 11/11 114/114 111/111
f 53/53 50/50 86/86
f 40/40 34/34 85/85
f 26/26 39/39 19/19
f 75/75 47/47 89/89
f 111/111 111/111 87/87
f 102/102 93/93 107/107
f 126/126 27/27 14/14
f 40/40 45/45 30/30
f 66/66 97/97 34/34
f 20/20 107/107 50/50
f 113/113 72/72 8/8
f 77/77 74/74 26/26
f 82/82 96/96 84/84
f 43/43 28/28 52/52
f 75/75 118/118 120/120
f 71/71 80/80 46/46
f 124/124 19/19 92/92
f 92/92 113/113 43/43
f 123/123 1/1 6/6
f 48/48 71/71 96/96
f 87/87 27/27 107/107
f 66/66 18/18 104/104
f 3/3 84/84 88/88
f 57/57 112/112 65/65
f 31/31 85/85 9/9
f 89/89 126/126 113/113
f 76/76 110/110 98/98
f 10/10 10/10 33/33
f 83/83 22/22 83/83
f 51/51 87/87 110/110
f 124/124 115/115 76/76
f 92/92 113/113 27/27
f 48/48 33/33 68/68
f 10/10 62/62 20/20
f 48/48 26/26 4/4
f 89/89 76/76 87/87
f 48/48 9/9 99/99
f 117/117 29/29 35/35
f 102/102 35/35 91/91
f 124/124 50/50 26/26
f 2/2 81/81 75/75
f 17/17 86/86 114/114
f 15/15 90/90 14/14
f 6/6 58/58 128/128
f 4/4 12/12 42/42
f 57/57 102/102 55/55
f 102/102 28/28 55/55
f 21/21 15/15 116/116
f 108/108 92/92 128/128
f 13/13 91/91 91/91
f 112/112 81/81 106/106
f 97/97 98/98 17/17
f 2/2 90/90 128/128
f 52/52 33/33 106/106
f 82/82 15/15 118/118
f 35/35 10/10 89/89
f 9/9 105/105 83/83
f 110/110 32/32 1/1
f 3/3 22/22 45/45
f 5/5 64/64 1/1
f 42/42 115/115 52/52
f 57/57 101/101 47/47
f 46/46 87/87 27/27
f 17/17 67/67 99/99
f 84/84 99/99 37/37
f 14/14 15/15 5/5
f 108/108 128/128 10/10
f 59/59 22/22 116/116
f 1/1 1/1 1/1
f 124/124 55/55 124/124
f 127/127 105/105 79/79
f 101/101 126/126 62/62
f 3/3 1/1 106/106
f 122/122 25/25 97/97
f 97/97 110/110 2/2
f 107/107 1/1 71/71
f 65/65 17/17 96/96
f 39/39 128/128 122/122
f 82/82 95/95 33/33
f 111/111 31/31 68/68
f 69/69 33/33 5/5
f 2/2 113/113 6/6
f 93/93 92/92 36/36
f 65/65 73/73 1/1
f 13/13 87/87 70/70
f 76/76 54/54 94/94
f 105/105 125/125 84/84
f 69/69 70/70 52/52
f 17/17 14/14 78/78
f 48/48 14/14 107/107
f 58/58 84/84 40/40
f 118/118 69/69 4/4
f 11/11 104/104 93/93
f 1/1 91/91 1/1
f 28/28 59/59 52/52
f 23/23 77/77 124/124
f 62/62 128/128 14/14
f 123/123 60/60 83/83
f 34/34 79/79 41/41
f 42/42 53/53 72/72
f 70/70 1/1 24/24
f 121/121 115/115 81/81
f 128/128 53/53 87/87
f 67/67 59/59 122/122
f 33/33 51/51 16/16
f 113/113 128/128 122/122
f 75/75 119/119 14/14
f 94/94 100/100 23/23
f 21/21 24/24 66/66
f 66/66 33/33 44/44
f 128/128 117/117 2/2
f 39/39 120/120 64/64
f 128/128 128/128 124/124
f 6/6 128/128 122/122
f 97/97 85/85 7/7
f 86/86 128/128 128/128
f 79/79 12/12 35/35
f 22/22 58/58 73/73
f 118/118 111/111 75/75
f 61/61 1/1 18/18
f 112/112 116/116 58/58
f 7/7 116/116 21/21
f 122/122 104/104 47/47
f 69/69 57/57 80/80
f 17/17 55/55 122/122
f 4/4 10/10 38/38
f 75/75 85/85 57/57
f 113/113 107/107 126/126
f 13/13 86/86 39/39
f 45/45 112/112 73/73
f 17/17 82/82 6/6
f 117/117 126/126 64/64
f 127/127 128/128 11/11
f 121/121 16/16 128/128
f 121/121 21/21 43/43
f 21/21 41/41 94/94
f 118/118 77/77 17/17
f 90/90 128/128 128/128
f 73/73 11/11 57/57
f 71/71 116/116 48/48
f 112/112 128/128 128/128
f 2/2 34/34 85/85
f 61/61 81/81 84/84
f 81/81 42/42 111/111
f 114/114 31/31 41/41
f 124/124 8/8 18/18
f 5/5 84/84 7/7
f 76/76 39/39 102/102
f 69/69 103/103 115/115
f 28/28 36/36 119/119
f 42/42 17/17 65/65
f 71/71 56/56 13/13
f 6/6 67/67 17/17
f 80/80 9/9 7/7
f 59/59 96/96 30/30
f 80/80 4/4 70/70
f 35/35 49/49 76/76
f 41/41 10/10 70/70
f 68/68 40/40 11/11
f 58/58 104/104 53/53
f 61/61 5/5 95/95
f 19/19 94/94 25/25
f 3/3 15/15 85/85
f 108/108 46/46 27/27
f 123/123 101/101 16/16
f 19/19 18/18 9/9
f 56/56 31/31 8/8
f 14/14 107/107 29/29
f 111/111 107/107 48/48
f 31/31 36/36 17/17
f 114/114 102/102 15/15
f 92/92 86/86 61/61
f 92/92 20/20 28/28
f 1/1 43/43 76/76
f 65/65 1/1 71/71
f 5/5 53/53 50/50
f 48/48 28/28 80/80
f 68/68 8/8 91/91
f 121/121 17/17 66/66
f 88/88 126/126 18/18
f 77/77 18/18 3/3
f 118/118 128/128 122/122
f 57/57 120/120 128/128
f 37/37 36/36 60/60
f 83/83 7/7 113/113
f 38/38 31/31 51/51
f 40/40 22/22 70/70
f 18/18 12/12 74/74
f 33/33 49/49 73/73
f 45/45 123/123 4/4
f 93/93 71/71 28/28
f 78/78 15/15 73/73
f 118/118 27/27 45/45
f 104/104 66/66 118/118
f 6/6 16/16 1/1
f 33/33 22/22 72/72
f 4/4 40/40 71/71
f 69/69 110/110 115/115
f 123/123 116/116 93/93
f 98/98 120/120 57/57
f 114/114 49/49 100/100
f 73/73 99/99 34/34
f 46/46 118/118 82/82
f 18/18 45/45 6/6
f 14/14 60/60 119/119
f 57/57 75/75 97/97
f 96/96 35/35 65/65
f 63/63 81/81 85/85
f 116/116 62/62 46/46
f 73/73 85/85 52/52
f 75/75 1/1 85/85
f 30/30 80/80 12/12
f 56/56 28/28 70/70
f 16/16 126/126 94/94
f 58/58 12/12 37/37
f 59/59 61/61 75/75
f 20/20 128/128 122/122
f 97/97 83/83 7/7
f 56/56 38/38 60/60
f 26/26 55/55 58/58
f 5/5 65/65 3/3
f 92/92 127/127 34/34
f 70/70 41/41 4/4
f 114/114 120/120 26/26
f 22/22 73/73 17/17
f 7/7 13/13 86/86
f 94/94 122/122 22/22
f 41/41 110/110 71/71
f 2/2 75/75 74/74
f 20/20 64/64 77/77
f 55/55 77/77 78/78
f 8/8 87/87 62/62
f 92/92 31/31 114/114
f 54/54 41/41 99/99
f 87/87 93/93 66/66
f 6/6 73/73 5/5
f 67/67 71/71 66/66
f 97/97 101/101 62/62
f 128/128 41/41 128/128
f 125/125 81/81 81/81
f 36/36 24/24 101/101
f 5/5 98/98 12/12
f 3/3 7/7 27/27
f 47/47 10/10 31/31
f 125/125 126/126 121/121
f 97/97 21/21 85/85
f 81/81 51/51 21/21
f 102/102 51/51 70/70
f 34/34 50/50 5/5
f 101/101 79/79 78/78
f 22/22 85/85 102/102
f 83/83 49/49 109/109
f 72/72 112/112 23/23
f 109/109 14/14 65/65
f 128/128 112/112 16/16
f 49/49 52/52 34/34
f 127/127 38/38 26/26
f 53/53 29/29 3/3
f 95/95 67/67 3/3
f 47/47 39/39 39/39
f 90/90 128/128 52/52
f 128/128 12/12 34/34
f 49/49 1/1 92/92
f 10/10 45/45 128/128
f 24/24 63/63 44/44
f 24/24 1/1 70/70
f 1/1 6/6 15/15
f 1/1 1/1 35/35
f 25/25 65/65 33/33
f 80/80 113/113 26/26
f 112/112 60/60 92/92
f 51/51 49/49 107/107
f 20/20 71/71 97/97
f 23/23 67/67 5/5
f 24/24 31/31 126/126
f 127/127 59/59 95/95
f 33/33 68/68 26/26
f 11/11 88/88 32/32
f 113/113 21/21 81/81
f 10/10 115/115 63/63
f 85/85 127/127 108/108
f 64/64 34/34 30/30
f 65/65 123/123 20/20
f 99/99 34/34 33/33
f 126/126 38/38 12/12
f 84/84 49/49 35/35
f 70/70 85/85 114/114
f 67/67 65/65 113/113
f 122/122 25/25 97/97
f 51/51 68/68 72/72
f 84/84 66/66 112/112
f 83/83 57/57 53/53
f 120/120 128/128 122/122
f 2/2 122/122 68/68
f 1/1 104/104 89/89
f 90/90 71/71 16/16
f 75/75 26/26 63/63
f 104/104 128/128 124/124
f 10/10 25/25 11/11
f 41/41 57/57 57/57
f 53/53 81/81 43/43
f 70/70 119/119 59/59
f 34/34 26/26 87/87
f 60/60 128/128 122/122
f 97/97 71/71 17/17
f 37/37 10/10 49/49
f 122/122 25/25 97/97
f 23/23 3/3 81/81
f 96/96 107/107 78/78
f 72/72 71/71 70/70
f 3/3 46/46 109/109
f 3/3 12/12 20/20
f 53/53 60/60 124/124
f 79/79 16/16 9/9
f 97/97 37/37 21/21
f 37/37 41/41 38/38
f 55/55 74/74 70/70
f 37/37 99/99 90/90
f 24/24 18/18 74/74
f 100/100 120/120 45/45
f 107/107 52/52 83/83
f 40/40 6/6 73/73
f 75/75 103/103 58/58
f 16/16 117/117 121/121
f 89/89 9/9 9/9
f 33/33 73/73 2/2
f 69/69 67/67 1/1
f 64/64 63/63 102/102
f 107/107 30/30 12/12
f 5/5 111/111 71/71
f 119/119 83/83 87/87
f 122/122 25/25 97/97
f 5/5 15/15 106/106
f 11/11 18/18 90/90
f 31/31 82/82 96/96
f 117/117 128/128 122/122
f 47/47 76/76 71/71
f 65/65 101/101 12/12
f 69/69 103/103 56/56
f 125/125 49/49 35/35
f 15/15 44/44 46/46
f 91/91 3/3 1/1
f 122/122 18/18 28/28
f 109/109 128/128 122/122
f 47/47 44/44 113/113
f 72/72 9/9 1/1
f 114/114 47/47 52/52
f 107/107 67/67 105/105
f 104/104 68/68 77/77
f 1/1 1/1 57/57
f 34/34 53/53 77/77
f 89/89 32/32 100/100
f 40/40 45/45 48/48
f 122/122 25/25 97/97
f 3/3 32/32 81/81
f 10/10 16/16 46/46
f 57/57 98/98 62/62
f 24/24 73/73 68/68
f 70/70 23/23 98/98
f 18/18 9/9 69/69
f 34/34 89/89 9/9
f 26/26 110/110 53/53
f 123/123 68/68 49/49
f 46/46 61/61 99/99
f 103/103 104/104 89/89
f 3/3 128/128 7/7
f 18/18 128/128 122/122
f 43/43 123/123 62/62
f 25/25 114/114 15/15
f 86/86 1/1 70/70
f 116/116 59/59 79/79
f 117/117 47/47 96/96
f 101/101 115/115 32/32
f 26/26 28/28 28/28
f 51/51 1/1 120/120
f 43/43 78/78 2/2
f 43/43 15/15 122/122
f 47/47 22/22 39/39
f 81/81 2/2 69/69
f 69/69 128/128 122/122
f 16/16 109/109 22/22
f 17/17 119/119 97/97
f 75/75 3/3 77/77
f 56/56 52/52 78/78
f 110/110 87/87 11/11
f 87/87 60/60 6/6
f 93/93 10/10 9/9
f 102/102 34/34 64/64
f 90/90 120/120 54/54
f 65/65 57/57 24/24
f 122/122 97/97 43/43
f 22/22 47/47 92/92
f 117/117 12/12 23/23
f 70/70 2/2 17/17
f 53/53 68/68 35/35
f 72/72 25/25 61/61
f 115/115 32/32 72/72
f 80/80 65/65 118/118
f 115/115 95/95 62/62
f 14/14 120/120 83/83
f 11/11 58/58 53/53
f 92/92 6/6 58/58
f 84/84 119/119 90/90
f 25/25 116/116 21/21
f 18/18 92/92 63/63
f 62/62 74/74 28/28
f 46/46 96/96 94/94
f 100/100 105/105 15/15
f 106/106 49/49 31/31
f 1/1 1/1 1/1
f 1/1 113/113 1/1
f 126/126 5/5 112/112
f 22/22 77/77 13/13
f 109/109 125/125 34/34
f 115/115 109/109 83/83
f 13/13 47/47 42/42
f 34/34 10/10 110/110
f 127/127 23/23 26/26
f 77/77 47/47 17/17
f 109/109 87/87 96/96
f 8/8 111/111 81/81
f 20/20 79/79 92/92
f 55/55 98/98 83/83
f 1/1 1/1 1/1
f 1/1 76/76 44/44
f 15/15 2/2 71/71
f 79/79 54/54 59/59
f 25/25 7/7 66/66
f 42/42 39/39 57/57
f 39/39 101/101 110/110
f 1/1 69/69 128/128
f 39/39 21/21 66/66
f 21/21 98/98 16/16
f 95/95 95/95 21/21
f 110/110 85/85 3/3
f 70/70 7/7 93/93
f 31/31 104/104 110/110
f 124/124 75/75 34/34
f 74/74 49/49 82/82
f 17/17 81/81 85/85
f 44/44 2/2 69/69
f 114/114 28/28 122/122
f 47/47 50/50 25/25
f 33/33 3/3 109/109
f 27/27 45/45 108/108
f 29/29 13/13 23/23
f 79/79 12/12 97/97
f 50/50 93/93 112/112
f 27/27 54/54 33/33
f 108/108 5/5 98/98
f 96/96 25/25 24/24
f 104/104 69/69 99/99
f 105/105 128/128 122/122
f 97/97 76/76 8/8
f 37/37 102/102 43/43
f 87/87 45/45 70/70
f 18/18 4/4 51/51
f 83/83 24/24 114/114
f 60/60 8/8 73/73
f 23/23 81/81 3/3
f 3/3 101/101 104/104
f 2/2 3/3 53/53
f 111/111 30/30 43/43
f 27/27 18/18 93/93
f 119/119 2/2 77/77
f 7/7 7/7 9/9
f 32/32 119/119 67/67
f 84/84 54/54 84/84
f 68/68 116/116 99/99
f 99/99 128/128 90/90
f 61/61 11/11 80/80
f 83/83 5/5 21/21
f 122/122 25/25 97/97
f 3/3 4/4 77/77
f 8/8 68/68 12/12
f 9/9 19/19 92/92
f 51/51 1/1 26/26
f 35/35 20/20 11/11
f 95/95 99/99 10/10
f 85/85 104/104 114/114
f 31/31 62/62 91/91
f 3/3 110/110 60/60
f 128/128 40/40 110/110
f 56/56 73/73 97/97
f 96/96 121/121 96/96
f 42/42 82/82 120/120
f 99/99 5/5 9/9
f 5/5 67/67 73/73
f 31/31 128/128 122/122
f 97/97 94/94 9/9
f 59/59 60/60 104/104
f 73/73 7/7 120/120
f 5/5 35/35 111/111
f 13/13 5/5 120/120
f 10/10 36/36 69/69
f 54/54 126/126 10/10
f 95/95 109/109 89/89
f 4/4 69/69 97/97
f 69/69 118/118 124/124
f 38/38 21/21 124/124
f 20/20 56/56 127/127
f 59/59 64/64 69/69
f 37/37 25/25 113/113
f 110/110 73/73 3/3
f 30/30 128/128 122/122
f 96/96 84/84 102/102
f 106/106 11/11 32/32
f 30/30 112/112 24/24
f 83/83 12/12 108/108
f 36/36 75/75 28/28
f 111/111 11/11 128/128
f 35/35 25/25 38/38
f 39/39 128/128 4/4
f 84/84 123/123 4/4
f 54/54 127/127 92/92
f 65/65 3/3 70/70
f 2/2 128/128 122/122
f 107/107 128/128 122/122
f 109/109 106/106 64/64
f 38/38 16/16 128/128
f 1/1 10/10 28/28
f 43/43 60/60 110/110
f 61/61 104/104 33/33
f 57/57 59/59 79/79
f 94/94 128/128 50/50
f 85/85 36/36 44/44
f 96/96 128/128 128/128
f 60/60 71/71 38/38
f 12/12 64/64 52/52
f 6/6 64/64 60/60
f 84/84 41/41 25/25
f 80/80 6/6 73/73
f 92/92 18/18 74/74
f 110/110 56/56 6/6
f 116/116 76/76 128/128
f 38/38 80/80 16/16
f 51/51 82/82 27/27
f 100/100 46/46 10/10
f 93/93 91/91 22/22
f 64/64 121/121 86/86
f 49/49 23/23 74/74
f 35/35 18/18 29/29
f 125/125 51/51 32/32
f 122/122 9/9 57/57
f 71/71 33/33 61/61
f 98/98 18/18 80/80
f 34/34 44/44 114/114
f 2/2 68/68 11/11
f 94/94 103/103 96/96
f 8/8 16/16 63/63
f 16/16 112/112 68/68
f 22/22 36/36 23/23
f 67/67 18/18 24/24
f 30/30 41/41 61/61
f 52/52 49/49 99/99
f 34/34 73/73 5/5
f 47/47 62/62 26/26
f 25/25 79/79 114/114
f 117/117 82/82 50/50
f 54/54 35/35 21/21
f 45/45 54/54 4/4
f 41/41 57/57 88/88
f 128/128 52/52 33/33
f 14/14 124/124 70/70
f 116/116 21/21 75/75
f 118/118 51/51 64/64
f 54/54 75/75 27/27
f 82/82 100/100 106/106
f 1/1 67/67 24/24
f 94/94 69/69 113/113
f 51/51 105/105 6/6
f 63/63 82/82 66/66
f 33/33 83/83 68/68
f 73/73 3/3 16/16
f 58/58 2/2 17/17
f 46/46 5/5 13/13
f 14/14 4/4 33/33
f 14/14 106/106 19/19
f 8/8 25/25 37/37
f 12/12 116/116 118/118
f 98/98 1/1 27/27
f 86/86 81/81 19/19
f 39/39 65/65 26/26
f 35/35 105/105 117/117
f 33/33 48/48 49/49
f 66/66 9/9 21/21
f 15/15 110/110 46/46
f 116/116 74/74 68/68
f 80/80 45/45 81/81
f 34/34 124/124 43/43
f 100/100 112/112 128/128
f 53/53 35/35 2/2
f 99/99 4/4 10/10
f 65/65 128/128 128/128
f 51/51 51/51 51/51
f 78/78 42/42 2/2
f 44/44 32/32 79/79
f 107/107 11/11 30/30
f 120/120 1/1 84/84
f 78/78 120/120 50/50
f 92/92 77/77 101/101
f 102/102 5/5 2/2
f 51/51 117/117 106/106
f 84/84 48/48 123/123
f 123/123 91/91 4/4
f 35/35 18/18 17/17
f 64/64 117/117 75/75
f 1/1 70/70 4/4
f 62/62 15/15 44/44
f 25/25 78/78 112/112
f 69/69 88/88 19/19
f 47/47 82/82 84/84
f 35/35 92/92 123/123
f 67/67 118/118 98/98
f 93/93 1/1 112/112
f 81/81 113/113 89/89
f 103/103 12/12 45/45
f 117/117 49/49 61/61
f 68/68 72/72 83/83
f 29/29 116/116 126/126
f 18/18 88/88 47/47
f 62/62 68/68 67/67
f 98/98 22/22 16/16
f 58/58 115/115 69/69
f 33/33 128/128 122/122
f 21/21 12/12 36/36
f 94/94 128/128 125/125
f 115/115 80/80 128/128
f 123/123 40/40 42/42
f 36/36 121/121 42/42
f 88/88 74/74 115/115
f 52/52 9/9 20/20
f 70/70 29/29 54/54
f 84/84 76/76 39/39
f 105/105 27/27 74/74
f 104/104 102/102 35/35
f 72/72 128/128 122/122
f 97/97 107/107 8/8
f 25/25 71/71 50/50
f 62/62 33/33 81/81
f 87/87 75/75 56/56
f 13/13 67/67 53/53
f 23/23 51/51 122/122
f 57/57 69/69 89/89
f 78/78 50/50 2/2
f 14/14 13/13 106/106
f 37/37 66/66 99/99
f 120/120 87/87 101/101
f 124/124 17/17 25/25
f 33/33 78/78 94/94
f 36/36 79/79 61/61
f 83/83 35/35 40/40
f 26/26 124/124 60/60
f 33/33 37/37 1/1
f 34/34 40/40 16/16
f 115/115 5/5 8/8
f 104/104 61/61 115/115
f 59/59 23/23 29/29
f 122/122 70/70 93/93
f 11/11 72/72 97/97
f 52/52 127/127 55/55
f 56/56 80/80 57/57
f 62/62 79/79 52/52
f 26/26 49/49 25/25
f 66/66 53/53 114/114
f 19/19 12/12 106/106
f 38/38 32/32 99/99
f 113/113 51/51 67/67
f 23/23 128/128 122/122
f 52/52 128/128 122/122
f 97/97 72/72 8/8
f 11/11 19/19 5/5
f 59/59 28/28 23/23
f 126/126 107/107 38/38
f 109/109 86/86 105/105
f 12/12 58/58 108/108
f 99/99 72/72 63/63
f 86/86 89/89 81/81
f 36/36 118/118 46/46
f 73/73 12/12 21/21
f 7/7 12/12 109/109
f 110/110 48/48 102/102
f 28/28 123/123 40/40
f 19/19 100/100 92/92
f 3/3 28/28 97/97
f 50/50 74/74 41/41
f 105/105 97/97 34/34
f 118/118 109/109 71/71
f 60/60 35/35 21/21
f 31/31 110/110 19/19
f 125/125 36/36 33/33
f 25/25 119/119 35/35
f 18/18 2/2 22/22
f 92/92 41/41 3/3
f 60/60 22/22 82/82
f 98/98 62/62 120/120
f 128/128 48/48 80/80
f 112/112 4/4 125/125
f 42/42 56/56 117/117
f 68/68 121/121 118/118
f 83/83 36/36 48/48
f 9/9 12/12 126/126
f 119/119 56/56 100/100
f 49/49 48/48 23/23
f 128/128 37/37 107/107
f 9/9 34/34 116/116
f 79/79 43/43 33/33
f 81/81 39/39 37/37
f 31/31 34/34 37/37
f 35/35 28/28 93/93
f 121/121 65/65 4/4
f 33/33 34/34 5/5
f 73/73 31/31 79/79
f 1/1 73/73 103/103
f 6/6 15/15 90/90
f 22/22 111/111 52/52
f 18/18 42/42 47/47
f 88/88 128/128 122/122
f 7/7 71/71 37/37
f 81/81 56/56 24/24
f 78/78 74/74 97/97
f 114/114 92/92 19/19
f 52/52 41/41 70/70
f 105/105 90/90 63/63
f 82/82 128/128 115/115
f 47/47 117/117 63/63
f 55/55 42/42 83/83
f 1/1 9/9 10/10
f 46/46 85/85 32/32
f 64/64 36/36 122/122
f 115/115 117/117 11/11
f 3/3 66/66 102/102
f 82/82 112/112 3/3
f 40/40 82/82 94/94
f 30/30 115/115 82/82
f 83/83 21/21 114/114
f 108/108 39/39 3/3
f 26/26 86/86 120/120
f 6/6 34/34 128/128
f 43/43 42/42 43/43
f 123/123 109/109 87/87
f 125/125 90/90 3/3
f 1/1 108/108 44/44
f 69/69 1/1 1/1
f 41/41 40/40 112/112
f 85/85 115/115 37/37
f 42/42 87/87 60/60
f 11/11 49/49 41/41
f 59/59 102/102 99/99
f 8/8 73/73 56/56
f 38/38 103/103 94/94
f 65/65 81/81 10/10
f 56/56 111/111 87/87
f 7/7 15/15 106/106
f 82/82 19/19 61/61
f 17/17 111/111 85/85
f 3/3 21/21 39/39
f 29/29 49/49 7/7
f 96/96 56/56 110/110
f 99/99 17/17 57/57
f 107/107 99/99 108/108
f 118/118 62/62 62/62
f 3/3 81/81 104/104
f 77/77 96/96 17/17
f 106/106 127/127 30/30
f 116/116 63/63 83/83
f 98/98 102/102 8/8
f 28/28 24/24 112/112
f 84/84 36/36 20/20
f 114/114 125/125 116/116
f 11/11 28/28 127/127
f 66/66 67/67 1/1
f 79/79 128/128 128/128
f 79/79 50/50 113/113
f 81/81 121/121 91/91
f 70/70 50/50 92/92
f 103/103 1/1 59/59
f 26/26 11/11 58/58
f 96/96 34/34 47/47
f 46/46 11/11 31/31
f 4/4 56/56 46/46
f 84/84 95/95 88/88
f 7/7 127/127 88/88
f 63/63 39/39 112/112
f 22/22 3/3 125/125
f 122/122 100/100 28/28
f 76/76 17/17 9/9
f 46/46 118/118 28/28
f 82/82 64/64 71/71
f 76/76 56/56 57/57
f 67/67 10/10 103/103
f 105/105 18/18 32/32
f 76/76 8/8 79/79
f 58/58 62/62 109/109
f 128/128 91/91 126/126
f 61/61 97/97 28/28
f 83/83 76/76 10/10
f 28/28 109/109 92/92
f 35/35 44/44 33/33
f 35/35 24/24 30/30
f 85/85 103/103 77/77
f 14/14 114/114 97/97
f 25/25 1/1 65/65
f 76/76 75/75 24/24
f 53/53 107/107 56/56
f 46/46 90/90 93/93
f 34/34 73/73 32/32
f 50/50 122/122 77/77
f 72/72 29/29 62/62
f 89/89 2/2 51/51
f 106/106 68/68 86/86
f 108/108 70/70 105/105
f 34/34 47/47 61/61
f 20/20 92/92 127/127
f 22/22 103/103 55/55
f 25/25 54/54 91/91
f 36/36 126/126 101/101
f 56/56 95/95 11/11
f 21/21 80/80 119/119
f 72/72 126/126 63/63
f 112/112 80/80 37/37
f 10/10 79/79 76/76
f 100/100 100/100 100/100
f 104/104 102/102 93/93
f 43/43 94/94 26/26
f 97/97 66/66 51/51
f 19/19 45/45 80/80
f 16/16 43/43 2/2
f 94/94 109/109 15/15
f 66/66 18/18 52/52
f 108/108 84/84 96/96
f 60/60 31/31 30/30
f 107/107 89/89 79/79
f 68/68 77/77 65/65
f 15/15 89/89 77/77
f 1/1 1/1 1/1
f 3/3 71/71 81/81
f 34/34 52/52 60/60
f 18/18 34/34 105/105
f 97/97 76/76 49/49
f 68/68 52/52 45/45
f 70/70 81/81 113/113
f 49/49 67/67 45/45
f 47/47 46/46 28/28
f 102/102 50/50 106/106
f 76/76 21/21 109/109
f 7/7 128/128 122/122
f 93/93 5/5 99/99
f 43/43 76/76 74/74
f 63/63 49/49 5/5
f 80/80 128/128 122/122
f 97/97 117/117 9/9
f 119/119 18/18 8/8
f 49/49 117/117 87/87
f 72/72 28/28 97/97
f 102/102 41/41 69/69
f 10/10 37/37 120/120
f 7/7 123/123 70/70
f 34/34 83/83 7/7
f 10/10 69/69 9/9
f 3/3 3/3 70/70
f 119/119 71/71 21/21
f 54/54 79/79 91/91
f 28/28 8/8 21/21
f 42/42 92/92 115/115
f 51/51 47/47 37/37
f 19/19 96/96 17/17
f 87/87 14/14 113/113
f 43/43 27/27 107/107
f 91/91 21/21 93/93
f 42/42 100/100 54/54
f 93/93 34/34 54/54
f 38/38 92/92 104/104
f 39/39 103/103 100/100
f 28/28 83/83 48/48
f 56/56 125/125 34/34
f 78/78 128/128 122/122
f 97/97 119/119 13/13
f 98/98 128/128 122/122
f 97/97 95/95 8/8
f 89/89 105/105 128/128
f 54/54 28/28 29/29
f 122/122 23/23 106/106
f 24/24 58/58 71/71
f 81/81 57/57 81/81
f 76/76 57/57 104/104
f 56/56 107/107 76/76
f 5/5 71/71 126/126
f 112/112 89/89 108/108
f 15/15 5/5 123/123
f 40/40 48/48 54/54
f 6/6 23/23 80/80
f 63/63 60/60 75/75
f 26/26 58/58 88/88
f 48/48 5/5 6/6
f 17/17 94/94 74/74
f 12/12 31/31 4/4
f 73/73 67/67 29/29
f 12/12 33/33 92/92
f 65/65 65/65 38/38
f 33/33 35/35 38/38
f 1/1 66/66 84/84
f 1/1 18/18 109/109
f 40/40 56/56 25/25
f 80/80 105/105 43/43
f 125/125 53/53 102/102
f 39/39 30/30 1/1
f 66/66 25/25 44/44
f 121/121 22/22 122/122
f 5/5 6/6 104/104
f 36/36 103/103 128/128
f 122/122 25/25 97/97
f 114/114 128/128 125/125
f 21/21 27/27 120/120
f 19/19 21/21 110/110
f 11/11 49/49 15/15
f 21/21 66/66 98/98
f 98/98 43/43 123/123
f 47/47 64/64 63/63
f 83/83 67/67 67/67
f 98/98 113/113 125/125
f 109/109 110/110 90/90
f 18/18 83/83 45/45
f 61/61 123/123 50/50
f 19/19 28/28 54/54
f 50/50 108/108 103/103
f 40/40 104/104 72/72
f 115/115 91/91 78/78
f 20/20 73/73 104/104
f 121/121 20/20 5/5
f 118/118 25/25 49/49
f 37/37 41/41 65/65
f 57/57 19/19 120/120
f 33/33 99/99 128/128
f 60/60 109/109 4/4
f 57/57 118/118 106/106
f 121/121 26/26 128/128
f 67/67 124/124 76/76
f 6/6 65/65 75/75
f 79/79 15/15 6/6
f 101/101 7/7 70/70
f 54/54 35/35 103/103
f 65/65 83/83 113/113
f 39/39 28/28 128/128
f 56/56 128/128 125/125
f 9/9 91/91 7/7
f 8/8 55/55 16/16
f 63/63 92/92 102/102
f 18/18 23/23 128/128
f 25/25 97/97 128/128
f 72/72 74/74 33/33
f 48/48 125/125 57/57
f 1/1 1/1 80/80
f 68/68 68/68 23/23
f 120/120 91/91 79/79
f 103/103 63/63 24/24
f 44/44 128/128 67/67
f 61/61 15/15 16/16
f 73/73 128/128 122/122
f 97/97 92/92 8/8
f 9/9 101/101 1/1
f 94/94 5/5 98/98
f 26/26 73/73 95/95
f 103/103 74/74 120/120
f 72/72 94/94 128/128
f 5/5 5/5 108/108
f 20/20 127/127 101/101
f 81/81 109/109 38/38
f 58/58 128/128 103/103
f 39/39 92/92 27/27
f 20/20 36/36 95/95
f 37/37 93/93 33/33
f 28/28 7/7 69/69
f 15/15 32/32 122/122
f 68/68 126/126 78/78
f 53/53 122/122 20/20
f 97/97 2/2 49/49
f 97/97 42/42 122/122
f 21/21 8/8 30/30
f 24/24 16/16 14/14
f 10/10 22/22 77/77
f 56/56 46/46 116/116
f 61/61 93/93 36/36
f 63/63 48/48 123/123
f 66/66 121/121 106/106
f 37/37 110/110 86/86
f 20/20 70/70 15/15
f 64/64 19/19 31/31
f 117/117 119/119 8/8
f 77/77 55/55 63/63
f 44/44 1/1 30/30
f 38/38 85/85 59/59
f 98/98 109/109 128/128
f 74/74 26/26 113/113
f 63/63 7/7 92/92
f 14/14 79/79 31/31
f 20/20 16/16 65/65
f 29/29 30/30 17/17
f 70/70 88/88 64/64
f 49/49 9/9 35/35
f 108/108 116/116 61/61
f 78/78 53/53 51/51
f 38/38 38/38 35/35
f 128/128 128/128 122/122
f 111/111 103/103 35/35
f 11/11 94/94 64/64
f 13/13 71/71 128/128
f 96/96 127/127 73/73
f 97/97 17/17 92/92
f 44/44 116/116 94/94
f 115/115 18/18 100/100
f 44/44 106/106 86/86
f 66/66 65/65 92/92
f 6/6 55/55 110/110
f 123/123 51/51 32/32
f 121/121 124/124 66/66
f 106/106 78/78 15/15
f 44/44 128/128 122/122
f 82/82 22/22 3/3
f 104/104 11/11 7/7
f 64/64 78/78 91/91
f 122/122 109/109 115/115
f 13/13 72/72 80/80
f 15/15 45/45 13/13
f 128/128 105/105 33/33
f 4/4 90/90 72/72
f 44/44 76/76 14/14
f 50/50 51/51 79/79
f 97/97 10/10 128/128
f 102/102 87/87 101/101
f 85/85 62/62 76/76
f 116/116 11/11 37/37
f 66/66 76/76 62/62
f 16/16 22/22 11/11
f 22/22 71/71 108/108
f 128/128 127/127 20/20
f 73/73 35/35 44/44
f 2/2 114/114 49/49
f 97/97 85/85 87/87
f 80/80 31/31 91/91
f 112/112 59/59 9/9
f 74/74 8/8 48/48
f 82/82 70/70 48/48
f 32/32 79/79 46/46
f 9/9 96/96 65/65
f 39/39 128/128 84/84
f 66/66 128/128 122/122
f 97/97 101/101 9/9
f 115/115 69/69 47/47
f 66/66 65/65 85/85
f 99/99 97/97 105/105
f 66/66 34/34 3/3
f 58/58 40/40 128/128
f 11/11 55/55 8/8
f 111/111 32/32 126/126
f 23/23 40/40 125/125
f 66/66 80/80 123/123
f 13/13 19/19 5/5
f 114/114 18/18 81/81
f 1/1 1/1 1/1
f 95/95 109/109 98/98
f 89/89 104/104 112/112
f 41/41 31/31 93/93
f 7/7 2/2 40/40
f 8/8 81/81 56/56
f 74/74 54/54 17/17
f 68/68 3/3 97/97
f 41/41 51/51 11/11
f 37/37 65/65 1/1
f 71/71 69/69 27/27
f 9/9 84/84 122/122
f 9/9 42/42 128/128
f 47/47 128/128 123/123
f 109/109 118/118 76/76
f 121/121 45/45 36/36
f 90/90 4/4 88/88
f 78/78 17/17 16/16
f 98/98 102/102 26/26
f 103/103 21/21 32/32
f 114/114 118/118 53/53
f 116/116 37/37 91/91
f 16/16 8/8 42/42
f 11/11 5/5 6/6
f 33/33 55/55 35/35
f 42/42 128/128 25/25
f 95/95 54/54 108/108
f 122/122 25/25 97/97
f 35/35 73/73 116/116
f 117/117 58/58 59/59
f 85/85 123/123 24/24
f 45/45 104/104 43/43
f 12/12 110/110 74/74
f 65/65 41/41 2/2
f 85/85 83/83 45/45
f 18/18 17/17 7/7
f 81/81 11/11 66/66
f 41/41 20/20 31/31
f 29/29 79/79 62/62
f 122/122 25/25 97/97
f 103/103 31/31 102/102
f 44/44 62/62 44/44
f 50/50 5/5 73/73
f 104/104 89/89 106/106
f 37/37 5/5 40/40
f 69/69 22/22 91/91
f 35/35 36/36 85/85
f 61/61 96/96 128/128
f 23/23 72/72 18/18
f 41/41 60/60 105/105
f 3/3 45/45 6/6
f 3/3 25/25 89/89
f 110/110 81/81 102/102
f 119/119 46/46 85/85
f 58/58 39/39 59/59
f 80/80 126/126 128/128
f 36/36 90/90 73/73
f 19/19 83/83 54/54
f 44/44 123/123 2/2
f 128/128 25/25 31/31
f 10/10 91/91 54/54
f 30/30 1/1 15/15
f 99/99 52/52 96/96
f 51/51 86/86 126/126
f 85/85 56/56 6/6
f 19/19 55/55 106/106
f 70/70 34/34 2/2
f 107/107 103/103 97/97
f 53/53 56/56 84/84
f 65/65 2/2 74/74
f 37/37 94/94 57/57
f 35/35 124/124 72/72
f 84/84 17/17 6/6
f 37/37 36/36 74/74
f 18/18 78/78 22/22
f 89/89 24/24 11/11
f 33/33 113/113 99/99
f 66/66 41/41 97/97
f 95/95 53/53 94/94
f 57/57 101/101 37/37
f 18/18 98/98 67/67
f 68/68 122/122 52/52
f 26/26 54/54 49/49
f 15/15 126/126 87/87
f 51/51 76/76 43/43
f 80/80 124/124 114/114
f 20/20 77/77 39/39
f 117/117 53/53 9/9
f 3/3 115/115 74/74
f 89/89 6/6 8/8
f 68/68 19/19 79/79
f 61/61 84/84 123/123
f 34/34 19/19 36/36
f 124/124 62/62 52/52
f 86/86 44/44 8/8
f 1/1 66/66 81/81
f 31/31 49/49 37/37
f 73/73 105/105 24/24
f 119/119 94/94 2/2
f 38/38 95/95 19/19
f 8/8 96/96 59/59
f 47/47 98/98 83/83
f 75/75 100/100 112/112
f 86/86 103/103 120/120
f 74/74 127/127 87/87
f 99/99 86/86 50/50
f 74/74 33/33 65/65
f 66/66 49/49 13/13
f 72/72 45/45 71/71
f 114/114 6/6 57/57
f 98/98 81/81 73/73
f 30/30 18/18 61/61
f 46/46 1/1 19/19
f 84/84 127/127 104/104
f 65/65 69/69 77/77
f 67/67 56/56 125/125
f 35/35 101/101 15/15
f 118/118 78/78 17/17
f 3/3 3/3 3/3
f 72/72 112/112 46/46
f 81/81 32/32 82/82
f 46/46 66/66 74/74
f 21/21 17/17 1/1
f 9/9 14/14 31/31
f 8/8 4/4 123/123
f 78/78 128/128 108/108
f 128/128 128/128 113/113
f 11/11 117/117 96/96
f 122/122 25/25 97/97
f 45/45 40/40 1/1
f 94/94 113/113 66/66
f 67/67 1/1 16/16
f 122/122 25/25 97/97
f 10/10 3/3 23/23
f 29/29 17/17 67/67
f 80/80 12/12 69/69
f 27/27 75/75 10/10
f 75/75 109/109 41/41
f 110/110 108/108 105/105
f 40/40 128/128 122/122
f 66/66 73/73 109/109
f 77/77 90/90 23/23
f 122/122 25/25 97/97
f 22/22 44/44 78/78
f 30/30 128/128 122/122
f 1/1 42/42 21/21
f 8/8 80/80 128/128
f 107/107 107/107 103/103
f 60/60 10/10 10/10
f 58/58 107/107 101/101
f 12/12 9/9 12/12
f 55/55 12/12 26/26
f 61/61 90/90 26/26
f 36/36 36/36 55/55
f 105/105 74/74 1/1
f 3/3 11/11 58/58
f 73/73 79/79 15/15
f 97/97 2/2 93/93
f 83/83 92/92 31/31
f 45/45 90/90 99/99
f 1/1 36/36 69/69
f 76/76 21/21 84/84
f 39/39 80/80 52/52
f 45/45 122/122 87/87
f 73/73 63/63 127/127
f 81/81 17/17 22/22
f 23/23 16/16 128/128
f 21/21 74/74 114/114
f 33/33 1/1 1/1
f 24/24 97/97 98/98
f 43/43 55/55 104/104
f 78/78 82/82 37/37
f 52/52 109/109 114/114
f 74/74 52/52 96/96
f 98/98 55/55 22/22
f 91/91 2/2 46/46
f 33/33 41/41 43/43
f 10/10 59/59 35/35
f 66/66 128/128 122/122
f 97/97 128/128 1/1
f 23/23 18/18 101/101
f 105/105 92/92 88/88
f 29/29 37/37 81/81
f 112/112 91/91 58/58
f 1/1 1/1 7/7
f 6/6 116/116 101/101
f 1/1 46/46 120/120
f 21/21 41/41 105/105
f 97/97 128/128 122/122
f 48/48 21/21 43/43
f 70/70 114/114 11/11
f 6/6 33/33 38/38
f 7/7 7/7 43/43
f 13/13 60/60 31/31
f 3/3 35/35 67/67
f 16/16 72/72 4/4
f 83/83 54/54 1/1
f 47/47 88/88 69/69
f 120/120 52/52 19/19
f 16/16 5/5 2/2
f 47/47 111/111 114/114
f 104/104 128/128 127/127
f 47/47 3/3 51/51
f 17/17 82/82 109/109
f 106/106 70/70 25/25
f 36/36 32/32 32/32
f 105/105 36/36 33/33
f 41/41 26/26 96/96
f 44/44 24/24 10/10
f 128/128 33/33 50/50
f 5/5 97/97 10/10
f 41/41 29/29 56/56
f 33/33 3/3 28/28
f 46/46 85/85 16/16
f 27/27 47/47 89/89
f 105/105 85/85 48/48
f 12/12 76/76 84/84
f 102/102 70/70 74/74
f 2/2 128/128 102/102
f 110/110 62/62 63/63
f 120/120 57/57 56/56
f 1/1 82/82 46/46
f 79/79 10/10 100/100
f 57/57 45/45 38/38
f 74/74 2/2 125/125
f 1/1 72/72 30/30
f 8/8 9/9 8/8
f 65/65 117/117 19/19
f 63/63 42/42 10/10
f 21/21 118/118 108/108
f 1/1 6/6 76/76
f 125/125 80/80 25/25
f 55/55 31/31 115/115
f 95/95 79/79 5/5
f 99/99 85/85 63/63
f 88/88 113/113 74/74
f 113/113 104/104 92/92
f 3/3 5/5 105/105
f 33/33 106/106 65/65
f 96/96 38/38 98/98
f 52/52 18/18 50/50
f 7/7 29/29 42/42
f 45/45 49/49 47/47
f 79/79 45/45 17/17
f 40/40 69/69 92/92
f 66/66 49/49 92/92
f 41/41 65/65 61/61
f 98/98 51/51 105/105
f 98/98 6/6 8/8
f 5/5 71/71 42/42
f 11/11 60/60 98/98
f 107/107 125/125 104/104
f 42/42 89/89 98/98
f 33/33 1/1 5/5
f 65/65 10/10 51/51
f 110/110 128/128 122/122
f 106/106 25/25 86/86
f 35/35 99/99 14/14
f 33/33 128/128 122/122
f 46/46 63/63 128/128
f 108/108 54/54 67/67
f 37/37 113/113 106/106
f 41/41 72/72 22/22
f 125/125 35/35 89/89
f 16/16 14/14 128/128
f 75/75 41/41 47/47
f 5/5 65/65 48/48
f 128/128 37/37 37/37
f 99/99 101/101 103/103
f 40/40 128/128 117/117
f 109/109 116/116 11/11
f 97/97 33/33 26/26
f 46/46 45/45 68/68
f 22/22 116/116 106/106
f 64/64 78/78 112/112
f 18/18 102/102 44/44
f 4/4 110/110 100/100
f 83/83 54/54 93/93
f 38/38 128/128 124/124
f 32/32 105/105 38/38
f 53/53 20/20 34/34
f 92/92 23/23 53/53
f 81/81 66/66 111/111
f 88/88 8/8 28/28
f 22/22 37/37 80/80
f 27/27 52/52 4/4
f 28/28 4/4 17/17
f 115/115 76/76 75/75
f 52/52 74/74 22/22
f 43/43 128/128 124/124
f 21/21 61/61 11/11
f 102/102 1/1 13/13
f 107/107 110/110 127/127
f 89/89 103/103 90/90
f 15/15 41/41 80/80
f 126/126 64/64 46/46
f 29/29 55/55 108/108
f 36/36 28/28 109/109
f 92/92 121/121 97/97
f 5/5 6/6 13/13
f 10/10 11/11 63/63
f 2/2 90/90 42/42
f 109/109 2/2 11/11
f 33/33 109/109 113/113
f 105/105 11/11 62/62
f 87/87 19/19 114/114
f 76/76 119/119 87/87
f 91/91 22/22 45/45
f 112/112 101/101 21/21
f 98/98 34/34 32/32
f 62/62 100/100 26/26
f 18/18 109/109 1/1
f 104/104 53/53 122/122
f 37/37 5/5 56/56
f 3/3 10/10 17/17
f 67/67 24/24 115/115
f 29/29 73/73 82/82
f 15/15 19/19 98/98
f 14/14 78/78 111/111
f 7/7 71/71 82/82
f 8/8 60/60 64/64
f 101/101 69/69 1/1
f 97/97 122/122 67/67
f 123/123 23/23 111/111
f 106/106 106/106 82/82
f 75/75 82/82 90/90
f 58/58 74/74 104/104
f 126/126 107/107 17/17
f 6/6 77/77 6/6
f 5/5 77/77 114/114
f 93/93 128/128 122/122
f 23/23 91/91 109/109
f 63/63 99/99 112/112
f 91/91 55/55 120/120
f 123/123 56/56 41/41
f 121/121 38/38 9/9
f 73/73 20/20 23/23
f 39/39 111/111 51/51
f 25/25 1/1 119/119
f 98/98 108/108 63/63
f 125/125 123/123 61/61
f 66/66 19/19 29/29
f 25/25 37/37 28/28
f 48/48 23/23 109/109
f 125/125 47/47 11/11
f 21/21 97/97 106/106
f 10/10 87/87 29/29
f 27/27 63/63 67/67
f 97/97 44/44 85/85
f 37/37 14/14 30/30
f 70/70 8/8 14/14
f 70/70 44/44 89/89
f 36/36 6/6 59/59
f 54/54 87/87 93/93
f 43/43 30/30 120/120
f 37/37 92/92 21/21
f 26/26 34/34 110/110
f 105/105 42/42 82/82
f 29/29 45/45 39/39
f 28/28 56/56 117/117
f 71/71 108/108 86/86
f 125/125 108/108 29/29
f 17/17 43/43 70/70
f 11/11 124/124 67/67
f 92/92 19/19 110/110
f 27/27 35/35 108/108
f 79/79 37/37 51/51
f 16/16 77/77 54/54
f 1/1 51/51 53/53
f 128/128 30/30 55/55
f 26/26 13/13 1/1
f 80/80 104/104 62/62
f 7/7 87/87 115/115
f 11/11 107/107 64/64
f 1/1 1/1 1/1
f 4/4 121/121 1/1
f 65/65 15/15 86/86
f 35/35 18/18 113/113
f 51/51 14/14 99/99
f 96/96 89/89 54/54
f 73/73 73/73 66/66
f 89/89 41/41 116/116
f 49/49 6/6 45/45
f 106/106 16/16 63/63
f 12/12 92/92 37/37
f 44/44 1/1 42/42
f 32/32 82/82 21/21
f 41/41 102/102 103/103
f 120/120 68/68 83/83
f 29/29 23/23 96/96
f 18/18 75/75 91/91
f 44/44 31/31 40/40
f 23/23 37/37 77/77
f 21/21 92/92 43/43
f 34/34 22/22 118/118
f 73/73 108/108 51/51
f 61/61 92/92 55/55
f 126/126 62/62 105/105
f 60/60 123/123 22/22
f 113/113 20/20 65/65
f 9/9 69/69 18/18
f 67/67 76/76 31/31
f 4/4 70/70 74/74
f 112/112 69/69 95/95
f 122/122 41/41 97/97
f 13/13 110/110 82/82
f 34/34 2/2 49/49
f 4/4 100/100 79/79
f 38/38 18/18 66/66
f 2/2 21/21 75/75
f 13/13 67/67 56/56
f 102/102 8/8 14/14
f 118/118 31/31 66/66
f 71/71 18/18 23/23
f 73/73 64/64 103/103
f 18/18 8/8 30/30
f 65/65 49/49 31/31
f 36/36 103/103 87/87
f 104/104 120/120 52/52
f 116/116 50/50 44/44
f 102/102 72/72 91/91
f 19/19 85/85 26/26
f 18/18 52/52 70/70
f 78/78 99/99 109/109
f 105/105 93/93 7/7
f 80/80 69/69 114/114
f 68/68 8/8 71/71
f 40/40 93/93 35/35
f 111/111 45/45 14/14
f 107/107 27/27 77/77
f 101/101 114/114 33/33
f 80/80 100/100 70/70
f 87/87 43/43 56/56
f 10/10 25/25 51/51
f 5/5 77/77 123/123
f 77/77 112/112 64/64
f 111/111 76/76 2/2
f 13/13 62/62 34/34
f 9/9 12/12 70/70
f 10/10 79/79 9/9
f 47/47 41/41 126/126
f 69/69 25/25 12/12
f 77/77 54/54 44/44
f 39/39 117/117 9/9
f 11/11 118/118 128/128
f 17/17 21/21 16/16
f 125/125 112/112 100/100
f 72/72 35/35 117/117
f 9/9 9/9 37/37
f 3/3 126/126 47/47
f 92/92 44/44 7/7
f 100/100 23/23 106/106
f 107/107 109/109 41/41
f 73/73 94/94 43/43
f 24/24 4/4 114/114
f 30/30 8/8 113/113
f 117/117 21/21 52/52
f 15/15 39/39 37/37
f 3/3 98/98 83/83
f 103/103 58/58 66/66
f 94/94 104/104 50/50
f 99/99 70/70 106/106
f 106/106 52/52 55/55
f 67/67 23/23 69/69
f 24/24 40/40 114/114
f 42/42 21/21 120/120
f 1/1 4/4 18/18
f 54/54 23/23 1/1
f 4/4 9/9 76/76
f 75/75 102/102 33/33
f 60/60 43/43 33/33
f 46/46 72/72 33/33
f 98/98 103/103 112/112
f 127/127 54/54 25/25
f 12/12 127/127 120/120
f 11/11 55/55 126/126
f 61/61 98/98 23/23
f 91/91 9/9 87/87
f 107/107 10/10 60/60
f 67/67 46/46 60/60
f 106/106 102/102 115/115
f 30/30 54/54 9/9
f 21/21 48/48 123/123
f 22/22 78/78 61/61
f 85/85 29/29 123/123
f 86/86 11/11 58/58
f 40/40 46/46 5/5
f 71/71 53/53 19/19
f 36/36 3/3 33/33
f 54/54 94/94 116/116
f 109/109 61/61 65/65
f 1/1 67/67 128/128
f 34/34 39/39 63/63
f 17/17 21/21 7/7
f 26/26 11/11 75/75
f 89/89 81/81 89/89
f 9/9 116/116 5/5
f 110/110 46/46 108/108
f 18/18 11/11 120/120
f 37/37 84/84 7/7
f 70/70 67/67 26/26
f 1/1 81/81 68/68
f 27/27 70/70 26/26
f 95/95 26/26 13/13
f 37/37 89/89 25/25
f 59/59 77/77 122/122
f 12/12 114/114 22/22
f 96/96 126/126 96/96
f 120/120 126/126 25/25
f 69/69 11/11 43/43
f 6/6 5/5 17/17
f 46/46 35/35 39/39
f 16/16 42/42 2/2
f 43/43 25/25 54/54
f 17/17 102/102 50/50
f 12/12 121/121 111/111
f 25/25 42/42 11/11
f 106/106 84/84 39/39
f 80/80 11/11 70/70
f 25/25 4/4 99/99
f 5/5 5/5 99/99
f 13/13 85/85 23/23
f 71/71 44/44 11/11
f 96/96 77/77 124/124
f 104/104 112/112 31/31
f 60/60 115/115 57/57
f 79/79 23/23 32/32
f 99/99 88/88 112/112
f 61/61 92/92 60/60
f 33/33 20/20 7/7
f 45/45 43/43 124/124
f 89/89 65/65 79/79
f 65/65 102/102 57/57
f 35/35 56/56 82/82
f 68/68 10/10 104/104
f 62/62 86/86 85/85
f 72/72 128/128 122/122
f 28/28 14/14 2/2
f 128/128 89/89 73/73
f 45/45 11/11 126/126
f 87/87 22/22 54/54
f 4/4 9/9 44/44
f 75/75 90/90 61/61
f 128/128 77/77 27/27
f 1/1 4/4 107/107
f 35/35 64/64 99/99
f 93/93 55/55 60/60
f 97/97 5/5 63/63
f 65/65 109/109 57/57
f 68/68 68/68 55/55
f 29/29 12/12 33/33
f 120/120 27/27 65/65
f 65/65 106/106 115/115
f 108/108 55/55 26/26
f 19/19 98/98 34/34
f 122/122 55/55 56/56
f 90/90 117/117 63/63
f 122/122 41/41 97/97
f 98/98 17/17 4/4
f 66/66 111/111 115/115
f 68/68 94/94 5/5
f 45/45 73/73 128/128
f 84/84 119/119 33/33
f 118/118 17/17 92/92
f 78/78 58/58 97/97
f 31/31 70/70 68/68
f 125/125 4/4 17/17
f 111/111 65/65 125/125
f 28/28 83/83 42/42
f 28/28 61/61 103/103
f 127/127 112/112 65/65
f 12/12 45/45 12/12
f 102/102 128/128 128/128
f 74/74 127/127 107/107
f 91/91 111/111 15/15
f 102/102 81/81 45/45
f 1/1 77/77 59/59
f 27/27 65/65 107/107
f 95/95 127/127 87/87
f 127/127 114/114 7/7
f 5/5 13/13 72/72
f 111/111 128/128 122/122
f 106/106 23/23 126/126
f 42/42 52/52 32/32
f 99/99 84/84 51/51
f 87/87 83/83 52/52
f 81/81 92/92 127/127
f 37/37 71/71 76/76
f 57/57 79/79 5/5
f 84/84 22/22 54/54
f 33/33 81/81 89/89
f 6/6 81/81 17/17
f 121/121 97/97 59/59
f 124/124 57/57 75/75
f 83/83 59/59 87/87
f 104/104 33/33 115/115
f 64/64 90/90 36/36
f 124/124 24/24 51/51
f 67/67 40/40 79/79
f 109/109 82/82 111/111
f 8/8 115/115 58/58
f 98/98 128/128 122/122
f 71/71 107/107 36/36
f 43/43 6/6 83/83
f 39/39 85/85 78/78
f 91/91 123/123 128/128
f 57/57 8/8 81/81
f 51/51 65/65 18/18
f 33/33 1/1 43/43
f 35/35 38/38 72/72
f 123/123 78/78 41/41
f 48/48 43/43 48/48
f 100/100 59/59 34/34
f 47/47 42/42 97/97
f 14/14 110/110 96/96
f 1/1 72/72 9/9
f 4/4 120/120 74/74
f 19/19 69/69 120/120
f 83/83 95/95 42/42
f 68/68 17/17 27/27
f 71/71 84/84 98/98
f 17/17 19/19 53/53
f 79/79 47/47 42/42
f 67/67 28/28 15/15
f 2/2 98/98 57/57
f 66/66 111/111 128/128
f 41/41 39/39 46/46
f 19/19 90/90 56/56
f 66/66 4/4 14/14
f 84/84 22/22 47/47
f 86/86 80/80 76/76
f 121/121 91/91 43/43
f 1/1 124/124 101/101
f 54/54 124/124 62/62
f 97/97 62/62 128/128
f 77/77 20/20 62/62
f 90/90 2/2 9/9
f 123/123 22/22 60/60
f 16/16 11/11 111/111
f 85/85 33/33 32/32
f 39/39 43/43 123/123
f 78/78 19/19 112/112
f 94/94 21/21 90/90
f 67/67 5/5 66/66
f 18/18 89/89 94/94
f 120/120 97/97 109/109
f 28/28 60/60 117/117
f 2/2 127/127 85/85
f 2/2 123/123 37/37
f 54/54 42/42 60/60
f 128/128 107/107 89/89
f 44/44 52/52 36/36
f 52/52 13/13 11/11
f 22/22 109/109 87/87
f 77/77 44/44 108/108
f 34/34 119/119 55/55
f 9/9 119/119 52/52
f 95/95 115/115 42/42
f 26/26 68/68 108/108
f 1/1 29/29 81/81
f 54/54 2/2 47/47
f 98/98 1/1 49/49
f 69/69 50/50 127/127
f 10/10 73/73 76/76
f 9/9 86/86 119/119
f 33/33 69/69 18/18
f 84/84 85/85 27/27
f 54/54 78/78 9/9
f 25/25 32/32 11/11
f 98/98 113/113 1/1
f 41/41 69/69 99/99
f 2/2 25/25 61/61
f 87/87 107/107 120/120
f 47/47 7/7 33/33
f 46/46 52/52 41/41
f 35/35 39/39 49/49
f 102/102 54/54 17/17
f 114/114 3/3 82/82
f 7/7 82/82 12/12
f 43/43 54/54 87/87
f 50/50 99/99 3/3
f 123/123 19/19 103/103
f 23/23 22/22 113/113
f 122/122 13/13 77/77
f 110/110 110/110 55/55
f 52/52 39/39 20/20
f 91/91 115/115 118/118
f 31/31 33/33 5/5
f 15/15 30/30 112/112
f 126/126 2/2 13/13
f 68/68 51/51 43/43
f 46/46 13/13 41/41
f 48/48 8/8 34/34
f 119/119 19/19 84/84
f 11/11 15/15 102/102
f 16/16 111/111 105/105
f 69/69 51/51 4/4
f 72/72 38/38 14/14
f 33/33 41/41 12/12
f 17/17 71/71 10/10
f 65/65 16/16 22/22
f 71/71 61/61 103/103
f 37/37 60/60 31/31
f 35/35 45/45 76/76
f 100/100 53/53 90/90
f 92/92 83/83 3/3
f 23/23 70/70 16/16
f 28/28 58/58 8/8
f 93/93 75/75 71/71
f 4/4 42/42 18/18
f 34/34 46/46 40/40
f 91/91 3/3 31/31
f 52/52 39/39 86/86
f 2/2 9/9 101/101
f 113/113 88/88 76/76
f 128/128 103/103 98/98
f 70/70 58/58 85/85
f 83/83 109/109 95/95
f 88/88 65/65 119/119
f 70/70 128/128 122/122
f 54/54 64/64 87/87
f 70/70 13/13 45/45
f 49/49 113/113 40/40
f 14/14 30/30 91/91
f 84/84 94/94 39/39
f 92/92 124/124 90/90
f 60/60 73/73 32/32
f 125/125 86/86 107/107
f 57/57 79/79 92/92
f 44/44 54/54 32/32
f 38/38 8/8 100/100
f 8/8 77/77 117/117
f 25/25 104/104 114/114
f 101/101 58/58 122/122
f 30/30 29/29 112/112
f 74/74 1/1 84/84
f 33/33 1/1 81/81
f 49/49 33/33 69/69
f 50/50 19/19 43/43
f 68/68 90/90 11/11
f 1/1 11/11 102/102
f 54/54 123/123 56/56
f 28/28 47/47 128/128
f 48/48 75/75 115/115
f 100/100 28/28 119/119
f 56/56 128/128 115/115
f 18/18 128/128 122/122
f 29/29 98/98 78/78
f 32/32 111/111 97/97
f 115/115 104/104 27/27
f 41/41 5/5 7/7
f 2/2 118/118 66/66
f 100/100 8/8 53/53
f 62/62 4/4 40/40
f 77/77 87/87 97/97
f 78/78 6/6 108/108
f 9/9 43/43 108/108
f 86/86 39/39 86/86
f 122/122 60/60 45/45
f 63/63 41/41 57/57
f 11/11 52/52 106/106
f 50/50 15/15 119/119
f 123/123 54/54 4/4
f 63/63 84/84 47/47
f 94/94 97/97 26/26
f 13/13 15/15 114/114
f 89/89 105/105 57/57
f 34/34 112/112 27/27
f 6/6 43/43 52/52
f 49/49 7/7 77/77
f 54/54 52/52 5/5
f 77/77 33/33 68/68
f 95/95 55/55 107/107
f 8/8 2/2 7/7
f 25/25 9/9 74/74
f 100/100 70/70 90/90
f 65/65 18/18 23/23
f 114/114 90/90 34/34
f 4/4 17/17 91/91
f 35/35 103/103 54/54
f 67/67 128/128 122/122
f 65/65 25/25 93/93
f 28/28 128/128 122/122
f 80/80 35/35 28/28
f 99/99 58/58 3/3
f 104/104 48/48 70/70
f 86/86 123/123 70/70
f 5/5 115/115 35/35
f 104/104 23/23 57/57
f 65/65 82/82 81/81
f 88/88 115/115 66/66
f 123/123 39/39 38/38
f 13/13 121/121 81/81
f 97/97 94/94 64/64
f 87/87 125/125 65/65
f 34/34 33/33 12/12
f 70/70 52/52 23/23
f 23/23 47/47 33/33
f 92/92 8/8 100/100
f 31/31 34/34 104/104
f 73/73 88/88 11/11
f 122/122 41/41 97/97
f 3/3 25/25 87/87
f 79/79 122/122 67/67
f 21/21 120/120 35/35
f 24/24 92/92 95/95
f 19/19 93/93 56/56
f 16/16 29/29 14/14
f 67/67 17/17 63/63
f 2/2 38/38 26/26
f 2/2 68/68 1/1
f 33/33 81/81 113/113
f 1/1 63/63 19/19
f 80/80 17/17 34/34
f 94/94 128/128 128/128
f 110/110 44/44 47/47
f 118/118 11/11 2/2
f 47/47 40/40 19/19
f 97/97 107/107 86/86
f 118/118 111/111 103/103
f 58/58 55/55 71/71
f 100/100 89/89 30/30
f 40/40 115/115 51/51
f 49/49 120/120 74/74
f 7/7 68/68 44/44
f 21/21 84/84 108/108
f 19/19 58/58 81/81
f 42/42 77/77 38/38
f 100/100 128/128 17/17
f 116/116 91/91 30/30
f 65/65 107/107 43/43
f 31/31 70/70 21/21
f 8/8 23/23 113/113
f 112/112 92/92 92/92
f 86/86 68/68 48/48
f 116/116 126/126 101/101
f 4/4 87/87 108/108
f 29/29 76/76 73/73
f 1/1 3/3 56/56
f 123/123 24/24 124/124
f 32/32 23/23 85/85
f 3/3 7/7 35/35
f 31/31 83/83 39/39
f 27/27 102/102 1/1
f 67/67 102/102 11/11
f 31/31 9/9 53/53
f 15/15 61/61 80/80
f 112/112 117/117 87/87
f 37/37 122/122 98/98
f 65/65 2/2 65/65
f 48/48 101/101 17/17
f 108/108 29/29 14/14
f 23/23 25/25 20/20
f 11/11 16/16 34/34
f 74/74 128/128 122/122
f 128/128 91/91 20/20
f 102/102 37/37 114/114
f 4/4 5/5 89/89
f 54/54 3/3 105/105
f 22/22 77/77 82/82
f 23/23 18/18 33/33
f 97/97 118/118 110/110
f 41/41 42/42 6/6
f 18/18 55/55 23/23
f 27/27 47/47 74/74
f 105/105 70/70 94/94
f 66/66 87/87 126/126
f 19/19 92/92 83/83
f 29/29 10/10 55/55
f 20/20 72/72 117/117
f 34/34 86/86 75/75
f 104/104 117/117 104/104
f 21/21 4/4 92/92
f 48/48 104/104 53/53
f 60/60 30/30 63/63
f 126/126 123/123 104/104
f 115/115 2/2 7/7
f 122/122 95/95 27/27
f 72/72 71/71 33/33
f 104/104 22/22 115/115
f 119/119 107/107 89/89
f 22/22 110/110 86/86
f 118/118 94/94 75/75
f 107/107 89/89 19/19
f 89/89 69/69 6/6
f 66/66 115/115 12/12
f 113/113 33/33 13/13
f 15/15 105/105 46/46
f 80/80 76/76 20/20
f 3/3 128/128 122/122
f 12/12 42/42 8/8
f 40/40 4/4 4/4
f 11/11 54/54 90/90
f 118/118 88/88 38/38
f 70/70 109/109 65/65
f 59/59 10/10 15/15
f 59/59 120/120 111/111
f 19/19 23/23 95/95
f 96/96 43/43 44/44
f 57/57 44/44 20/20
f 10/10 31/31 114/114
f 47/47 93/93 115/115
f 14/14 53/53 77/77
f 23/23 45/45 125/125
f 12/12 89/89 65/65
f 39/39 128/128 122/122
f 97/97 115/115 16/16
f 67/67 115/115 3/3
f 45/45 87/87 24/24
f 50/50 26/26 30/30
f 118/118 34/34 41/41
f 33/33 97/97 62/62
f 33/33 9/9 71/71
f 53/53 47/47 1/1
f 78/78 4/4 124/124
f 45/45 120/120 26/26
f 32/32 48/48 29/29
f 54/54 79/79 47/47
f 12/12 25/25 83/83
f 88/88 128/128 6/6
f 8/8 41/41 39/39
f 44/44 106/106 81/81
f 33/33 11/11 58/58
f 81/81 10/10 102/102
f 68/68 68/68 121/121
f 66/66 14/14 46/46
f 64/64 128/128 26/26
f 87/87 51/51 97/97
f 14/14 67/67 34/34
f 25/25 86/86 94/94
f 104/104 127/127 22/22
f 20/20 73/73 81/81
f 2/2 12/12 110/110
f 91/91 47/47 105/105
f 76/76 68/68 82/82
f 82/82 79/79 119/119
f 13/13 21/21 94/94
f 126/126 103/103 72/72
f 85/85 128/128 122/122
f 65/65 1/1 1/1
f 1/1 1/1 1/1
f 51/51 121/121 17/17
f 56/56 121/121 8/8
f 103/103 89/89 79/79
f 16/16 23/23 86/86
f 123/123 119/119 50/50
f 56/56 110/110 52/52
f 17/17 78/78 124/124
f 113/113 17/17 21/21
f 58/58 128/128 128/128
f 107/107 53/53 87/87
f 49/49 9/9 21/21
f 123/123 124/124 122/122
f 121/121 47/47 6/6
f 43/43 69/69 118/118
f 77/77 8/8 46/46
f 47/47 65/65 62/62
f 81/81 75/75 9/9
f 117/117 42/42 31/31
f 119/119 38/38 117/117
f 122/122 63/63 112/112
f 81/81 13/13 9/9
f 80/80 54/54 85/85
f 100/100 75/75 43/43
f 14/14 103/103 28/28
f 83/83 123/123 58/58
f 15/15 70/70 66/66
f 23/23 85/85 4/4
f 22/22 58/58 29/29
f 106/106 77/77 85/85
f 121/121 75/75 3/3
f 23/23 87/87 71/71
f 26/26 18/18 13/13
f 40/40 76/76 26/26
f 33/33 8/8 60/60
f 19/19 25/25 34/34
f 108/108 100/100 87/87
f 23/23 21/21 36/36
f 27/27 6/6 18/18
f 38/38 6/6 19/19
f 108/108 102/102 63/63
f 54/54 53/53 16/16
f 79/79 71/71 86/86
f 124/124 117/117 86/86
f 94/94 65/65 39/39
f 35/35 27/27 119/119
f 40/40 119/119 37/37
f 65/65 1/1 19/19
f 30/30 73/73 58/58
f 30/30 58/58 77/77
f 28/28 42/42 97/97
f 9/9 107/107 76/76
f 58/58 30/30 36/36
f 50/50 64/64 46/46
f 6/6 104/104 19/19
f 23/23 126/126 63/63
f 34/34 38/38 128/128
f 45/45 109/109 100/100
f 73/73 5/5 36/36
f 107/107 22/22 103/103
f 34/34 64/64 118/118
f 122/122 92/92 40/40
f 29/29 62/62 9/9
f 28/28 28/28 82/82
f 76/76 90/90 101/101
f 72/72 11/11 121/121
f 2/2 10/10 2/2
f 87/87 104/104 81/81
f 127/127 52/52 77/77
f 45/45 4/4 13/13
f 12/12 29/29 7/7
f 101/101 12/12 70/70
f 68/68 5/5 18/18
f 34/34 74/74 55/55
f 44/44 30/30 85/85
f 103/103 52/52 103/103
f 20/20 123/123 98/98
f 87/87 30/30 91/91
f 30/30 3/3 52/52
f 27/27 46/46 89/89
f 89/89 14/14 93/93
f 36/36 72/72 106/106
f 32/32 16/16 3/3
f 65/65 64/64 1/1
f 7/7 34/34 39/39
f 25/25 86/86 126/126
f 3/3 43/43 37/37
f 41/41 57/57 121/121
f 106/106 65/65 91/91
f 13/13 95/95 39/39
f 26/26 3/3 85/85
f 43/43 81/81 25/25
f 22/22 21/21 127/127
f 93/93 33/33 115/115
f 13/13 53/53 40/40
f 91/91 41/41 107/107
f 32/32 48/48 61/61
f 95/95 61/61 75/75
f 1/1 47/47 45/45
f 97/97 69/69 38/38
f 87/87 39/39 105/105
f 81/81 94/94 37/37
f 112/112 108/108 27/27
f 98/98 65/65 27/27
f 101/101 33/33 15/15
f 51/51 125/125 18/18
f 72/72 19/19 73/73
f 76/76 37/37 27/27
f 46/46 72/72 90/90
f 66/66 1/1 84/84
f 90/90 79/79 22/22
f 10/10 128/128 128/128
f 118/118 33/33 115/115
f 99/99 81/81 101/101
f 50/50 67/67 29/29
f 18/18 128/128 122/122
f 2/2 33/33 92/92
f 13/13 126/126 53/53
f 119/119 73/73 59/59
f 75/75 46/46 11/11
f 75/75 30/30 59/59
f 87/87 82/82 1/1
f 10/10 65/65 49/49
f 103/103 1/1 88/88
f 44/44 47/47 49/49
f 73/73 58/58 24/24
f 111/111 62/62 32/32
f 24/24 73/73 10/10
f 39/39 70/70 43/43
f 93/93 27/27 99/99
f 43/43 86/86 64/64
f 115/115 21/21 35/35
f 1/1 95/95 101/101
f 85/85 60/60 59/59
f 69/69 45/45 36/36
f 41/41 38/38 67/67
f 96/96 15/15 37/37
f 117/117 52/52 85/85
f 44/44 67/67 27/27
f 119/119 60/60 56/56
f 1/1 4/4 12/12
f 11/11 48/48 79/79
f 46/46 86/86 22/22
f 116/116 113/113 3/3
f 94/94 35/35 83/83
f 128/128 22/22 65/65
f 98/98 68/68 14/14
f 35/35 117/117 35/35
f 51/51 21/21 55/55
f 65/65 99/99 115/115
f 95/95 62/62 113/113
f 126/126 27/27 97/97
f 64/64 30/30 36/36
f 95/95 120/120 47/47
f 9/9 40/40 18/18
f 31/31 115/115 23/23
f 71/71 79/79 102/102
f 32/32 102/102 120/120
f 121/121 108/108 69/69
f 37/37 86/86 38/38
f 113/113 100/100 53/53
f 70/70 76/76 95/95
f 63/63 5/5 8/8
f 23/23 33/33 8/8
f 18/18 61/61 33/33
f 25/25 8/8 106/106
f 56/56 17/17 38/38
f 81/81 85/85 43/43
f 53/53 37/37 10/10
f 17/17 4/4 30/30
f 5/5 42/42 47/47
f 84/84 92/92 6/6
f 40/40 50/50 110/110
f 18/18 115/115 64/64
f 72/72 39/39 29/29
f 93/93 56/56 3/3
f 29/29 52/52 66/66
f 43/43 81/81 35/35
f 74/74 100/100 43/43
f 25/25 17/17 54/54
f 90/90 89/89 27/27
f 32/32 34/34 120/120
f 49/49 105/105 51/51
f 48/48 12/12 114/114
f 125/125 44/44 100/100
f 100/100 63/63 79/79
f 103/103 7/7 26/26
f 15/15 6/6 70/70
f 95/95 69/69 45/45
f 22/22 14/14 81/81
f 85/85 89/89 84/84
f 126/126 95/95 17/17
f 89/89 27/27 21/21
f 97/97 61/61 95/95
f 9/9 29/29 50/50
f 23/23 17/17 85/85
f 119/119 7/7 104/104
f 105/105 32/32 107/107
f 66/66 110/110 30/30
f 67/67 9/9 106/106
f 125/125 54/54 38/38
f 61/61 7/7 1/1
f 53/53 65/65 73/73
f 2/2 68/68 6/6
f 41/41 79/79 7/7
f 25/25 23/23 47/47
f 52/52 24/24 87/87
f 97/97 6/6 109/109
f 101/101 103/103 75/75
f 27/27 54/54 121/121
f 103/103 95/95 52/52
f 22/22 33/33 89/89
f 14/14 54/54 83/83
f 128/128 122/122 41/41
f 2/2 55/55 6/6
f 76/76 52/52 52/52
f 9/9 68/68 38/38
f 122/122 87/87 86/86
f 23/23 33/33 77/77
f 95/95 50/50 27/27
f 9/9 82/82 29/29
f 101/101 126/126 122/122
f 112/112 20/20 79/79
f 75/75 30/30 20/20
f 42/42 53/53 89/89
f 124/124 95/95 57/57
f 53/53 73/73 69/69
f 81/81 43/43 128/128
f 36/36 54/54 37/37
f 59/59 41/41 19/19
f 37/37 82/82 119/119
f 82/82 34/34 95/95
f 7/7 1/1 41/41
f 2/2 33/33 50/50
f 55/55 42/42 114/114
f 1/1 87/87 22/22
f 20/20 11/11 71/71
f 84/84 83/83 21/21
f 84/84 48/48 126/126
f 19/19 45/45 39/39
f 54/54 99/99 119/119
f 3/3 126/126 92/92
f 100/100 63/63 68/68
f 18/18 111/111 16/16
f 108/108 22/22 66/66
f 44/44 101/101 93/93
f 15/15 1/1 81/81
f 22/22 8/8 92/92
f 65/65 49/49 81/81
f 1/1 1/1 33/33
f 28/28 7/7 53/53
f 79/79 127/127 106/106
f 17/17 97/97 117/117
f 45/45 24/24 38/38
f 69/69 24/24 19/19
f 27/27 127/127 24/24
f 44/44 62/62 61/61
f 100/100 93/93 43/43
f 38/38 8/8 15/15
f 97/97 90/90 23/23
f 5/5 59/59 35/35
f 28/28 126/126 76/76
f 37/37 66/66 120/120
f 96/96 13/13 79/79
f 5/5 2/2 66/66
f 75/75 40/40 24/24
f 7/7 91/91 34/34
f 68/68 70/70 7/7
f 19/19 43/43 126/126
f 4/4 127/127 60/60
f 51/51 29/29 41/41
f 117/117 63/63 36/36
f 70/70 36/36 35/35
f 29/29 79/79 111/111
f 110/110 94/94 104/104
f 70/70 81/81 21/21
f 112/112 77/77 37/37
f 20/20 105/105 1/1
f 43/43 33/33 59/59
f 88/88 29/29 109/109
f 60/60 76/76 86/86
f 40/40 4/4 64/64
f 24/24 57/57 61/61
f 6/6 36/36 25/25
f 61/61 1/1 125/125
f 61/61 1/1 125/125
f 61/61 1/1 125/125
f 61/61 1/1 125/125
f 61/61 1/1 125/125
f 61/61 1/1 125/125
f 61/61 1/1 125/125
f 12/12 49/49 124/124
f 23/23 100/100 5/5
f 35/35 91/91 17/17
f 25/25 48/48 9/9
f 27/27 78/78 60/60
f 31/31 1/1 101/101
f 80/80 122/122 8/8
f 118/118 67/67 22/22
f 31/31 104/104 68/68
f 8/8 39/39 100/100
f 101/101 119/119 75/75
f 128/128 61/61 27/27
f 110/110 15/15 67/67
f 52/52 43/43 52/52
f 61/61 1/1 125/125
f 61/61 1/1 125/125
f 33/33 8/8 128/128
f 2/2 66/66 50/50
f 1/1 121/121 13/13
f 83/83 68/68 43/43
f 78/78 17/17 102/102
f 113/113 85/85 19/19
f 128/128 122/122 41/41
f 61/61 110/110 115/115
f 110/110 27/27 41/41
f 1/1 116/116 44/44
f 63/63 123/123 122/122
f 12/12 114/114 48/48
f 48/48 113/113 88/88
f 50/50 104/104 108/108
f 10/10 26/26 40/40
f 110/110 86/86 94/94
f 49/49 128/128 61/61
f 99/99 49/49 11/11
f 9/9 98/98 50/50
f 93/93 55/55 110/110
f 17/17 113/113 4/4
f 33/33 62/62 128/128
f 79/79 123/123 57/57
f 78/78 10/10 31/31
f 3/3 7/7 3/3
f 22/22 51/51 65/65
f 121/121 100/100 109/109
f 102/102 22/22 91/91
f 33/33 116/116 21/21
f 90/90 77/77 44/44
f 57/57 45/45 10/10
f 1/1 1/1 2/2
f 85/85 18/18 12/12
f 3/3 3/3 4/4
f 12/12 30/30 112/112
f 53/53 48/48 36/36
f 96/96 77/77 125/125
f 7/7 82/82 79/79
f 22/22 8/8 14/14
f 108/108 122/122 4/4
f 24/24 98/98 113/113
f 80/80 95/95 82/82
f 3/3 68/68 89/89
f 70/70 74/74 31/31
f 51/51 83/83 65/65
f 6/6 94/94 17/17
f 5/5 82/82 5/5
f 31/31 106/106 92/92
f 62/62 7/7 55/55
f 55/55 90/90 114/114
f 109/109 96/96 60/60
f 111/111 120/120 73/73
f 103/103 87/87 61/61
f 122/122 5/5 17/17
f 111/111 114/114 119/119
f 116/116 48/48 112/112
f 57/57 6/6 4/4
f 67/67 105/105 13/13
f 13/13 25/25 11/11
f 40/40 108/108 106/106
f 7/7 76/76 5/5
f 57/57 75/75 59/59
f 35/35 103/103 53/53
f 3/3 7/7 50/50
f 41/41 62/62 101/101
f 86/86 74/74 105/105
f 118/118 7/7 75/75
f 71/71 103/103 123/123
f 12/12 5/5 45/45
f 30/30 72/72 50/50
f 25/25 42/42 62/62
f 11/11 28/28 119/119
f 21/21 22/22 89/89
f 106/106 75/75 97/97
f 27/27 57/57 19/19
f 62/62 80/80 34/34
f 61/61 1/1 125/125
f 61/61 1/1 125/125
f 25/25 25/25 89/89
f 18/18 28/28 75/75
f 5/5 109/109 89/89
f 100/100 91/91 61/61
f 127/127 94/94 66/66
f 23/23 26/26 87/87
f 3/3 114/114 28/28
f 116/116 38/38 123/123
f 1/1 67/67 35/35
f 108/108 42/42 44/44
f 3/3 112/112 6/6
f 23/23 107/107 77/77
f 76/76 9/9 23/23
f 17/17 51/51 116/116
f 83/83 13/13 46/46
f 88/88 68/68 60/60
f 22/22 24/24 19/19
f 38/38 98/98 118/118
f 17/17 26/26 52/52
f 57/57 102/102 4/4
f 25/25 19/19 17/17
f 43/43 50/50 3/3
f 68/68 39/39 35/35
f 20/20 3/3 1/1
f 87/87 60/60 125/125
f 49/49 80/80 3/3
f 83/83 70/70 84/84
f 45/45 20/20 128/128
f 121/121 124/124 60/60
f 85/85 76/76 63/63
f 88/88 43/43 117/117
f 44/44 62/62 40/40
f 101/101 85/85 49/49
f 13/13 18/18 101/101
f 58/58 9/9 76/76
f 47/47 15/15 116/116
f 33/33 33/33 106/106
f 67/67 1/1 1/1
f 106/106 9/9 7/7
f 70/70 117/117 124/124
f 24/24 98/98 128/128
f 128/128 122/122 41/41
f 80/80 31/31 38/38
f 8/8 41/41 14/14
f 14/14 110/110 9/9
f 75/75 10/10 47/47
f 91/91 78/78 89/89
f 52/52 123/123 5/5
f 22/22 29/29 60/60
f 108/108 81/81 74/74
f 116/116 99/99 94/94
f 84/84 107/107 35/35
f 5/5 18/18 65/65
f 22/22 11/11 6/6
f 42/42 106/106 41/41
f 95/95 22/22 95/95
f 36/36 111/111 72/72
f 68/68 66/66 105/105
f 113/113 87/87 72/72
f 35/35 52/52 103/103
f 122/122 83/83 77/77
f 99/99 43/43 103/103
f 16/16 115/115 47/47
f 2/2 43/43 128/128
f 128/128 128/128 128/128
f 99/99 47/47 23/23
f 108/108 101/101 72/72
f 97/97 128/128 127/127
f 105/105 29/29 67/67
f 61/61 1/1 125/125
f 61/61 1/1 125/125
f 61/61 1/1 125/125
f 61/61 1/1 125/125
f 61/61 1/1 125/125
f 86/86 90/90 112/112
f 37/37 12/12 108/108
f 66/66 74/74 51/51
f 43/43 97/97 90/90
f 114/114 97/97 108/108
f 17/17 8/8 18/18
f 61/61 1/1 125/125
f 61/61 1/1 125/125
f 61/61 1/1 125/125
f 61/61 1/1 125/125
f 84/84 1/1 41/41
f 16/16 125/125 57/57
f 77/77 27/27 26/26
f 113/113 85/85 50/50
f 11/11 49/49 52/52
f 116/116 60/60 50/50
f 25/25 106/106 89/89
f 94/94 54/54 91/91
f 128/128 50/50 36/36
f 36/36 70/70 19/19
f 102/102 75/75 120/120
f 20/20 104/104 86/86
f 67/67 103/103 21/21
f 9/9 5/5 48/48
f 49/49 34/34 99/99
f 13/13 102/102 57/57
f 122/122 92/92 15/15
f 34/34 45/45 51/51
f 107/107 107/107 5/5
f 21/21 49/49 1/1
f 1/1 56/56 64/64
f 128/128 122/122 41/41
f 84/84 49/49 11/11
f 34/34 35/35 128/128
f 25/25 90/90 89/89
f 73/73 65/65 10/10
f 128/128 85/85 65/65
f 46/46 69/69 84/84
f 44/44 16/16 109/109
f 67/67 96/96 46/46
f 24/24 23/23 80/80
f 40/40 37/37 79/79
f 95/95 111/111 17/17
f 13/13 33/33 34/34
f 55/55 32/32 65/65
f 64/64 128/128 95/95
f 10/10 26/26 73/73
f 49/49 99/99 75/75
f 6/6 99/99 69/69
f 128/128 122/122 41/41
f 105/105 16/16 86/86
f 100/100 5/5 78/78
f 77/77 33/33 117/117
f 9/9 20/20 72/72
f 51/51 52/52 58/58
f 24/24 102/102 73/73
f 37/37 68/68 110/110
f 79/79 94/94 6/6
f 34/34 29/29 124/124
f 86/86 96/96 128/128
f 107/107 112/112 72/72
f 63/63 49/49 52/52
f 108/108 33/33 54/54
f 82/82 125/125 40/40
f 2/2 72/72 52/52
f 75/75 97/97 83/83
f 14/14 27/27 120/120
f 69/69 35/35 34/34
f 27/27 6/6 47/47
f 24/24 100/100 105/105
f 58/58 83/83 128/128
f 60/60 38/38 62/62
f 94/94 21/21 111/111
f 79/79 28/28 35/35
f 14/14 23/23 90/90
f 33/33 1/1 9/9
f 41/41 25/25 1/1
f 106/106 97/97 67/67
f 17/17 106/106 96/96
f 35/35 50/50 4/4
f 72/72 14/14 49/49
f 33/33 55/55 121/121
f 7/7 128/128 122/122
f 78/78 105/105 1/1
f 84/84 124/124 47/47
f 27/27 18/18 28/28
f 128/128 122/122 41/41
f 118/118 14/14 94/94
f 82/82 128/128 127/127
f 116/116 3/3 98/98
f 21/21 25/25 87/87
f 2/2 26/26 27/27
f 11/11 112/112 93/93
f 1/1 44/44 39/39
f 101/101 13/13 66/66
f 51/51 81/81 88/88
f 71/71 105/105 68/68
f 9/9 59/59 81/81
f 2/2 110/110 28/28
f 16/16 17/17 91/91
f 4/4 37/37 49/49
f 116/116 120/120 86/86
f 22/22 111/111 84/84
f 95/95 60/60 128/128
f 25/25 45/45 93/93
f 10/10 81/81 120/120
f 78/78 104/104 22/22
f 115/115 11/11 128/128
f 29/29 61/61 123/123
f 105/105 1/1 1/1
f 118/118 5/5 86/86
f 88/88 34/34 102/102
f 35/35 115/115 15/15
f 44/44 36/36 66/66
f 77/77 95/95 123/123
f 7/7 39/39 103/103
f 112/112 128/128 46/46
f 53/53 48/48 53/53
f 100/100 7/7 69/69
f 47/47 17/17 1/1
f 49/49 86/86 11/11
f 98/98 68/68 110/110
f 122/122 44/44 31/31
f 81/81 124/124 50/50
f 20/20 74/74 6/6
f 3/3 5/5 69/69
f 5/5 29/29 80/80
f 91/91 115/115 128/128
f 1/1 45/45 12/12
f 71/71 120/120 100/100
f 25/25 26/26 17/17
f 52/52 25/25 10/10
f 31/31 108/108 13/13
f 16/16 121/121 112/112
f 107/107 128/128 122/122
f 97/97 54/54 7/7
f 74/74 127/127 33/33
f 101/101 80/80 73/73
f 7/7 46/46 105/105
f 69/69 126/126 105/105
f 97/97 9/9 41/41
f 76/76 76/76 128/128
f 79/79 59/59 7/7
f 26/26 33/33 14/14
f 37/37 65/65 26/26
f 87/87 27/27 10/10
f 84/84 19/19 92/92
f 82/82 11/11 88/88
f 1/1 42/42 85/85
f 36/36 41/41 27/27
f 93/93 55/55 76/76
f 124/124 94/94 64/64
f 43/43 104/104 22/22
f 19/19 108/108 118/118
f 92/92 127/127 59/59
f 32/32 114/114 13/13
f 71/71 38/38 53/53
f 6/6 12/12 29/29
f 79/79 78/78 128/128
f 59/59 30/30 56/56
f 128/128 36/36 86/86
f 70/70 128/128 72/72
f 60/60 38/38 112/112
f 34/34 39/39 94/94
f 27/27 6/6 90/90
f 3/3 28/28 77/77
f 80/80 16/16 64/64
f 23/23 97/97 36/36
f 122/122 51/51 118/118
f 95/95 89/89 74/74
f 6/6 32/32 89/89
f 29/29 114/114 74/74
f 80/80 61/61 83/83
f 22/22 16/16 119/119
f 28/28 56/56 35/35
f 112/112 110/110 128/128
f 127/127 87/87 118/118
f 55/55 1/1 4/4
f 41/41 70/70 37/37
f 86/86 25/25 111/111
f 81/81 128/128 94/94
f 1/1 28/28 58/58
f 73/73 88/88 127/127
f 30/30 52/52 74/74
f 99/99 60/60 26/26
f 62/62 54/54 64/64
f 64/64 80/80 61/61
f 118/118 8/8 75/75
f 84/84 128/128 122/122
f 97/97 110/110 8/8
f 8/8 11/11 112/112
f 34/34 58/58 96/96
f 83/83 4/4 27/27
f 104/104 89/89 56/56
f 79/79 125/125 6/6
f 82/82 108/108 128/128
f 73/73 22/22 81/81
f 41/41 65/65 5/5
f 3/3 117/117 42/42
f 74/74 39/39 37/37
f 3/3 32/32 123/123
f 43/43 81/81 28/28
f 103/103 22/22 78/78
f 5/5 58/58 113/113
f 21/21 98/98 106/106
f 93/93 87/87 110/110
f 22/22 3/3 74/74
f 1/1 65/65 33/33
f 19/19 4/4 55/55
f 31/31 51/51 123/123
f 1/1 73/73 118/118
f 37/37 92/92 82/82
f 6/6 111/111 44/44
f 119/119 67/67 74/74
f 93/93 78/78 102/102
f 83/83 51/51 30/30
f 19/19 59/59 106/106
f 109/109 4/4 64/64
f 13/13 38/38 30/30
f 109/109 67/67 10/10
f 34/34 39/39 29/29
f 68/68 100/100 26/26
f 101/101 15/15 34/34
f 120/120 92/92 96/96
f 69/69 97/97 72/72
f 122/122 25/25 97/97
f 65/65 31/31 113/113
f 7/7 28/28 37/37
f 2/2 80/80 128/128
f 59/59 77/77 4/4
f 35/35 126/126 104/104
f 52/52 117/117 2/2
f 25/25 5/5 52/52
f 106/106 36/36 125/125
f 113/113 81/81 78/78
f 116/116 96/96 9/9
f 69/69 17/17 2/2
f 11/11 61/61 89/89
f 3/3 101/101 45/45
f 33/33 114/114 42/42
f 124/124 43/43 9/9
f 50/50 64/64 128/128
f 46/46 111/111 1/1
f 113/113 37/37 33/33
f 1/1 16/16 21/21
f 5/5 60/60 119/119
f 126/126 123/123 70/70
f 52/52 82/82 92/92
f 37/37 111/111 10/10
f 68/68 123/123 5/5
f 11/11 99/99 43/43
f 6/6 49/49 22/22
f 3/3 14/14 6/6
f 103/103 2/2 56/56
f 76/76 1/1 99/99
f 76/76 69/69 43/43
f 60/60 24/24 116/116
f 85/85 43/43 39/39
f 109/109 105/105 34/34
f 1/1 65/65 40/40
f 82/82 1/1 73/73
f 6/6 120/120 109/109
f 65/65 72/72 15/15
f 68/68 18/18 43/43
f 3/3 77/77 10/10
f 33/33 102/102 113/113
f 15/15 92/92 19/19
f 110/110 52/52 86/86
f 27/27 14/14 75/75
f 12/12 5/5 27/27
f 36/36 87/87 66/66
f 44/44 128/128 122/122
f 67/67 77/77 3/3
f 20/20 21/21 85/85
f 79/79 33/33 13/13
f 37/37 35/35 54/54
f 116/116 114/114 97/97
f 33/33 115/115 7/7
f 17/17 1/1 29/29
f 5/5 124/124 65/65
f 54/54 33/33 2/2
f 33/33 81/81 42/42
f 3/3 113/113 83/83
f 35/35 12/12 96/96
f 19/19 26/26 23/23
f 12/12 3/3 114/114
f 105/105 85/85 85/85
f 38/38 41/41 21/21
f 14/14 18/18 90/90
f 69/69 14/14 128/128
f 1/1 74/74 46/46
f 20/20 94/94 79/79
f 68/68 100/100 35/35
f 52/52 17/17 49/49
f 65/65 1/1 54/54
f 69/69 100/100 73/73
f 20/20 77/77 88/88
f 119/119 122/122 116/116
f 20/20 88/88 65/65
f 33/33 17/17 74/74
f 82/82 90/90 75/75
f 101/101 29/29 40/40
f 75/75 15/15 1/1
f 3/3 17/17 121/121
f 74/74 109/109 91/91
f 41/41 2/2 20/20
f 4/4 87/87 97/97
f 109/109 16/16 103/103
f 65/65 106/106 106/106
f 60/60 86/86 112/112
f 3/3 32/32 41/41
f 20/20 120/120 113/113
f 107/107 61/61 35/35
f 80/80 34/34 45/45
f 110/110 15/15 86/86
f 49/49 77/77 37/37
f 1/1 68/68 45/45
f 23/23 5/5 71/71
f 118/118 96/96 124/124
f 54/54 75/75 20/20
f 125/125 115/115 59/59
f 58/58 89/89 93/93
f 19/19 120/120 55/55
f 8/8 39/39 78/78
f 127/127 102/102 122/122
f 27/27 62/62 42/42
f 3/3 35/35 5/5
f 4/4 8/8 91/91
f 1/1 1/1 1/1
f 81/81 68/68 3/3
f 35/35 43/43 47/47
f 101/101 87/87 55/55
f 26/26 89/89 100/100
f 65/65 88/88 18/18
f 13/13 101/101 9/9
f 1/1 49/49 70/70
f 34/34 11/11 39/39
f 72/72 69/69 61/61
f 18/18 97/97 87/87
f 7/7 37/37 67/67
f 45/45 82/82 114/114
f 1/1 45/45 6/6
f 66/66 23/23 125/125
f 48/48 3/3 11/11
f 16/16 50/50 121/121
f 104/104 42/42 18/18
f 114/114 114/114 81/81
f 45/45 70/70 68/68
f 41/41 30/30 38/38
f 16/16 75/75 124/124
f 82/82 85/85 39/39
f 29/29 105/105 17/17
f 93/93 13/13 76/76
f 86/86 19/19 122/122
f 13/13 45/45 127/127
f 11/11 78/78 118/118
f 1/1 62/62 33/33
f 87/87 68/68 79/79
f 111/111 8/8 86/86
f 34/34 7/7 89/89
f 112/112 120/120 67/67
f 120/120 15/15 86/86
f 80/80 12/12 10/10
f 41/41 33/33 97/97
f 33/33 43/43 60/60
f 70/70 11/11 2/2
f 27/27 105/105 47/47
f 98/98 108/108 48/48
f 122/122 25/25 97/97
f 59/59 95/95 47/47
f 86/86 52/52 41/41
f 29/29 33/33 61/61
f 113/113 117/117 111/111
f 10/10 87/87 60/60
f 69/69 113/113 53/53
f 1/1 80/80 69/69
f 3/3 128/128 122/122
f 97/97 120/120 10/10
f 95/95 37/37 126/126
f 98/98 17/17 27/27
f 11/11 65/65 63/63
f 7/7 80/80 49/49
f 74/74 10/10 1/1
f 9/9 7/7 1/1
f 65/65 49/49 53/53
f 81/81 43/43 10/10
f 64/64 102/102 128/128
f 71/71 37/37 75/75
f 80/80 25/25 114/114
f 41/41 27/27 30/30
f 35/35 48/48 46/46
f 125/125 9/9 52/52
f 116/116 98/98 97/97
f 29/29 52/52 29/29
f 12/12 63/63 73/73
f 12/12 49/49 19/19
f 62/62 2/2 49/49
f 42/42 41/41 73/73
f 31/31 18/18 14/14
f 47/47 46/46 35/35
f 51/51 52/52 110/110
f 13/13 53/53 108/108
f 13/13 65/65 65/65
f 3/3 125/125 106/106
f 17/17 49/49 2/2
f 111/111 5/5 29/29
f 110/110 65/65 10/10
f 43/43 5/5 95/95
f 121/121 68/68 55/55
f 95/95 19/19 106/106
f 89/89 99/99 99/99
f 113/113 128/128 122/122
f 100/100 37/37 26/26
f 75/75 17/17 47/47
f 19/19 99/99 41/41
f 125/125 49/49 36/36
f 67/67 70/70 99/99
f 104/104 23/23 105/105
f 100/100 108/108 79/79
f 63/63 23/23 2/2
f 74/74 76/76 128/128
f 25/25 36/36 4/4
f 111/111 124/124 19/19
f 128/128 37/37 37/37
f 28/28 68/68 95/95
f 81/81 97/97 5/5
f 36/36 23/23 76/76
f 97/97 45/45 97/97
f 82/82 99/99 43/43
f 80/80 80/80 20/20
f 27/27 67/67 102/102
f 89/89 5/5 40/40
f 94/94 56/56 94/94
f 84/84 8/8 112/112
f 30/30 19/19 81/81
f 106/106 33/33 44/44
f 76/76 43/43 8/8
f 68/68 74/74 33/33
f 40/40 12/12 60/60
f 35/35 82/82 17/17
f 73/73 128/128 122/122
f 65/65 79/79 52/52
f 118/118 120/120 117/117
f 48/48 128/128 128/128
f 115/115 62/62 126/126
f 1/1 21/21 8/8
f 54/54 101/101 64/64
f 86/86 58/58 110/110
f 81/81 64/64 38/38
f 91/91 26/26 95/95
f 76/76 35/35 18/18
f 38/38 107/107 29/29
f 125/125 60/60 87/87
f 128/128 60/60 83/83
f 54/54 15/15 118/118
f 40/40 57/57 82/82
f 81/81 83/83 76/76
f 97/97 44/44 56/56
f 29/29 50/50 68/68
f 1/1 83/83 19/19
f 81/81 28/28 6/6
f 37/37 111/111 76/76
f 53/53 21/21 3/3
f 38/38 45/45 4/4
f 40/40 23/23 74/74
f 33/33 128/128 122/122
f 10/10 110/110 118/118
f 42/42 87/87 8/8
f 98/98 36/36 103/103
f 98/98 30/30 9/9
f 93/93 128/128 92/92
f 64/64 113/113 127/127
f 53/53 127/127 7/7
f 119/119 14/14 53/53
f 92/92 69/69 44/44
f 24/24 58/58 24/24
