mtllib assets04_model_001.mtl
# Conker's Bad Fur Day — Real 3D Model (World Structures)
o assets04_model_001
usemtl assets04_model_001_mat

v 0.0000 1.8400 0.0000
v 0.0000 -36.4000 0.0000
v 0.0000 -16.4000 0.0000
v 0.0100 32.4000 0.0000
v -1.6600 3.4100 2.6200
v -4.7800 -0.0400 2.6200
v -4.7800 3.4100 2.6200
v -1.0800 4.0400 -0.9900
v -5.4200 4.0400 -0.9900
v -1.6600 -0.0400 2.6200
v -1.0800 -0.0800 -0.9900
v -5.4200 -0.0800 -0.9900
v -18.5800 14.7500 -7.7500
v -18.5800 10.9900 -11.4900
v -18.5800 14.7500 -11.4900
v -14.2500 15.4400 -7.0600
v -14.2500 15.4400 -12.2600
v -18.5800 10.9900 -7.7500
v -14.2500 10.8400 -7.0600
v -14.2500 10.8400 -12.2600
v 14.2600 1.2400 -27.4300
v 14.5900 1.2400 -27.4300
v 14.5900 1.2400 -27.3700
v 14.2600 1.2400 -27.3700
v 18.0000 1.8000 -34.2500
v 19.5200 1.7900 -32.7900
v 18.0000 1.8000 -32.7900
v 19.5200 1.7900 -34.2500
v 19.5200 0.0000 -34.2600
v 19.5200 0.0000 -32.7900
v 19.5200 1.7900 -32.7900
v 19.5200 1.7900 -34.2500
v 6.7500 16.5700 1.8200
v 6.7500 17.8900 1.8200
v 10.6500 22.1100 1.8200
v -14.7200 11.0500 -8.0900
v -13.8100 11.0500 -8.0900
v -13.8100 11.0500 -11.2400
v -14.7200 11.0500 -11.2400
v 12.6200 5.5200 -27.6100
v 12.6200 5.5200 -26.5700
v 11.1400 5.5300 -26.5700
v 11.1500 5.5200 -27.6100
v 5.5600 16.5700 -7.3500
v -13.8100 16.5700 -7.3500
v -13.8100 16.5700 -11.9800
v 5.5600 16.5700 -11.9800
v -8.8200 0.0000 -16.5700
v -10.2100 0.0000 -16.5700
v -8.4500 0.0000 -12.4200
v -7.4600 0.0000 -13.3600
v -11.3100 0.0000 -14.0300
v -13.8400 0.0200 -12.7800
v -13.8400 0.0200 -6.6900
v 1.9100 0.0000 -16.5700
v 0.2000 0.0000 -12.2600
v 3.1400 0.0000 -12.2200
v -11.5200 0.1700 -16.6000
v -12.3400 0.2800 -15.0500
v -13.8300 0.1500 -14.2000
v -12.2500 0.2800 -4.3400
v -11.2300 0.0000 -5.3600
v -13.8400 0.0200 -6.6900
v -13.8200 0.1600 -5.2300
v -11.3400 0.1400 -2.7100
v -9.8900 0.0000 -2.7100
v 16.3900 0.6300 -25.8100
v 18.0000 0.4600 -24.1200
v 18.0000 0.6900 -25.8100
v 14.9100 0.4600 -24.1200
v 14.9100 0.4600 -27.6100
v 16.3900 0.6900 -27.6100
v 7.3700 0.6900 -27.6100
v 7.3700 0.6300 -25.8100
v 8.7400 0.4500 -27.6100
v 8.7400 0.4500 -24.4800
v 7.1300 0.4500 -24.4800
v 5.5500 0.6900 -25.8100
v 5.5400 0.4500 -24.4800
v 18.0000 0.4400 -14.1700
v 18.0000 0.4500 -16.1800
v 16.2400 0.4500 -16.1800
v 14.1800 0.4400 -12.8300
v 14.0700 0.4400 -15.3200
v 11.3700 0.4400 -15.8400
v 10.4800 0.4400 -13.5500
v 8.7800 0.4400 -17.6200
v 7.5000 0.4400 -15.5400
v 5.5500 0.4500 -22.1600
v 5.5500 0.4400 -18.4100
v 3.6300 0.0000 -16.5700
v 1.9100 0.0000 -16.5700
v 3.1400 0.0000 -12.2200
v 5.8000 0.0000 -13.4200
v 5.5500 0.1100 -0.0100
v 7.2600 0.0000 -0.0300
v 5.5500 0.0000 -1.0500
v 6.6000 0.2100 0.6400
v 7.2800 0.1100 1.8200
v 8.3400 0.0000 1.8200
v 13.3500 0.4000 0.0300
v 11.1000 0.0000 1.8200
v 13.7800 0.1100 1.8200
v 10.4600 0.0000 -0.6300
v 14.5900 0.0000 -4.9600
v 14.0600 0.4000 -1.5300
v 15.6100 0.4000 -2.2600
v 11.6600 0.0000 -3.5000
v 17.9900 0.0000 -4.1800
v 18.0200 0.1100 -1.7000
v 18.0000 0.0000 -11.4200
v 13.8700 0.0000 -7.1000
v 18.0000 0.0000 -8.2900
v 13.9700 0.0000 -10.1100
v 8.7000 0.0000 -7.9000
v 9.4700 0.0000 -10.9800
v 5.4100 0.0000 -9.8000
v 5.5400 0.4500 -24.4800
v 5.5500 0.4500 -22.1600
v 7.1300 0.4500 -24.4800
v 8.7400 0.4500 -27.6100
v 8.7400 0.4500 -24.4800
v 10.3200 0.4200 -27.6100
v 13.1900 0.4200 -27.6100
v 12.1000 0.4400 -23.8600
v 14.9100 0.4600 -27.6100
v 14.9100 0.4600 -24.1200
v 18.0000 0.4400 -20.9900
v 18.0000 0.4600 -24.1200
v 13.2100 0.4500 -18.1700
v 13.3500 0.4500 -19.6600
v 8.8900 0.4500 -19.9300
v 8.7800 0.4400 -17.6200
v 11.3700 0.4400 -15.8400
v 14.0700 0.4400 -15.3200
v 16.2400 0.4500 -18.3600
v 18.0000 0.4300 -19.5000
v 7.1300 0.4500 -24.4800
v 5.5500 0.4500 -22.1600
v 16.2400 0.4500 -16.1800
v 18.0000 0.4400 -20.9900
v 18.0000 0.4500 -18.3600
v 10.3200 0.4200 -28.4500
v 13.1900 0.4200 -28.4500
v 13.8700 0.0000 -7.1000
v 8.7000 0.0000 -7.9000
v 11.6600 0.0000 -3.5000
v 14.5900 0.0000 -4.9600
v 18.0000 0.0000 -8.2900
v 17.9900 0.0000 -4.1800
v 5.2600 0.0000 -6.9400
v 8.3400 0.0000 1.8200
v 11.1000 0.0000 1.8200
v 10.4600 0.0000 -0.6300
v 7.2600 0.0000 -0.0300
v 11.6600 0.0000 -3.5000
v 5.5500 0.0000 -1.0500
v 3.5700 0.0000 -2.7600
v 14.9100 0.4600 -28.4500
v 14.9100 0.0000 -31.9500
v 13.1900 0.4200 -28.4500
v 10.3200 0.4200 -28.4500
v 8.7400 0.0000 -31.5900
v 8.7400 0.4500 -28.4500
v 13.1900 0.4200 -28.4500
v 8.7400 0.0000 -31.5900
v 10.3200 0.4200 -28.4500
v 18.0000 0.0000 -35.9000
v 5.5500 0.0000 -35.9000
v 8.7400 0.0000 -31.5900
v 5.5500 0.0000 -31.5900
v 14.9100 0.0000 -31.9500
v 18.0000 0.0000 -31.9500
v 18.0000 0.0000 -32.7900
v 18.0000 0.0000 -34.2600
v -4.8900 0.0000 -2.2000
v -1.0900 0.0000 -2.7600
v -5.3300 0.0000 -2.7600
v -4.8900 0.0000 -0.9200
v -1.6000 0.0000 -0.9200
v -1.6000 0.0000 -2.2000
v 12.0500 17.9300 -23.0200
v 11.5300 17.9300 -23.0200
v 12.0500 17.3400 -23.0200
v 11.5300 17.3600 -23.0200
v -5.3300 3.7300 -2.7600
v -5.3300 0.0000 -2.7600
v -13.8100 0.0000 -2.7600
v -1.0900 0.0000 -2.7600
v -1.0900 3.7300 -2.7600
v 3.5700 0.0000 -2.7600
v 3.6300 5.5200 -2.7600
v -13.8100 0.0000 -16.5700
v -13.8100 5.5200 -16.5700
v -13.8100 5.5200 -2.7600
v -13.8100 0.0000 -2.7600
v 1.9100 0.0000 -16.5700
v 3.6300 0.2200 -16.5700
v 0.5800 5.5200 -16.5700
v 3.6300 5.5200 -16.5700
v -4.8900 3.3000 -2.2000
v -4.8900 0.0000 -2.2000
v -1.6000 0.0000 -2.2000
v -1.6000 3.3000 -2.2000
v -10.2100 0.0000 -16.5700
v -7.2100 3.8900 -16.5700
v -8.7800 5.5200 -16.5700
v -3.0600 5.5200 -16.5700
v -8.8200 0.0000 -16.5700
v 0.5300 0.0000 -16.5700
v -0.8500 3.6900 -16.5700
v -3.0600 5.5200 -16.5700
v -13.8100 5.5200 -2.7600
v 3.6300 5.5200 -2.7600
v -1.0900 3.7300 -2.7600
v -3.2400 4.0200 -2.7600
v -13.8100 5.5200 -2.7600
v -1.6000 3.3000 -2.2000
v -3.2500 3.5800 -2.2000
v -4.8900 3.3000 -2.2000
v -5.3300 3.7300 -2.7600
v -1.6000 3.3000 -0.9200
v -3.2500 3.5800 -0.9200
v -4.8900 3.3000 -0.9200
v -13.8100 5.5200 -16.5700
v -13.8100 0.0000 -16.5700
v -10.2100 0.0000 -16.5700
v -8.7800 5.5200 -16.5700
v 3.6300 0.2200 -16.5700
v 1.9100 0.0000 -16.5700
v 3.6300 0.0000 -16.5700
v -4.8900 0.0000 -2.2000
v -4.8900 3.3000 -0.9200
v -4.8900 0.0000 -0.9200
v -1.6000 0.0000 -2.2000
v -1.6000 0.0000 -0.9200
v -1.6000 3.3000 -0.9200
v 18.0000 0.0000 -8.2900
v 17.9900 0.0000 -4.1800
v 18.0000 5.5200 -8.2100
v 18.0000 5.5200 -0.2500
v 8.3400 0.0000 1.8200
v 7.2800 0.1100 1.8200
v 5.5500 5.5200 1.8200
v 11.1000 0.0000 1.8200
v 11.1000 0.0000 1.8200
v 5.5500 5.5200 1.8200
v 15.9400 5.5200 1.8200
v 13.7800 0.1100 1.8200
v 15.9400 0.0000 1.8200
v 7.2800 0.1100 1.8200
v 5.5500 0.0000 1.8200
v 5.5500 5.5200 1.8200
v 5.5500 0.0000 1.8200
v 5.5500 0.1100 -0.0100
v 5.5500 5.5200 -1.0300
v 5.5500 0.0000 -1.0500
v 18.0000 0.4500 -16.1800
v 18.0000 0.2200 -14.1700
v 18.0000 5.5200 -16.1800
v 18.0000 0.0000 -8.2900
v 18.0000 0.0000 -11.4200
v 17.9900 0.0000 -4.1800
v 18.0200 0.1100 -1.7000
v 18.0000 5.5200 -0.2500
v 17.9900 0.0000 -0.2500
v 18.0000 5.5200 -8.2100
v 18.0000 0.4600 -31.9500
v 18.0000 0.4500 -30.2500
v 18.0000 5.5200 -30.2500
v 18.0000 0.0000 -32.7900
v 18.0000 0.0000 -31.9500
v 18.0000 5.5200 -34.2500
v 18.0000 1.8000 -32.7900
v 18.0000 5.5200 -32.7800
v 18.0000 1.8000 -34.2500
v 18.0000 0.0000 -35.9000
v 18.0000 0.0000 -34.2600
v 18.0000 5.5200 -35.9000
v 18.0000 5.5200 -30.2500
v 18.0000 1.8000 -32.7900
v 18.0000 0.4600 -31.9500
v 18.0000 1.8000 -34.2500
v 18.0000 0.0000 -32.7900
v 18.0000 5.5200 -32.7800
v 18.0000 5.5200 -34.2500
v 5.5500 0.4500 -31.5900
v 5.5500 0.0000 -31.5900
v 5.5500 0.0000 -35.9000
v 5.5500 0.4500 -30.2500
v 5.5500 5.5200 -30.2500
v 5.5500 5.5200 -35.9000
v 5.5500 0.0000 -35.9000
v 18.0000 5.5200 -35.9000
v 5.5500 5.5200 -35.9000
v 18.0000 0.0000 -35.9000
v 18.0000 1.8000 -34.2500
v 19.5200 0.0000 -34.2600
v 19.5200 1.7900 -34.2500
v 18.0000 1.8000 -34.2500
v 18.0000 0.0000 -34.2600
v 19.5200 1.7900 -32.7900
v 18.0000 0.0000 -32.7900
v 18.0000 1.8000 -32.7900
v 19.5200 0.0000 -32.7900
v -13.8100 5.5200 -2.7600
v -13.8100 11.0500 -2.7600
v 3.7100 11.0500 -2.7600
v -13.8100 5.5200 -2.7600
v 3.7100 11.0500 -2.7600
v 3.6300 5.5200 -2.7600
v -4.0600 7.9200 -16.5700
v -8.7800 5.5200 -16.5700
v -3.0600 5.5200 -16.5700
v 0.5800 5.5200 -16.5700
v -3.6900 11.0500 -16.5700
v 3.7000 11.0500 -16.5800
v 3.6300 5.5200 -16.5700
v -13.8100 11.0500 -2.7600
v -13.8100 5.5200 -2.7600
v -13.8100 5.5200 -16.5700
v -13.8100 11.0500 -16.5700
v -13.8100 5.5200 -16.5700
v -13.8100 11.0500 -16.5700
v -13.8100 11.0500 -11.2400
v -13.8100 14.5500 -11.2400
v -14.7200 14.5500 -11.2400
v -14.7200 11.0500 -11.2400
v -14.7200 14.5500 -11.2400
v -13.8100 14.5500 -8.0900
v -14.7200 14.5500 -8.0900
v -14.7200 11.0500 -8.0900
v -14.7200 14.5500 -8.0900
v -13.8100 11.0500 -8.0900
v -13.8100 13.4200 -15.4200
v -13.8100 11.0500 -16.5700
v -13.8100 15.3700 -13.3600
v -13.8100 15.3700 -11.9800
v -13.8100 15.3700 -7.3500
v -13.8100 15.3700 -5.9700
v -13.8100 13.4200 -3.9100
v -13.8100 14.5500 -8.0900
v -13.8100 15.3700 -7.3500
v -13.8100 11.0500 -8.0900
v -13.8100 11.0500 -2.7600
v 5.5500 11.0500 -27.6100
v 5.5500 11.0500 -18.3100
v 5.5500 5.5200 -25.8100
v 5.5500 5.5200 -18.3000
v 9.3400 11.0500 -27.6100
v 12.0300 7.1500 -27.6100
v 14.1100 11.0500 -27.6100
v 14.5000 8.3500 -27.6100
v 14.6300 6.8600 -27.6100
v 7.3700 5.5200 -27.6100
v 5.5500 11.0500 -27.6100
v 5.5500 5.5200 -27.6100
v 5.5500 5.5200 -27.6100
v 11.1500 5.5200 -27.6100
v 12.6200 5.5200 -27.6100
v 16.3900 5.5200 -27.6100
v 18.0000 8.6300 -27.6100
v 18.0000 11.0500 -27.6100
v 18.0000 7.0800 -27.6100
v 18.0000 5.5200 -27.6100
v 18.0000 8.6300 -27.6100
v 18.0000 7.4600 -23.1800
v 18.0000 11.0500 -16.1800
v 18.0000 5.5200 -18.3600
v 18.0000 5.5200 -21.2800
v 18.0000 7.0800 -27.6100
v 18.0000 5.5200 -27.6100
v 18.0000 5.5200 -25.8100
v 18.0000 6.3700 -24.8300
v 18.0000 5.5200 -23.6100
v 18.0000 7.4600 -23.1800
v 18.0000 5.5200 -21.2800
v 18.0000 8.6300 -27.6100
v 18.0000 11.0500 -16.1800
v 18.0000 5.5200 -18.3600
v 18.0000 5.5200 -16.1800
v 18.0000 11.0500 -16.1800
v 18.0000 7.4400 -8.4800
v 18.0000 11.0500 -0.2500
v 18.0000 5.5200 -16.1800
v 18.0000 5.5200 -0.2500
v 18.0000 5.5200 -8.2100
v 18.0000 11.0500 -27.6100
v 5.5500 5.5200 -1.0300
v 5.5500 11.0500 -1.0300
v 5.5500 11.0500 1.8200
v 5.5500 5.5200 1.8200
v 5.5500 5.5200 1.8200
v 5.5500 11.0500 1.8200
v 15.9400 11.0500 1.8200
v 15.9400 5.5200 1.8200
v 18.0000 8.2900 -35.9000
v 18.0000 11.0500 -35.9000
v 5.5500 11.0500 -35.9000
v 5.5500 8.2900 -35.9000
v 18.0000 8.2900 -35.9000
v 18.0000 5.5200 -32.7800
v 18.0000 5.5200 -30.2500
v 18.0000 5.5200 -34.2500
v 18.0000 11.0500 -28.4500
v 18.0000 11.0500 -35.9000
v 18.0000 11.0500 -35.9000
v 18.0000 5.5200 -35.9000
v 18.0000 5.5200 -28.4500
v 18.0000 11.0500 -28.4500
v 5.5500 5.5200 -30.2500
v 5.5500 5.5200 -35.9000
v 5.5500 8.2900 -35.9000
v 5.5500 11.0500 -28.4500
v 5.5500 11.0500 -35.9000
v 5.5500 11.0500 -35.9000
v 18.0000 8.2900 -35.9000
v 5.5500 5.5200 -35.9000
v 18.0000 5.5200 -35.9000
v 5.5500 8.2900 -35.9000
v 11.7300 5.5200 -28.4500
v 7.3700 5.5200 -28.4500
v 9.3400 11.0500 -28.4900
v 5.5500 11.0500 -28.4500
v 5.5500 5.5200 -28.4500
v 5.5500 5.5200 -28.4500
v 5.5500 11.0500 -28.4500
v 14.1100 11.0500 -28.4500
v 16.3900 5.5200 -28.4500
v 18.0000 11.0500 -28.4500
v 18.0000 5.5200 -28.4500
v -11.8400 4.5800 -16.5700
v -11.8400 1.0400 -16.5700
v -11.8400 1.0400 -16.1500
v -11.8400 4.5800 -16.1500
v -11.8400 4.5800 -16.5700
v -11.8400 4.5800 -16.1500
v -9.8900 4.5800 -16.1500
v -9.8900 4.5800 -16.5700
v -9.8900 4.5800 -16.1500
v -9.8900 1.0400 -16.5700
v -9.8900 4.5800 -16.5700
v -9.8900 1.0400 -16.1500
v -11.8400 1.0400 -16.1500
v -11.8400 1.0400 -16.5700
v -9.8900 1.0400 -16.1500
v -9.8900 1.0400 -16.5700
v 16.7500 16.5700 1.8200
v 15.9400 16.5700 1.8200
v 16.7500 17.9400 1.8200
v 12.8400 22.1100 1.8200
v 6.7500 17.8900 -27.6100
v 5.5500 16.5700 -27.6100
v 9.8000 16.5700 -27.6100
v 13.6500 16.5700 -27.6100
v 18.0000 16.5700 -27.6100
v 16.7500 17.9400 -27.6100
v 10.9900 17.6900 -27.6100
v 10.6500 22.1100 -27.6100
v 12.4600 17.6900 -27.6100
v 12.8400 22.1100 -27.6100
v 10.6500 22.1100 1.8200
v 6.7500 16.5700 1.8200
v 6.7500 16.5700 1.8200
v 15.9400 11.0500 1.8200
v 5.5500 11.0500 1.8200
v 5.5500 16.5700 1.8200
v 18.0000 16.6800 -16.1800
v 18.0000 16.5700 -27.6100
v 18.0000 11.0500 -27.6100
v 18.0000 11.0500 -16.1800
v 18.0000 11.0500 -0.2500
v 18.0000 16.6800 -0.1400
v 15.9400 16.5700 1.8200
v 5.5500 16.5700 -16.4500
v 5.1300 13.4900 -17.3800
v 5.5500 16.5700 -27.6100
v 5.5500 11.0500 -27.6100
v 5.5500 11.0500 -18.3100
v 5.5500 16.5700 1.8200
v 5.1300 13.4900 -1.9500
v 5.5500 16.5700 -2.8800
v 5.5500 11.0500 -1.0300
v 5.5500 11.0500 1.8200
v 18.0000 11.0500 -27.6100
v 18.0000 16.5700 -27.6100
v 14.1100 14.7600 -27.6100
v 14.1100 11.0500 -27.6100
v 13.6500 16.5700 -27.6100
v 5.5500 16.5700 -27.6100
v 9.3400 14.7600 -27.6100
v 9.8000 16.5700 -27.6100
v 5.5500 11.0500 -27.6100
v 9.3400 11.0500 -27.6100
v 16.2400 2.3100 -21.2900
v 16.2400 2.1200 -18.3600
v 16.2400 2.3100 -18.3600
v 16.2400 2.1200 -21.2900
v 16.2400 2.3100 -21.2900
v 18.0000 2.3100 -18.3600
v 18.0000 2.3100 -21.2900
v 18.0000 2.1200 -18.3600
v 16.2400 2.1200 -18.3600
v 16.2400 2.1200 -21.2900
v 18.0000 2.1100 -21.2600
v 18.0000 2.3100 -21.2900
v 18.0000 2.1100 -21.2600
v 16.2400 2.3100 -21.2900
v 16.2400 2.1200 -21.2900
v 12.6200 5.7100 -26.5700
v 12.6200 5.5200 -27.6100
v 12.6200 5.7100 -27.6100
v 12.6200 5.5200 -26.5700
v 11.1400 5.7200 -26.5700
v 12.6200 5.5200 -26.5700
v 12.6200 5.7100 -26.5700
v 11.1400 5.5300 -26.5700
v 12.6200 5.7100 -27.6100
v 11.1400 5.7200 -27.6100
v 11.1400 5.7200 -27.6100
v 11.1500 5.5200 -27.6100
v 11.1400 5.7200 -26.5700
v 11.1400 5.5300 -26.5700
v 13.1900 0.5100 -28.1800
v 13.1900 1.1100 -28.1800
v 10.3200 1.1100 -28.1800
v 13.1900 0.5100 -28.1800
v 10.3200 1.1100 -28.1800
v 10.3200 0.5100 -28.1800
v 10.2300 1.4600 -28.4000
v 10.3200 2.1700 -28.4000
v 13.2600 1.8200 -28.4000
v 13.1700 1.1100 -28.4000
v 13.2800 2.2700 -28.1800
v 13.2600 2.8500 -28.1800
v 10.4300 2.7600 -28.1800
v 10.4500 2.1700 -28.1800
v 10.4800 3.0100 -28.4000
v 10.5000 3.5000 -28.4000
v 12.9500 3.3600 -28.4000
v 12.9300 2.8700 -28.4000
v 13.3500 2.5500 -27.9800
v 12.8900 3.0200 -27.9800
v 10.0900 0.9200 -27.9800
v 10.5500 0.4500 -27.9800
v 7.3200 2.3100 -22.8900
v 7.3200 2.1200 -25.8100
v 7.3200 2.3100 -25.8100
v 7.3200 2.1200 -22.8900
v 5.5500 2.3100 -25.8100
v 5.5500 2.3100 -22.8900
v 5.5500 2.1200 -25.8100
v 7.3200 2.1200 -25.8100
v 7.3200 2.1200 -22.8900
v 5.5500 2.1100 -22.9200
v 5.5500 2.3100 -22.8900
v 5.5500 2.1100 -22.9200
v 7.3200 2.3100 -22.8900
v 5.5500 2.1100 -22.9200
v 7.3200 2.1200 -22.8900
v 7.3200 2.3100 -22.8900
v 9.8000 16.5700 -28.4500
v 5.5500 16.5700 -28.4500
v 6.7500 17.8900 -28.4500
v 10.9900 17.6900 -28.4500
v 10.6500 22.1100 -28.4500
v 12.4600 17.6900 -28.4500
v 12.8400 22.1100 -28.4500
v 16.7500 17.9400 -28.4500
v 18.0000 16.5700 -28.4500
v 13.6500 16.5700 -28.4500
v 5.5500 16.6100 -28.4500
v 5.5500 11.0500 -28.4500
v 5.5500 11.0500 -35.9000
v 18.0000 11.0500 -35.9000
v 18.0000 11.0500 -28.4500
v 18.0000 16.6100 -28.4500
v 18.0000 11.0500 -35.9000
v 9.3400 14.7600 -28.4500
v 9.3400 11.0500 -28.4900
v 5.5500 11.0500 -28.4500
v 5.5500 16.5700 -28.4500
v 9.8000 16.5700 -28.4500
v 18.0000 16.5700 -28.4500
v 14.1100 14.7600 -28.4500
v 13.6500 16.5700 -28.4500
v 18.0000 11.0500 -28.4500
v 14.1100 11.0500 -28.4500
v 9.3400 11.0500 -28.4900
v 9.3400 11.0500 -27.6100
v 14.1100 11.0500 -27.6100
v 14.1100 11.0500 -28.4500
v 14.1100 11.0500 -28.4500
v 14.1100 11.0500 -27.6100
v 14.1100 14.7600 -27.6100
v 14.1100 14.7600 -28.4500
v 13.6500 16.5700 -28.4500
v 13.6500 16.5700 -27.6100
v 12.4600 17.6900 -27.6100
v 12.4600 17.6900 -28.4500
v 13.6500 16.5700 -27.6100
v 10.9900 17.6900 -27.6100
v 12.4600 17.6900 -27.6100
v 10.9900 17.6900 -28.4500
v 9.8000 16.5700 -28.4500
v 10.9900 17.6900 -27.6100
v 9.8000 16.5700 -27.6100
v 9.3400 14.7600 -27.6100
v 9.8000 16.5700 -28.4500
v 9.8000 16.5700 -27.6100
v 9.3400 14.7600 -28.4500
v 9.3400 11.0500 -27.6100
v 9.3400 11.0500 -28.4900
v 18.0000 0.0000 -34.7900
v 17.7900 0.0000 -34.7900
v 17.8200 1.7100 -34.8900
v 18.0100 1.7100 -34.8900
v 17.8200 1.7300 -34.3000
v 17.8200 1.7100 -34.8900
v 17.7900 0.0000 -34.7900
v 17.7900 0.0200 -34.2100
v 18.0100 1.7300 -34.3000
v 17.8200 1.7300 -34.3000
v 18.0000 0.0200 -34.2100
v 18.0100 2.3600 -35.2300
v 17.7900 2.3600 -35.2300
v 17.7900 2.4500 -32.2000
v 18.0100 2.4500 -32.2000
v 17.7900 1.8000 -32.1000
v 17.7900 2.4500 -32.2000
v 17.7900 2.3600 -35.2300
v 17.7900 1.7100 -35.1300
v 18.0100 1.8000 -32.1000
v 17.7900 1.8000 -32.1000
v 18.0100 1.7100 -35.1300
v 17.7900 1.7100 -35.1300
v 18.0600 -0.0200 -32.8400
v 17.8500 -0.0200 -32.8400
v 17.8500 1.8200 -32.9400
v 18.0600 -0.0200 -32.8400
v 17.8500 1.8200 -32.9400
v 18.0700 1.8200 -32.9400
v 17.8500 1.8400 -32.3500
v 17.8500 1.8200 -32.9400
v 17.8500 -0.0200 -32.8400
v 17.8500 0.0000 -32.2500
v 18.0700 1.8400 -32.3500
v 17.8500 1.8400 -32.3500
v 18.0600 0.0000 -32.2500
v 17.8500 0.0000 -32.2500
v 12.2000 3.5900 -27.6100
v 12.9200 3.1000 -27.6100
v 12.6200 5.5200 -27.6100
v 16.3900 5.5200 -27.6100
v 12.6200 5.5200 -27.6100
v 11.1500 5.5200 -27.6100
v 11.3100 3.5900 -27.6100
v 10.6000 3.1000 -27.6100
v 5.5500 0.4500 -25.8100
v 5.5500 5.5200 -25.8100
v 5.5500 5.5200 -18.3000
v 5.5500 0.2200 -18.4200
v 13.1900 2.3100 -27.6100
v 16.3900 0.4500 -27.6100
v 9.0600 4.0000 -27.6100
v 10.3200 2.3100 -27.6100
v 11.1500 5.5200 -27.6100
v 7.3700 5.5200 -27.6100
v 7.3700 0.4500 -27.6100
v 8.6700 2.3100 -27.6100
v 18.0000 5.5200 -23.6100
v 18.0000 3.8000 -20.1700
v 18.0000 5.5200 -21.2800
v 18.0000 5.5200 -18.3600
v 18.0000 0.4500 -25.8100
v 18.0000 5.5200 -25.8100
v 18.0000 2.3100 -21.2900
v 18.0000 2.3100 -19.7500
v 18.0000 2.3100 -18.3600
v 18.0000 0.4300 -19.5000
v 18.0000 0.4500 -18.3600
v 18.0000 2.3100 -19.7500
v 18.0000 0.4400 -20.9900
v 18.0000 2.3100 -21.2900
v 18.0000 0.4400 -20.9900
v 14.9100 0.4600 -27.6100
v 16.3900 0.4500 -27.6100
v 13.1900 2.3100 -27.6100
v 13.1900 0.4200 -27.6100
v 8.7400 0.4500 -27.6100
v 10.3200 0.4200 -27.6100
v 10.3200 2.3100 -27.6100
v 8.6700 2.3100 -27.6100
v 7.3700 0.4500 -27.6100
v 8.7400 0.4500 -28.4500
v 7.3700 0.4500 -28.4500
v 10.3200 2.3100 -28.4500
v 16.3900 0.4500 -28.4500
v 13.1900 2.3100 -28.4500
v 12.9200 3.1000 -28.4500
v 16.3900 5.5200 -28.4500
v 12.2000 3.5900 -28.4500
v 11.7300 5.5200 -28.4500
v 16.3900 5.5200 -28.4500
v 12.2000 3.5900 -28.4500
v 10.3200 2.3100 -28.4500
v 10.3200 0.4200 -28.4500
v 8.7400 0.4500 -28.4500
v 10.6000 3.1000 -28.4500
v 7.3700 0.4500 -28.4500
v 7.3700 5.5200 -28.4500
v 11.3100 3.5900 -28.4500
v 14.9100 0.4600 -28.4500
v 13.1900 0.4200 -28.4500
v 13.1900 2.3100 -28.4500
v 16.3900 0.4500 -28.4500
v 10.3200 2.3100 -27.6100
v 10.6000 3.1000 -28.4500
v 10.6000 3.1000 -27.6100
v 11.3100 3.5900 -28.4500
v 11.3100 3.5900 -27.6100
v 11.3100 3.5900 -28.4500
v 12.2000 3.5900 -28.4500
v 11.3100 3.5900 -27.6100
v 12.2000 3.5900 -27.6100
v 12.2000 3.5900 -27.6100
v 12.2000 3.5900 -28.4500
v 12.9200 3.1000 -27.6100
v 12.9200 3.1000 -28.4500
v 13.1900 2.3100 -27.6100
v 13.1900 2.3100 -28.4500
v 13.1900 0.4200 -28.4500
v 13.1900 0.4200 -28.4500
v 13.1900 0.4200 -27.6100
v 10.3200 0.4200 -27.6100
v 10.3200 0.4200 -28.4500
v 10.3200 2.3100 -28.4500
v 10.6000 3.1000 -28.4500
v 10.3200 2.3100 -27.6100
v 16.3900 5.5200 -25.8100
v 16.3900 0.4500 -25.8100
v 18.0000 0.4500 -25.8100
v 18.0000 5.5200 -25.8100
v 16.3900 0.4500 -25.8100
v 16.3900 5.5200 -25.8100
v 16.3900 5.5200 -27.6100
v 16.3900 0.4500 -27.6100
v 7.3700 5.5200 -25.8100
v 7.3700 0.4500 -25.8100
v 7.3700 0.4500 -27.6100
v 7.3700 5.5200 -27.6100
v 7.3700 0.4500 -25.8100
v 7.3700 5.5200 -25.8100
v 5.5500 5.5200 -25.8100
v 5.5500 0.4500 -25.8100
v 16.2400 5.5200 -16.1800
v 16.2400 0.4500 -16.1800
v 18.0000 0.4500 -16.1800
v 18.0000 5.5200 -16.1800
v 16.2400 5.5200 -18.3600
v 16.2400 0.4500 -18.3600
v 16.2400 5.5200 -16.1800
v 16.2400 0.4500 -16.1800
v 18.0000 0.4500 -18.3600
v 16.2400 0.4500 -18.3600
v 18.0000 2.3100 -18.3600
v 18.0000 2.3100 -18.3600
v 16.2400 0.4500 -18.3600
v 16.2400 5.5200 -18.3600
v 18.0000 5.5200 -18.3600
v 7.3700 5.5200 -28.4500
v 7.3700 0.4500 -28.4500
v 7.3700 5.5200 -30.2500
v 7.3700 0.4500 -30.2500
v 5.5500 0.4500 -30.2500
v 5.5500 5.5200 -30.2500
v 7.3700 5.5200 -30.2500
v 7.3700 0.4500 -30.2500
v 16.3900 5.5200 -28.4500
v 16.3900 5.5200 -30.2500
v 16.3900 0.4500 -28.4500
v 16.3900 0.4500 -30.2500
v 16.3900 5.5200 -30.2500
v 18.0000 0.4500 -30.2500
v 16.3900 0.4500 -30.2500
v 18.0000 5.5200 -30.2500
v -12.7900 0.0000 -3.7800
v -13.8100 11.0500 -3.9500
v -13.0800 11.0500 -3.4900
v -13.8100 0.0000 -3.9500
v -12.6100 0.0000 -2.7600
v -12.6100 11.0500 -2.7600
v -12.7900 0.0000 -15.5500
v -12.6100 0.0000 -16.5700
v -12.6100 11.0500 -16.5700
v -13.8100 0.0000 -15.3700
v -13.0800 11.0500 -15.8400
v -13.8100 11.0500 -15.3700
v -13.8100 16.5700 -11.9800
v -13.8100 15.3700 -11.9800
v 4.3900 15.3700 -11.9800
v 5.5600 16.5700 -11.9800
v -13.8100 15.3700 -13.3600
v 4.3900 15.3700 -13.3600
v -13.8100 16.5700 -7.3500
v -13.8100 15.3700 -7.3500
v -13.8100 16.5700 -11.9800
v -13.8100 15.3700 -11.9800
v 4.3900 15.3700 -5.9700
v -13.8100 15.3700 -5.9700
v 4.3900 15.3700 -7.3500
v -13.8100 15.3700 -7.3500
v -13.8100 16.5700 -7.3500
v 5.5600 16.5700 -7.3500
v 18.0000 5.5200 -26.4200
v 18.0000 16.5700 -26.4200
v 16.7400 16.5700 -26.4200
v 16.7400 5.5200 -26.4200
v 16.7500 16.5700 -27.6100
v 16.7400 5.5200 -27.6100
v 16.7600 16.5700 -17.7500
v 18.0000 16.5700 -17.7500
v 18.0000 5.5200 -17.8600
v 16.7600 5.5200 -17.8600
v 16.7600 16.5700 -16.5300
v 16.7600 5.5200 -16.6400
v 18.0000 16.5700 -16.2800
v 18.0000 5.5200 -16.3800
v 6.7400 16.5700 -26.4200
v 5.5500 16.5700 -26.4200
v 5.5500 5.5200 -26.4200
v 6.7400 5.5200 -26.4200
v 6.7500 16.5700 -27.6100
v 6.7400 5.5200 -27.6100
v 5.5500 11.0500 -1.0300
v 5.1500 11.0500 -2.5000
v 5.1300 13.4900 -1.9500
v 4.4000 13.4900 -2.7600
v 3.7100 11.0500 -2.7600
v 5.1200 5.5200 -2.5000
v 3.6300 5.5200 -2.7600
v 5.5500 5.5200 -1.0300
v 5.0800 0.0000 -2.5100
v 3.5700 0.0000 -2.7600
v 5.5500 0.0000 -1.0500
v 5.1500 0.2200 -16.8200
v 5.5500 0.2200 -18.4200
v 5.1200 5.5200 -16.8300
v 3.6300 5.5200 -16.5700
v 3.6300 0.2200 -16.5700
v 3.7000 11.0500 -16.5800
v 5.1500 11.0500 -16.8400
v 5.5500 5.5200 -18.3000
v 5.5500 11.0500 -18.3100
v 5.1300 13.4900 -17.3800
v 4.4000 13.4900 -16.4700
v 16.3300 16.5700 0.3300
v 18.0000 16.5700 -0.2500
v 18.0000 11.0500 -0.2500
v 16.3300 11.0500 0.3600
v 15.9400 16.5700 1.8200
v 16.3300 16.5700 0.3300
v 16.3300 11.0500 0.3600
v 15.9400 11.0500 1.8200
v 16.3300 11.0500 0.3600
v 18.0000 11.0500 -0.2500
v 18.0000 5.5200 -0.2500
v 16.3300 5.5200 0.3600
v 15.9400 11.0500 1.8200
v 15.9400 5.5200 1.8200
v 16.3200 0.0000 0.4000
v 15.9400 0.0000 1.8200
v 17.9900 0.0000 -0.2500
v 5.1200 5.5200 -16.8300
v 5.5500 0.2200 -18.4200
v 5.5500 5.5200 -18.3000
v 6.7400 5.5200 -29.6400
v 6.7500 16.5700 -28.4500
v 6.7400 5.5200 -28.4500
v 16.7400 5.5200 -29.6400
v 16.7400 16.5700 -29.6400
v 18.0000 5.5200 -29.6400
v 18.0300 16.5700 -29.6400
v 16.7400 5.5200 -28.4500
v 16.7500 16.5700 -28.4500
v 5.5500 5.5200 -29.6400
v 5.5400 16.5700 -29.6400
v 6.7400 16.5700 -29.6400
v -13.8100 0.7400 -16.5700
v -12.3400 0.2800 -15.0500
v -11.5200 0.1700 -16.6000
v -13.8300 0.1500 -14.2000
v -13.8200 0.1600 -5.2300
v -13.8100 0.6600 -2.7600
v -12.2500 0.2800 -4.3400
v -11.3400 0.1400 -2.7100
v 5.5500 0.9200 1.8200
v 7.2800 0.1100 1.8200
v 6.6000 0.2100 0.6400
v 5.5500 0.1100 -0.0100
v 15.6100 0.4000 -2.2600
v 14.0600 0.4000 -1.5300
v 18.0000 0.9200 -0.2500
v 18.0200 0.1100 -1.7000
v 13.3500 0.4000 0.0300
v 15.9400 0.9200 1.8200
v 16.9700 1.2300 0.7800
v 13.7800 0.1100 1.8200
v 11.7800 11.0600 -38.6700
v 5.5500 11.0500 -37.8300
v 18.0000 11.0500 -37.5700
v 18.0000 11.0500 -35.9000
v 18.0000 11.0500 -37.5700
v 11.7800 11.0600 -38.6700
v 5.5500 11.0500 -35.9000
v 5.5500 11.0500 -37.8300
v 5.5600 16.5700 -11.9800
v 4.3900 15.3700 -11.9800
v 4.3900 15.3700 -13.3600
v 5.5600 16.5700 -13.3600
v 5.5600 16.5700 -7.3500
v 4.3900 15.3700 -5.9700
v 4.3900 15.3700 -7.3500
v 5.5600 16.5700 -5.9700
v -10.5800 10.6900 -6.0900
v -10.5800 10.6900 -5.4200
v -10.5800 10.3100 -6.0900
v -10.5800 10.3100 -5.4200
v -13.2700 8.9500 -6.0900
v -13.2700 8.9500 -5.4200
v -13.8100 8.9500 -6.0900
v -13.8100 8.9500 -5.4200
v -13.8100 8.9500 -13.2700
v -13.8100 8.9500 -13.9500
v -13.2700 8.9500 -13.9500
v -13.2700 8.9500 -13.2700
v -10.5800 10.3100 -13.2700
v -10.5800 10.3100 -13.9500
v -10.5800 10.6900 -13.9500
v -10.5800 10.6900 -13.2700
v 14.7700 10.6500 -18.7100
v 14.7700 10.6500 -19.3900
v 14.7700 10.2700 -18.7100
v 14.7700 10.6500 -19.3900
v 14.7700 10.2700 -19.3900
v 14.7700 10.2700 -18.7100
v 17.4500 8.9100 -18.7100
v 17.4500 8.9100 -19.3900
v 17.9900 8.9100 -18.7100
v 17.9900 8.9100 -19.3900
v 5.5300 8.9500 -18.6600
v 5.5300 8.9500 -19.3300
v 6.0700 8.9500 -19.3300
v 6.0700 8.9500 -18.6600
v 8.7600 10.3100 -18.6600
v 8.7600 10.3100 -19.3300
v 8.7600 10.6900 -19.3300
v 8.7600 10.6900 -18.6600
v 18.0000 5.5200 -18.3600
v 16.2400 5.5200 -18.3600
v 16.2400 5.5200 -16.1800
v 18.0000 5.5200 -16.1800
v 16.3900 5.5200 -27.6100
v 18.0000 5.5200 -25.8100
v 18.0000 5.5200 -27.6100
v 16.3900 5.5200 -25.8100
v 5.5500 5.5200 -25.8100
v 7.3700 5.5200 -27.6100
v 5.5500 5.5200 -27.6100
v 7.3700 5.5200 -25.8100
v 7.4100 13.4000 -2.4900
v 7.4100 13.4000 -3.1300
v 7.4100 13.7600 -3.1300
v 7.4100 13.7600 -2.4900
v 7.4100 13.7400 -16.4300
v 7.4100 13.3800 -16.4300
v 7.4100 13.3800 -17.0700
v 7.4100 13.7400 -17.0700
v 17.7500 1.2900 -20.8700
v 18.0000 1.2900 -20.8700
v 18.0000 1.2900 -20.4400
v 17.7500 1.2900 -20.4400
v 16.5100 2.1200 -20.8700
v 16.5100 1.9300 -20.8700
v 16.5100 1.9300 -20.4400
v 16.5100 2.1200 -20.4400
v 18.0000 16.5700 1.8200
v 18.0000 16.5700 -0.2500
v 15.9400 16.5700 1.8200
v 16.3300 16.5700 0.3300
v 10.4500 2.1700 -28.1800
v 10.4300 2.7600 -28.4000
v 10.4500 2.1700 -28.4000
v 10.4300 2.7600 -28.1800
v 12.9300 2.8700 -28.4000
v 12.9500 3.3600 -28.4000
v 12.9300 2.8700 -28.1800
v 12.9500 3.3600 -28.1800
v 12.8600 0.5800 -28.0000
v 13.3900 1.1500 -28.0000
v 12.8600 0.5800 -27.7600
v 13.3900 1.1500 -27.7600
v 10.5500 0.4500 -27.9800
v 10.0900 0.9200 -28.1900
v 10.5500 0.4500 -28.1900
v 10.0900 0.9200 -27.9800
v 12.8900 3.0200 -28.1900
v 12.8900 3.0200 -27.9800
v 13.3500 2.5500 -27.9800
v 13.3500 2.5500 -28.1900
v 15.6300 13.7500 -0.7700
v 15.2000 13.3900 -0.3000
v 15.2000 13.7500 -0.3000
v 15.6300 13.3900 -0.7700
v 14.6500 2.7900 -27.5200
v 14.6400 2.9300 -27.5200
v 14.6400 2.9300 -27.3600
v 14.6500 2.7900 -27.3600
v 14.1400 2.7800 -27.3600
v 14.1400 2.9200 -27.3600
v 14.1400 2.9200 -27.5200
v 14.1400 2.7800 -27.5200
v 5.8000 1.2900 -23.3100
v 5.5500 1.2900 -23.3100
v 5.5500 1.2900 -23.7300
v 5.8000 1.2900 -23.7300
v 7.0500 2.1200 -23.3100
v 7.0500 1.9300 -23.3100
v 7.0500 1.9300 -23.7300
v 7.0500 2.1200 -23.7300
v 7.3700 5.5200 -28.4500
v 7.3700 5.5200 -30.2500
v 5.5500 5.5200 -30.2500
v 18.0000 5.5200 -28.4500
v 18.0000 5.5200 -30.2500
v 16.3900 5.5200 -28.4500
v 16.3900 5.5200 -30.2500
v 5.5500 5.5200 -28.4500
v 7.3700 5.5200 -28.4500
v 5.5500 5.5200 -30.2500
v 17.7900 1.7100 -35.1300
v 18.0100 2.3600 -35.2300
v 18.0100 1.7100 -35.1300
v 17.7900 2.3600 -35.2300
v 18.0100 2.4500 -32.2000
v 17.7900 2.4500 -32.2000
v 17.7900 1.8000 -32.1000
v 18.0100 1.8000 -32.1000
v -2.6700 4.9500 -16.5700
v -3.6700 4.9500 -15.5700
v -3.6700 4.9500 -16.5700
v -2.6700 4.9500 -15.5700
v 14.1800 0.2200 -12.8300
v 10.4800 0.2200 -13.5500
v 9.4700 0.2200 -10.9800
v 13.9700 0.2200 -10.1100
v 9.4700 0.2200 -10.9800
v 13.9700 0.0000 -10.1100
v 9.4700 0.0000 -10.9800
v 9.4700 0.0000 -10.9800
v 9.4700 0.2200 -10.9800
v 5.8000 0.0000 -13.4200
v 5.8000 0.2200 -13.4200
v 7.5000 0.4400 -15.5400
v 5.5500 0.4400 -18.4100
v 7.5000 0.2200 -15.5400
v 18.0000 0.2200 -11.4200
v 14.1800 0.2200 -12.8300
v 13.9700 0.2200 -10.1100
v 5.8000 0.2200 -13.4200
v 7.5000 0.2200 -15.5400
v 3.6300 0.2200 -16.5700
v 10.4800 0.2200 -13.5500
v 7.5000 0.2200 -15.5400
v 9.4700 0.2200 -10.9800
v 5.5500 0.2200 -18.4200
v 5.8000 0.0000 -13.4200
v 5.8000 0.2200 -13.4200
v 3.6300 0.0000 -16.5700
v 3.6300 0.2200 -16.5700
v 5.8000 0.2200 -13.4200
v 18.0000 0.2200 -14.1700
v 18.0000 0.4400 -14.1700
v 14.1800 0.2200 -12.8300
v 18.0000 0.0000 -11.4200
v 13.9700 0.2200 -10.1100
v 13.9700 0.0000 -10.1100
v 14.1800 0.4400 -12.8300
v 14.1800 0.4400 -12.8300
v 10.4800 0.4400 -13.5500
v 14.1800 0.2200 -12.8300
v 14.1800 0.2200 -12.8300
v 10.4800 0.4400 -13.5500
v 10.4800 0.2200 -13.5500
v 18.0000 0.2200 -14.1700
v 14.1800 0.2200 -12.8300
v 18.0000 0.2200 -11.4200
v 7.5000 0.2200 -15.5400
v 5.5500 0.4400 -18.4100
v 5.5500 0.2200 -18.4200
v 13.9700 0.2200 -10.1100
v 14.1800 0.2200 -12.8300
v 9.4700 0.2200 -10.9800
v 18.0000 0.2200 -11.4200
v 13.9700 0.2200 -10.1100
v 18.0000 0.0000 -11.4200
v 10.4800 0.2200 -13.5500
v 10.4800 0.4400 -13.5500
v 7.5000 0.2200 -15.5400
v 7.5000 0.4400 -15.5400
v 16.3300 5.5200 -0.6400
v 15.3300 5.5200 0.3600
v 15.3300 5.5200 -0.6400
v 16.3300 5.5200 0.3600
v 18.0000 0.4600 -31.9500
v 18.0000 0.0000 -31.9500
v 14.9100 0.0000 -31.9500
v 14.9100 0.4600 -31.9500
v 14.9100 0.0000 -31.9500
v 14.9100 0.4600 -28.4500
v 16.3900 0.4500 -30.2500
v 16.3900 0.4500 -28.4500
v 14.9100 0.4600 -31.9500
v 16.3900 0.4500 -30.2500
v 18.0000 0.4600 -31.9500
v 14.9100 0.4600 -31.9500
v 18.0000 0.4500 -30.2500
v 18.0000 0.4600 -31.9500
v 16.3900 0.4500 -30.2500
v 5.5500 0.4500 -30.2500
v 7.3700 0.4500 -30.2500
v 5.5500 0.4500 -31.5900
v 8.7400 0.4500 -31.5900
v 8.7400 0.0000 -31.5900
v 5.5500 0.0000 -31.5900
v 8.7400 0.4500 -28.4500
v 8.7400 0.4500 -31.5900
v 7.3700 0.4500 -30.2500
v 14.9100 0.0000 -31.9500
v 14.9100 0.4600 -31.9500
v 8.7400 0.0000 -31.5900
v 7.3700 0.4500 -28.4500
v 19.5200 0.0000 -34.2600
v 18.0000 0.0000 -32.7900
v 19.5200 0.0000 -32.7900
v 18.0000 0.0000 -34.2600
v 3.7000 11.0500 -16.5800
v 3.7200 13.4200 -15.4200
v -3.6900 11.0500 -16.5700
v -13.8100 13.4200 -15.4200
v -13.8100 13.4200 -3.9100
v 3.7200 13.4200 -3.9200
v -13.8100 11.0500 -2.7600
v 3.7100 11.0500 -2.7600
v 5.5500 16.5700 -4.0500
v 4.3900 15.3700 -5.9700
v 5.5600 16.5700 -5.9700
v 5.5600 16.5700 -13.3600
v 4.3900 15.3700 -13.3600
v 5.5500 16.5700 -15.2800
v 3.7200 13.4200 -15.4200
v 3.7000 11.0500 -16.5800
v 4.4000 13.4900 -16.4700
v 4.4000 13.4900 -2.7600
v 3.7200 13.4200 -3.9200
v 3.7100 11.0500 -2.7600
v 4.3900 15.3700 -13.3600
v -13.8100 15.3700 -13.3600
v 3.7200 13.4200 -15.4200
v -13.8100 13.4200 -15.4200
v -13.8100 11.0500 -16.5700
v -3.6900 11.0500 -16.5700
v 3.7200 13.4200 -3.9200
v -13.8100 15.3700 -5.9700
v 4.3900 15.3700 -5.9700
v -13.8100 13.4200 -3.9100
v 16.7500 17.9400 1.8200
v 12.8400 22.1100 -27.6100
v 16.7500 17.9400 -27.6100
v 12.8400 22.1100 1.8200
v 10.6500 22.1100 1.8200
v 6.7500 17.8900 -27.6100
v 10.6500 22.1100 -27.6100
v 6.7500 17.8900 1.8200
v 6.7500 17.8900 -27.6100
v 10.6500 22.1100 -27.6100
v 12.8400 22.1100 -27.6100
v 16.7500 17.9400 -27.6100
v -13.5800 1.4600 -9.4300
v -13.5800 2.0300 -11.5300
v -12.9800 4.9700 -9.6100
v -13.5800 3.7200 -12.8900
v -13.5800 5.8800 -13.0000
v -13.5800 7.7000 -11.8100
v -13.5800 8.4700 -9.7800
v -13.5800 7.9000 -7.6900
v -13.5800 6.2200 -6.3300
v -13.5800 4.0500 -6.2200
v -13.5800 2.2300 -7.4100
v 17.6700 3.3300 -7.8300
v 17.6700 3.8900 -5.7400
v 17.0700 6.8300 -7.6500
v 17.6700 5.5800 -4.3800
v 17.6700 7.7500 -4.2700
v 17.6700 9.5600 -5.4500
v 17.6700 10.3400 -7.4800
v 17.6700 9.7700 -9.5700
v 17.6700 8.0800 -10.9300
v 17.6700 5.9200 -11.0400
v 17.6700 4.1000 -9.8600
v 16.4400 1.5600 -7.8500
v 16.4400 1.5600 -6.2900
v 18.0000 1.5600 -6.2900
v 18.0000 1.5600 -7.8500
v 16.4400 0.0000 -6.2900
v 16.4400 1.5600 -6.2900
v 16.4400 1.5600 -7.8500
v 16.4400 0.0000 -7.8500
v 18.0000 0.0000 -6.2900
v 18.0000 1.5600 -6.2900
v 16.4400 0.0000 -6.2900
v 16.4400 1.5600 -7.8500
v 18.0000 1.5600 -7.8500
v 18.0000 0.0000 -7.8500
v 7.1100 1.8700 -19.6900
v 7.1100 1.8700 -21.2500
v 5.5500 1.8700 -21.2500
v 5.5500 1.8700 -19.6900
v 7.1100 0.3100 -21.2500
v 7.1100 1.8700 -21.2500
v 7.1100 1.8700 -19.6900
v 7.1100 0.3100 -19.6900
v 5.5500 0.3100 -21.2500
v 5.5500 1.8700 -21.2500
v 7.1100 0.3100 -21.2500
v 7.1100 1.8700 -19.6900
v 5.5500 1.8700 -19.6900
v 5.5500 0.3100 -19.6900
v -11.8400 1.0400 -16.1500
v -9.8900 1.0400 -16.1500
v -9.8900 4.5800 -16.1500
v -11.8400 4.5800 -16.1500
v -9.3000 10.6900 -9.9500
v -9.3000 11.0500 -9.9400
v -9.3000 11.0500 -7.0100
v -9.3000 11.0500 -2.7600
v -9.3000 10.6900 -2.7600
v -9.3000 11.0500 -16.5700
v -9.3000 11.0500 -12.3700
v -9.3000 10.6900 -16.5700
v 10.2800 11.0500 -8.4100
v 13.3500 10.6900 -8.4100
v 13.3500 11.0500 -8.4100
v 10.2800 10.6900 -8.4100
v 13.3500 10.6900 -11.4900
v 10.2800 10.6900 -11.4900
v 10.2800 11.0500 -11.4900
v 13.3500 11.0500 -11.4900
v 5.5500 11.0500 -18.3100
v 5.5200 10.6900 -18.3400
v 9.7000 11.0500 -18.3400
v 9.7000 10.6900 -18.3400
v 9.7000 11.0500 -15.7300
v 9.7000 10.6900 -15.7300
v 13.9200 10.6900 -15.7300
v -1.7500 11.0500 -8.4100
v -1.7500 10.6900 -8.4100
v -1.7500 10.6900 -11.4900
v -1.7500 11.0500 -11.4900
v -4.8200 11.0500 -11.4900
v -4.8200 10.6900 -11.4900
v -4.8200 10.6900 -8.4100
v -4.8200 11.0500 -8.4100
v 5.8000 11.0500 -8.4100
v 5.8000 10.6900 -8.4100
v 5.8000 10.6900 -11.4900
v 5.8000 11.0500 -11.4900
v 2.7300 11.0500 -11.4900
v 2.7300 10.6900 -11.4900
v 2.7300 10.6900 -8.4100
v 2.7300 11.0500 -8.4100
v 9.7000 11.0500 -15.7300
v 13.9200 10.6900 -15.7300
v 13.9200 11.0500 -15.7300
v 13.9200 11.0500 -18.3400
v 13.9200 10.6900 -18.3400
v 18.0200 10.6900 -18.3400
v 18.0200 11.0500 -18.3400
v 18.0400 10.6900 -19.9100
v 5.5300 10.6900 -19.9100
v 5.5300 11.0500 -19.9100
v 18.0400 11.0500 -19.9100
v -3.3500 11.0800 -16.2500
v -3.0600 11.0800 -15.9500
v -3.0600 5.8400 -15.9500
v -3.3500 5.8400 -16.2500
v -3.3500 11.7200 -15.9500
v -3.0500 11.7200 -16.2500
v -3.0500 6.4800 -16.2500
v -3.3500 6.4800 -15.9500
v -12.9800 10.3700 -9.4200
v -13.8600 10.3700 -9.9500
v -13.8600 7.3900 -9.9500
v -12.9800 7.3900 -9.4200
v -13.1600 11.0100 -10.1300
v -13.6900 11.0100 -9.2400
v -13.6900 8.1300 -9.2400
v -13.1600 8.1300 -10.1300
v 17.1500 16.3900 -7.9300
v 17.8800 16.3900 -7.2100
v 17.8800 9.2100 -7.2100
v 17.1500 9.2100 -7.9300
v 17.1500 17.2700 -7.2000
v 17.8900 17.2700 -7.9400
v 17.8900 10.0900 -7.9400
v 17.1500 10.0900 -7.2000
v 7.4100 17.6300 -23.3700
v 7.9400 17.6300 -22.8400
v 7.9400 12.3900 -22.8400
v 7.4100 12.3900 -23.3700
v 7.4100 18.2700 -22.8300
v 7.9500 18.2700 -23.3700
v 7.9500 13.0300 -23.3700
v 7.4100 13.0300 -22.8300
v 15.8000 12.9900 -0.4000
v 15.8000 12.9900 0.0200
v 15.7700 6.4100 0.0400
v 15.7700 6.4100 -0.3700
v 15.5900 13.6300 -0.1900
v 16.0100 13.6300 -0.1900
v 15.9800 7.0500 -0.1600
v 15.5600 7.0500 -0.1600
v 10.8800 11.0500 -18.7700
v 10.8800 11.0500 -16.9000
v 12.7500 11.0500 -18.7700
v 12.7500 11.0500 -16.9000
v 11.6500 10.6900 -11.4900
v 11.6500 11.0500 -11.4900
v 11.6500 11.0500 -15.7300
v 11.6500 10.6900 -15.7300
v 11.9600 10.6900 -11.4900
v 11.6500 10.6900 -11.4900
v 11.6500 10.6900 -15.7300
v 11.9600 10.6900 -15.7300
v 11.9600 11.0500 -15.7300
v 11.9600 10.6900 -11.4900
v 11.9600 10.6900 -15.7300
v 11.9600 11.0500 -11.4900
v 11.6500 11.0500 -11.4900
v 11.9600 11.0500 -11.4900
v 11.9600 11.0500 -15.7300
v 11.6500 11.0500 -15.7300
v 10.2800 10.6900 -9.7700
v 5.8000 10.6900 -9.7700
v 10.2800 10.6900 -10.0900
v 10.2800 10.6900 -10.0900
v 5.8000 10.6900 -10.0900
v 10.2800 11.0500 -10.0900
v 5.8000 10.6900 -10.0900
v 2.7300 11.0500 -10.0900
v -1.7500 11.0500 -10.0900
v 2.7300 11.0500 -9.7700
v 5.8000 11.0500 -10.0900
v 10.2800 11.0500 -9.7700
v 10.2800 10.6900 -9.7700
v 5.8000 11.0500 -9.7700
v 5.8000 11.0500 -10.0900
v 5.8000 11.0500 -9.7700
v 10.2800 11.0500 -9.7700
v 10.2800 11.0500 -10.0900
v -1.7500 10.6900 -10.0900
v -1.7500 11.0500 -10.0900
v 2.7300 11.0500 -10.0900
v 2.7300 10.6900 -10.0900
v -1.7500 10.6900 -9.7700
v -1.7500 10.6900 -10.0900
v 2.7300 10.6900 -10.0900
v 2.7300 10.6900 -9.7700
v 2.7300 11.0500 -9.7700
v 2.7300 10.6900 -9.7700
v -1.7500 11.0500 -9.7700
v -1.7500 11.0500 -10.0900
v -1.7500 11.0500 -9.7700
v 2.7300 11.0500 -9.7700
v -4.8200 11.0500 -10.0900
v -9.3000 11.0500 -10.0900
v -4.8200 11.0500 -9.7700
v -9.3000 11.0500 -9.7700
v -9.3000 11.0500 -9.7700
v -9.3000 10.6900 -9.7700
v -4.8200 11.0500 -9.7700
v -4.8200 10.6900 -9.7700
v -4.8200 10.6900 -9.7700
v -4.8200 10.6900 -10.0900
v -9.3000 10.6900 -10.0900
v -4.8200 10.6900 -10.0900
v -9.3000 10.6900 -10.0900
v -4.8200 11.0500 -10.0900
v -9.3000 10.6900 -10.0900
v -9.3000 11.0500 -10.0900
v -4.8200 11.0500 -10.0900
v 6.7600 3.2500 -23.6300
v 6.2500 3.2400 -23.1100
v 6.6100 3.2300 -23.2600
v 5.8900 3.2500 -23.2700
v 6.6100 3.2400 -23.9900
v 5.7400 3.2300 -23.6300
v 6.2500 3.2400 -24.1400
v 5.8900 3.2300 -23.9900
v -2.6700 4.9500 -15.5700
v -2.7700 5.1500 -15.6700
v -3.5600 5.1500 -15.6700
v -3.6700 4.9500 -15.5700
v -2.7700 5.7500 -15.6700
v -3.5600 5.7500 -15.6700
v -2.7100 5.9500 -15.6100
v -3.6200 5.9500 -15.6100
v -3.1700 6.4500 -16.0700
v -2.6700 4.9500 -16.5700
v -2.7700 5.1500 -16.4600
v -2.7700 5.1500 -15.6700
v -2.6700 4.9500 -15.5700
v -2.7700 5.7500 -16.4600
v -2.7700 5.7500 -15.6700
v -2.7100 5.9500 -16.5200
v -2.7100 5.9500 -15.6100
v -3.6200 5.9500 -16.5200
v -3.6200 5.9500 -15.6100
v -3.5600 5.7500 -16.4600
v -3.5600 5.7500 -15.6700
v -3.5600 5.1500 -15.6700
v -3.5600 5.7500 -15.6700
v -3.5600 5.7500 -16.4600
v -3.5600 5.1500 -16.4600
v -3.6700 4.9500 -15.5700
v -3.6700 4.9500 -16.5700
v -2.7100 5.9500 -16.5200
v -3.6200 5.9500 -16.5200
v -3.1700 6.4500 -16.0700
v -3.5600 5.7500 -16.4600
v -2.7700 5.7500 -16.4600
v -3.5600 5.1500 -16.4600
v -2.7700 5.1500 -16.4600
v -3.6700 4.9500 -16.5700
v -2.6700 4.9500 -16.5700
v 12.4300 5.7100 -26.6100
v 12.3200 5.9100 -26.7200
v 11.5300 5.9100 -26.7200
v 11.4300 5.7100 -26.6100
v 12.3200 6.5100 -26.7200
v 11.5300 6.5100 -26.7200
v 12.3800 6.7100 -26.6600
v 11.4700 6.7100 -26.6600
v 11.9300 7.2100 -27.1100
v 12.4300 5.7100 -27.6100
v 12.3200 5.9100 -27.5100
v 12.3200 5.9100 -26.7200
v 12.4300 5.7100 -26.6100
v 12.3200 6.5100 -27.5100
v 12.3200 6.5100 -26.7200
v 12.3800 6.7100 -27.5700
v 12.3800 6.7100 -26.6600
v 11.4700 6.7100 -27.5700
v 11.4700 6.7100 -26.6600
v 11.9300 7.2100 -27.1100
v 11.5300 6.5100 -27.5100
v 11.5300 6.5100 -26.7200
v 11.5300 5.9100 -26.7200
v 11.5300 5.9100 -27.5100
v 11.4300 5.7100 -26.6100
v 11.4300 5.7100 -27.6100
v 12.3800 6.7100 -27.5700
v 11.4700 6.7100 -27.5700
v 11.5300 6.5100 -27.5100
v 12.3200 6.5100 -27.5100
v 11.5300 5.9100 -27.5100
v 12.3200 5.9100 -27.5100
v 11.4300 5.7100 -27.6100
v 12.4300 5.7100 -27.6100
v 16.3300 5.5200 0.3600
v 16.2200 5.7200 0.2600
v 15.4300 5.7200 0.2600
v 15.3300 5.5200 0.3600
v 16.2200 6.3200 0.2600
v 15.4300 6.3200 0.2600
v 16.2800 6.5200 0.3200
v 15.3700 6.5200 0.3200
v 15.8300 7.0200 -0.1400
v 16.3300 5.5200 -0.6400
v 16.2200 5.7200 -0.5300
v 16.2200 5.7200 0.2600
v 16.3300 5.5200 0.3600
v 16.2200 6.3200 -0.5300
v 16.2200 6.3200 0.2600
v 16.2800 6.5200 -0.5900
v 16.2800 6.5200 0.3200
v 16.2200 6.3200 0.2600
v 16.2200 6.3200 -0.5300
v 15.8300 7.0200 -0.1400
v 15.3700 6.5200 -0.5900
v 15.3700 6.5200 0.3200
v 15.4300 6.3200 -0.5300
v 15.4300 6.3200 0.2600
v 15.4300 5.7200 0.2600
v 15.4300 5.7200 -0.5300
v 15.3300 5.5200 0.3600
v 15.3300 5.5200 -0.6400
v 16.2800 6.5200 -0.5900
v 15.3700 6.5200 -0.5900
v 15.4300 6.3200 -0.5300
v 16.2200 6.3200 -0.5300
v 15.4300 5.7200 -0.5300
v 16.2200 5.7200 -0.5300
v 15.3300 5.5200 -0.6400
v 16.3300 5.5200 -0.6400
v 14.0900 1.1000 -27.4000
v 14.6000 1.3000 -27.4000
v 14.2500 1.3000 -27.4000
v 14.7600 1.1100 -27.4000
v 14.1000 0.4400 -27.3000
v 14.7800 0.4600 -27.3000
v 1.7900 13.0500 -4.5400
v 1.7900 15.3700 -5.9700
v 1.7900 15.3700 -6.9200
v 1.7900 13.4200 -3.9100
v 2.7600 15.3700 -6.9200
v 1.7900 13.0500 -4.5400
v 1.7900 15.3700 -6.9200
v 2.7600 13.0500 -4.5400
v 2.7600 15.3700 -5.9700
v 2.7600 13.0500 -4.5400
v 2.7600 15.3700 -6.9200
v 2.7600 13.4200 -3.9100
v 1.7900 13.0500 -4.5400
v 1.7900 11.0500 -2.7600
v 1.7900 13.4200 -3.9100
v 1.7900 9.6300 -2.7600
v 2.7600 9.6300 -2.7600
v 1.7900 13.0500 -4.5400
v 2.7600 13.0500 -4.5400
v 1.7900 9.6300 -2.7600
v 2.7600 11.0500 -2.7600
v 2.7600 13.0500 -4.5400
v 2.7600 13.4200 -3.9100
v 2.7600 9.6300 -2.7600
v -9.2900 13.0500 -4.5400
v -9.2900 15.3700 -5.9700
v -9.2900 15.3700 -6.9200
v -9.2900 13.4200 -3.9100
v -8.3200 15.3700 -6.9200
v -9.2900 13.0500 -4.5400
v -9.2900 15.3700 -6.9200
v -8.3200 13.0500 -4.5400
v -8.3200 15.3700 -5.9700
v -8.3200 13.0500 -4.5400
v -8.3200 15.3700 -6.9200
v -8.3200 13.4200 -3.9100
v -9.2900 13.0500 -4.5400
v -9.3000 11.0500 -2.7600
v -9.2900 13.4200 -3.9100
v -9.2900 9.6300 -2.7600
v -8.3200 9.6300 -2.7600
v -8.3200 13.0500 -4.5400
v -9.2900 9.6300 -2.7600
v -8.3200 11.0500 -2.7600
v -8.3200 13.0500 -4.5400
v -8.3200 13.4200 -3.9100
v -8.3200 9.6300 -2.7600
v -9.2900 15.3700 -12.4000
v -9.2900 15.3700 -13.3600
v -9.2900 13.0500 -14.7900
v -9.2900 13.4200 -15.4200
v -8.3200 15.3700 -12.4000
v -8.3200 13.0500 -14.7900
v -8.3200 15.3700 -12.4000
v -8.3200 13.0500 -14.7900
v -8.3200 15.3700 -13.3600
v -8.3200 13.4200 -15.4200
v -9.3000 11.0500 -16.5700
v -9.2900 9.6300 -16.5700
v -8.3200 13.0500 -14.7900
v -9.2900 13.0500 -14.7900
v -8.3200 9.6300 -16.5700
v -9.2900 9.6300 -16.5700
v -8.3200 11.0500 -16.5700
v -8.3200 9.6300 -16.5700
v -3.7000 15.3700 -12.4000
v -3.7100 15.3700 -13.3600
v -3.7000 13.0500 -14.7900
v -3.7100 15.3700 -13.3600
v -3.7100 13.4200 -15.4200
v -3.7000 13.0500 -14.7900
v -3.7000 15.3700 -12.4000
v -3.7000 13.0500 -14.7900
v -2.7400 15.3700 -12.4000
v -2.7400 13.0500 -14.7900
v -2.7400 15.3700 -12.4000
v -2.7400 13.0500 -14.7900
v -2.7300 15.3700 -13.3600
v -2.7300 13.4200 -15.4200
v -3.7100 11.0500 -16.5700
v -3.7000 9.6300 -16.5700
v -2.7400 13.0500 -14.7900
v -3.7000 13.0500 -14.7900
v -2.7400 9.6300 -16.5700
v -3.7000 9.6300 -16.5700
v -2.7300 11.0500 -16.5700
v -2.7400 9.6300 -16.5700
v -3.7000 13.0500 -4.5400
v -3.7100 15.3700 -5.9700
v -3.7000 15.3700 -6.9200
v -3.7100 13.4200 -3.9100
v -2.7400 15.3700 -6.9200
v -3.7000 13.0500 -4.5400
v -3.7000 15.3700 -6.9200
v -2.7400 13.0500 -4.5400
v -2.7300 15.3700 -5.9700
v -2.7400 13.0500 -4.5400
v -2.7400 15.3700 -6.9200
v -2.7300 13.4200 -3.9100
v -3.7100 11.0500 -2.7600
v -3.7000 9.6300 -2.7600
v -3.7100 11.0500 -2.7600
v -3.7000 13.0500 -4.5400
v -2.7400 9.6300 -2.7600
v -3.7000 13.0500 -4.5400
v -2.7400 13.0500 -4.5400
v -3.7000 9.6300 -2.7600
v -2.7300 11.0500 -2.7600
v -2.7400 13.0500 -4.5400
v -2.7300 13.4200 -3.9100
v -2.7400 9.6300 -2.7600
v 1.7900 15.3700 -12.4000
v 1.7900 15.3700 -13.3600
v 1.7900 13.0500 -14.7900
v 1.7900 13.4200 -15.4200
v 1.7900 15.3700 -12.4000
v 1.7900 13.0500 -14.7900
v 2.7600 15.3700 -12.4000
v 2.7600 13.0500 -14.7900
v 2.7600 15.3700 -12.4000
v 2.7600 13.0500 -14.7900
v 2.7600 15.3700 -13.3600
v 2.7600 13.4200 -15.4200
v 1.7900 11.0500 -16.5700
v 1.7900 9.6300 -16.5700
v 2.7600 13.0500 -14.7900
v 1.7900 13.0500 -14.7900
v 2.7600 9.6300 -16.5700
v 1.7900 9.6300 -16.5700
v 2.7600 11.0500 -16.5700
v 2.7600 9.6300 -16.5700
v 1.8900 13.9000 -14.9000
v -2.7300 13.9000 -14.9000
v 1.8900 13.9000 -14.2600
v -2.7300 13.9000 -14.2600
v -2.7300 13.9000 -14.2600
v -2.7300 13.5500 -14.2600
v 1.8900 13.9000 -14.2600
v 1.8900 13.5500 -14.2600
v -2.7300 13.5500 -14.2600
v -2.7300 13.5500 -14.9000
v 1.8900 13.5500 -14.9000
v 1.8900 13.5500 -14.2600
v -3.7000 13.9000 -14.9000
v -8.3200 13.9000 -14.9000
v -3.7000 13.9000 -14.2600
v -8.3200 13.9000 -14.2600
v -8.3200 13.9000 -14.2600
v -8.3200 13.5500 -14.2600
v -3.7000 13.9000 -14.2600
v -3.7000 13.5500 -14.2600
v -8.3200 13.5500 -14.2600
v -8.3200 13.5500 -14.9000
v -3.7000 13.5500 -14.9000
v -3.7000 13.5500 -14.2600
v 1.8900 13.9000 -5.0700
v -2.7300 13.9000 -4.4200
v 1.8900 13.9000 -4.4200
v -2.7300 13.9000 -5.0700
v 1.8900 13.9000 -5.0700
v -2.7300 13.5500 -5.0700
v -2.7300 13.9000 -5.0700
v 1.8900 13.5500 -5.0700
v 1.8900 13.5500 -4.4200
v -2.7300 13.5500 -4.4200
v -2.7300 13.5500 -5.0700
v 1.8900 13.5500 -5.0700
v -3.7000 13.9000 -5.0700
v -8.3200 13.9000 -4.4200
v -3.7000 13.9000 -4.4200
v -8.3200 13.9000 -5.0700
v -3.7000 13.9000 -5.0700
v -8.3200 13.5500 -5.0700
v -8.3200 13.9000 -5.0700
v -3.7000 13.5500 -5.0700
v -3.7000 13.5500 -4.4200
v -8.3200 13.5500 -4.4200
v -8.3200 13.5500 -5.0700
v -3.7000 13.5500 -5.0700
v -10.5800 10.3100 -5.4200
v -12.7300 9.6300 -5.4200
v -10.5800 10.3100 -6.0900
v -12.7300 9.6300 -6.0900
v -12.7300 9.6300 -6.0900
v -12.7300 9.6300 -5.4200
v -13.2700 8.9500 -6.0900
v -13.2700 8.9500 -5.4200
v -13.8100 10.6900 -5.4200
v -10.5800 10.3100 -5.4200
v -10.5800 10.6900 -5.4200
v -12.7300 9.6300 -5.4200
v -13.8100 10.6900 -5.4200
v -13.8100 8.9500 -5.4200
v -12.7300 9.6300 -5.4200
v -13.2700 8.9500 -5.4200
v -10.5800 10.6900 -6.0900
v -10.5800 10.3100 -6.0900
v -13.8100 10.6900 -6.0900
v -12.7300 9.6300 -6.0900
v -13.8100 8.9500 -6.0900
v -13.8100 10.6900 -6.0900
v -13.2700 8.9500 -6.0900
v -13.8100 8.9500 -13.2700
v -13.2700 8.9500 -13.2700
v -12.7300 9.6300 -13.2700
v -13.8100 10.6900 -13.2700
v -10.5800 10.3100 -13.2700
v -13.8100 10.6900 -13.2700
v -10.5800 10.6900 -13.2700
v -12.7300 9.6300 -13.9500
v -13.2700 8.9500 -13.9500
v -13.8100 8.9500 -13.9500
v -13.8100 10.6900 -13.9500
v -13.8100 10.6900 -13.9500
v -10.5800 10.3100 -13.9500
v -12.7300 9.6300 -13.9500
v -10.5800 10.6900 -13.9500
v -13.2700 8.9500 -13.2700
v -13.2700 8.9500 -13.9500
v -12.7300 9.6300 -13.9500
v -12.7300 9.6300 -13.2700
v -12.7300 9.6300 -13.9500
v -10.5800 10.3100 -13.2700
v -10.5800 10.3100 -13.9500
v 12.8400 22.1100 1.8200
v 10.6500 22.1100 -27.6100
v 12.8400 22.1100 -27.6100
v 10.6500 22.1100 1.8200
v 10.6500 22.1100 -27.6100
v 12.8400 22.1100 1.8200
v 14.7700 10.2700 -19.3900
v 16.9200 9.5900 -19.3900
v 14.7700 10.2700 -18.7100
v 16.9200 9.5900 -18.7100
v 16.9200 9.5900 -18.7100
v 16.9200 9.5900 -19.3900
v 17.4500 8.9100 -18.7100
v 17.4500 8.9100 -19.3900
v 17.9900 10.6500 -19.3900
v 14.7700 10.2700 -19.3900
v 14.7700 10.6500 -19.3900
v 16.9200 9.5900 -19.3900
v 17.9900 10.6500 -19.3900
v 17.9900 8.9100 -19.3900
v 16.9200 9.5900 -19.3900
v 17.4500 8.9100 -19.3900
v 14.7700 10.6500 -18.7100
v 14.7700 10.2700 -18.7100
v 17.9900 10.6500 -18.7100
v 17.9900 8.9100 -18.7100
v 17.9900 10.6500 -18.7100
v 17.4500 8.9100 -18.7100
v 5.5300 8.9500 -18.6600
v 6.0700 8.9500 -18.6600
v 6.6100 9.6300 -18.6600
v 5.5300 10.6900 -18.6600
v 8.7600 10.3100 -18.6600
v 5.5300 10.6900 -18.6600
v 8.7600 10.6900 -18.6600
v 6.6100 9.6300 -19.3300
v 6.0700 8.9500 -19.3300
v 5.5300 8.9500 -19.3300
v 5.5300 10.6900 -19.3300
v 5.5300 10.6900 -19.3300
v 8.7600 10.3100 -19.3300
v 6.6100 9.6300 -19.3300
v 8.7600 10.6900 -19.3300
v 6.0700 8.9500 -18.6600
v 6.0700 8.9500 -19.3300
v 6.6100 9.6300 -19.3300
v 6.6100 9.6300 -18.6600
v 6.6100 9.6300 -18.6600
v 6.6100 9.6300 -19.3300
v 8.7600 10.3100 -18.6600
v 8.7600 10.3100 -19.3300
v 11.8800 22.1100 -26.2800
v 11.8800 22.1100 -27.6100
v 14.6500 19.7200 -27.6100
v 16.7500 16.5700 -27.6100
v 16.7500 16.5700 -26.2800
v 14.6500 19.7200 -26.2800
v 14.6500 19.7200 -27.6100
v 14.6500 19.7200 -26.2800
v 6.7500 17.8900 0.4900
v 8.8400 19.7200 0.5500
v 6.7400 16.5700 0.5500
v 10.6500 22.1100 0.4900
v 11.6100 22.1100 0.5500
v 11.6100 22.1100 1.8200
v 8.8400 19.7200 1.8200
v 8.8400 19.7200 0.5500
v 8.8400 19.7200 0.5500
v 11.6100 22.1100 0.5500
v 11.6100 22.1100 1.8200
v 8.8400 19.7200 1.8200
v 6.7500 16.5700 1.8200
v 6.7400 16.5700 0.5500
v 8.8400 19.7200 0.5500
v 6.7500 17.8900 -6.8700
v 8.8400 19.7200 -6.8100
v 6.7400 16.5700 -6.8100
v 10.6500 22.1100 -6.8700
v 11.6100 22.1100 -6.8100
v 11.6100 22.1100 -5.4900
v 8.8400 19.7200 -5.4900
v 8.8400 19.7200 -6.8100
v 11.6100 22.1100 -6.8100
v 8.8400 19.7200 -5.4900
v 6.7400 16.5700 -5.4900
v 6.7400 16.5700 -6.8100
v 8.8400 19.7200 -6.8100
v 16.7400 17.8900 -26.3400
v 14.6500 19.7200 -26.2800
v 16.7500 16.5700 -26.2800
v 12.8400 22.1100 -26.3400
v 11.8800 22.1100 -26.2800
v 6.7400 16.5700 -5.4900
v 8.8400 19.7200 -5.4900
v 6.7500 17.8900 -5.5500
v 10.6500 22.1100 -5.5500
v 11.6100 22.1100 -5.4900
v 16.7400 17.8900 -5.5500
v 14.6500 19.7200 -5.4900
v 16.7500 16.5700 -5.4900
v 12.8400 22.1100 -5.5500
v 11.8800 22.1100 -5.4900
v 6.7400 16.5700 -26.2800
v 8.8400 19.7200 -26.2800
v 6.7500 17.8900 -26.3400
v 10.6500 22.1100 -26.3400
v 11.6100 22.1100 -26.2800
v 16.7500 16.5700 0.5500
v 14.6500 19.7200 0.5500
v 16.7400 17.8900 0.4900
v 12.8400 22.1100 0.4900
v 11.8800 22.1100 0.5500
v 14.6500 19.7200 0.5500
v 14.6500 19.7200 1.8200
v 11.8800 22.1100 1.8200
v 16.7500 16.5700 0.5500
v 16.7500 16.5700 1.8200
v 14.6500 19.7200 1.8200
v 14.6500 19.7200 0.5500
v 8.8400 19.7200 -27.6100
v 11.6100 22.1100 -27.6100
v 11.6100 22.1100 -26.2800
v 8.8400 19.7200 -26.2800
v 6.7400 16.5700 -26.2800
v 6.7500 16.5700 -27.6100
v 8.8400 19.7200 -27.6100
v 8.8400 19.7200 -26.2800
v 16.7500 16.5700 -6.8100
v 14.6500 19.7200 -6.8100
v 16.7400 17.8900 -6.8700
v 12.8400 22.1100 -6.8700
v 11.8800 22.1100 -6.8100
v 14.6500 19.7200 -6.8100
v 14.6500 19.7200 -5.4900
v 11.8800 22.1100 -5.4900
v 11.8800 22.1100 -6.8100
v 16.7500 16.5700 -6.8100
v 16.7500 16.5700 -5.4900
v 14.6500 19.7200 -5.4900
v 14.6500 19.7200 -6.8100
v 16.7500 16.5700 -15.6300
v 14.6500 19.7200 -15.6600
v 16.7400 17.8900 -15.7200
v 12.8400 22.1100 -15.7200
v 11.8800 22.1100 -15.6600
v 14.6500 19.7200 -15.6600
v 14.6500 19.7200 -14.3300
v 11.8800 22.1100 -14.3300
v 11.8800 22.1100 -15.6600
v 16.7500 16.5700 -15.6300
v 16.7500 16.5700 -14.3700
v 14.6500 19.7200 -14.3300
v 16.7400 17.8900 -14.3900
v 14.6500 19.7200 -14.3300
v 16.7500 16.5700 -14.3700
v 12.8400 22.1100 -14.3900
v 11.8800 22.1100 -14.3300
v 6.7500 17.8900 -15.7200
v 8.8400 19.7200 -15.6600
v 6.7400 16.5700 -15.6600
v 10.6500 22.1100 -15.7200
v 11.6100 22.1100 -15.6600
v 11.6100 22.1100 -14.3300
v 8.8400 19.7200 -14.3300
v 8.8400 19.7200 -15.6600
v 11.6100 22.1100 -15.6600
v 8.8400 19.7200 -14.3300
v 6.7400 16.5700 -14.3300
v 6.7400 16.5700 -15.6600
v 8.8400 19.7200 -15.6600
v 6.7400 16.5700 -14.3300
v 8.8400 19.7200 -14.3300
v 6.7500 17.8900 -14.3900
v 10.6500 22.1100 -14.3900
v 11.6100 22.1100 -14.3300
v 6.7500 17.8900 -23.7200
v 8.8400 19.7200 -23.6600
v 6.7400 16.5700 -23.6600
v 10.6500 22.1100 -23.7200
v 11.6100 22.1100 -23.6600
v 11.6100 22.1100 -22.3300
v 8.8400 19.7200 -22.3300
v 8.8400 19.7200 -23.6600
v 11.6100 22.1100 -23.6600
v 8.8400 19.7200 -22.3300
v 6.7400 16.5700 -22.3300
v 6.7400 16.5700 -23.6600
v 8.8400 19.7200 -23.6600
v 16.7500 16.5700 -23.6600
v 14.6500 19.7200 -23.6600
v 16.7400 17.8900 -23.7200
v 12.8400 22.1100 -23.7200
v 11.8800 22.1100 -23.6600
v 14.6500 19.7200 -23.6600
v 14.6500 19.7200 -22.3300
v 11.8800 22.1100 -22.3300
v 16.7500 16.5700 -23.6600
v 16.7500 16.5700 -22.3300
v 14.6500 19.7200 -22.3300
v 14.6500 19.7200 -23.6600
v 6.7400 16.5700 -22.3300
v 8.8400 19.7200 -22.3300
v 6.7500 17.8900 -22.3900
v 10.6500 22.1100 -22.3900
v 11.6100 22.1100 -22.3300
v 16.7400 17.8900 -22.3900
v 14.6500 19.7200 -22.3300
v 16.7500 16.5700 -22.3300
v 12.8400 22.1100 -22.3900
v 11.8800 22.1100 -22.3300
v 8.0300 18.5000 -22.6600
v 7.6600 17.9400 -22.6600
v 15.8500 17.9200 -22.6600
v 15.4600 18.5100 -22.6600
v 7.6600 17.9400 -22.6600
v 7.6600 17.9400 -23.3500
v 15.8500 17.9200 -22.6600
v 15.8500 17.9200 -23.3500
v 15.8500 17.9200 -23.3500
v 7.6600 17.9400 -23.3500
v 8.0300 18.5000 -23.3500
v 15.4600 18.5100 -23.3500
v 15.4600 18.5100 -22.6600
v 8.0300 18.5000 -23.3500
v 8.0300 18.5000 -22.6600
v 15.4600 18.5100 -23.3500
v 4.9700 11.0500 -1.5100
v 4.9800 9.6300 -1.5200
v 5.7500 13.3600 -2.4200
v 4.9800 9.6300 -1.5200
v 4.1100 9.6300 -2.3000
v 5.2800 13.3600 -3.4900
v 5.7500 13.3600 -2.4200
v 4.1100 9.6300 -2.3000
v 4.1000 11.0500 -2.2900
v 5.2800 13.3600 -3.4900
v 5.2800 13.3600 -3.4900
v 5.5500 16.5700 -4.0500
v 6.7500 16.5700 -4.0400
v 4.4000 13.4900 -2.7600
v 6.7300 16.5700 -2.8700
v 5.7500 13.3600 -2.4200
v 6.7500 16.5700 -4.0400
v 5.2800 13.3600 -3.4900
v 5.5500 16.5700 -2.8800
v 6.7300 16.5700 -2.8700
v 5.1300 13.4900 -1.9500
v 4.4000 13.4900 -2.7600
v 5.1300 13.4900 -1.9500
v 5.7500 13.3600 -16.9100
v 4.9800 9.6300 -17.8200
v 4.9700 11.0500 -17.8200
v 5.2800 13.3600 -15.8400
v 4.1100 9.6300 -17.0400
v 4.9800 9.6300 -17.8200
v 5.7500 13.3600 -16.9100
v 5.2800 13.3600 -15.8400
v 5.2800 13.3600 -15.8400
v 4.1000 11.0500 -17.0400
v 4.1100 9.6300 -17.0400
v 6.7500 16.5700 -15.2900
v 5.5500 16.5700 -15.2800
v 4.4000 13.4900 -16.4700
v 5.7500 13.3600 -16.9100
v 6.7300 16.5700 -16.4600
v 5.2800 13.3600 -15.8400
v 6.7300 16.5700 -16.4600
v 5.5500 16.5700 -16.4500
v 5.1300 13.4900 -17.3800
v 4.4000 13.4900 -16.4700
v 5.1300 13.4900 -17.3800
v 17.5100 1.6100 -20.4400
v 17.7500 1.2900 -20.4400
v 18.0000 1.2900 -20.4400
v 18.0000 2.1100 -20.4400
v 18.0000 2.1100 -20.4400
v 16.5100 1.9300 -20.4400
v 16.5100 2.1200 -20.4400
v 18.0000 1.2900 -20.8700
v 17.7500 1.2900 -20.8700
v 17.5100 1.6100 -20.8700
v 18.0000 2.1200 -20.8700
v 18.0000 1.2900 -20.8700
v 17.5100 1.6100 -20.8700
v 17.5100 1.6100 -20.8700
v 16.5100 1.9300 -20.8700
v 18.0000 2.1200 -20.8700
v 16.5100 2.1200 -20.8700
v 17.5100 1.6100 -20.8700
v 17.7500 1.2900 -20.8700
v 17.7500 1.2900 -20.4400
v 17.5100 1.6100 -20.4400
v 16.5100 1.9300 -20.4400
v 17.5100 1.6100 -20.8700
v 17.5100 1.6100 -20.4400
v 16.5100 1.9300 -20.8700
v 18.0000 16.5700 1.8200
v 16.7500 16.5700 -27.6100
v 18.0000 16.5700 -27.6100
v 16.7500 16.5700 1.8200
v 5.5500 16.5700 1.8200
v 6.7500 16.5700 -27.6100
v 6.7500 16.5700 1.8200
v 5.5500 16.5700 -27.6100
v 16.7500 16.5700 1.8200
v 16.7500 17.9400 -27.6100
v 16.7500 16.5700 -27.6100
v 16.7500 17.9400 1.8200
v 6.7500 17.8900 1.8200
v 6.7500 16.5700 -27.6100
v 6.7500 17.8900 -27.6100
v 6.7500 16.5700 1.8200
v 6.0500 1.6100 -23.7300
v 5.8000 1.2900 -23.7300
v 5.5500 1.2900 -23.7300
v 5.5500 2.1100 -23.7300
v 5.5500 2.1100 -23.7300
v 7.0500 1.9300 -23.7300
v 7.0500 2.1200 -23.7300
v 5.5500 1.2900 -23.3100
v 5.8000 1.2900 -23.3100
v 6.0500 1.6100 -23.3100
v 5.5500 2.1200 -23.3100
v 6.0500 1.6100 -23.3100
v 7.0500 1.9300 -23.3100
v 5.5500 2.1200 -23.3100
v 7.0500 2.1200 -23.3100
v 6.0500 1.6100 -23.3100
v 5.8000 1.2900 -23.3100
v 5.8000 1.2900 -23.7300
v 6.0500 1.6100 -23.7300
v 7.0500 1.9300 -23.7300
v 6.0500 1.6100 -23.3100
v 7.0500 1.9300 -23.3100
v 11.6100 22.1100 -29.7900
v 8.8400 19.7200 -29.7900
v 10.6500 22.1100 -29.7300
v 6.7500 17.8900 -29.7300
v 6.7400 16.5700 -29.7900
v 12.8400 22.1100 -29.7300
v 14.6500 19.7200 -29.7900
v 11.8800 22.1100 -29.7900
v 16.7400 17.8900 -29.7300
v 16.7500 16.5700 -29.7900
v 8.8400 19.7200 -28.4500
v 8.8400 19.7200 -29.7900
v 11.6100 22.1100 -29.7900
v 8.8400 19.7200 -29.7900
v 8.8400 19.7200 -28.4500
v 6.7500 16.5700 -28.4500
v 6.7400 16.5700 -29.7900
v 11.6100 22.1100 -28.4500
v 14.6500 19.7200 -34.7600
v 14.6500 19.7200 -36.0800
v 16.7500 16.5700 -36.0800
v 16.7500 16.5700 -34.7600
v 11.8800 22.1100 -34.7600
v 11.8800 22.1100 -36.0800
v 14.6500 19.7200 -36.0800
v 14.6500 19.7200 -34.7600
v 12.8400 22.1100 -36.0800
v 14.6500 19.7200 -36.0800
v 16.7400 17.8900 -36.0800
v 16.7500 16.5700 -36.0800
v 11.8800 22.1100 -34.7600
v 14.6500 19.7200 -34.7600
v 12.8400 22.1100 -34.7600
v 16.7400 17.8900 -34.7600
v 16.7500 16.5700 -34.7600
v 10.6500 22.1100 -34.7600
v 8.8400 19.7200 -34.7600
v 11.6100 22.1100 -34.7600
v 6.7500 17.8900 -34.7600
v 6.7400 16.5700 -34.7600
v 16.7500 17.9400 -27.6100
v 16.7500 16.5700 -27.6100
v 10.6500 22.1100 -27.6100
v 12.8400 22.1100 -27.6100
v 6.7500 16.5700 -27.6100
v 6.7500 17.8900 -27.6100
v 11.8800 22.1100 -29.7900
v 14.6500 19.7200 -29.7900
v 14.6500 19.7200 -28.4500
v 16.7500 16.5700 -28.4500
v 14.6500 19.7200 -28.4500
v 14.6500 19.7200 -29.7900
v 16.7500 16.5700 -29.7900
v 11.8800 22.1100 -28.4500
v 6.7400 16.5700 -36.0800
v 8.8400 19.7200 -36.0800
v 8.8400 19.7200 -34.7600
v 6.7400 16.5700 -34.7600
v 8.8400 19.7200 -36.0800
v 11.6100 22.1100 -36.0800
v 11.6100 22.1100 -34.7600
v 8.8400 19.7200 -34.7600
v 11.6100 22.1100 -36.0800
v 8.8400 19.7200 -36.0800
v 10.6500 22.1100 -36.0800
v 6.7500 17.8900 -36.0800
v 6.7400 16.5700 -36.0800
v 16.7500 16.5700 -27.6100
v 18.0000 16.5700 -27.6100
v 16.7500 16.5700 -27.6100
v 5.5500 16.5700 -27.6100
v 6.7500 16.5700 -27.6100
v 7.4100 13.4000 -2.4900
v 5.3600 13.4000 -3.1300
v 7.4100 13.4000 -3.1300
v 7.4100 13.7600 -2.4900
v 5.3600 13.4000 -2.4900
v 7.4100 13.4000 -2.4900
v 5.3600 13.4000 -2.4900
v 5.3600 13.7600 -2.4900
v 7.4100 13.4000 -3.1300
v 5.3600 13.4000 -3.1300
v 7.4100 13.7600 -3.1300
v 5.3600 13.7600 -3.1300
v 7.4100 13.7600 -3.1300
v 5.3600 13.7600 -3.1300
v 5.3600 13.7600 -2.4900
v 7.4100 13.7600 -2.4900
v 7.4100 13.3800 -16.4300
v 5.5400 13.3800 -16.4300
v 7.4100 13.3800 -17.0700
v 7.4100 13.3800 -17.0700
v 5.5400 13.3800 -17.0700
v 7.4100 13.7400 -17.0700
v 5.5400 13.3800 -17.0700
v 5.5400 13.7400 -17.0700
v 7.4100 13.7400 -16.4300
v 5.5400 13.3800 -16.4300
v 7.4100 13.3800 -16.4300
v 5.5400 13.7400 -16.4300
v 5.5400 13.7400 -17.0700
v 5.5400 13.7400 -16.4300
v 7.4100 13.7400 -16.4300
v 7.4100 13.7400 -17.0700
v 10.3200 1.1100 -28.4000
v 10.3200 1.1100 -28.1800
v 13.1900 1.1100 -28.1800
v 13.1900 1.1100 -28.4000
v 10.3200 0.5100 -28.4000
v 10.3200 1.1100 -28.4000
v 13.1900 1.1100 -28.4000
v 13.1900 0.5100 -28.4000
v 10.3200 2.1700 -28.4000
v 10.3200 2.1700 -28.1800
v 13.2600 1.8200 -28.1800
v 13.2600 1.8200 -28.4000
v 13.1700 1.1100 -28.1800
v 13.2600 1.8200 -28.1800
v 10.2300 1.4600 -28.1800
v 13.1700 1.1100 -28.4000
v 13.1700 1.1100 -28.1800
v 10.2300 1.4600 -28.4000
v 10.2300 1.4600 -28.1800
v 10.4300 2.7600 -28.4000
v 10.4300 2.7600 -28.1800
v 13.2600 2.8500 -28.1800
v 13.2600 2.8500 -28.4000
v 10.4500 2.1700 -28.4000
v 10.4300 2.7600 -28.4000
v 13.2600 2.8500 -28.4000
v 13.2800 2.2700 -28.4000
v 13.2800 2.2700 -28.4000
v 13.2800 2.2700 -28.1800
v 10.4500 2.1700 -28.4000
v 10.4500 2.1700 -28.1800
v 10.5000 3.5000 -28.4000
v 10.5000 3.5000 -28.1800
v 12.9500 3.3600 -28.1800
v 12.9500 3.3600 -28.4000
v 12.9300 2.8700 -28.1800
v 12.9500 3.3600 -28.1800
v 10.4800 3.0100 -28.1800
v 12.9300 2.8700 -28.4000
v 12.9300 2.8700 -28.1800
v 10.4800 3.0100 -28.4000
v 10.4800 3.0100 -28.1800
v 10.6000 2.9600 -28.0000
v 10.6000 2.9600 -27.7600
v 13.3900 1.1500 -27.7600
v 13.3900 1.1500 -28.0000
v 12.8600 0.5800 -27.7600
v 13.3900 1.1500 -27.7600
v 10.0700 2.3900 -27.7600
v 10.0700 2.3900 -28.0000
v 10.6000 2.9600 -28.0000
v 13.3900 1.1500 -28.0000
v 12.8600 0.5800 -28.0000
v 12.8600 0.5800 -28.0000
v 12.8600 0.5800 -27.7600
v 10.0700 2.3900 -28.0000
v 10.0700 2.3900 -27.7600
v 10.0900 0.9200 -28.1900
v 10.0900 0.9200 -27.9800
v 12.8900 3.0200 -27.9800
v 12.8900 3.0200 -28.1900
v 10.5500 0.4500 -28.1900
v 10.0900 0.9200 -28.1900
v 12.8900 3.0200 -28.1900
v 13.3500 2.5500 -28.1900
v 13.3500 2.5500 -28.1900
v 13.3500 2.5500 -27.9800
v 10.5500 0.4500 -28.1900
v 10.5500 0.4500 -27.9800
v 15.2000 13.7500 -0.3000
v 16.5900 13.7500 0.9500
v 15.6300 13.7500 -0.7700
v 17.0200 13.7500 0.4700
v 17.0200 13.7500 0.4700
v 17.0200 13.3900 0.4700
v 15.6300 13.7500 -0.7700
v 15.6300 13.3900 -0.7700
v 16.5900 13.3900 0.9500
v 16.5900 13.7500 0.9500
v 15.2000 13.7500 -0.3000
v 17.0200 13.3900 0.4700
v 16.5900 13.3900 0.9500
v 15.2000 13.3900 -0.3000
v 15.6300 13.3900 -0.7700
v 14.4900 2.7800 -27.3600
v 14.3200 2.7800 -27.3600
v 14.3500 1.3600 -27.3700
v 14.5200 1.3600 -27.3700
v 14.4900 2.7800 -27.5200
v 14.5200 1.3600 -27.4800
v 14.3500 1.3500 -27.4800
v 14.3200 2.7800 -27.5200
v 14.5900 1.2400 -27.4300
v 14.2600 1.2400 -27.4300
v 14.3500 1.3500 -27.4800
v 14.5200 1.3600 -27.4800
v 14.5900 1.2400 -27.3700
v 14.5200 1.3600 -27.3700
v 14.3500 1.3600 -27.3700
v 14.2600 1.2400 -27.3700
v 14.1400 2.7800 -27.3600
v 14.6500 2.7900 -27.3600
v 14.6400 2.9300 -27.3600
v 14.1400 2.9200 -27.3600
v 14.6400 2.9300 -27.5200
v 14.1400 2.9200 -27.5200
v 14.6500 2.7900 -27.5200
v 14.1400 2.7800 -27.5200
v 18.0000 0.0200 -34.2100
v 18.0000 0.0000 -34.7900
v 18.0100 1.7100 -34.8900
v 18.0100 1.7300 -34.3000
v 18.0100 1.7100 -35.1300
v 18.0100 2.3600 -35.2300
v 18.0100 2.4500 -32.2000
v 18.0100 1.7100 -34.8900
v 18.0100 2.4500 -32.2000
v 18.0100 1.8000 -32.1000
v 18.0600 0.0000 -32.2500
v 18.0600 -0.0200 -32.8400
v 18.0700 1.8200 -32.9400
v 18.0700 1.8400 -32.3500
v -9.3000 10.6900 -9.9500
v -9.3000 10.6900 -2.7600
v -13.8100 10.6900 -2.7600
v -9.3000 10.6900 -16.5700
v -13.8100 10.6900 -16.5700
v -13.8100 11.0500 -2.7600
v -9.3000 11.0500 -2.7600
v -9.3000 11.0500 -7.0100
v -13.8100 11.0500 -16.5700
v -9.3000 11.0500 -12.3700
v -9.3000 11.0500 -16.5700
v -13.8100 11.0500 -8.0900
v -13.8100 11.0500 -16.5700
v -13.8100 11.0500 -11.2400
v 6.7400 2.3100 -23.1300
v 6.6000 3.3100 -23.2700
v 6.2500 3.3100 -23.1300
v 6.2500 2.3100 -22.9300
v 6.7500 3.3100 -23.6300
v 6.6000 3.3100 -23.2700
v 6.7400 2.3100 -23.1300
v 6.9500 2.3100 -23.6300
v 6.7400 2.3100 -24.1200
v 6.6000 3.3100 -23.9800
v 6.2500 3.3100 -24.1200
v 6.6000 3.3100 -23.9800
v 6.7400 2.3100 -24.1200
v 6.2500 2.3100 -24.3200
v 13.3500 10.6900 -8.4100
v 13.3500 10.6900 -11.4900
v 13.3500 11.0500 -11.4900
v 13.3500 11.0500 -8.4100
v 10.2800 10.6900 -11.4900
v 10.2800 10.6900 -8.4100
v 10.2800 11.0500 -8.4100
v 10.2800 11.0500 -11.4900
v 5.5300 11.0500 -19.9100
v 5.5500 11.0500 -18.3100
v 9.7000 11.0500 -18.3400
v 10.4200 11.0500 -19.2400
v 10.4200 11.0500 -16.4400
v 9.7000 11.0500 -15.7300
v 13.9200 11.0500 -15.7300
v 13.2100 11.0500 -16.4400
v 13.9200 11.0500 -18.3400
v 13.2100 11.0500 -19.2400
v 9.7000 11.0500 -18.3400
v 9.7000 10.6900 -18.3400
v 9.7000 10.6900 -15.7300
v 18.0400 11.0500 -19.9100
v 18.0200 11.0500 -18.3400
v 13.3500 11.0500 -11.4900
v 10.2800 11.0500 -11.4900
v 13.3500 11.0500 -8.4100
v 10.2800 11.0500 -8.4100
v 9.7000 11.0500 -15.7300
v -4.8200 11.0500 -8.4100
v -4.8200 10.6900 -8.4100
v -1.7500 10.6900 -8.4100
v -1.7500 11.0500 -8.4100
v -1.7500 11.0500 -11.4900
v -1.7500 10.6900 -11.4900
v -4.8200 10.6900 -11.4900
v -4.8200 11.0500 -11.4900
v -1.7500 11.0500 -8.4100
v -1.7500 11.0500 -11.4900
v -4.8200 11.0500 -11.4900
v -4.8200 11.0500 -8.4100
v -1.7500 10.6900 -11.4900
v -4.8200 10.6900 -11.4900
v 2.7300 11.0500 -8.4100
v 2.7300 10.6900 -8.4100
v 5.8000 10.6900 -8.4100
v 5.8000 11.0500 -8.4100
v 5.8000 11.0500 -11.4900
v 5.8000 10.6900 -11.4900
v 2.7300 10.6900 -11.4900
v 2.7300 11.0500 -11.4900
v 5.8000 11.0500 -8.4100
v 5.8000 11.0500 -11.4900
v 2.7300 11.0500 -11.4900
v 2.7300 11.0500 -8.4100
v 5.8000 10.6900 -11.4900
v 5.8000 10.6900 -8.4100
v 2.7300 10.6900 -11.4900
v 13.9200 11.0500 -15.7300
v 13.9200 10.6900 -15.7300
v 13.9200 10.6900 -18.3400
v 13.9200 11.0500 -15.7300
v 13.9200 10.6900 -18.3400
v 13.9200 11.0500 -18.3400
v 13.9200 10.6900 -15.7300
v 9.7000 10.6900 -15.7300
v 9.7000 10.6900 -18.3400
v 13.9200 10.6900 -18.3400
v 18.0400 10.6900 -19.9100
v 5.5200 10.6900 -18.3400
v 5.5300 10.6900 -19.9100
v 18.0200 10.6900 -18.3400
v 10.2800 10.6900 -11.4900
v 13.3500 10.6900 -8.4100
v 10.2800 10.6900 -8.4100
v 13.3500 10.6900 -11.4900
v 10.4200 11.0500 -19.2400
v 10.8800 11.0500 -18.7700
v 12.7500 11.0500 -18.7700
v 13.2100 11.0500 -19.2400
v 12.7500 11.0500 -16.9000
v 13.2100 11.0500 -16.4400
v 10.8800 11.0500 -16.9000
v 10.4200 11.0500 -16.4400
v -9.3000 11.0500 -7.0100
v -9.3000 11.0500 -9.9400
v -13.8100 11.0500 -8.0900
v -9.3000 11.0500 -12.3700
v -13.8100 11.0500 -11.2400
v 9.8000 16.5700 -28.0700
v 9.3400 14.7500 -28.0700
v 14.1100 14.7500 -28.0700
v 13.6500 16.5700 -28.0700
v 10.9900 17.6800 -28.0700
v 9.8000 16.5700 -28.0700
v 13.6500 16.5700 -28.0700
v 12.4600 17.6800 -28.0700
v 9.3400 11.0500 -28.0700
v 14.1100 11.0500 -28.0700
v 14.1100 14.7500 -28.0700
v 9.3400 14.7500 -28.0700
v -15.6400 11.0500 -11.2400
v -15.6400 11.0500 -8.0900
v -14.7200 11.0500 -8.0900
v -14.7200 11.0500 -11.2400
v -4.8900 0.0000 -0.9200
v -4.9600 0.0000 0.3600
v -1.5300 0.0000 0.3600
v -1.6000 0.0000 -0.9200
v -4.8900 3.3000 -0.9200
v -3.2500 3.5800 -0.9200
v -3.2500 3.5800 0.3600
v -4.8900 3.3000 0.3600
v -1.6000 3.3000 -0.9200
v -1.6000 3.3000 0.3600
v -1.6000 3.3000 -0.9200
v -1.6000 0.0000 -0.9200
v -1.6000 0.0000 0.3600
v -4.8900 0.0000 0.3600
v -4.8900 3.3000 -0.9200
v -4.8900 0.0000 -0.9200
v -14.7200 14.5500 -11.2400
v -15.6400 14.5500 -11.2400
v -15.6400 11.0500 -11.2400
v -14.7200 11.0500 -11.2400
v -15.6400 14.5500 -8.0900
v -15.6400 14.5500 -11.2400
v -14.7200 14.5500 -11.2400
v -14.7200 14.5500 -8.0900
v -14.7200 14.5500 -8.0900
v -14.7200 11.0500 -8.0900
v -15.6400 11.0500 -8.0900
v 2.5800 0.6400 2.5600
v 2.5800 0.6400 2.5600
v -6.8800 0.0000 0.0000
v -33.2800 0.0000 18.3800
v -35.2000 10.2400 0.7100
v -35.5200 5.1200 2.9100
v -35.6800 2.5600 5.2900
v -35.7600 1.2800 7.7600
v -35.8000 0.6400 10.2800
v -27.2000 2.5600 15.3600
v 12.8800 25.7200 0.0000
v -6.8800 0.0000 0.0000
v -27.5200 20.4800 0.0500
v -7.5200 0.0000 1.2800
v -6.8800 0.0000 0.0000
v -27.5200 10.2400 0.0500
v -27.5200 6.4000 2.6100
v -27.5200 6.8800 7.7200
v -7.5200 0.0000 1.2800
v -6.8800 0.0000 0.0000
v -27.5200 10.2400 0.0100
v -27.5200 6.7200 5.1300
v -27.5200 6.9600 10.2400
v -6.8800 0.0000 0.0000
v -7.5200 0.0000 1.2800
v -33.2800 0.0000 18.3500
v -35.2000 10.2400 0.7100
v -35.5200 5.1200 2.9100
v -35.6800 2.5600 5.2900
v -35.7600 1.2800 7.7600
v -35.8000 0.6400 10.2800
v 2.5800 0.6400 2.5600
v -33.2800 0.0000 18.5500
v -35.2000 10.2400 0.7900
v 12.8800 31.3400 0.0000
v 2.5800 0.6400 2.5600
v -6.8800 0.0000 0.0000
v -7.5200 0.0000 1.2800
v -6.8800 0.0000 0.0000
v -27.5200 20.4800 0.0100
v -27.5200 11.5200 2.5700
v -27.5200 6.7200 5.1200
v -27.5200 6.8000 7.6800
v -27.5200 6.8400 10.2400
v -7.5200 0.0000 1.2800
v 2.5800 0.6400 2.5600
v 2.5800 0.6400 2.5600
v 2.5800 0.6400 2.5600
v -6.8800 0.0000 0.0000
v -27.5200 20.4800 0.0100
v -7.5200 0.0000 1.2800
v 2.5800 0.6400 2.5600
v 2.5800 0.6400 2.5600
v 12.8400 20.4800 0.0000
v -6.8800 0.0000 0.0000
v -7.5200 0.0000 0.6400
v -6.8800 0.0000 0.0000
v -27.5200 20.4800 0.0100
v 2.5800 0.6400 2.5600
v -6.8800 0.0000 0.0000
v -27.5200 10.2400 0.0100
v -27.5200 6.4000 2.5700
v -27.5200 6.7200 5.1300
v -27.5200 6.8800 7.6800
v -27.5200 6.9600 10.2400
v -7.5200 0.0000 1.2800
v 2.5800 0.6400 2.5600
v 12.8600 0.0400 0.0000
v -6.8800 0.0000 0.0000
v -27.4400 20.4800 0.0100
v -27.4400 11.5200 2.5700
v -27.4400 6.7200 5.1200
v -27.4400 6.8000 7.6800
v -27.4400 6.8400 10.2400
v -7.5200 0.0000 0.6400
v -33.2800 0.0000 18.0700
v -7.5200 0.0000 1.2800
v 2.5800 0.6400 2.5600
v -33.2800 0.0000 18.3800
v -35.2000 10.2400 0.7100
v -35.5200 5.1200 2.9100
v -35.6800 2.5600 5.2900
v -35.7600 1.2800 7.7600
v -35.8000 0.6400 10.2800
v -33.2800 0.0000 18.5500
v -35.2000 10.2400 0.7900
v -33.2800 0.0000 18.3500
v -35.2000 10.2400 0.7100
v -35.5200 5.1200 2.9100
v -35.6800 2.5600 5.2900
v -35.7600 1.2800 7.7600
v -35.8000 0.6400 10.2800
v -33.2800 0.0000 18.5500
v -35.2000 10.2400 0.7100
v -33.2800 0.0000 18.2300
v -35.2000 10.2400 0.7900
v -33.2800 0.0000 18.1400
v -35.2000 10.2400 0.6700
v -35.5200 5.1200 2.8900
v -35.6800 2.5600 5.2800
v -35.7600 1.2800 7.7600
v 2.5800 0.6400 2.5600
v -6.8800 0.0000 0.0000
v -27.5200 20.4800 0.0100
v -7.5200 0.0000 1.2800
v -33.2800 0.0000 17.9900
v -35.2000 10.2400 0.7100
v 2.5800 0.6400 2.5600
v 12.8000 5.1600 0.0000
v -6.8800 0.0000 0.0000
v -27.5200 20.4800 0.0100
v -7.5200 0.0000 1.2800
v -6.8800 0.0000 0.0000
v -27.4400 20.4800 0.0900
v -7.5200 0.0000 0.6400
v 2.5800 0.6400 2.5600
v 2.5800 0.6400 2.5600
v -33.2800 0.0000 18.3500
v -35.2000 10.2400 0.7900
v -35.5200 5.1200 2.9500
v -35.6800 2.5600 5.3100
v -35.7600 1.2800 7.7700
v -35.8000 0.6400 10.2800
v 2.5800 0.6400 2.5600
v 2.5800 0.6400 2.5600
v 2.5800 0.6400 2.5600
v 2.5800 0.6400 2.5600
v 12.9000 20.6000 0.0000
v -6.8800 0.0000 0.0000
v -27.5200 10.2400 0.0100
v -27.5200 6.4000 2.5700
v -27.5200 6.7200 5.1300
v -27.5200 6.8800 7.6800
v -27.5200 6.9600 10.2400
v -7.5200 0.0000 1.2800
v 12.8600 25.7200 0.0000
v -6.8800 0.0000 0.0000
v -27.5200 20.4800 0.0100
v -27.5200 11.5200 2.5700
v -27.5200 6.7200 5.1200
v -27.5200 6.8000 7.6800
v -27.5200 6.8400 10.2400
v -7.5200 0.0000 1.2800
v 15.3600 5.1600 0.0600
v -6.8800 0.0000 0.0000
v -27.4400 20.4800 0.0100
v -27.4400 11.5200 2.5700
v -27.4400 6.7200 5.1200
v -27.4400 6.8000 7.6800
v -27.4400 6.8400 10.2400
v -7.5200 0.0000 0.6400
v 2.5800 0.6400 2.5600
v -33.2800 0.0000 18.5500
v -35.2000 10.2400 0.7900
v -33.2800 0.0000 18.3800
v -35.2000 10.2400 0.7100
v -35.5200 5.1200 2.9100
v -35.6800 2.5600 5.2900
v -35.7600 1.2800 7.7600
v -35.8000 0.6400 10.2800
v -33.2800 0.0000 18.5500
v -35.2000 10.2400 0.7900
v -6.8800 0.0000 0.0000
v -7.5200 0.0000 1.2800
v -33.2800 0.0000 18.3500
v -35.2000 10.2400 0.7900
v -35.5200 5.1200 2.9500
v -35.6800 2.5600 5.3100
v -35.7600 1.2800 7.7700
v -35.8000 0.6400 10.2800
v -0.0100 -0.0100 -0.0100
v -0.0100 0.0000 -0.0100
v 1.7900 1.8000 1.8100
v 0.4100 0.4200 24.9700
v 0.0000 0.9600 0.0000
v 0.0000 0.9600 0.0000
v 0.0000 0.3700 0.0000
v 0.0000 0.0700 0.0000
v 0.0000 0.7000 0.0000
v 0.0000 0.7000 0.0000
v 0.0000 0.7000 0.0000
v 0.0000 0.0600 0.0000
v 0.0000 0.7000 0.0000
v 0.0000 0.7000 0.0000
v 0.0000 0.7000 0.0000
v 0.0000 0.7000 0.0000
v 0.0000 0.7000 0.0000
v 0.0000 0.7000 0.0000
v 0.0000 0.7000 0.0000
v 0.0000 0.7000 0.0000
v 0.0000 0.7000 0.0000
v 0.0000 0.0600 0.0000
v 0.0000 0.7000 0.0000
v 0.0000 0.7000 0.0000
v 0.0000 0.7000 0.0000
v 0.0000 0.7000 0.0000
v 0.0000 0.7000 0.0000
v 0.0000 0.7000 0.0000
v 0.0000 0.7000 0.0000
v 0.0000 0.7000 0.0000
v 0.0000 0.0600 0.0000
v 0.0000 0.3800 0.0000
v 0.0000 0.3800 0.0000
v 0.0000 0.0400 0.0000
v 0.0000 0.0400 0.0000
v 0.0000 0.0400 0.0000
v 0.0000 0.0400 0.0000
v 0.0000 0.0400 0.0000
v 0.0000 0.0400 0.0000
v 0.0000 0.0400 0.0000
v 0.0000 0.0400 0.0000
v 0.0000 0.0400 0.0000
v 0.0000 0.0400 0.0000
v 0.0000 0.0400 0.0000
v 0.0000 0.0400 0.0000
v 0.0000 0.0400 0.0000
v 0.0000 0.0400 0.0000
v 0.0000 0.0400 0.0000
v 0.0000 0.0400 0.0000
v 0.0000 0.0400 0.0000
v 0.0000 0.0400 0.0000
v 0.0000 0.0400 0.0000
v 0.0000 0.0400 0.0000
v 0.0000 0.0400 0.0000
v 0.0000 0.0400 0.0000
v 0.0000 0.0400 0.0000
v 0.0000 0.0400 0.0000
v 0.0000 0.0400 0.0000
v 0.0000 0.0400 0.0000
v 0.0000 0.0400 0.0000
v 0.0000 0.0400 0.0000
v 0.0000 0.0400 0.0000
v 0.0000 0.0400 0.0000
v 0.0000 0.0400 0.0000
v 0.0000 0.0400 0.0000
v 0.0000 0.0400 0.0000
v 0.0000 0.0400 0.0000
v 0.0000 0.0400 0.0000
v 0.0000 0.0400 0.0000
v 0.0000 0.0400 0.0000
v 0.0000 0.0400 0.0000
v 0.0000 0.0400 0.0000
v 0.0000 0.0400 0.0000
v 0.0000 0.6800 0.0000
v 0.0000 0.0400 0.0000
v 0.0000 0.0400 0.0000
v 0.0000 0.0400 0.0000
v 0.0000 0.0400 0.0000
v 0.0000 0.0400 0.0000
v 0.0000 0.0400 0.0000
v 0.0000 0.0400 0.0000
v 0.0000 0.0400 0.0000
v 0.0000 0.0400 0.0000
v 0.0000 0.0400 0.0000
v 0.0000 0.0400 0.0000
v 0.0000 0.0400 0.0000
v 0.0000 0.0400 0.0000
v 0.0000 0.0400 0.0000
v 0.0000 0.0400 0.0000
v 0.0000 0.0400 0.0000
v 0.0000 0.0400 0.0000
v 0.0000 0.0400 0.0000
v 0.0000 0.0400 0.0000
v 0.0000 0.0400 0.0000
v 0.0000 0.0400 0.0000
v 0.0000 0.0400 0.0000
v 0.0000 0.0400 0.0000
v 0.0000 0.0400 0.0000
v 0.0000 0.0400 0.0000
v 0.0000 0.0400 0.0000
v 0.0000 0.0400 0.0000
v 0.0000 0.0300 0.0000
v 0.0000 0.7100 0.0000
v 0.0000 0.7100 0.0000
v 0.0000 0.7100 0.0000
v 0.0000 0.7100 0.0000
v 0.0000 0.0400 0.0000
v 0.0000 0.0400 0.0000
v 0.0000 0.0400 0.0000
v 0.0000 0.0400 0.0000
v 0.0000 0.0400 0.0000
v 0.0000 0.0300 0.0000
v 0.0000 0.0300 0.0000
v 0.0000 0.0400 0.0000
v 0.0000 0.0400 0.0000
v 0.0000 0.0400 0.0000
v 0.0000 0.0400 0.0000
v 0.0000 0.0400 0.0000
v 0.0000 0.0400 0.0000
v 0.0000 0.0400 0.0000
v 0.0000 0.3500 0.0000
v 0.0000 0.0400 0.0000
v 0.0000 0.0400 0.0000
v 0.0000 0.0600 0.0000
v 0.0000 0.7000 0.0000
v 0.0000 0.7000 0.0000
v 0.0000 0.7000 0.0000
v 0.0000 0.7000 0.0000
v 0.0000 0.7000 0.0000
v 0.0000 0.7000 0.0000
v 0.0000 0.0600 0.0000
v 0.0000 0.3800 0.0000
v 0.0000 0.3800 0.0000
v 0.0000 0.7000 0.0000
v 0.0000 0.0700 0.0000
v 0.0000 0.0700 0.0000
v 0.0000 0.0700 0.0000
v 0.0000 0.0700 0.0000
v 0.0000 0.0700 0.0000
v 0.0000 0.0700 0.0000
v 0.0000 0.0700 0.0000
v 0.0000 0.0300 0.0000
v 0.0000 0.0300 0.0000
v 0.0000 0.0300 0.0000
v 0.0000 0.0300 0.0000
v 0.0000 1.0500 0.0000
v 0.0000 1.0500 0.0000
v 0.0000 0.0900 0.0000
v 0.0000 0.0900 0.0000
v 0.0000 0.0900 0.0000
v 0.0000 0.0900 0.0000
v 0.0000 0.0900 0.0000
v 0.0000 0.0000 35.8400
v 35.8400 0.0300 0.0000
v 0.0000 0.0900 0.0000
v 0.0000 0.0900 0.0000
v 0.0000 0.0900 0.0000
v 0.0000 0.0900 0.0000
v 0.0000 0.0900 0.0000
v 0.0000 0.0900 0.0000
v 0.0000 0.0900 0.0000
v 0.0000 0.0900 0.0000
v 0.0000 0.0900 0.0000
v 0.0000 0.0900 0.0000
v 0.0000 0.0900 0.0000
v 0.0000 0.0900 0.0000
v 0.0000 0.0900 0.0000
v 0.0000 0.0900 0.0000
v 0.0000 0.0900 0.0000
v 0.0000 0.0900 0.0000
v 0.0000 0.0900 0.0000
v 0.0000 0.0900 0.0000
v 0.0000 0.0900 0.0000
v 0.0000 0.0900 0.0000
v 0.0000 0.0900 0.0000
v 0.0000 0.0900 0.0000
v 0.0000 0.0900 0.0000
v 0.0000 0.0900 0.0000
v 0.0000 0.0400 0.0000
v 0.0000 0.0400 0.0000
v 0.0000 0.0400 0.0000
v 0.0000 0.0400 0.0000
v 0.0000 0.0400 0.0000
v 0.0000 0.0400 0.0000
v 0.0000 0.0400 0.0000
v 0.0000 0.0400 0.0000
v 0.0000 0.0400 0.0000
v 0.0000 0.0400 0.0000
v 0.0000 0.0400 0.0000
v 0.0000 0.0400 0.0000
v 0.0000 0.0400 0.0000
v 0.0000 0.0400 0.0000
v 0.0000 0.0400 0.0000
v 0.0000 0.0400 0.0000
v 0.0000 0.0400 0.0000
v 0.0000 0.0400 0.0000
v 0.0000 0.0400 0.0000
v 0.0000 0.0400 0.0000
v 0.0000 0.0400 0.0000
v 0.0000 0.0400 0.0000
v 0.0000 0.0400 0.0000
v 0.0000 0.0400 0.0000
v 0.0000 0.0400 0.0000
v 0.0000 0.0400 0.0000
v 0.0000 0.0400 0.0000
v 0.0000 0.0400 0.0000
v 0.0000 0.0400 0.0000
v 0.0000 0.0400 0.0000
v 0.0000 0.0400 0.0000
v 0.0000 0.0400 0.0000
v 0.0000 0.0400 0.0000
v 0.0000 0.0400 0.0000
v 0.0000 0.0400 0.0000
v 0.0000 0.0400 0.0000
v 0.0000 0.0400 0.0000
v 0.0000 0.0400 0.0000
v 0.0000 0.0400 0.0000
v 0.0000 0.0400 0.0000
v 0.0000 0.0400 0.0000
v 0.0000 0.0400 0.0000
v 0.0000 0.0400 0.0000
v 0.0000 0.0400 0.0000
v 0.0000 0.0400 0.0000
v 0.0000 0.0400 0.0000
v 0.0000 0.0400 0.0000
v 0.0000 0.0400 0.0000
v 0.0000 0.0400 0.0000
v 0.0000 0.0400 0.0000
v 0.0000 0.0400 0.0000
v 0.0000 0.0400 0.0000
v 0.0000 0.0400 0.0000
v 0.0000 0.0400 0.0000
v 0.0000 0.0400 0.0000
v 0.0000 0.0400 0.0000
v 0.0000 0.0400 0.0000
v 0.0000 0.0400 0.0000
v 0.0000 0.0400 0.0000
v 0.0000 0.0400 0.0000
v 0.0000 0.0400 0.0000
v 0.0000 0.0400 0.0000
v 0.0000 0.0400 0.0000
v 0.0000 0.0400 0.0000
v 0.0000 0.0400 0.0000
v 0.0000 0.0400 0.0000
v 0.0000 0.0400 0.0000
v 0.0000 0.0400 0.0000
v 0.0000 0.0400 0.0000
v 0.0000 0.0400 0.0000
v 0.0000 0.0400 0.0000
v 0.0000 0.0400 0.0000
v 0.0000 0.0400 0.0000
v 0.0000 0.0400 0.0000
v 0.0000 0.0400 0.0000
v 0.0000 0.0400 0.0000
v 0.0000 0.0400 0.0000
v 0.0000 0.0400 0.0000
v 0.0000 0.0400 0.0000
v 0.0000 0.0400 0.0000
v 0.0000 0.0400 0.0000
v 0.0000 0.0400 0.0000
v 0.0000 0.0400 0.0000
v 0.0000 0.0400 0.0000
v 0.0000 0.0400 0.0000
v 0.0000 0.0400 0.0000
v 0.0000 0.0400 0.0000
v 0.0000 0.0400 0.0000
v 0.0000 0.0400 0.0000
v 0.0000 0.0400 0.0000
v 0.0000 0.0400 0.0000
v 0.0000 0.0400 0.0000
v 0.0000 0.0300 0.0000
v 0.0000 0.0400 0.0000
v 0.0000 0.0400 0.0000
v 0.0000 0.0400 0.0000
v 0.0000 0.0400 0.0000
v 0.0000 0.0400 0.0000
v 0.0000 0.0400 0.0000
v 0.0000 0.0400 0.0000
v 0.0000 0.0400 0.0000
v 0.0000 0.0400 0.0000
v 0.0000 0.0400 0.0000
v 0.0000 0.0400 0.0000
v 0.0000 0.0400 0.0000
v 0.0000 0.0400 0.0000
v 0.0000 0.0400 0.0000
v 0.0000 0.0400 0.0000
v 0.0000 0.0400 0.0000
v 0.0000 0.0400 0.0000
v 0.0000 0.0400 0.0000
v 0.0000 0.9900 0.0000
v 0.0000 0.9900 0.0000
v 0.0000 0.0300 0.0000
v 0.0000 0.0300 0.0000
v 0.0000 0.0300 0.0000
v 0.0000 0.0300 35.8400
v 35.8400 0.0300 0.0000
v 35.8400 0.0300 0.0000
v 35.8400 0.0300 0.0000
v 0.0000 0.0300 0.0000
v 0.0000 0.0300 0.0000
v 0.0000 0.0300 0.0000
v 0.0000 0.0300 0.0000
v 0.0000 0.0300 0.0000
v 0.0000 0.0300 0.0000
v 0.0000 0.0300 0.0000
v 0.0000 0.0300 0.0000
v 0.0000 0.0300 0.0000
v 0.0000 0.0900 0.0000
v 0.0000 0.0900 0.0000
v 0.0000 0.0900 0.0000
v 0.0000 0.3700 0.0000
v 0.0000 0.0300 0.0000
v 0.0000 0.0400 0.0000
v 0.0000 17.6800 0.0000
v -27.3600 0.0000 17.9200
v -27.5200 10.2400 0.0100
v -27.5200 6.4000 2.5700
v -27.5200 6.7200 5.1300
v -27.5200 6.8800 7.6800
v -27.5200 6.9600 10.2400
v -7.5200 0.0000 1.2800
v -6.8800 0.0000 0.0000
v -27.5200 10.2400 0.0100
v -7.5200 0.0000 1.2800
v -33.2800 0.0000 18.5500
v -35.2000 10.2400 0.7900
v -6.8800 0.0000 0.0000
v -27.5200 20.4800 0.0100
v -27.5200 11.5200 2.5700
v -27.5200 6.7200 5.1200
v -27.5200 6.8000 7.6800
v -27.5200 6.8400 10.2400
v -7.5200 0.0000 1.2800
v 5.9000 3.3100 -23.9800
v 6.2500 3.3100 -24.1200
v 6.2500 2.3100 -24.3200
v 5.7600 2.3100 -24.1200
v 6.2500 2.3100 -22.9300
v 5.9000 3.3100 -23.2700
v 5.7600 2.3100 -23.1300
v 6.2500 3.3100 -23.1300
v 5.7500 3.3100 -23.6300
v 5.9000 3.3100 -23.9800
v 5.7600 2.3100 -24.1200
v 5.5500 2.3100 -23.6300
v 5.7600 2.3100 -23.1300
v 5.9000 3.3100 -23.2700
v -6.8800 0.0000 0.0000
v -33.2800 0.0000 18.3500
v -35.2000 10.2400 0.7900
v -35.5200 5.1200 2.9500
v -35.6800 2.5600 5.3100
v -35.7600 1.2800 7.7700
v -35.8000 0.6400 10.2800
v -27.2000 2.5600 15.3600
v 0.0000 6.0000 0.0000
v 0.0000 0.0000 -0.0100
v 0.0000 0.0000 -0.0100
v 0.0000 0.0000 -0.0100
v 0.0000 0.0000 -0.0100
v 0.0000 0.0000 -0.0100
v 0.0000 0.0000 -0.0100
v 0.0000 0.0000 -0.0100
v 0.0000 0.0000 -0.0100
v 0.0000 0.0000 -0.0100
v 0.0000 0.0000 -0.0100
v 0.0000 0.0000 -0.0100
v 0.0000 3.3000 0.0000
v -1.6400 3.5800 0.0000
v -1.6400 3.5800 0.4800
v 0.0000 3.3000 0.4800
v -1.6400 3.5800 0.4800
v -1.6400 3.5800 0.0000
v -1.6400 0.0000 0.0000
v -1.6400 0.0000 0.4800
v -0.6300 1.8200 0.0000
v -0.6300 1.6300 -0.3300
v -1.0400 1.8200 0.0000
v -1.0400 1.6300 -0.3300
v -0.6300 1.2500 -0.3300
v -1.0400 1.2500 -0.3300
v -0.6300 1.0600 0.0000
v -1.0400 1.0600 0.0000
v 0.0000 3.3000 0.0000
v -1.6400 0.0000 0.0000
v -1.6400 3.5800 0.0000
v -0.6300 1.2500 -0.3300
v -0.6300 1.6300 -0.3300
v -0.6300 1.8200 0.0000
v -0.6300 1.0600 0.0000
v -1.0400 1.6300 -0.3300
v -1.0400 1.2500 -0.3300
v -1.0400 1.0600 0.0000
v -1.0400 1.8200 0.0000
v -6.8800 0.0000 0.0000
v -33.2800 0.0000 18.3500
v -27.2000 2.5600 15.3600
v -33.2800 0.0000 18.5500
v -33.2800 0.0000 18.3500
v 0.0000 4.8800 0.0000
v -27.3600 0.0000 17.9200
v -27.4400 20.4800 0.0100
v -7.5200 0.0000 0.6400
v -33.2800 0.0000 18.3500
v -33.2800 0.0000 18.3500
v 1.8800 0.1900 0.1600
v -1.7600 0.0900 0.0000
v -1.7600 0.1900 0.1600
v 1.8800 0.0900 0.0000
v 1.8800 -0.1000 0.0000
v -1.7600 -0.1000 0.0000
v -1.7600 -0.1900 0.1600
v 1.8800 -0.1900 0.1600
v -6.8800 0.0000 0.0000
v -33.2800 0.0000 18.3500
v -27.2000 2.5600 15.3600
v 15.4400 30.8200 0.0800
v 0.0000 3.6000 0.0000
v -27.3600 0.0000 17.9200
v -27.4400 20.4800 0.0100
v -7.5200 0.0000 0.6400
v -0.2100 1.3400 3.9000
v -0.2100 0.5200 1.8600
v 0.0000 0.5200 1.8600
v 0.0000 1.3400 3.9000
v 0.0000 0.7200 1.7800
v 0.0000 1.3400 3.9000
v 0.0000 0.5200 1.8600
v 0.0000 1.5400 3.8200
v 0.0000 1.5400 3.8200
v 0.0000 0.7200 1.7800
v -0.2100 0.7200 1.7800
v -0.2100 1.5400 3.8200
v -0.2100 1.3400 3.9000
v -0.2100 1.5400 3.8200
v -0.2100 0.7200 1.7800
v -0.2100 0.5200 1.8600
v 0.0000 1.3400 3.9000
v 0.0000 1.5400 3.8200
v -0.2100 1.5400 3.8200
v -0.1000 0.5200 3.1400
v -0.1000 0.8600 3.9900
v -0.1000 1.3000 3.8100
v -0.1000 0.9600 2.9600
v -0.1000 0.5200 3.1400
v -0.1000 0.9600 2.9600
v -0.1000 1.3000 3.8100
v -0.1000 0.8600 3.9900
v -6.8800 0.0000 0.0000
v -33.2800 0.0000 17.9900
v -27.2000 2.5600 15.3600
v -6.8800 0.0000 0.0000
v -27.4400 10.2400 0.0100
v -27.4400 5.7600 2.5700
v -27.4400 5.9200 5.1200
v -27.4400 6.0000 7.6800
v -7.5200 0.0000 0.6400
v 0.0000 8.4000 0.0000
v -27.3600 0.0000 17.9200
v -27.4400 20.4800 0.0100
v -7.5200 0.0000 0.6400
v 2.5800 0.6400 2.5600
v -33.2800 0.0000 18.2300
v 1.5600 -14.2000 -16.1000
v -13.4100 -13.9600 -16.2900
v -13.3500 -14.0000 -3.0500
v 2.3000 -14.2000 -3.2000
v 7.5200 -14.0700 -11.3100
v 11.3800 -14.0700 -3.4900
v -8.4500 -0.7900 -12.4200
v -7.4600 -0.7900 -13.3600
v -8.4500 0.0000 -12.4200
v -7.4600 0.0000 -13.3600
v -7.4600 0.0000 -13.3600
v -7.4600 -0.7900 -13.3600
v -8.8200 0.0000 -16.5700
v -8.8200 -0.7900 -16.5700
v -11.3100 0.0000 -14.0300
v -11.3100 -0.7900 -14.0300
v -8.4500 0.0000 -12.4200
v -8.4500 -0.7900 -12.4200
v 1.9100 0.0000 -16.5700
v 1.9100 -0.7900 -16.5700
v 0.2000 0.0000 -12.2600
v 0.2000 -0.7900 -12.2600
v 0.2000 -0.7900 -12.2600
v 3.1400 -0.7900 -12.2200
v 0.2000 0.0000 -12.2600
v 3.1400 0.0000 -12.2200
v 3.1400 0.0000 -12.2200
v 3.1400 -0.7900 -12.2200
v 5.4100 0.0000 -9.8000
v 5.4100 -0.7900 -9.8000
v 8.7000 -0.7900 -7.9000
v 8.7000 0.0000 -7.9000
v 8.7000 0.0000 -7.9000
v 8.7000 -0.7900 -7.9000
v 5.2600 0.0000 -6.9400
v 5.2600 -0.7900 -6.9400
v 5.2600 -0.7900 -6.9400
v 11.6600 -0.7900 -3.5000
v 5.2600 0.0000 -6.9400
v 11.6600 0.0000 -3.5000
v 11.6600 0.0000 -3.5000
v 11.6600 -0.7900 -3.5000
v 3.5700 0.0000 -2.7600
v 3.5700 -0.7900 -3.1200
v -13.8400 0.0200 -6.6900
v -13.7100 -0.7900 -6.6400
v -11.3100 0.0000 -14.0300
v -11.3100 -0.7900 -14.0300
v -9.8900 0.0000 -2.7100
v -9.8900 -0.7900 -2.7600
v -11.2300 0.0000 -5.3600
v -11.2300 -0.7900 -5.3600
v -11.2300 0.0000 -5.3600
v -11.2300 -0.7900 -5.3600
v -13.8400 0.0200 -6.6900
v -1.0900 0.0000 -2.7600
v -1.0900 -0.6500 -2.7600
v -0.8300 -0.6500 -3.8100
v -5.3300 -0.6500 -3.5800
v -5.3300 -0.6500 -2.7600
v -5.3300 0.0000 -2.7600
v -5.3300 0.0000 -3.5800
v -1.0900 0.0000 -2.7600
v -5.3300 0.0000 -3.5800
v -5.3300 0.0000 -2.7600
v -0.8300 0.0000 -3.8100
v -0.8300 0.0000 -3.8100
v -5.3300 -0.6500 -3.5800
v -5.3300 0.0000 -3.5800
v -0.8300 -0.6500 -3.8100
v -1.0900 0.0000 -2.7600
v -0.8300 -0.6500 -3.8100
v -13.8100 -6.8100 -2.7600
v -13.8100 0.0000 -2.7600
v -5.3300 0.0000 -2.7600
v 2.1400 -6.8100 -2.7600
v -1.0900 0.0000 -2.7600
v 3.5700 0.0000 -2.7600
v -13.8100 0.0000 -16.5700
v -13.8100 -6.8100 -16.5700
v -8.8200 0.0000 -16.5700
v 1.9100 -6.8100 -16.5700
v -8.8200 0.0000 -16.5700
v 0.5300 0.0000 -16.5700
v 1.9100 0.0000 -16.5700
v 1.9100 -6.8100 -16.5700
v 8.1000 -6.9200 -11.4100
v 1.9100 0.0000 -16.5700
v 8.1000 -0.3300 -11.4100
v 12.1700 -0.4400 -3.1700
v 12.1700 -7.1000 -3.1700
v 12.1700 -7.1000 -3.1700
v 12.1700 -0.4400 -3.1700
v 3.5700 0.0000 -2.7600
v 2.1400 -6.8100 -2.7600
v -13.8100 -6.8100 -2.7600
v -1.0900 0.0000 -2.7600
v -5.3300 0.0000 -2.7600
v -13.8100 0.0000 -2.7600
v -13.8100 -6.8100 -2.7600
v -13.8100 0.0000 -16.5700
v -13.8100 -6.8100 -16.5700
v -13.3500 -14.0000 -3.0500
v -13.4100 -13.9600 -16.2900
v -13.8100 -6.8100 -16.5700
v -13.8100 -6.8100 -2.7600
v 2.1400 -6.8100 -2.7600
v -13.3500 -14.0000 -3.0500
v -13.8100 -6.8100 -2.7600
v 2.3000 -14.2000 -3.2000
v 12.1700 -7.1000 -3.1700
v 11.3800 -14.0700 -3.4900
v 7.5200 -14.0700 -11.3100
v 11.3800 -14.0700 -3.4900
v 12.1700 -7.1000 -3.1700
v 8.1000 -6.9200 -11.4100
v 1.9100 -6.8100 -16.5700
v 1.5600 -14.2000 -16.1000
v -13.8100 -6.8100 -16.5700
v 1.5600 -14.2000 -16.1000
v 1.9100 -6.8100 -16.5700
v -13.4100 -13.9600 -16.2900
v -13.8100 0.0000 -2.7600
v -5.3300 0.0000 -2.7600
v -1.0900 0.0000 -2.7600
v 3.5700 0.0000 -2.7600
v -13.8100 0.0000 -16.5700
v -13.8100 -6.8100 -16.5700
v -8.8200 0.0000 -16.5700
v 1.9100 -6.8100 -16.5700
v 0.5300 0.0000 -16.5700
v 1.9100 0.0000 -16.5700
v 1.9100 -6.8100 -16.5700
v 8.1000 -6.9200 -11.4100
v 1.9100 0.0000 -16.5700
v 8.1000 -0.3300 -11.4100
v 12.1700 -0.4400 -3.1700
v 12.1700 -7.1000 -3.1700
v 12.1700 -7.1000 -3.1700
v 2.1400 -6.8100 -2.7600
v 12.1700 -0.4400 -3.1700
v 3.5700 0.0000 -2.7600
v -13.8100 -6.8100 -2.7600
v -1.0900 0.0000 -2.7600
v -5.3300 0.0000 -2.7600
v -13.8100 0.0000 -2.7600
v -13.8100 -6.8100 -2.7600
v -13.8100 0.0000 -16.5700
v -13.8100 -6.8100 -16.5700
v -7.6900 -0.0100 -0.0200
v 2.5800 0.6400 2.5600
v -6.8800 0.0000 0.0000
v -33.2800 0.0000 18.3800
v -27.2000 2.5600 15.3600
v 2.5800 0.6400 2.5600
v -6.8800 0.0000 0.0000
v -27.5200 20.4800 0.0100
v -7.5200 0.0000 1.2800
v -6.8800 0.0000 0.0000
v -7.5200 0.0000 1.2800
v 0.0000 11.2800 0.0000
v 0.0000 15.6400 0.0000
v -27.3600 0.0000 17.9200
v -27.5200 10.2400 0.0100
v -27.5200 6.4000 2.5700
v -27.5200 6.7200 5.1300
v -27.5200 6.8800 7.6800
v -27.5200 6.9600 10.2400
v -7.5200 0.0000 1.2800
v 2.5800 0.6400 2.5600
v 15.3600 5.1600 0.0000
v 0.5800 0.5900 0.6000
v 0.6600 0.6700 0.0000
v 0.0000 1.0200 0.0000
v 0.0000 1.0200 0.0000
v 0.0000 1.0200 0.0000
v 0.0000 1.0200 0.0000
v 0.0000 1.0200 0.0000
v 0.0000 1.0200 0.0000
v 0.0000 1.0200 0.0000
v 0.0000 1.0200 0.0000
v 0.0000 1.0200 0.0000
v 0.0000 1.0200 0.0000
v 0.0000 1.0200 0.0000
v 0.0000 1.0200 0.0000
v 0.0000 1.0200 0.0000
v 0.0000 1.0200 0.0000
v 0.0000 1.0200 0.0000
v 0.0000 1.0200 0.0000
v -0.7500 0.4100 2.2100
v -2.0700 0.4100 2.2100
v -2.0700 -0.4100 2.2100
v -0.7500 -0.4100 2.2100
v 2.4900 0.4100 2.2100
v 2.4900 -0.4100 2.2100
v 2.3200 0.4100 -1.7800
v 2.4900 0.4100 2.2100
v 2.4900 -0.4100 2.2100
v 2.3200 -0.4100 -1.7800
v 1.9200 0.4100 -3.0200
v 1.9200 -0.4100 -3.0200
v -0.7700 0.4100 -1.0200
v 1.9200 0.4100 -3.0200
v 1.9200 -0.4100 -3.0200
v -0.7700 -0.4100 -1.0200
v -3.4100 0.4100 -0.4000
v -0.7700 0.4100 -1.0200
v -0.7700 -0.4100 -1.0200
v -3.4100 -0.4100 -0.4000
v -2.0700 0.4100 2.2100
v -3.4100 0.4100 -0.4000
v -3.4100 -0.4100 -0.4000
v -2.0700 -0.4100 2.2100
v 0.2800 -0.4100 -0.4000
v -0.7700 -0.4100 -1.0200
v 1.9200 -0.4100 -3.0200
v 2.3200 -0.4100 -1.7800
v -2.0700 -0.4100 2.2100
v -3.4100 -0.4100 -0.4000
v -0.7500 -0.4100 2.2100
v 2.4900 -0.4100 2.2100
v 1.9200 0.4100 -3.0200
v -0.7700 0.4100 -1.0200
v 0.2800 0.4100 -0.4000
v 2.3200 0.4100 -1.7800
v -3.4100 0.4100 -0.4000
v -2.0700 0.4100 2.2100
v -0.7500 0.4100 2.2100
v 2.4900 0.4100 2.2100
v -6.8800 0.0000 0.0000
v -33.2800 0.0000 18.5500
v -27.2000 2.5600 15.3600
v -33.2800 0.0000 18.3800
v 12.8400 35.9000 0.0000
v 0.0000 6.1600 0.0000
v -27.3600 0.0000 17.9200
v -27.5200 20.4800 0.0500
v -7.5200 0.0000 1.2800
v -6.8800 0.0000 0.0000
v -27.5200 10.2400 0.0100
v -27.5200 6.4000 2.5700
v -27.5200 6.7200 5.1300
v -27.5200 6.8800 7.6800
v -27.5200 6.9600 10.2400
v -7.5200 0.0000 1.2800
v -1.8300 0.4100 0.9500
v -4.3800 0.4100 -3.4900
v -4.3800 -0.4100 -3.4900
v -1.8300 -0.4100 0.9500
v -1.4300 0.4100 2.1800
v -1.4300 -0.4100 2.1800
v 0.2000 0.4100 1.7300
v -1.4300 0.4100 2.1800
v -1.4300 -0.4100 2.1800
v 0.2000 -0.4100 1.7300
v 1.1000 0.4100 1.6300
v 1.1000 -0.4100 1.6300
v 1.6900 0.4100 0.5600
v 1.1000 0.4100 1.6300
v 1.1000 -0.4100 1.6300
v 1.6900 -0.4100 0.5600
v 2.4700 0.4100 -0.7700
v 2.4700 -0.4100 -0.7700
v 1.6300 0.4100 -1.6500
v 2.4700 0.4100 -0.7700
v 2.4700 -0.4100 -0.7700
v 1.6300 -0.4100 -1.6500
v -0.1000 0.4100 -1.6300
v 1.6300 0.4100 -1.6500
v 1.6300 -0.4100 -1.6500
v -0.1000 -0.4100 -1.6300
v -4.3800 0.4100 -3.4900
v -0.1000 0.4100 -1.6300
v -0.1000 -0.4100 -1.6300
v -4.3800 -0.4100 -3.4900
v -0.1000 -0.4100 -1.6300
v -1.8300 -0.4100 0.9500
v -4.3800 -0.4100 -3.4900
v 0.2000 -0.4100 1.7300
v -1.4300 -0.4100 2.1800
v 0.6600 -0.4100 0.4900
v 1.6300 -0.4100 -1.6500
v 1.6900 -0.4100 0.5600
v 2.4700 -0.4100 -0.7700
v 1.1000 -0.4100 1.6300
v -4.3800 0.4100 -3.4900
v -1.8300 0.4100 0.9500
v -0.1000 0.4100 -1.6300
v 0.6600 0.4100 0.4900
v -1.4300 0.4100 2.1800
v 0.2000 0.4100 1.7300
v 1.6300 0.4100 -1.6500
v 2.4700 0.4100 -0.7700
v 1.6900 0.4100 0.5600
v 1.1000 0.4100 1.6300
v -6.8800 0.0000 0.0000
v -33.2800 0.0000 18.5500
v -27.2000 2.5600 15.3600
v 12.9800 15.4600 0.0000
v -6.8800 0.0000 0.0000
v -27.5200 10.2400 0.0100
v -27.5200 6.4000 2.5700
v -27.5200 6.7200 5.1300
v -27.5200 6.8800 7.6800
v -27.5200 6.9600 10.2400
v -7.5200 0.0000 1.2800
v 0.0000 8.5600 0.0000
v -27.3600 0.0000 17.9200
v -27.5200 20.4800 0.0500
v -7.5200 0.0000 1.2800
v 2.5800 0.6400 2.5600
v -6.8800 0.0000 0.0000
v -27.5200 10.2400 0.0100
v -27.5200 6.4000 2.5700
v -27.5200 6.7200 5.1300
v -27.5200 6.8800 7.6800
v -27.5200 6.9600 10.2400
v -7.5200 0.0000 1.2800
v 1.5400 0.3500 3.8500
v -2.7000 0.3500 3.8500
v -2.7000 -0.4700 3.8500
v 1.5400 -0.4700 3.8500
v 2.0100 0.3500 -0.1100
v 1.5400 0.3500 3.8500
v 1.5400 -0.4700 3.8500
v 2.0100 -0.4700 -0.1100
v 2.4200 0.3500 -1.3500
v 2.4200 -0.4700 -1.3500
v 1.0300 0.3500 -3.0800
v 2.4200 0.3500 -1.3500
v 2.4200 -0.4700 -1.3500
v 1.0300 -0.4700 -3.0800
v -1.2400 0.3500 -0.5900
v -0.3300 0.3500 -0.6800
v -0.3300 -0.4700 -0.6800
v -1.2400 -0.4700 -0.5900
v 0.2500 -0.4700 -1.7600
v 1.0300 0.3500 -3.0800
v 1.0300 -0.4700 -3.0800
v 0.2500 0.3500 -1.7600
v -0.3300 0.3500 -0.6800
v -0.3300 -0.4700 -0.6800
v -2.8700 0.3500 -0.1300
v -2.8700 -0.4700 -0.1300
v -2.7000 0.3500 3.8500
v -2.8700 0.3500 -0.1300
v -2.8700 -0.4700 -0.1300
v -2.7000 -0.4700 3.8500
v 1.5400 -0.4700 3.8500
v -2.7000 -0.4700 3.8500
v -0.3300 -0.4700 -0.6800
v -1.2400 -0.4700 -0.5900
v 2.0100 -0.4700 -0.1100
v -2.8700 -0.4700 -0.1300
v 2.4200 -0.4700 -1.3500
v 0.2500 -0.4700 -1.7600
v 1.0300 -0.4700 -3.0800
v -0.3300 0.3500 -0.6800
v -2.7000 0.3500 3.8500
v 1.5400 0.3500 3.8500
v -1.2400 0.3500 -0.5900
v 2.0100 0.3500 -0.1100
v -2.7000 0.3500 3.8500
v 1.5400 0.3500 3.8500
v -2.8700 0.3500 -0.1300
v 2.4200 0.3500 -1.3500
v 0.2500 0.3500 -1.7600
v 1.0300 0.3500 -3.0800
v -6.8800 0.0000 0.0000
v -33.2800 0.0000 18.5500
v -27.2000 2.5600 15.3600
v 15.4000 35.9600 0.1200
v -6.8800 0.0000 0.0000
v -27.5200 10.2400 0.0100
v -27.5200 6.4000 2.5700
v -27.5200 6.7200 5.1300
v -27.5200 6.8800 7.6800
v -27.5200 6.9600 10.2400
v -7.5200 0.0000 1.2800
v 0.0000 7.7600 0.0000
v -27.3600 0.0000 17.9200
v -27.5200 20.4800 0.0500
v -7.5200 0.0000 1.2800
v 2.5800 0.6400 2.5600
v 12.8600 20.4800 0.0000
v -6.8800 0.0000 0.0000
v -27.5200 10.2400 0.0100
v -27.5200 6.4000 2.5700
v -27.5200 6.7200 5.1300
v -27.5200 6.8800 7.6800
v -27.5200 6.9600 10.2400
v -7.5200 0.0000 1.2800
v -1.3300 0.4100 1.8000
v -4.2200 0.4100 1.0400
v -4.2200 -0.4100 1.0400
v -1.3300 -0.4100 1.8000
v 1.6600 0.4100 0.8300
v -1.3300 0.4100 1.8000
v -1.3300 -0.4100 1.8000
v 1.6600 -0.4100 0.8300
v 5.1000 0.4100 -0.1300
v 5.1000 -0.4100 -0.1300
v 1.8100 0.4100 -2.0300
v 5.1000 0.4100 -0.1300
v 5.1000 -0.4100 -0.1300
v 1.8100 -0.4100 -2.0300
v 0.5100 0.4100 -1.6600
v 1.8100 0.4100 -2.0300
v 1.8100 -0.4100 -2.0300
v 0.5100 -0.4100 -1.6600
v -3.8100 0.4100 -0.2000
v -3.8100 -0.4100 -0.2000
v -4.2200 0.4100 1.0400
v -3.8100 0.4100 -0.2000
v -3.8100 -0.4100 -0.2000
v -4.2200 -0.4100 1.0400
v -3.8100 -0.4100 -0.2000
v 0.5100 -0.4100 -1.6600
v -1.3300 -0.4100 1.8000
v 0.2800 -0.4100 0.3600
v 1.6600 -0.4100 0.8300
v 1.8100 -0.4100 -2.0300
v 5.1000 -0.4100 -0.1300
v -4.2200 -0.4100 1.0400
v -1.3300 0.4100 1.8000
v 0.5100 0.4100 -1.6600
v -3.8100 0.4100 -0.2000
v 1.6600 0.4100 0.8300
v 0.2800 0.4100 0.3600
v 5.1000 0.4100 -0.1300
v 1.8100 0.4100 -2.0300
v -4.2200 0.4100 1.0400
v -6.8800 0.0000 0.0000
v -33.2800 0.0000 18.5500
v -27.2000 2.5600 15.3600
v -33.2800 0.0000 18.3800
v 12.8400 35.8400 0.0000
v 0.0000 6.8000 0.0000
v -27.3600 0.0000 17.9200
v -27.5200 20.4800 0.0500
v -7.5200 0.0000 1.2800
v 2.5800 0.6400 2.5600
v -6.8800 0.0000 0.0000
v -27.5200 10.2400 0.0100
v -27.5200 6.4000 2.5700
v -27.5200 6.7200 5.1300
v -27.5200 6.8800 7.6800
v -27.5200 6.9600 10.2400
v -7.5200 0.0000 1.2800
v -2.3300 -0.4100 -0.1000
v -2.3300 0.4100 -0.1000
v -2.8400 -0.4100 -1.1500
v -1.5400 -0.4100 2.0500
v 6.5500 -0.4100 1.3200
v -1.5400 0.4100 2.0500
v -1.5400 -0.4100 2.0500
v 6.5500 -0.4100 1.3200
v 0.1500 -0.4100 -2.1200
v 0.1500 0.4100 -2.1200
v -2.8400 -0.4100 -1.1500
v 0.1500 0.4100 -2.1200
v 0.1500 -0.4100 -2.1200
v 6.5500 0.4100 1.3200
v -1.5400 0.4100 2.0500
v -2.8400 0.4100 -1.1500
v -2.8400 0.4100 -1.1500
v 6.5500 0.4100 1.3200
v -2.3300 -0.4100 -0.1000
v 0.1500 -0.4100 -2.1200
v 6.5500 -0.4100 1.3200
v -1.5400 -0.4100 2.0500
v -2.8400 -0.4100 -1.1500
v 6.5500 0.4100 1.3200
v 0.1500 0.4100 -2.1200
v -2.3300 0.4100 -0.1000
v -1.5400 0.4100 2.0500
v -2.8400 0.4100 -1.1500
v -6.8800 0.0000 0.0000
v -33.2800 0.0000 18.5500
v -27.2000 2.5600 15.3600
v -33.2800 0.0000 18.3800
v 0.0000 5.8400 0.0000
v -27.3600 0.0000 17.9200
v -27.4400 30.7200 0.0100
v -7.5200 0.0000 0.6400
v -33.2800 0.0000 18.3500
v -0.2900 0.2500 0.0700
v 0.8800 0.2900 0.0700
v -0.2900 0.4500 0.0700
v 1.1300 -0.2400 0.0000
v 0.9800 0.1900 0.0700
v 0.9500 -0.4500 0.0000
v 0.7800 0.1900 0.0700
v -0.3200 -0.4500 0.0000
v 0.8800 0.0900 0.0600
v 1.1300 0.4500 0.0700
v -0.2900 0.4500 -0.0700
v 0.8800 0.2900 -0.0700
v -0.2900 0.2500 -0.0700
v 0.9800 0.1900 -0.0700
v 0.7800 0.1900 -0.0700
v 0.8800 0.0900 -0.0600
v 1.1300 0.4500 -0.0700
v 1.1300 0.4500 -0.0700
v 1.1300 0.4500 0.0700
v 1.1300 -0.2400 0.0000
v 0.8800 0.2900 -0.0700
v 0.8800 0.2900 0.0700
v 0.7800 0.1900 0.0700
v 0.7800 0.1900 -0.0700
v 0.8800 0.0900 0.0600
v 0.8800 0.0900 -0.0600
v 0.9800 0.1900 0.0700
v 0.9800 0.1900 -0.0700
v -0.2900 0.4500 -0.0700
v -0.2900 0.4500 0.0700
v 1.1300 0.4500 -0.0700
v 1.1300 0.4500 0.0700
v -0.2900 0.2500 0.0700
v -1.1300 0.2000 0.0700
v -1.1300 0.2000 -0.0700
v -1.1300 0.2000 0.0700
v -1.0700 0.4500 -0.0700
v -1.1300 0.2000 -0.0700
v -1.0700 0.4500 0.0700
v -1.0700 0.4500 0.0700
v -0.2900 0.4500 0.0700
v -1.0700 0.4500 -0.0700
v -0.2900 0.4500 -0.0700
v -0.2900 0.2500 -0.0700
v -0.2900 0.2500 -0.0700
v -1.1300 0.2000 -0.0700
v -0.2900 0.4500 -0.0700
v -1.0700 0.4500 -0.0700
v -0.2900 0.4500 0.0700
v -1.1300 0.2000 0.0700
v -0.2900 0.2500 0.0700
v -1.0700 0.4500 0.0700
v -6.8800 0.0000 0.0000
v -33.2800 0.0000 18.3500
v -27.2000 2.5600 15.3600
v 2.5800 0.6400 2.5600
v -6.8800 0.0000 0.0000
v -27.4400 30.7200 0.0100
v -7.5200 0.0000 0.6400
vt 0.0000 -9.9375
vt 0.0000 -2.7969
vt 0.0010 1.3750
vt 0.0010 4.1875
vt 0.0000 0.0000
vt 0.0000 0.0000
vt 0.0000 0.0000
vt 0.0000 0.0000
vt 0.0000 0.0000
vt 0.0000 0.0000
vt 0.0000 0.0000
vt 0.0000 0.0000
vt 0.0000 0.0000
vt 0.0000 0.0000
vt 0.0000 0.0000
vt 0.0000 0.0000
vt 0.0000 0.0000
vt 0.0000 0.0000
vt 0.0000 0.0000
vt 0.0000 0.0000
vt 0.0000 0.0000
vt 0.0000 0.0000
vt 0.0000 0.0000
vt 0.0000 0.0000
vt 0.0000 0.0000
vt 0.0000 0.0000
vt 0.0000 0.0000
vt 0.0000 0.0000
vt 0.0000 0.0000
vt 0.0000 0.0000
vt 0.0000 0.0000
vt 0.0000 0.0000
vt 7.9844 7.9844
vt 8.4600 7.9844
vt 9.9707 9.5410
vt 9.9844 8.5918
vt 9.9844 7.9844
vt 7.9844 7.9844
vt 7.9844 8.5918
vt 8.0068 10.9854
vt 8.9844 10.9854
vt 8.9834 8.0039
vt 8.0068 8.0029
vt 7.9844 7.9844
vt 11.9873 7.9844
vt 11.9873 9.8271
vt 7.9844 9.8271
vt 10.5605 7.9844
vt 11.0254 7.9834
vt 10.4395 9.6426
vt 10.1074 9.2666
vt 11.3936 9.0000
vt 12.2236 9.5068
vt 12.2236 11.9424
vt 6.9863 7.9844
vt 7.5537 9.7061
vt 6.5742 9.7246
vt 11.4629 7.9834
vt 11.7344 8.5908
vt 12.2236 8.9248
vt 11.7061 12.8740
vt 11.3652 12.4658
vt 12.2236 11.9424
vt 12.2236 12.5176
vt 11.4004 13.5068
vt 10.9189 13.5068
vt 12.9307 5.9512
vt 13.4678 5.2734
vt 13.4678 5.9492
vt 12.4375 5.2734
vt 12.4375 6.6699
vt 12.9307 6.6680
vt 9.9238 6.6680
vt 9.9238 5.9512
vt 10.3818 6.6699
vt 10.3818 5.4170
vt 9.8447 5.4170
vt 9.3174 5.9492
vt 9.3145 5.4170
vt 13.4678 1.2920
vt 13.4678 2.0967
vt 12.8799 2.0967
vt 12.1943 0.7568
vt 12.1582 1.7529
vt 11.2578 1.9609
vt 10.9609 1.0459
vt 10.3926 2.6738
vt 9.9678 1.8398
vt 9.3174 4.4902
vt 9.3174 2.9902
vt 6.4111 7.9834
vt 6.9863 7.9844
vt 6.5742 9.7246
vt 5.6885 9.2451
vt 5.7715 14.6094
vt 5.2031 14.5986
vt 5.7715 14.1914
vt 5.4219 14.8682
vt 5.1953 15.3379
vt 4.8418 15.3379
vt 3.1729 14.6221
vt 3.9219 15.3379
vt 3.0273 15.3379
vt 4.1357 14.3584
vt 2.7598 12.6270
vt 2.9346 13.9980
vt 2.4180 13.7051
vt 3.7354 13.2119
vt 1.6250 12.9395
vt 1.6162 13.9316
vt 1.6201 10.0439
vt 3.0000 11.7715
vt 1.6201 11.2959
vt 2.9639 10.5664
vt 4.7227 11.4512
vt 4.4668 10.2168
vt 5.8193 10.6924
vt 9.3145 5.4170
vt 9.3174 4.4902
vt 9.8447 5.4170
vt 10.3818 6.6699
vt 10.3818 5.4170
vt 10.9082 6.6699
vt 11.8643 6.6699
vt 11.4990 5.1709
vt 12.4375 6.6699
vt 12.4375 5.2734
vt 13.4678 4.0205
vt 13.4678 5.2734
vt 11.8691 2.8916
vt 11.9150 3.4873
vt 10.4307 3.5957
vt 10.3926 2.6738
vt 11.2578 1.9609
vt 12.1582 1.7529
vt 12.8799 2.9697
vt 13.4678 3.4258
vt 9.8447 5.4170
vt 9.3174 4.4902
vt 12.8799 2.0967
vt 13.4678 4.0205
vt 13.4678 2.9697
vt 10.9082 7.0068
vt 11.8643 7.0068
vt 3.0000 11.7715
vt 4.7227 11.4512
vt 3.7354 13.2119
vt 2.7598 12.6270
vt 1.6201 11.2959
vt 1.6250 12.9395
vt 5.8682 11.8359
vt 4.8418 15.3379
vt 3.9219 15.3379
vt 4.1357 14.3584
vt 5.2031 14.5986
vt 3.7354 13.2119
vt 5.7715 14.1914
vt 6.4316 13.5068
vt 12.4375 7.0068
vt 12.4375 8.4033
vt 11.8643 7.0068
vt 10.9082 7.0068
vt 10.3818 8.2607
vt 10.3818 7.0068
vt 11.8643 7.0068
vt 10.3818 8.2607
vt 10.9082 7.0068
vt 13.4678 9.9844
vt 9.3174 9.9844
vt 10.3818 8.2607
vt 9.3174 8.2607
vt 12.4375 8.4033
vt 13.4678 8.4033
vt 13.4678 8.7412
vt 13.4678 9.3281
vt 9.2510 13.7295
vt 7.9863 13.5068
vt 9.3994 13.5068
vt 9.2510 14.2432
vt 8.1562 14.2432
vt 8.1562 13.7295
vt 8.9570 8.9629
vt 8.0303 8.9512
vt 8.9482 8.0029
vt 8.0205 8.0225
vt 12.0977 9.3359
vt 12.0889 7.9844
vt 15.9844 7.9844
vt 10.1348 7.9844
vt 10.1445 9.3359
vt 7.9844 7.9844
vt 7.9844 9.9844
vt 13.9844 7.9844
vt 13.9844 9.9844
vt 7.9844 9.9844
vt 7.9844 7.9844
vt 13.3945 7.9844
vt 13.9844 8.0645
vt 12.9365 9.9844
vt 13.9844 9.9844
vt 11.8926 9.1797
vt 11.8838 7.9844
vt 10.3701 7.9844
vt 10.3779 9.1797
vt 9.2217 7.9844
vt 10.2559 9.3906
vt 9.7139 9.9844
vt 11.5840 9.9844
vt 9.7021 7.9844
vt 12.9219 7.9844
vt 12.4443 9.3174
vt 11.5840 9.9844
vt 15.9844 9.9844
vt 7.9844 9.9844
vt 10.1445 9.3359
vt 11.1338 9.4395
vt 15.9844 9.9844
vt 10.3779 9.1797
vt 11.1357 9.2793
vt 11.8926 9.1797
vt 12.0977 9.3359
vt 10.3779 9.1797
vt 11.1357 9.2793
vt 11.8926 9.1797
vt 7.9834 9.9844
vt 7.9844 7.9844
vt 9.2217 7.9844
vt 9.7139 9.9844
vt 13.9844 8.0645
vt 13.3945 7.9844
vt 13.9844 7.9844
vt 11.8838 7.9844
vt 11.6836 9.1797
vt 11.6836 7.9844
vt 10.3701 7.9844
vt 10.5703 7.9844
vt 10.5703 9.1797
vt 10.9678 7.9844
vt 12.5215 7.9844
vt 10.9844 9.9844
vt 13.9844 9.9844
vt 10.9062 7.9844
vt 11.3145 8.0225
vt 11.9844 9.9844
vt 9.8457 7.9844
vt 9.8457 7.9844
vt 11.9844 9.9844
vt 7.9834 9.9844
vt 8.8125 8.0225
vt 7.9844 7.9844
vt 11.3145 8.0225
vt 11.9785 7.9844
vt 7.8848 9.9844
vt 7.9844 7.9844
vt 8.6318 7.9844
vt 8.9844 9.9844
vt 8.9844 7.9844
vt 7.9844 7.9844
vt 8.7451 7.9844
vt 7.9844 9.9844
vt 10.9678 7.9844
vt 9.7832 7.9844
vt 12.5215 7.9844
vt 13.4590 7.9844
vt 13.9844 9.9844
vt 13.9844 7.9844
vt 10.9844 9.9844
vt 9.3809 8.1484
vt 9.9795 8.1475
vt 9.9844 9.9844
vt 9.0820 7.9844
vt 9.3809 7.9844
vt 8.5723 9.9844
vt 9.0850 8.6367
vt 9.0889 9.9844
vt 8.5684 8.6367
vt 7.9844 7.9844
vt 8.5635 7.9844
vt 7.9883 9.9854
vt 9.9844 9.9844
vt 9.0850 8.6367
vt 9.3809 8.1484
vt 8.5684 8.6367
vt 9.0820 7.9844
vt 9.0889 9.9844
vt 8.5723 9.9844
vt 8.4561 8.1484
vt 8.4561 7.9844
vt 9.9785 7.9844
vt 7.9844 8.1484
vt 7.9902 9.9844
vt 9.9844 9.9844
vt 7.9844 7.9844
vt 11.9854 9.9873
vt 7.9844 9.9873
vt 11.9854 7.9844
vt 7.9844 8.6865
vt 8.5742 7.9844
vt 8.5742 8.6797
vt 7.9844 8.6865
vt 7.9844 7.9844
vt 7.9844 8.7988
vt 8.6758 7.9844
vt 8.6758 8.8066
vt 7.9844 7.9844
vt 15.9844 7.9844
vt 15.9844 9.9844
vt 7.9775 9.9844
vt 15.9844 7.9844
vt 7.9775 9.9844
vt 7.9844 7.9844
vt 11.3213 8.8477
vt 9.7139 7.9844
vt 11.5840 7.9844
vt 12.9365 7.9844
vt 11.4414 9.9844
vt 13.9844 9.9844
vt 13.9844 7.9844
vt 7.9844 9.9844
vt 7.9844 7.9844
vt 13.9844 7.9844
vt 13.9844 9.9844
vt 7.9844 7.9844
vt 7.9844 9.9844
vt 11.6680 7.9844
vt 11.6680 9.5762
vt 11.4678 9.5762
vt 11.4678 7.9844
vt 11.6680 9.3760
vt 10.3018 9.5762
vt 10.3018 9.3760
vt 10.5010 7.9844
vt 10.5010 9.5762
vt 10.3018 7.9844
vt 13.4844 9.0596
vt 13.9844 7.9844
vt 12.5898 9.9463
vt 11.9883 9.9463
vt 9.9795 9.9463
vt 9.3770 9.9463
vt 8.4834 9.0596
vt 10.3018 9.5762
vt 9.9795 9.9463
vt 10.3018 7.9844
vt 7.9844 7.9844
vt 11.9688 9.9854
vt 7.9863 9.9854
vt 11.1992 7.9844
vt 7.9844 7.9844
vt 8.8594 9.9893
vt 9.7666 8.5762
vt 10.9688 9.9893
vt 11.1426 9.0098
vt 11.2031 8.4688
vt 7.9844 7.9844
vt 7.1777 9.9893
vt 7.1777 7.9844
vt 11.9688 7.9844
vt 9.3848 7.9844
vt 10.1016 7.9844
vt 11.9824 7.9844
vt 12.6973 9.1113
vt 12.6973 9.9893
vt 12.6973 8.5488
vt 12.6973 7.9844
vt 7.9834 9.1064
vt 9.5420 8.6846
vt 12.0000 9.9805
vt 11.2334 7.9844
vt 10.2070 7.9844
vt 7.9834 8.5469
vt 7.9844 7.9844
vt 8.6152 7.9844
vt 8.9619 8.2920
vt 9.3887 7.9844
vt 9.5420 8.6846
vt 10.2070 7.9844
vt 7.9834 9.1064
vt 12.0000 9.9805
vt 11.2334 7.9844
vt 12.0000 7.9844
vt 7.9844 9.9844
vt 10.9844 8.9844
vt 13.9844 9.9844
vt 7.9844 7.9844
vt 13.9844 7.9844
vt 10.9844 7.9844
vt 7.9844 9.9805
vt 8.9844 7.9844
vt 8.9844 9.9844
vt 7.9844 9.9844
vt 7.9844 7.9844
vt 11.9844 7.9844
vt 11.9844 9.9844
vt 7.9844 9.9844
vt 7.9844 7.9844
vt 11.9824 8.9707
vt 11.9824 9.9541
vt 7.9844 9.9541
vt 7.9844 8.9707
vt 7.9844 8.9717
vt 9.0869 7.9844
vt 9.9844 7.9844
vt 8.5693 7.9844
vt 10.6211 9.9570
vt 7.9844 9.9570
vt 7.9844 9.9570
vt 7.9844 7.9844
vt 10.6211 7.9844
vt 10.6211 9.9570
vt 7.9844 7.9844
vt 9.9844 7.9844
vt 9.9834 8.9707
vt 7.3467 9.9541
vt 9.9844 9.9541
vt 9.9844 9.9541
vt 11.9824 8.9707
vt 7.9844 7.9844
vt 11.9824 7.9844
vt 7.9844 8.9707
vt 10.0000 7.9844
vt 11.3984 7.9844
vt 10.7646 9.9492
vt 11.9824 9.9492
vt 11.9824 7.9844
vt 7.3467 7.9844
vt 7.3467 9.9541
vt 9.2354 9.9492
vt 8.5020 7.9844
vt 7.9844 9.9492
vt 7.9844 7.9844
vt 8.1484 8.2275
vt 9.8926 8.2275
vt 9.8926 8.0312
vt 8.1484 8.0312
vt 8.0889 8.2969
vt 8.0889 8.0352
vt 9.5010 8.0352
vt 9.5010 8.2969
vt 8.1348 8.0420
vt 9.8760 8.2490
vt 8.1348 8.2490
vt 9.8760 8.0420
vt 8.0889 8.0352
vt 8.0889 8.2969
vt 9.5010 8.0352
vt 9.5010 8.2969
vt 7.7139 9.8262
vt 7.9844 9.8262
vt 7.7139 10.2832
vt 9.0166 11.6738
vt 8.7246 10.2402
vt 8.2383 9.8037
vt 9.9541 9.8037
vt 11.5098 9.8037
vt 13.2686 9.8037
vt 12.7627 10.2559
vt 10.4355 10.1729
vt 10.3047 11.6289
vt 11.0303 10.1729
vt 11.1895 11.6289
vt 9.7471 11.6738
vt 11.0488 9.8262
vt 11.0488 9.8262
vt 7.9844 7.9844
vt 11.4482 7.9844
vt 11.4482 9.8262
vt 11.7412 9.7988
vt 7.9844 9.7988
vt 7.9844 7.9844
vt 11.7412 7.9844
vt 16.9766 7.9844
vt 16.9766 9.7988
vt 7.9844 9.8262
vt 14.0098 9.8057
vt 14.3174 8.7891
vt 17.6924 9.8057
vt 17.6924 7.9844
vt 14.6221 7.9844
vt 7.9844 9.8057
vt 9.2266 8.7891
vt 9.5332 9.8057
vt 8.9229 7.9844
vt 7.9844 7.9844
vt 13.2627 7.9844
vt 13.2686 9.8037
vt 11.6914 9.2080
vt 11.6875 7.9844
vt 11.5098 9.8037
vt 8.2383 9.8037
vt 9.7686 9.2080
vt 9.9541 9.8037
vt 8.2324 7.9844
vt 9.7646 7.9844
vt 7.9844 7.9844
vt 9.9844 8.1572
vt 9.9844 7.9844
vt 7.9844 8.1572
vt 7.9844 7.9844
vt 9.9844 8.9844
vt 7.9844 8.9844
vt 9.9844 8.9844
vt 9.9844 7.9844
vt 7.9844 7.9844
vt 8.0059 8.9844
vt 7.6562 7.9854
vt 7.9844 7.9844
vt 7.6748 8.9834
vt 7.9834 8.9824
vt 7.6748 8.9834
vt 7.9844 7.9844
vt 7.6562 7.9854
vt 7.9834 8.9824
vt 7.9844 7.9844
vt 9.9844 8.1572
vt 9.9844 7.9844
vt 7.9844 8.1572
vt 9.9844 8.9844
vt 7.9844 8.9844
vt 7.6562 7.9854
vt 7.9844 7.9844
vt 7.6748 8.9834
vt 7.9834 8.9824
vt 9.9844 7.9844
vt 9.9844 8.5781
vt 7.9844 8.5781
vt 9.9844 7.9844
vt 7.9844 8.5781
vt 7.9844 7.9844
vt 9.9961 7.0146
vt 9.9932 7.4893
vt 7.9932 7.4893
vt 7.9961 7.0146
vt 9.9844 7.9844
vt 9.9824 8.6328
vt 7.9824 8.6328
vt 7.9844 7.9844
vt 9.9463 8.0225
vt 9.9414 8.4287
vt 7.9785 8.3896
vt 7.9844 7.9844
vt 10.0752 8.3018
vt 10.0752 8.7881
vt 8.0752 8.7881
vt 8.0752 8.3018
vt 7.9844 7.9844
vt 9.9844 8.1572
vt 9.9844 7.9844
vt 7.9844 8.1572
vt 9.9844 8.9844
vt 7.9844 8.9844
vt 9.9844 8.9844
vt 9.9844 7.9844
vt 7.9844 7.9844
vt 8.0059 8.9844
vt 7.6562 7.9854
vt 7.9844 7.9844
vt 7.6748 8.9834
vt 7.9844 7.9844
vt 7.9834 8.9824
vt 7.6748 8.9834
vt 9.9541 9.8037
vt 8.2383 9.8037
vt 8.7246 10.2402
vt 10.4355 10.1729
vt 10.3047 11.6289
vt 11.0303 10.1729
vt 11.1895 11.6289
vt 12.7627 10.2559
vt 13.2686 9.8037
vt 11.5098 9.8037
vt 7.4521 9.7344
vt 7.4521 7.9912
vt 9.8018 7.9912
vt 10.3115 7.9883
vt 12.6553 7.9883
vt 12.6553 9.7275
vt 10.3115 7.9883
vt 9.7686 9.2090
vt 9.7646 7.9844
vt 8.2324 7.9844
vt 8.2383 9.8037
vt 9.9541 9.8037
vt 13.2686 9.8037
vt 11.6914 9.2090
vt 11.5098 9.8037
vt 13.2627 7.9844
vt 11.6875 7.9844
vt 9.9629 7.9834
vt 9.9600 8.4912
vt 7.9814 8.4707
vt 7.9844 7.9844
vt 11.6875 7.9844
vt 11.7842 7.9844
vt 11.7842 9.2080
vt 11.6914 9.2090
vt 11.5098 9.8037
vt 11.7842 9.8037
vt 11.4844 10.0928
vt 11.0303 10.1729
vt 11.6836 9.8037
vt 10.4355 10.0928
vt 11.0303 10.0928
vt 10.4355 10.1729
vt 9.9541 9.8037
vt 10.1836 10.1729
vt 9.9648 9.8037
vt 9.6641 9.2080
vt 9.9541 9.8037
vt 9.7646 9.8037
vt 9.7686 9.2090
vt 9.6641 7.9844
vt 9.7646 7.9844
vt 10.4512 8.1436
vt 10.4570 7.9844
vt 7.9844 7.9844
vt 7.9785 8.1221
vt 9.5869 7.9834
vt 9.5967 8.5332
vt 7.9941 8.5332
vt 7.9844 7.9844
vt 9.6191 8.2119
vt 9.6162 7.9844
vt 7.9873 8.2471
vt 7.9844 8.1279
vt 7.9844 7.9844
vt 9.9844 7.9844
vt 9.9844 8.1279
vt 10.0010 7.9844
vt 9.9922 8.4795
vt 7.9756 8.4795
vt 7.9844 7.9844
vt 10.0391 8.1279
vt 10.0391 7.9844
vt 8.0391 8.1279
vt 8.0391 7.9844
vt 10.6299 8.1885
vt 10.6348 8.0283
vt 7.9785 8.0059
vt 10.6299 8.1885
vt 7.9785 8.0059
vt 7.9727 8.1650
vt 8.0127 8.5088
vt 8.0029 7.9834
vt 9.6406 7.9834
vt 9.6494 8.5088
vt 9.6240 8.2832
vt 9.6201 8.0195
vt 7.8701 8.3213
vt 7.8662 8.0576
vt 9.2715 9.8457
vt 9.0703 9.5264
vt 10.0664 9.6865
vt 10.0664 7.9844
vt 10.0664 9.6865
vt 10.0664 10.3574
vt 9.2715 10.2393
vt 9.0703 10.5576
vt 7.9844 7.9844
vt 10.1240 7.9844
vt 10.1240 11.5479
vt 7.9238 11.5146
vt 8.7451 9.4053
vt 7.9844 7.9844
vt 9.4395 11.2402
vt 8.7451 10.6797
vt 10.0664 10.3574
vt 10.0664 11.9912
vt 7.9834 11.9912
vt 8.7451 11.4141
vt 10.0439 10.0762
vt 9.3027 8.7061
vt 10.0439 9.1475
vt 10.0439 7.9844
vt 7.9844 10.9541
vt 10.0439 10.9541
vt 8.7148 9.1494
vt 8.7148 8.5371
vt 8.7148 7.9844
vt 7.9736 8.4385
vt 7.9844 7.9844
vt 8.7148 8.5371
vt 7.9766 9.0303
vt 8.7148 9.1494
vt 7.9766 9.0303
vt 7.9844 8.6406
vt 7.9844 7.9844
vt 8.7451 9.4053
vt 7.9707 9.4053
vt 7.9834 11.3809
vt 7.9707 10.6797
vt 8.7451 10.6797
vt 8.7451 11.4141
vt 7.9834 11.9912
vt 7.9844 4.5947
vt 7.9844 3.9863
vt 8.7490 5.2949
vt 7.9844 7.9834
vt 8.7490 6.5664
vt 9.0762 6.4443
vt 10.0771 7.9844
vt 9.2783 6.1270
vt 10.0771 5.9170
vt 10.0771 7.9844
vt 9.2783 6.1270
vt 8.7490 5.2949
vt 7.9707 5.2949
vt 7.9844 4.5947
vt 9.0762 5.4160
vt 7.9844 3.9863
vt 10.0771 3.9863
vt 9.2783 5.7344
vt 7.9844 7.3281
vt 7.9707 6.5664
vt 8.7490 6.5664
vt 7.9844 7.9834
vt 8.7246 7.9844
vt 9.0361 7.6533
vt 9.0361 7.9844
vt 9.2295 7.6533
vt 9.2295 7.9844
vt 9.6660 7.5371
vt 9.6660 7.5371
vt 9.6660 7.9844
vt 9.6660 7.9844
vt 9.2002 7.9834
vt 9.2002 8.3076
vt 9.0127 7.9834
vt 9.0127 8.3076
vt 8.7080 7.9844
vt 8.7080 8.3076
vt 7.9844 8.3076
vt 7.9844 8.3076
vt 7.9844 7.9844
vt 7.9844 7.9844
vt 7.9844 7.6533
vt 8.7246 7.6533
vt 9.0361 7.6533
vt 8.7246 7.9844
vt 7.9844 8.9844
vt 9.9844 8.9844
vt 9.9844 7.9844
vt 7.9844 7.9844
vt 9.9844 7.9844
vt 7.9844 7.9844
vt 7.9844 8.9844
vt 9.9844 8.9844
vt 7.9844 7.9844
vt 9.9844 7.9844
vt 9.9844 8.9844
vt 7.9844 8.9844
vt 9.9844 8.9844
vt 7.9844 8.9844
vt 7.9844 7.9844
vt 9.9844 7.9844
vt 7.9844 7.9844
vt 9.9844 7.9844
vt 9.9844 8.9844
vt 7.9844 8.9844
vt 7.9844 7.9844
vt 9.9844 7.9844
vt 7.9844 8.9834
vt 9.9844 8.9844
vt 9.9844 7.9844
vt 9.9844 8.9844
vt 9.2529 7.9844
vt 9.2529 7.9844
vt 9.9844 8.9844
vt 7.9844 8.9834
vt 7.9844 7.9844
vt 9.9844 8.9844
vt 7.9844 8.9844
vt 9.9844 7.9844
vt 7.9844 7.9844
vt 7.9844 7.9844
vt 9.9844 7.9844
vt 9.9844 8.9844
vt 7.9844 8.9844
vt 9.9844 7.9844
vt 9.9844 8.9844
vt 7.9844 7.9844
vt 7.9844 8.9844
vt 7.9844 8.9844
vt 9.9844 7.9844
vt 9.9844 8.9844
vt 7.9844 7.9834
vt 9.9844 8.4844
vt 5.9844 8.9844
vt 5.9844 8.4844
vt 9.9844 8.9844
vt 9.9844 7.9844
vt 5.9844 7.9844
vt 9.9844 8.4844
vt 9.9844 8.9844
vt 5.9844 8.9844
vt 9.9844 7.9844
vt 5.9844 8.4844
vt 5.9844 7.9844
vt 9.9844 7.9844
vt 9.9844 8.4121
vt 4.3037 8.4121
vt 3.9414 7.9844
vt 9.9844 8.9844
vt 4.3037 8.9844
vt 7.9844 8.9844
vt 7.9844 7.9844
vt 9.9844 8.9844
vt 9.9844 7.9844
vt 4.3057 7.9834
vt 9.9844 7.9844
vt 4.3057 8.5547
vt 9.9834 8.5566
vt 9.9844 8.9844
vt 3.9434 8.9824
vt 9.9844 7.9844
vt 6.1641 7.9844
vt 6.1641 8.5127
vt 9.9844 8.5127
vt 6.1641 8.9824
vt 9.9844 8.9844
vt 6.3623 8.6191
vt 6.3623 8.9844
vt 9.9844 8.9844
vt 9.9844 8.6484
vt 6.3623 8.2900
vt 9.9844 8.3193
vt 6.3633 7.9844
vt 9.9844 7.9844
vt 6.3359 8.4854
vt 6.3359 7.9844
vt 9.9844 7.9844
vt 9.9844 8.4854
vt 6.3359 8.9863
vt 9.9844 8.9844
vt 5.9844 7.9883
vt 5.9844 8.4707
vt 5.1006 8.3408
vt 5.1006 8.7549
vt 5.9844 8.9531
vt 7.9844 8.4775
vt 7.9844 8.9707
vt 7.9844 7.9844
vt 9.9844 8.4844
vt 9.9844 8.9844
vt 9.9844 7.9844
vt 9.9844 8.4844
vt 9.9844 7.9844
vt 7.9844 8.4775
vt 7.9844 8.9707
vt 9.9844 8.9844
vt 5.9844 8.9531
vt 5.9844 8.4707
vt 7.9844 7.9844
vt 5.9844 7.9883
vt 5.1006 8.3408
vt 5.1006 8.7549
vt 5.9844 8.4707
vt 5.9844 7.9883
vt 7.9844 7.9844
vt 7.9844 8.4775
vt 5.9844 8.9531
vt 5.9844 8.4707
vt 7.9844 8.4775
vt 7.9844 8.9707
vt 5.9844 8.4707
vt 5.9844 7.9883
vt 7.9844 7.9844
vt 7.9844 8.4775
vt 5.9844 8.9531
vt 7.9844 8.9707
vt 9.9844 8.4844
vt 9.9844 8.9844
vt 9.9844 7.9844
vt 7.9844 8.4775
vt 9.9844 7.9844
vt 7.9844 7.9844
vt 9.9834 8.4824
vt 6.1494 7.9844
vt 9.9844 7.9844
vt 9.9844 8.4551
vt 6.0889 8.4531
vt 9.9844 8.9844
vt 6.0889 8.9824
vt 9.9844 7.9844
vt 6.0889 7.9844
vt 9.9844 8.9844
vt 6.1494 8.9844
vt 6.1494 8.4824
vt 9.4453 10.3848
vt 8.7021 9.3809
vt 9.4844 8.8594
vt 8.2598 10.3584
vt 9.4941 10.8975
vt 8.3857 11.6328
vt 8.7422 10.2334
vt 7.8105 10.1748
vt 9.2422 10.9570
vt 8.5000 10.3662
vt 9.0928 9.9277
vt 9.7090 9.9141
vt 5.9678 5.1846
vt 6.4463 6.1338
vt 4.4238 5.5225
vt 4.7900 4.6865
vt 6.3535 7.2705
vt 4.7822 7.4092
vt 4.6035 6.4658
vt 5.7080 8.1455
vt 8.8916 8.9844
vt 5.8770 9.8682
vt 11.5137 7.2197
vt 11.1729 6.4531
vt 11.5137 7.2197
vt 8.8916 8.9844
vt 5.4844 8.9844
vt 5.8770 9.8682
vt 8.0137 8.1943
vt 8.6064 7.7031
vt 9.0137 8.1943
vt 8.4209 8.6855
vt 9.0137 8.1943
vt 8.0137 9.0234
vt 8.0137 8.1943
vt 9.0137 9.0215
vt 8.8633 8.5508
vt 8.1367 8.5508
vt 8.8633 8.1406
vt 8.1367 8.1406
vt 8.8428 8.7012
vt 8.1367 8.7012
vt 8.8428 8.1377
vt 8.1367 8.1377
vt 8.8428 8.1377
vt 8.1367 8.1377
vt 8.1367 8.7012
vt 8.8428 8.7012
vt 8.8633 8.1406
vt 8.1367 8.1406
vt 8.1367 8.5508
vt 8.8633 8.5508
vt 8.8633 8.5508
vt 8.1367 8.5508
vt 8.8633 8.1406
vt 8.1367 8.5508
vt 8.1367 8.1406
vt 8.8633 8.1406
vt 8.8428 8.7012
vt 8.1367 8.7012
vt 8.8428 8.1377
vt 8.1367 8.1377
vt 8.8428 8.1377
vt 8.1367 8.1377
vt 8.1367 8.7012
vt 8.8428 8.7012
vt 8.8633 8.1406
vt 8.1367 8.1406
vt 8.1367 8.5508
vt 8.8633 8.5508
vt 8.8701 9.0801
vt 7.9844 9.0801
vt 7.9844 7.9844
vt 8.8701 7.9844
vt 7.4297 8.4814
vt 8.4297 8.4814
vt 7.8760 8.9785
vt 7.9844 7.9844
vt 7.9844 7.9844
vt 8.9844 7.9844
vt 8.4775 8.4834
vt 8.4902 7.4844
vt 7.9844 7.9844
vt 8.6709 7.9844
vt 8.6709 8.3633
vt 7.9844 8.3633
vt 7.9844 7.9844
vt 8.1611 7.6641
vt 8.7393 7.9844
vt 8.5625 8.3037
vt 8.1367 8.7012
vt 8.1367 8.1377
vt 8.8428 8.1377
vt 8.8428 8.7012
vt 8.1367 8.5508
vt 8.1367 8.1406
vt 8.8633 8.1406
vt 8.8633 8.5508
vt 8.6582 9.3066
vt 7.3369 8.9639
vt 9.0010 7.9844
vt 7.9844 7.9844
vt 6.9844 7.9844
vt 7.9844 7.4717
vt 6.9844 7.4717
vt 7.9844 7.9844
vt 6.9844 7.4717
vt 7.9844 7.4717
vt 6.9844 7.9844
vt 7.9844 7.9844
vt 6.9844 7.4717
vt 7.9844 7.4717
vt 6.9844 7.9844
vt 7.9844 7.9844
vt 6.9844 7.9844
vt 7.9844 7.4717
vt 6.9844 7.4717
vt 7.9844 7.9844
vt 7.9844 7.4717
vt 7.9844 7.9844
vt 6.9844 7.9844
vt 6.9844 7.4717
vt 8.1689 8.1504
vt 8.8857 8.1504
vt 8.7178 8.4541
vt 8.3369 7.8467
vt 8.1797 8.3945
vt 8.0684 8.0791
vt 8.4346 7.9492
vt 8.5469 8.2637
vt 8.5488 8.2705
vt 8.4375 7.9561
vt 8.0703 8.0859
vt 8.1826 8.4014
vt 8.1367 8.7012
vt 8.1367 8.1377
vt 8.8428 8.1377
vt 8.8428 8.7012
vt 8.1367 8.5508
vt 8.1367 8.1406
vt 8.8633 8.1406
vt 8.8633 8.5508
vt 8.0381 8.9111
vt 8.0381 8.0352
vt 8.9248 8.0352
vt 8.8867 8.8438
vt 8.0811 8.8438
vt 8.8867 8.1201
vt 8.0811 8.1201
vt 8.9248 8.9111
vt 8.0381 8.9111
vt 8.9248 8.0352
vt 6.9844 7.9844
vt 7.9844 7.4717
vt 6.9844 7.4717
vt 7.9844 7.9844
vt 7.9844 7.4717
vt 7.9844 7.9844
vt 6.9844 7.9844
vt 6.9844 7.4717
vt 8.9844 8.9844
vt 7.9844 7.9844
vt 8.9844 7.9844
vt 7.9844 8.9844
vt 7.9834 9.9785
vt 7.9844 7.9844
vt 8.9873 7.7158
vt 7.9727 10.1436
vt 7.9727 7.7188
vt 7.8760 10.1436
vt 7.8760 7.7188
vt 7.8838 9.9697
vt 7.9844 9.9697
vt 7.8838 7.9844
vt 7.9844 7.9844
vt 9.9795 7.9844
vt 7.9844 7.9844
vt 9.9795 7.8564
vt 8.9844 9.9443
vt 7.9844 7.9844
vt 8.9844 7.9844
vt 8.9844 9.9658
vt 7.9932 9.7852
vt 8.9844 7.9844
vt 7.9863 9.5977
vt 7.9844 7.9844
vt 8.9844 9.9678
vt 7.9844 7.9844
vt 7.8682 9.9824
vt 7.9844 9.9824
vt 7.8682 7.9834
vt 7.9844 7.9844
vt 8.9844 7.9844
vt 9.9863 7.8740
vt 9.9863 7.9844
vt 7.9844 7.8740
vt 7.8799 9.9639
vt 7.9844 7.9844
vt 7.8799 7.9844
vt 7.9844 7.9844
vt 9.9707 7.9844
vt 7.9844 7.9844
vt 9.9707 7.8672
vt 9.9707 7.8672
vt 7.9844 7.9844
vt 7.9834 7.8672
vt 7.9473 9.8379
vt 7.9844 7.9844
vt 8.9844 9.9443
vt 9.9795 7.8564
vt 7.9844 7.9844
vt 7.9814 7.8564
vt 8.9844 10.1455
vt 7.9834 9.9785
vt 8.9873 7.7158
vt 7.9844 9.9639
vt 7.9844 7.9844
vt 7.8799 9.9639
vt 9.9727 7.8604
vt 9.9727 7.9844
vt 7.9844 7.8604
vt 7.9844 7.9844
vt 8.9844 8.9844
vt 7.9844 7.9844
vt 8.9844 7.9844
vt 7.9844 8.9844
vt 7.9844 8.9814
vt 8.0840 8.9814
vt 8.0840 7.9844
vt 7.9844 7.9844
vt 7.9844 8.0840
vt 8.9844 7.9844
vt 8.4688 8.4609
vt 8.9844 8.4609
vt 7.9844 7.9844
vt 8.4688 8.4609
vt 7.9844 8.9814
vt 7.9844 7.9844
vt 8.4688 8.9814
vt 7.9844 8.9814
vt 8.4688 8.4609
vt 8.4111 7.9844
vt 8.4102 8.5537
vt 7.9844 7.9844
vt 7.9824 8.9844
vt 8.0840 8.9844
vt 8.0840 7.9844
vt 8.9844 8.9844
vt 7.9824 8.9844
vt 8.4102 8.5537
vt 8.0840 7.9844
vt 7.9844 7.9844
vt 7.9824 9.0840
vt 8.9844 8.5537
vt 8.9844 8.9844
vt 7.9844 7.9844
vt 8.9844 7.9844
vt 7.9844 8.9844
vt 12.3467 7.9834
vt 12.3506 8.6406
vt 10.5039 7.9834
vt 7.9844 8.6406
vt 12.2344 8.6230
vt 7.9805 8.6240
vt 12.2344 7.9844
vt 7.9844 7.9844
vt 7.9844 7.9844
vt 8.6650 7.9844
vt 8.3721 8.2461
vt 8.2549 8.2256
vt 7.9844 7.9844
vt 8.6133 7.9844
vt 8.0645 7.3174
vt 8.0029 6.6680
vt 8.3467 7.1924
vt 8.2529 7.1123
vt 8.5791 7.2627
vt 8.6465 6.5586
vt 12.5176 9.3018
vt 7.9834 9.3018
vt 12.3506 8.6406
vt 7.9844 8.6406
vt 7.9844 7.9844
vt 10.5039 7.9834
vt 7.9805 8.6240
vt 12.2344 9.2676
vt 7.8184 9.2676
vt 12.2344 8.6230
vt 13.9551 7.9844
vt 7.9844 9.1426
vt 7.9844 7.9844
vt 13.9551 9.1426
vt 7.9844 9.2451
vt 14.4502 7.9844
vt 14.4502 9.2451
vt 7.9844 7.9844
vt 7.9844 7.9844
vt 7.9844 9.3018
vt 11.4766 9.3008
vt 11.4766 7.9844
vt 7.9688 8.9697
vt 8.1240 8.3682
vt 8.9785 8.9531
vt 8.6045 7.9883
vt 9.2246 7.9736
vt 9.7490 8.3301
vt 9.9766 8.9219
vt 9.8213 9.5225
vt 9.3408 9.9033
vt 8.7207 9.9180
vt 8.1963 9.5615
vt 7.9688 8.9697
vt 8.1240 8.3682
vt 8.9785 8.9531
vt 8.6045 7.9883
vt 9.2246 7.9736
vt 9.7490 8.3301
vt 9.9766 8.9219
vt 9.8213 9.5225
vt 9.3408 9.9033
vt 8.7207 9.9180
vt 8.1963 9.5615
vt 7.9844 7.9844
vt 8.9844 7.9844
vt 8.9844 8.9844
vt 7.9844 8.9844
vt 8.9844 7.9844
vt 8.9844 8.9844
vt 7.9844 8.9844
vt 7.9844 7.9844
vt 7.9844 6.9844
vt 8.9844 6.9844
vt 7.9844 7.9844
vt 8.9844 7.9844
vt 8.9844 6.9844
vt 7.9844 6.9844
vt 7.9844 7.9844
vt 8.9844 7.9844
vt 8.9844 8.9844
vt 7.9844 8.9844
vt 8.9844 7.9844
vt 8.9844 8.9844
vt 7.9844 8.9844
vt 7.9844 7.9844
vt 7.9844 6.9844
vt 8.9844 6.9844
vt 7.9844 7.9844
vt 8.9844 7.9844
vt 8.9844 6.9844
vt 7.9844 6.9844
vt 7.9844 7.9844
vt 8.9844 7.9844
vt 8.9844 9.9844
vt 7.9844 9.9844
vt 14.0068 7.9893
vt 14.0059 8.3984
vt 11.4551 8.3984
vt 7.7695 8.3984
vt 7.7695 7.9893
vt 19.7568 8.3984
vt 16.1094 8.3984
vt 19.7568 7.9893
vt 10.0664 8.4834
vt 6.8848 7.9834
vt 6.8848 8.4834
vt 10.0664 7.9834
vt 6.8848 7.9834
vt 10.0664 7.9834
vt 10.0664 8.4834
vt 6.8848 8.4834
vt 8.0137 8.4678
vt 7.9844 7.9844
vt 12.9775 8.4639
vt 12.9775 7.9844
vt 7.8760 8.4717
vt 7.8760 7.9629
vt 12.1230 7.9629
vt 6.9414 8.4736
vt 6.9414 7.9736
vt 10.0400 7.9736
vt 10.0400 8.4736
vt 10.0400 8.4736
vt 10.0400 7.9736
vt 6.9414 7.9736
vt 6.9414 8.4736
vt 6.9521 8.4795
vt 6.9521 7.9795
vt 10.0488 7.9795
vt 10.0488 8.4795
vt 10.0488 8.4795
vt 10.0488 7.9795
vt 6.9521 7.9795
vt 6.9521 8.4795
vt 7.8760 8.4717
vt 12.1230 7.9629
vt 12.1230 8.4717
vt 7.9844 8.4873
vt 7.9844 7.9844
vt 12.8057 7.9844
vt 12.8057 8.4873
vt 7.9844 7.9844
vt 20.0098 7.9844
vt 20.0098 8.4775
vt 7.9834 8.4775
vt 8.4844 12.9844
vt 7.9844 12.9844
vt 7.9844 7.9844
vt 8.4844 7.9844
vt 8.4844 12.9844
vt 7.9844 12.9844
vt 7.9844 7.9844
vt 8.4844 7.9844
vt 8.4844 9.9844
vt 7.9844 9.9844
vt 7.9844 7.9844
vt 8.4844 7.9844
vt 8.4844 9.9844
vt 7.9844 9.9844
vt 7.9844 7.9844
vt 8.4844 7.9844
vt 8.4844 11.9844
vt 7.9844 11.9844
vt 7.9844 7.9844
vt 8.4844 7.9844
vt 8.4844 11.9844
vt 7.9844 11.9844
vt 7.9844 7.9844
vt 8.4844 7.9844
vt 8.4844 11.9844
vt 7.9844 11.9844
vt 7.9844 7.9844
vt 8.4844 7.9844
vt 8.4844 11.9844
vt 7.9844 11.9844
vt 7.9844 7.9844
vt 8.4844 7.9844
vt 8.4844 13.9844
vt 7.9844 13.9844
vt 7.9844 7.9844
vt 8.4844 7.9844
vt 8.4844 13.9844
vt 7.9844 13.9844
vt 7.9844 7.9844
vt 8.4844 7.9844
vt 8.3164 9.6533
vt 8.3164 8.3115
vt 9.6533 9.6533
vt 9.6533 8.3115
vt 9.9775 7.9844
vt 9.9775 8.2354
vt 7.9844 8.2354
vt 7.9844 7.9844
vt 9.9844 8.2334
vt 9.9844 7.9844
vt 7.9834 7.9844
vt 7.9844 8.2334
vt 7.9844 8.2354
vt 9.9775 7.9844
vt 7.9844 7.9844
vt 9.9775 8.2354
vt 9.9844 7.9844
vt 9.9844 8.2334
vt 7.9834 8.2334
vt 7.9844 7.9844
vt 9.9834 7.9844
vt 7.9844 7.9844
vt 9.9834 8.2354
vt 9.9863 7.9844
vt 7.9844 7.9844
vt 9.9863 8.2363
vt 7.9834 8.2354
vt 9.9785 8.2188
vt 7.9844 8.2188
vt 9.9785 7.9844
vt 7.9844 8.2363
vt 9.9863 8.2363
vt 9.9863 7.9844
vt 7.9844 8.2363
vt 7.9834 8.2354
vt 7.9844 7.9844
vt 9.9834 7.9844
vt 9.9834 8.2354
vt 7.9844 7.9844
vt 7.9844 8.2275
vt 9.9824 8.2275
vt 9.9824 7.9844
vt 7.9844 7.9844
vt 7.9844 8.2188
vt 9.9785 8.2188
vt 9.9785 7.9844
vt 9.9824 8.2275
vt 9.9824 7.9844
vt 7.9844 8.2275
vt 7.9844 8.2188
vt 7.9844 7.9844
vt 9.9785 7.9844
vt 9.9814 8.2100
vt 7.9844 8.2100
vt 9.9814 7.9844
vt 7.9844 7.9844
vt 7.9844 8.2285
vt 7.9844 7.9844
vt 9.9766 8.2285
vt 9.9766 7.9844
vt 9.9814 7.9844
vt 9.9814 8.2100
vt 7.9844 8.2100
vt 9.9766 7.9844
vt 7.9844 7.9844
vt 9.9766 8.2285
vt 7.9844 7.9844
vt 7.9844 8.2285
vt 9.9766 8.2285
vt 9.2637 8.3438
vt 8.3301 8.7305
vt 8.7168 8.3438
vt 8.3301 9.2773
vt 9.6514 8.7305
vt 8.7168 9.6641
vt 9.6514 9.2773
vt 9.2637 9.6641
vt 9.1182 7.9844
vt 8.9844 8.2461
vt 7.9844 8.2461
vt 7.8496 7.9844
vt 8.9844 9.0342
vt 7.9844 9.0342
vt 9.0625 9.2090
vt 7.9053 9.2090
vt 8.4844 9.7344
vt 9.1182 7.9844
vt 8.9844 8.2461
vt 7.9844 8.2461
vt 7.8496 7.9844
vt 8.9844 9.0342
vt 7.9844 9.0342
vt 9.0625 9.2090
vt 7.9053 9.2090
vt 7.9053 9.2090
vt 9.0625 9.2090
vt 7.9844 9.0342
vt 8.9844 9.0342
vt 8.9844 8.2461
vt 8.9844 9.0342
vt 7.9844 9.0342
vt 7.9844 8.2461
vt 9.1182 7.9844
vt 7.8496 7.9844
vt 7.9053 9.2090
vt 9.0625 9.2090
vt 8.4844 9.7344
vt 8.9844 9.0342
vt 7.9844 9.0342
vt 8.9844 8.2461
vt 7.9844 8.2461
vt 9.1182 7.9844
vt 7.8496 7.9844
vt 9.1182 7.9844
vt 8.9844 8.2461
vt 7.9844 8.2461
vt 7.8496 7.9844
vt 8.9844 9.0342
vt 7.9844 9.0342
vt 9.0625 9.2090
vt 7.9053 9.2090
vt 8.4844 9.7344
vt 9.1182 7.9844
vt 8.9844 8.2461
vt 7.9844 8.2461
vt 7.8496 7.9844
vt 8.9844 9.0342
vt 7.9844 9.0342
vt 9.0625 9.2090
vt 7.9053 9.2090
vt 7.9053 9.2090
vt 9.0625 9.2090
vt 8.4844 9.7344
vt 7.9844 9.0342
vt 8.9844 9.0342
vt 8.9844 8.2461
vt 7.9844 8.2461
vt 9.1182 7.9844
vt 7.8496 7.9844
vt 7.9053 9.2090
vt 9.0625 9.2090
vt 8.9844 9.0342
vt 7.9844 9.0342
vt 8.9844 8.2461
vt 7.9844 8.2461
vt 9.1182 7.9844
vt 7.8496 7.9844
vt 9.1182 7.9844
vt 8.9844 8.2461
vt 7.9844 8.2461
vt 7.8496 7.9844
vt 8.9844 9.0342
vt 7.9844 9.0342
vt 9.0625 9.2090
vt 7.9053 9.2090
vt 8.4844 9.7344
vt 9.1182 7.9844
vt 8.9844 8.2461
vt 7.9844 8.2461
vt 7.8496 7.9844
vt 8.9844 9.0342
vt 7.9844 9.0342
vt 9.0625 9.2090
vt 7.9053 9.2090
vt 7.9844 9.0342
vt 8.9844 9.0342
vt 8.4844 9.7344
vt 7.9053 9.2090
vt 9.0625 9.2090
vt 7.9844 9.0342
vt 8.9844 9.0342
vt 8.9844 8.2461
vt 7.9844 8.2461
vt 9.1182 7.9844
vt 7.8496 7.9844
vt 7.9053 9.2090
vt 9.0625 9.2090
vt 8.9844 9.0342
vt 7.9844 9.0342
vt 8.9844 8.2461
vt 7.9844 8.2461
vt 9.1182 7.9844
vt 7.8496 7.9844
vt 8.0840 9.2305
vt 8.7061 9.1211
vt 8.2617 9.1211
vt 8.8838 9.2305
vt 8.0840 9.6113
vt 8.8838 9.6113
vt 9.9844 7.9844
vt 8.2842 8.9336
vt 7.9844 7.9844
vt 9.9844 8.9844
vt 7.9844 7.9844
vt 9.9844 8.9844
vt 7.9844 8.9844
vt 9.9844 7.9844
vt 9.6836 8.0342
vt 7.9844 8.9844
vt 9.9844 8.9844
vt 7.9844 7.9844
vt 7.9844 7.9844
vt 9.3330 8.6240
vt 7.9658 8.6992
vt 9.9844 7.9844
vt 9.9844 7.9844
vt 7.9844 8.9844
vt 7.9844 7.9844
vt 9.9844 8.9844
vt 9.3330 7.0742
vt 7.9844 7.9844
vt 7.9658 6.9678
vt 9.9844 7.9844
vt 9.9844 7.9844
vt 8.2842 8.9336
vt 7.9844 7.9844
vt 9.9844 8.9844
vt 9.9844 8.9844
vt 7.9844 7.9844
vt 9.9844 7.9844
vt 7.9844 8.9844
vt 8.2842 8.9336
vt 9.9844 7.9844
vt 7.9844 7.9844
vt 9.9844 8.9844
vt 9.9844 7.9844
vt 8.6182 8.8799
vt 9.9844 8.9844
vt 7.9844 7.9844
vt 7.9844 8.9834
vt 9.9844 8.9844
vt 7.9844 7.9844
vt 8.6182 8.8799
vt 9.9844 7.9844
vt 9.9844 8.9844
vt 7.9844 7.9844
vt 7.9844 7.9844
vt 8.2842 8.9336
vt 9.9844 7.9844
vt 9.9844 8.9844
vt 7.9844 8.9834
vt 9.9844 8.9844
vt 7.9844 7.9844
vt 9.9844 7.9844
vt 8.2842 8.9336
vt 9.9844 8.9844
vt 8.6182 8.8809
vt 7.9844 7.9844
vt 9.9844 7.9844
vt 9.9844 8.9844
vt 7.9844 7.9844
vt 7.9844 8.9834
vt 8.6182 8.8809
vt 7.9844 7.9844
vt 7.9844 7.9844
vt 8.2842 8.9336
vt 9.9844 7.9844
vt 8.2842 8.9336
vt 9.9844 8.9844
vt 9.9844 7.9844
vt 9.9844 8.9844
vt 7.9844 8.9844
vt 9.9844 7.9844
vt 7.9844 7.9844
vt 7.9844 7.9844
vt 9.9844 7.9844
vt 8.2842 8.9336
vt 9.9844 8.9844
vt 8.6182 8.8809
vt 7.9844 7.9844
vt 9.9844 7.9844
vt 9.9844 8.9844
vt 7.9844 7.9844
vt 7.9844 8.9834
vt 8.6182 8.8809
vt 7.9844 7.9844
vt 9.9844 7.9844
vt 8.2842 8.9336
vt 7.9844 7.9844
vt 9.9844 8.9844
vt 7.9844 7.9844
vt 9.9844 8.9844
vt 7.9844 8.9834
vt 9.9844 7.9844
vt 9.6836 8.9336
vt 7.9844 7.9844
vt 9.9844 7.9844
vt 7.9844 8.9844
vt 8.6182 8.8799
vt 7.9844 7.9844
vt 8.6182 8.8799
vt 9.9844 7.9844
vt 9.9844 7.9844
vt 7.9844 8.9844
vt 7.9844 7.9844
vt 9.9844 8.9844
vt 8.6182 8.8799
vt 9.9844 7.9844
vt 9.9844 8.9844
vt 7.9844 7.9844
vt 7.9844 7.9844
vt 8.2842 8.9336
vt 9.9844 7.9844
vt 9.9844 8.9844
vt 9.9844 7.9844
vt 7.9844 7.9844
vt 9.9844 8.9844
vt 7.9844 8.9844
vt 7.9844 7.9844
vt 9.9844 7.9844
vt 8.2842 8.9336
vt 9.9844 8.9844
vt 8.6182 8.8809
vt 7.9844 7.9844
vt 7.9844 7.9844
vt 7.9844 8.9844
vt 9.9844 7.9844
vt 9.9844 8.9844
vt 8.6182 8.8809
vt 7.9844 7.9844
vt 9.9844 7.9844
vt 7.9844 7.9844
vt 9.9844 8.9844
vt 7.9844 8.9844
vt 7.9844 8.4482
vt 7.9844 7.9844
vt 9.9844 8.4482
vt 9.9844 7.9844
vt 7.9844 8.9844
vt 7.9844 7.9844
vt 9.9844 7.9844
vt 9.9844 8.9844
vt 9.9844 7.9844
vt 7.9844 7.9844
vt 9.9844 8.9844
vt 7.9844 8.9844
vt 7.9844 8.4287
vt 7.9844 7.9844
vt 9.9844 8.4287
vt 9.9844 7.9844
vt 7.9844 8.9844
vt 7.9844 7.9844
vt 9.9844 7.9844
vt 9.9844 8.9844
vt 7.9844 8.9844
vt 9.9844 7.9844
vt 7.9844 7.9844
vt 9.9844 8.9844
vt 7.9844 8.4053
vt 9.9844 7.9844
vt 9.9844 8.4053
vt 7.9844 7.9844
vt 7.9844 7.9844
vt 9.9844 7.9844
vt 9.9844 8.9844
vt 7.9844 8.9844
vt 7.9844 8.9844
vt 9.9844 7.9844
vt 7.9844 7.9844
vt 9.9844 8.9844
vt 7.9844 8.3936
vt 9.9844 7.9844
vt 9.9844 8.3936
vt 7.9844 7.9844
vt 7.9844 7.9844
vt 9.9844 7.9844
vt 9.9844 8.9844
vt 7.9834 8.9844
vt 9.9844 8.9844
vt 7.9844 8.9834
vt 9.9844 7.9844
vt 7.9844 7.9844
vt 9.9844 7.9844
vt 9.9844 8.9844
vt 7.9844 7.9844
vt 7.9834 8.9844
vt 8.0020 6.9697
vt 9.6992 7.9844
vt 9.9375 7.7080
vt 7.9844 7.9844
vt 7.9844 7.9844
vt 9.2988 8.7031
vt 7.9844 8.9844
vt 8.8984 8.9844
vt 10.0801 8.2559
vt 9.8291 7.9844
vt 7.9844 8.9844
vt 7.9844 7.9844
vt 8.8359 8.2715
vt 7.9893 9.0088
vt 8.5752 7.9844
vt 8.8359 8.2715
vt 8.5752 7.9844
vt 7.9844 7.9844
vt 7.9893 9.0088
vt 9.8291 7.9844
vt 7.9844 8.9844
vt 10.0801 8.2559
vt 7.9844 8.9844
vt 8.8984 8.9844
vt 9.2988 8.7031
vt 7.9844 7.9844
vt 8.0020 6.9697
vt 9.6992 7.9844
vt 7.9844 7.9844
vt 9.9375 7.7080
vt 7.9844 7.9844
vt 7.9834 8.9844
vt 9.9844 8.9844
vt 9.9844 7.9844
vt 7.9844 8.9834
vt 9.9844 7.9844
vt 9.9844 8.9844
vt 7.9844 8.9766
vt 15.9902 7.9844
vt 15.9902 8.9766
vt 7.9844 7.9844
vt 15.9902 7.9844
vt 7.9844 8.9766
vt 9.9844 8.9844
vt 7.9844 8.9834
vt 9.9844 7.9844
vt 7.9844 7.9844
vt 9.9844 7.9844
vt 9.9844 8.9844
vt 7.9844 7.9844
vt 7.9834 8.9844
vt 8.0020 6.9697
vt 9.6992 7.9844
vt 9.9375 7.7080
vt 7.9844 7.9844
vt 7.9844 7.9844
vt 9.2988 8.7031
vt 7.9844 8.9844
vt 8.8984 8.9844
vt 10.0801 8.2559
vt 9.8291 7.9844
vt 7.9844 8.9844
vt 8.8359 8.2715
vt 7.9893 9.0088
vt 8.5752 7.9844
vt 8.8359 8.2715
vt 8.5752 7.9844
vt 7.9844 7.9844
vt 7.9893 9.0088
vt 9.8291 7.9844
vt 7.9844 8.9844
vt 10.0801 8.2559
vt 7.9844 8.9844
vt 8.8984 8.9844
vt 9.2988 8.7031
vt 7.9844 7.9844
vt 8.0020 6.9697
vt 9.6992 7.9844
vt 7.9844 7.9844
vt 9.9375 7.7080
vt 7.9844 7.9844
vt 7.9834 8.9844
vt 9.9844 8.9844
vt 9.9844 7.9844
vt 7.9844 7.9844
vt 7.9844 8.9834
vt 9.9844 7.9844
vt 9.9844 8.9844
vt 7.9844 7.9844
vt 7.9844 8.9844
vt 9.9844 8.9844
vt 9.9844 8.9844
vt 9.9844 7.9844
vt 7.9844 7.9844
vt 7.9844 8.9834
vt 9.9844 7.9844
vt 11.5088 8.8232
vt 9.9873 8.4668
vt 12.0625 7.9795
vt 8.3359 8.6846
vt 7.9844 7.9844
vt 7.9844 7.9844
vt 9.9844 7.9844
vt 9.9844 8.9844
vt 9.9844 8.9844
vt 7.9834 8.9844
vt 7.9844 7.9844
vt 7.9844 7.9844
vt 9.9844 7.9844
vt 9.9844 8.9844
vt 7.9824 8.9834
vt 11.5088 7.1836
vt 9.9873 7.5225
vt 12.0615 7.9834
vt 8.3350 7.3184
vt 7.9844 7.9844
vt 7.9844 7.9844
vt 9.9844 7.9844
vt 9.9844 8.9844
vt 7.9844 8.9844
vt 7.9844 7.9844
vt 9.9844 7.9844
vt 9.9844 8.9844
vt 7.9844 8.9844
vt 11.5146 8.7090
vt 9.9902 8.4014
vt 12.0684 7.9834
vt 8.3359 8.5869
vt 7.9844 7.9844
vt 12.0615 8.0820
vt 9.9873 7.6211
vt 11.5088 7.2812
vt 8.3350 7.4160
vt 7.9844 8.0820
vt 11.5791 8.6787
vt 10.0273 8.3428
vt 12.1436 7.8867
vt 8.3428 8.5449
vt 7.9844 7.8867
vt 12.0508 7.9844
vt 9.9814 7.5332
vt 11.4990 7.2021
vt 8.3340 7.3330
vt 7.9844 7.9844
vt 12.0439 7.9844
vt 9.9785 7.4971
vt 11.4932 7.1387
vt 8.3340 7.2803
vt 7.9844 7.9844
vt 9.9844 7.9844
vt 9.9844 8.9844
vt 7.9844 8.9844
vt 9.9844 7.9844
vt 9.9844 8.9844
vt 7.9844 8.9834
vt 7.9844 7.9844
vt 9.9834 7.9844
vt 7.9844 7.9844
vt 7.9844 8.9844
vt 7.9844 8.9844
vt 9.9844 8.9844
vt 9.9824 7.9834
vt 7.9844 7.9844
vt 9.9844 8.9844
vt 12.1436 7.9844
vt 10.0273 8.4395
vt 11.5791 8.7754
vt 8.3428 8.6426
vt 7.9844 7.9844
vt 7.9844 8.9844
vt 7.9844 7.9844
vt 9.9844 7.9844
vt 9.9844 8.9844
vt 7.9844 8.9844
vt 7.9844 7.9844
vt 9.9844 7.9844
vt 9.9844 8.9844
vt 12.1064 7.9844
vt 10.0088 7.5254
vt 11.5459 7.1865
vt 8.3389 7.3223
vt 7.9844 7.9844
vt 7.9844 7.9844
vt 7.9844 8.9844
vt 9.9844 8.9844
vt 9.9844 7.9844
vt 9.9844 7.9844
vt 9.9844 8.9844
vt 7.9844 9.0352
vt 11.5488 7.3164
vt 10.0117 7.6553
vt 12.1084 8.1074
vt 8.3418 7.4521
vt 7.9863 8.1133
vt 11.4980 8.9043
vt 9.9814 8.5566
vt 12.0498 8.0840
vt 8.3340 8.7666
vt 7.9844 8.0840
vt 7.9844 8.9844
vt 9.9844 8.9844
vt 9.9844 7.9844
vt 7.9844 7.9844
vt 7.9844 8.9844
vt 9.9844 8.9844
vt 9.9834 7.9844
vt 7.9844 7.9844
vt 12.0498 7.9834
vt 9.9814 8.4561
vt 11.4980 8.8037
vt 8.3340 8.6660
vt 7.9844 7.9844
vt 11.4932 7.0059
vt 9.9785 7.3750
vt 12.0439 7.8770
vt 8.3340 7.1523
vt 7.9844 7.8770
vt 7.9844 8.9844
vt 9.9844 8.9844
vt 9.9844 7.9844
vt 7.9844 7.9844
vt 7.9844 8.9844
vt 9.9844 8.9844
vt 9.9834 7.9844
vt 7.9844 7.9844
vt 12.0859 7.9844
vt 9.9990 7.5410
vt 11.5293 7.2148
vt 8.3369 7.3447
vt 7.9844 7.9844
vt 9.9844 7.9844
vt 9.9844 8.9844
vt 7.9844 8.9844
vt 9.9844 7.9844
vt 9.9844 8.9844
vt 7.9834 8.9844
vt 7.9844 7.9844
vt 12.0439 7.9844
vt 9.9785 7.4824
vt 11.4932 7.1123
vt 8.3340 7.2588
vt 7.9844 7.9844
vt 11.5195 8.6318
vt 9.9805 8.3340
vt 12.0840 7.9844
vt 8.3066 8.4863
vt 7.9541 7.9375
vt 8.1689 8.9199
vt 7.9844 7.9844
vt 11.9980 7.9834
vt 11.8057 8.9482
vt 7.9834 7.0176
vt 7.9844 7.9844
vt 11.9961 7.0176
vt 11.9961 7.9844
vt 7.9844 7.9844
vt 11.9912 7.9844
vt 11.8066 8.8770
vt 8.1758 8.9043
vt 11.8037 7.0176
vt 8.1689 7.9844
vt 8.1689 7.0176
vt 11.8037 7.9844
vt 8.7021 8.3584
vt 7.9844 7.9844
vt 9.9844 7.9844
vt 9.9844 7.9844
vt 10.0479 8.9844
vt 7.9678 8.8936
vt 7.9844 7.9844
vt 7.9844 7.9844
vt 8.7051 8.3975
vt 9.9844 7.9844
vt 9.9844 7.9844
vt 8.1113 8.5166
vt 7.9844 7.9844
vt 9.9844 8.7188
vt 9.9844 8.9844
vt 8.0967 8.9229
vt 9.9844 7.9844
vt 7.9844 7.9844
vt 8.1045 8.9482
vt 7.9844 7.9844
vt 9.9844 8.8369
vt 9.9844 8.7598
vt 9.9844 8.6650
vt 9.9844 7.9844
vt 7.9844 7.9844
vt 8.7021 8.4277
vt 7.9844 7.9844
vt 9.9844 7.9844
vt 9.9736 9.0273
vt 8.0713 8.9375
vt 7.9844 7.9844
vt 9.9844 7.9844
vt 8.6904 8.4902
vt 7.9844 7.9844
vt 7.9844 7.9844
vt 7.9844 8.9033
vt 9.9746 8.6631
vt 9.9678 9.0117
vt 8.0869 8.9258
vt 9.9844 7.9844
vt 7.9844 7.9844
vt 8.1045 8.9219
vt 9.9844 8.8145
vt 9.9707 8.9307
vt 9.9844 8.7910
vt 7.9844 7.9844
vt 8.5752 7.9844
vt 8.8359 8.2715
vt 7.9893 9.0088
vt 7.9844 8.9844
vt 9.8291 7.9844
vt 10.0801 8.2559
vt 9.2988 8.7031
vt 8.8984 8.9844
vt 7.9844 8.9844
vt 7.9844 7.9844
vt 9.2988 8.7031
vt 7.9844 8.9844
vt 7.9844 7.9844
vt 9.6992 7.9844
vt 8.0020 6.9697
vt 9.9375 7.7080
vt 9.9844 8.9844
vt 7.9834 8.9844
vt 7.9844 7.9844
vt 9.9844 7.9844
vt 9.9844 7.9844
vt 7.9844 8.9834
vt 7.9844 7.9844
vt 9.9844 8.9844
vt 7.9834 8.9795
vt 15.9805 7.9834
vt 15.9805 8.9805
vt 7.9844 7.9844
vt 7.9844 8.9688
vt 15.9844 7.9639
vt 7.9844 7.9844
vt 15.9844 8.9482
vt 7.9844 8.9785
vt 15.9775 7.9844
vt 15.9775 8.9785
vt 7.9844 7.9844
vt 7.9844 7.9844
vt 15.9844 8.9756
vt 15.9844 7.9834
vt 7.9844 8.9756
vt 7.9844 7.9844
vt 8.5752 7.9844
vt 8.8359 8.2715
vt 7.9893 9.0088
vt 7.9844 8.9844
vt 9.8291 7.9844
vt 10.0801 8.2559
vt 9.2988 8.7031
vt 8.8984 8.9844
vt 7.9844 8.9844
vt 7.9844 7.9844
vt 7.9844 7.9844
vt 9.6992 7.9844
vt 8.0020 6.9697
vt 9.9375 7.7080
vt 9.9844 8.9844
vt 7.9834 8.9844
vt 7.9844 7.9844
vt 9.9844 7.9844
vt 9.9844 7.9844
vt 7.9844 8.9834
vt 9.9844 8.9844
vt 7.9844 7.9844
vt 9.9619 7.6113
vt 8.3311 7.4502
vt 11.4639 7.3408
vt 12.0107 7.9844
vt 8.3359 8.5967
vt 9.9932 8.4111
vt 7.9844 7.9844
vt 11.5186 8.7217
vt 12.0732 7.9844
vt 9.9844 7.9844
vt 9.9844 8.9268
vt 7.9844 8.9268
vt 7.9834 8.9834
vt 7.9844 7.9844
vt 9.9844 7.9844
vt 9.9844 8.9844
vt 7.9844 7.9844
vt 7.9834 8.9844
vt 7.9844 7.9844
vt 9.9844 7.9844
vt 9.9844 8.9844
vt 7.9844 8.9844
vt 7.9844 7.9844
vt 9.9844 7.9844
vt 9.9844 8.9844
vt 8.3359 8.5967
vt 9.9932 8.4111
vt 11.5186 8.7217
vt 12.0732 7.9844
vt 7.9844 7.9844
vt 9.9932 8.4111
vt 8.3359 8.5967
vt 11.5186 8.7217
vt 12.0732 7.9844
vt 8.3311 7.4502
vt 9.9619 7.6113
vt 7.9844 7.9844
vt 11.4639 7.3408
vt 12.0107 7.9844
vt 14.0117 8.9160
vt 14.0117 7.9844
vt 7.9844 7.9844
vt 7.9844 8.9814
vt 7.9844 7.9844
vt 7.9834 8.9004
vt 7.9844 7.9844
vt 9.9844 7.9844
vt 9.9844 8.9844
vt 9.9844 8.9844
vt 7.9844 8.9834
vt 7.9844 7.9844
vt 9.9844 7.9844
vt 7.9844 8.9844
vt 9.9844 8.9844
vt 7.9844 8.9844
vt 7.9844 7.9844
vt 9.9844 7.9844
vt 9.9844 8.9844
vt 7.9844 8.9844
vt 7.9844 7.9844
vt 9.9844 7.9844
vt 7.9844 7.9844
vt 9.9619 7.6113
vt 8.3311 7.4502
vt 11.4639 7.3408
vt 12.0107 7.9834
vt 14.0186 8.9600
vt 14.0186 7.9834
vt 14.0186 8.9600
vt 7.9844 7.9844
vt 7.9844 8.9199
vt 8.5918 7.9844
vt 7.9834 9.9170
vt 7.9844 7.9834
vt 8.4902 7.9844
vt 7.9844 10.0166
vt 7.9844 7.9844
vt 8.5918 9.9170
vt 8.4902 10.0166
vt 7.9844 7.9844
vt 7.9844 6.0176
vt 8.3262 7.9844
vt 8.3262 6.0176
vt 7.9844 7.9844
vt 7.9834 9.9170
vt 8.5918 9.9170
vt 8.5918 7.9844
vt 8.6328 7.9834
vt 8.6328 9.8633
vt 7.9844 7.9844
vt 7.9844 7.9834
vt 7.9844 10.0186
vt 8.5518 7.9834
vt 7.9844 9.8633
vt 8.5518 10.0186
vt 8.5518 7.9844
vt 7.9844 10.0186
vt 7.9844 7.9844
vt 8.5518 10.0186
vt 7.9844 9.8633
vt 8.6328 9.8633
vt 8.6328 7.9844
vt 7.9844 7.9844
vt 7.9844 7.9844
vt 8.9844 7.9844
vt 8.9844 9.9844
vt 7.9844 9.9844
vt 7.9844 7.9844
vt 8.9844 7.9844
vt 8.9844 5.9844
vt 7.9844 5.9844
vt 7.9844 7.9844
vt 8.9844 7.9844
vt 8.9844 9.9844
vt 7.9844 9.9844
vt 7.9844 5.9844
vt 8.9844 5.9844
vt 7.9844 7.9844
vt 7.9844 9.9844
vt 8.9844 9.9844
vt 7.9844 7.9844
vt 8.9844 7.9844
vt 7.9844 7.9844
vt 8.9844 7.9844
vt 8.9844 9.9844
vt 7.9844 9.9844
vt 7.9844 7.9844
vt 8.9844 7.9844
vt 8.9844 5.9844
vt 7.9844 5.9844
vt 7.9844 9.9844
vt 8.9844 9.9844
vt 7.9844 7.9844
vt 8.9844 7.9844
vt 7.9844 7.9844
vt 8.9844 7.9844
vt 8.9844 9.9844
vt 7.9844 9.9844
vt 7.9844 5.9844
vt 8.9844 5.9844
vt 7.9844 7.9844
vt 7.9844 9.9844
vt 8.9844 9.9844
vt 7.9844 7.9844
vt 8.9844 7.9844
vt 7.9844 7.9844
vt 8.9844 7.9844
vt 8.9844 9.9844
vt 7.9844 9.9844
vt 7.9844 5.9844
vt 8.9844 5.9844
vt 7.9844 7.9844
vt 7.9844 7.9844
vt 8.9844 7.9844
vt 8.9844 5.9844
vt 7.9844 5.9844
vt 7.9844 9.9844
vt 8.9844 9.9844
vt 7.9844 7.9844
vt 8.9844 7.9844
vt 7.9844 7.9844
vt 8.9844 7.9844
vt 8.9844 9.9844
vt 7.9844 9.9844
vt 7.9844 7.9844
vt 8.9844 7.9844
vt 8.9844 5.9844
vt 7.9844 5.9844
vt 7.9844 9.9844
vt 8.9844 9.9844
vt 7.9844 7.9844
vt 8.9844 7.9844
vt 7.9844 7.9844
vt 7.9844 10.0244
vt 8.6885 7.9844
vt 8.6885 10.0244
vt 8.3984 5.8096
vt 7.9844 5.8096
vt 8.3984 7.9834
vt 7.9844 7.9844
vt 7.9844 5.8096
vt 8.3984 5.8096
vt 8.3984 7.9844
vt 8.6885 10.0244
vt 7.9844 10.0244
vt 7.9844 7.9844
vt 8.6885 7.9834
vt 8.6982 9.9844
vt 8.4639 9.9844
vt 8.4482 7.9863
vt 8.6826 7.9844
vt 8.5459 9.9805
vt 8.5830 7.9814
vt 8.3486 7.9844
vt 8.3115 9.9814
vt 8.7617 7.9756
vt 8.3174 7.9756
vt 8.4590 8.4707
vt 8.6748 8.4707
vt 8.7617 7.9844
vt 8.6758 8.4814
vt 8.4590 8.4814
vt 8.3174 7.9844
vt 8.8096 7.9844
vt 8.7139 9.9844
vt 8.4912 9.9863
vt 8.5869 7.9863
vt 8.1904 9.9844
vt 8.2852 7.9844
vt 8.4131 9.9814
vt 8.5078 7.9824
vt 7.9844 7.9844
vt 8.9844 7.9844
vt 8.9844 5.9844
vt 7.9844 5.9844
vt 7.9844 7.9844
vt 8.9844 7.9844
vt 8.9844 5.9844
vt 7.9844 7.9844
vt 8.9844 5.9844
vt 7.9844 5.9844
vt 7.9844 7.9844
vt 8.9844 7.9844
vt 8.9844 5.9844
vt 7.9844 5.9844
vt 9.9844 11.1152
vt 9.9824 7.9912
vt 7.9844 7.9912
vt 9.9854 13.9951
vt 7.9873 13.9951
vt 7.9844 7.9844
vt 9.9844 7.9844
vt 9.9834 9.8301
vt 7.9873 13.9873
vt 9.9844 12.1611
vt 9.9873 13.9873
vt 7.9854 10.3027
vt 7.9873 13.9883
vt 7.9863 11.6699
vt 9.9844 8.9844
vt 7.9844 8.9844
vt 7.9844 8.4844
vt 9.9844 8.5098
vt 7.9844 8.4844
vt 7.9844 7.9834
vt 9.9844 7.9844
vt 9.9844 8.5059
vt 9.9844 8.9844
vt 7.9844 8.9844
vt 7.9844 8.4844
vt 7.9844 7.9834
vt 9.9844 7.9844
vt 9.9844 8.4922
vt 9.9844 7.9844
vt 7.9844 7.9844
vt 7.9844 7.7529
vt 9.9844 7.7529
vt 7.9844 7.9844
vt 9.9844 7.9844
vt 9.9844 7.7529
vt 7.9844 7.7529
vt 6.9209 11.0361
vt 8.0938 11.0264
vt 8.0723 7.9844
vt 7.4082 7.4590
vt 9.4600 7.4590
vt 9.9844 7.9844
vt 9.9844 4.8965
vt 9.4600 5.4150
vt 8.0723 4.8965
vt 7.4082 5.4150
vt 8.0732 7.7236
vt 8.0732 7.9844
vt 9.9844 7.9844
vt 6.9209 1.8809
vt 8.0723 1.8906
vt 7.9844 5.9912
vt 7.9844 7.9844
vt 9.9844 5.9912
vt 9.9844 7.9844
vt 9.9844 7.7236
vt 7.9844 8.2158
vt 7.9844 7.9844
vt 9.9844 7.9844
vt 9.9844 8.2158
vt 9.9844 8.2158
vt 9.9844 7.9844
vt 7.9844 7.9844
vt 7.9844 8.2158
vt 9.9844 7.9844
vt 9.9844 5.9766
vt 7.9844 5.9766
vt 7.9844 7.9844
vt 9.9844 5.9766
vt 7.9844 5.9766
vt 7.9844 7.7520
vt 7.9844 7.9844
vt 9.9844 7.9844
vt 9.9844 7.7520
vt 9.9844 7.7520
vt 9.9844 7.9844
vt 7.9844 7.9844
vt 7.9844 7.7520
vt 9.9766 7.9844
vt 9.9766 5.9844
vt 7.9844 5.9844
vt 7.9844 7.9844
vt 9.9766 5.9844
vt 9.9766 7.9844
vt 7.9844 5.9844
vt 9.9844 7.7236
vt 9.9844 7.9844
vt 8.0732 7.9844
vt 9.9844 7.7236
vt 8.0732 7.9844
vt 8.0732 7.7236
vt 9.9844 4.8965
vt 9.9844 7.9844
vt 8.0723 7.9844
vt 8.0723 4.8965
vt 6.9209 1.8809
vt 8.0723 11.0449
vt 6.9209 11.0361
vt 8.0723 1.8906
vt 7.9844 7.9844
vt 9.9844 5.9912
vt 9.9844 7.9844
vt 7.9844 5.9912
vt 7.4082 7.4590
vt 7.7539 7.1182
vt 7.7539 5.7529
vt 7.4082 5.4150
vt 9.1250 5.7529
vt 9.4600 5.4150
vt 9.1250 7.1182
vt 9.4600 7.4590
vt 9.9834 9.8301
vt 9.9834 11.1074
vt 7.9854 10.3027
vt 9.9844 12.1611
vt 7.9863 11.6699
vt 8.5068 11.0762
vt 8.2490 10.0576
vt 10.9219 10.0566
vt 10.6660 11.0762
vt 9.1738 11.6992
vt 8.5068 11.0762
vt 10.6660 11.0762
vt 9.9990 11.6992
vt 8.2529 7.9814
vt 10.9199 7.9814
vt 10.9219 10.0566
vt 8.2490 10.0576
vt 7.9844 9.2002
vt 9.9844 9.2002
vt 9.9844 8.5918
vt 7.9844 8.5918
vt 9.2510 14.2432
vt 9.2754 14.7568
vt 8.1328 14.7568
vt 8.1562 14.2432
vt 11.8926 9.1797
vt 11.1357 9.2793
vt 11.1357 9.2793
vt 11.8926 9.1797
vt 10.3779 9.1797
vt 10.3779 9.1797
vt 10.5703 9.1797
vt 10.5703 7.9844
vt 10.3701 7.9844
vt 11.8838 7.9844
vt 11.6836 9.1797
vt 11.6836 7.9844
vt 11.4678 9.5762
vt 11.6680 9.5762
vt 11.6680 7.9844
vt 11.4678 7.9844
vt 10.3018 9.5762
vt 11.6680 9.5762
vt 11.6680 9.3760
vt 10.3018 9.3760
vt 10.5010 9.5762
vt 10.5010 7.9844
vt 10.3018 7.9844
vt 4.0195 3.0664
vt 1.5000 0.5039
vt -2.6719 0.0000
vt -2.6875 1.0000
vt -2.6875 0.6250
vt -2.6875 0.6562
vt -2.6875 0.6719
vt -2.6875 0.6797
vt -0.7344 0.0000
vt -6.5000 0.0000
vt -6.2500 0.0000
vt -3.2500 0.0000
vt -3.4375 1.0000
vt -6.5000 0.0000
vt -3.2500 0.0000
vt -3.4375 1.0000
vt -2.6875 0.6562
vt -2.6875 0.6797
vt -6.5000 0.0000
vt -3.2500 0.0000
vt -2.6875 0.6250
vt -2.6875 0.6719
vt -0.7344 0.0000
vt -3.2500 0.0000
vt -6.5000 0.0000
vt -2.6797 2.0000
vt -2.6797 1.1250
vt -2.6797 0.6562
vt -2.6797 0.6641
vt -2.6797 0.6680
vt -0.7344 0.0000
vt 4.2539 2.0947
vt -2.6875 2.0000
vt -0.7344 0.0000
vt 0.2520 0.0625
vt 4.5273 -29.9629
vt -3.2500 0.0000
vt -6.5000 0.0000
vt -3.2500 0.0000
vt -3.4375 1.0000
vt -3.4688 0.5000
vt -3.4844 0.2500
vt -3.4922 0.1250
vt -3.4961 0.0625
vt -6.5000 0.0000
vt 4.7773 -27.8379
vt 4.7695 -26.8096
vt 4.5195 3.0039
vt -3.2500 0.0000
vt -3.4375 1.0000
vt -6.5000 0.0000
vt 4.0361 6.2266
vt 1.5000 0.5039
vt -6.2500 0.0000
vt -3.2500 0.0000
vt -6.5000 0.0000
vt -3.2500 0.0000
vt -0.7344 0.0000
vt 4.5234 -27.8379
vt -3.2500 0.0000
vt -3.4375 1.0000
vt -3.4688 0.5000
vt -3.4844 0.2500
vt -3.4922 0.1250
vt -3.4961 0.0625
vt -6.5000 0.0000
vt 1.5000 0.5039
vt -6.2500 0.0000
vt -3.2500 0.0000
vt -3.4375 1.0000
vt -3.4688 0.5000
vt -3.4844 0.2500
vt -3.4922 0.1250
vt -3.4961 0.0625
vt -6.5000 0.0000
vt -2.6875 1.0000
vt -6.5000 0.0000
vt 4.9072 4.1621
vt -2.6875 1.0000
vt -2.6875 0.6250
vt -2.6875 0.6562
vt -2.6875 0.6719
vt -2.6875 0.6797
vt -0.7344 0.0000
vt -2.6875 2.0000
vt -0.7344 0.0000
vt -2.6797 2.0000
vt -2.6797 1.1250
vt -2.6797 0.6562
vt -2.6797 0.6641
vt -2.6797 0.6680
vt -0.7344 0.0000
vt -2.6797 2.0000
vt -0.7344 0.0000
vt -2.6797 4.0000
vt -0.7344 0.0000
vt -2.6797 1.0000
vt -2.6797 0.5625
vt -2.6797 0.5781
vt -2.6797 0.5859
vt -0.7344 0.0000
vt 4.5234 -27.8379
vt -3.2500 0.0000
vt -3.4375 1.0000
vt -6.5000 0.0000
vt -2.6797 2.0000
vt -0.7344 0.0000
vt 4.8906 -27.8379
vt -6.2500 0.0000
vt -3.2500 0.0000
vt -3.4375 1.0000
vt -6.5000 0.0000
vt -3.2500 0.0000
vt -3.4375 1.0000
vt -6.5000 0.0000
vt 4.5117 -27.9971
vt 4.6406 4.0342
vt -2.6875 2.0000
vt -2.6875 1.1250
vt -2.6875 0.6562
vt -2.6875 0.6641
vt -2.6875 0.6680
vt -0.7344 0.0000
vt 4.5234 4.0049
vt 4.5273 -27.8379
vt 5.0361 6.2236
vt 4.7695 -27.8438
vt -6.2500 0.0000
vt -3.2500 0.0000
vt -3.4375 1.0000
vt -3.4688 0.5000
vt -3.4844 0.2500
vt -3.4922 0.1250
vt -3.4961 0.0625
vt -6.5000 0.0000
vt -6.2500 0.0000
vt -3.2500 0.0000
vt -3.4375 1.0000
vt -3.4688 0.5000
vt -3.4844 0.2500
vt -3.4922 0.1250
vt -3.4961 0.0625
vt -6.5000 0.0000
vt -9.5010 -0.0010
vt -3.2500 0.0000
vt -3.4375 1.0000
vt -3.4688 0.5000
vt -3.4844 0.2500
vt -3.4922 0.1250
vt -3.4961 0.0625
vt -6.5000 0.0000
vt 4.7773 -27.8379
vt -2.6875 2.0000
vt -0.7344 0.0000
vt -2.6875 1.0000
vt -2.6875 0.6250
vt -2.6875 0.6562
vt -2.6875 0.6719
vt -2.6875 0.6797
vt -0.7344 0.0000
vt -2.6875 2.0000
vt -0.7344 0.0000
vt -3.2500 0.0000
vt -6.5000 0.0000
vt -2.6875 2.0000
vt -2.6875 1.1250
vt -2.6875 0.6562
vt -2.6875 0.6641
vt -2.6875 0.6680
vt -0.7344 0.0000
vt -0.0010 -0.0010
vt -0.0010 -0.0010
vt 0.1787 0.1797
vt 2.4404 2.4414
vt 0.0000 0.0000
vt 0.0000 0.0000
vt 0.0000 0.0039
vt 0.0000 0.0371
vt 0.0000 0.0684
vt 0.0000 0.0684
vt 0.0000 0.0684
vt 0.0000 0.0059
vt 0.0000 0.0684
vt 0.0000 0.0684
vt 0.0000 0.0684
vt 0.0000 0.0684
vt 0.0000 0.0684
vt 0.0000 0.0684
vt 0.0000 0.0684
vt 0.0000 0.0684
vt 0.0000 0.0684
vt 0.0000 0.0059
vt 0.0000 0.0684
vt 0.0000 0.0684
vt 0.0000 0.0684
vt 0.0000 0.0059
vt 0.0000 0.0684
vt 0.0000 0.0684
vt 0.0000 0.0684
vt 0.0000 0.0371
vt 0.0000 0.0059
vt 0.0000 0.0059
vt 0.0000 0.0371
vt 0.0000 0.0039
vt 0.0000 0.0039
vt 0.0000 0.0039
vt 0.0000 0.0039
vt 0.0000 0.0039
vt 0.0000 0.0039
vt 0.0000 0.0039
vt 0.0000 0.0039
vt 0.0000 0.0039
vt 0.0000 0.0029
vt 0.0000 0.0039
vt 0.0000 0.0039
vt 0.0000 0.0039
vt 0.0000 0.0039
vt 0.0000 0.0039
vt 0.0000 0.0039
vt 0.0000 0.0039
vt 0.0000 0.0039
vt 0.0000 0.0039
vt 0.0000 0.0039
vt 0.0000 0.0039
vt 0.0000 0.0039
vt 0.0000 0.0039
vt 0.0000 0.0039
vt 0.0000 0.0039
vt 0.0000 0.0039
vt 0.0000 0.0039
vt 0.0000 0.0039
vt 0.0000 0.0039
vt 0.0000 0.0039
vt 0.0000 0.0039
vt 0.0000 0.0039
vt 0.0000 0.0039
vt 0.0000 0.0039
vt 0.0000 0.0039
vt 0.0000 0.0039
vt 0.0000 0.0039
vt 0.0000 0.0039
vt 0.0000 0.0039
vt 0.0000 0.0664
vt 0.0000 0.0664
vt 0.0000 0.0039
vt 0.0000 0.0039
vt 0.0000 0.0039
vt 0.0000 0.0664
vt 0.0000 0.0039
vt 0.0000 0.0039
vt 0.0000 0.0664
vt 0.0000 0.0000
vt 0.0000 0.0039
vt 0.0000 0.0039
vt 0.0000 0.0039
vt 0.0000 0.0039
vt 0.0000 0.0039
vt 0.0000 0.0039
vt 0.0000 0.0039
vt 0.0000 0.0039
vt 0.0000 0.0039
vt 0.0000 0.0039
vt 0.0000 0.0039
vt 0.0000 0.0039
vt 0.0000 0.0039
vt 0.0000 0.0039
vt 0.0000 0.0039
vt 0.0000 0.0039
vt 0.0000 0.0039
vt 0.0000 0.0039
vt 0.0000 0.0029
vt 0.0000 0.0693
vt 0.0000 0.0693
vt 0.0000 0.0693
vt 0.0000 0.0693
vt 0.0000 0.0693
vt 0.0000 0.0039
vt 0.0000 0.0039
vt 0.0000 0.0039
vt 0.0000 0.0039
vt 0.0000 0.0039
vt 0.0000 0.0029
vt 0.0000 0.0039
vt 0.0000 0.0039
vt 0.0000 0.0039
vt 0.0000 0.0039
vt 0.0000 0.0039
vt 0.0000 0.0039
vt 0.0000 0.0039
vt 0.0000 0.0039
vt 0.0000 0.0342
vt 0.0000 0.0039
vt 0.0000 0.0039
vt 0.0000 0.0684
vt 0.0000 0.0684
vt 0.0000 0.0684
vt 0.0000 0.0684
vt 0.0000 0.0684
vt 0.0000 0.0684
vt 0.0000 0.0059
vt 0.0000 0.0684
vt 0.0000 0.0371
vt 0.0000 0.0684
vt 0.0000 0.0996
vt 0.0000 0.0068
vt 0.0000 0.0068
vt 0.0000 0.0068
vt 0.0000 0.0068
vt 0.0000 0.0068
vt 0.0000 0.0068
vt 0.0000 0.0000
vt 0.0000 0.0029
vt 0.0000 0.0029
vt 0.0000 0.0029
vt 0.0000 0.0000
vt 0.0000 0.1025
vt 0.0000 0.0088
vt 0.0000 0.0088
vt 0.0000 0.0088
vt 0.0000 0.0088
vt 0.0000 0.0088
vt 0.0000 0.0000
vt 3.5000 0.0029
vt 0.0000 0.0000
vt 0.0000 0.0088
vt 0.0000 0.0088
vt 0.0000 0.0088
vt 0.0000 0.0088
vt 0.0000 0.0088
vt 0.0000 0.0088
vt 0.0000 0.0088
vt 0.0000 0.0088
vt 0.0000 0.0088
vt 0.0000 0.0088
vt 0.0000 0.0088
vt 0.0000 0.0088
vt 0.0000 0.0088
vt 0.0000 0.0088
vt 0.0000 0.0088
vt 0.0000 0.0088
vt 0.0000 0.0088
vt 0.0000 0.0088
vt 0.0000 0.0088
vt 0.0000 0.0088
vt 0.0000 0.0088
vt 0.0000 0.0088
vt 0.0000 0.0088
vt 0.0000 0.0039
vt 0.0000 0.0039
vt 0.0000 0.0039
vt 0.0000 0.0039
vt 0.0000 0.0039
vt 0.0000 0.0039
vt 0.0000 0.0039
vt 0.0000 0.0039
vt 0.0000 0.0039
vt 0.0000 0.0039
vt 0.0000 0.0039
vt 0.0000 0.0039
vt 0.0000 0.0039
vt 0.0000 0.0039
vt 0.0000 0.0039
vt 0.0000 0.0039
vt 0.0000 0.0039
vt 0.0000 0.0039
vt 0.0000 0.0039
vt 0.0000 0.0039
vt 0.0000 0.0039
vt 0.0000 0.0039
vt 0.0000 0.0039
vt 0.0000 0.0039
vt 0.0000 0.0039
vt 0.0000 0.0039
vt 0.0000 0.0039
vt 0.0000 0.0039
vt 0.0000 0.0039
vt 0.0000 0.0039
vt 0.0000 0.0039
vt 0.0000 0.0039
vt 0.0000 0.0039
vt 0.0000 0.0039
vt 0.0000 0.0039
vt 0.0000 0.0039
vt 0.0000 0.0039
vt 0.0000 0.0039
vt 0.0000 0.0039
vt 0.0000 0.0039
vt 0.0000 0.0039
vt 0.0000 0.0039
vt 0.0000 0.0039
vt 0.0000 0.0039
vt 0.0000 0.0039
vt 0.0000 0.0039
vt 0.0000 0.0029
vt 0.0000 0.0039
vt 0.0000 0.0039
vt 0.0000 0.0039
vt 0.0000 0.0039
vt 0.0000 0.0039
vt 0.0000 0.0039
vt 0.0000 0.0039
vt 0.0000 0.0039
vt 0.0000 0.0039
vt 0.0000 0.0039
vt 0.0000 0.0039
vt 0.0000 0.0039
vt 0.0000 0.0039
vt 0.0000 0.0039
vt 0.0000 0.0039
vt 0.0000 0.0039
vt 0.0000 0.0039
vt 0.0000 0.0039
vt 0.0000 0.0039
vt 0.0000 0.0039
vt 0.0000 0.0039
vt 0.0000 0.0039
vt 0.0000 0.0039
vt 0.0000 0.0039
vt 0.0000 0.0039
vt 0.0000 0.0039
vt 0.0000 0.0039
vt 0.0000 0.0039
vt 0.0000 0.0039
vt 0.0000 0.0039
vt 0.0000 0.0039
vt 0.0000 0.0039
vt 0.0000 0.0039
vt 0.0000 0.0039
vt 0.0000 0.0039
vt 0.0000 0.0039
vt 0.0000 0.0039
vt 0.0000 0.0039
vt 0.0000 0.0039
vt 0.0000 0.0039
vt 0.0000 0.0039
vt 0.0000 0.0039
vt 0.0000 0.0039
vt 0.0000 0.0039
vt 0.0000 0.0039
vt 0.0000 0.0039
vt 0.0000 0.0039
vt 0.0000 0.0039
vt 0.0000 0.0039
vt 0.0000 0.0039
vt 0.0000 0.0039
vt 0.0000 0.0039
vt 0.0000 0.0039
vt 0.0000 0.0039
vt 0.0000 0.0039
vt 0.0000 0.0039
vt 0.0000 0.0039
vt 0.0000 0.0039
vt 0.0000 0.0039
vt 0.0000 0.0039
vt 0.0000 0.0039
vt 0.0000 0.0039
vt 0.0000 0.0039
vt 0.0000 0.0039
vt 0.0000 0.0039
vt 0.0000 0.0967
vt 0.0000 0.0029
vt 0.0000 0.0029
vt 0.0000 0.0029
vt 3.5000 0.0029
vt 3.5000 0.0029
vt 0.0000 0.0029
vt 3.5000 0.0029
vt 0.0000 0.0029
vt 3.5000 0.0029
vt 0.0000 0.0029
vt 3.5000 0.0029
vt 0.0000 0.0029
vt 0.0000 0.0029
vt 0.0000 0.0029
vt 0.0000 0.0029
vt 0.0000 0.0029
vt 0.0000 0.0967
vt 0.0000 0.0088
vt 0.0000 0.0088
vt 0.0000 0.0088
vt 0.0000 0.0996
vt 0.0000 0.0039
vt 0.0000 0.0000
vt 0.0000 0.0000
vt -3.2500 0.0000
vt -3.4375 1.0000
vt -3.4688 0.5000
vt -3.4844 0.2500
vt -3.4922 0.1250
vt -3.4961 0.0625
vt -2.6562 0.2500
vt -3.2500 0.0000
vt -3.4375 1.0000
vt -6.5000 0.0000
vt -2.6875 2.0000
vt -0.7344 0.0000
vt -3.2500 0.0000
vt -3.4375 1.0000
vt -3.4688 0.5000
vt -3.4844 0.2500
vt -3.4922 0.1250
vt -3.4961 0.0625
vt -6.5000 0.0000
vt 7.9844 8.9844
vt 7.9844 8.4844
vt 9.9844 8.4922
vt 9.9844 8.9844
vt 9.9844 8.5098
vt 7.9844 7.9834
vt 9.9844 7.9844
vt 7.9844 8.4844
vt 7.9844 8.4844
vt 7.9844 7.9834
vt 9.9844 7.9844
vt 9.9844 8.4902
vt 9.9844 8.9844
vt 7.9844 8.9844
vt -2.6719 0.0000
vt -2.6875 2.0000
vt -2.6875 1.1250
vt -2.6875 0.6562
vt -2.6875 0.6641
vt -2.6875 0.6680
vt -0.7344 0.0000
vt -6.5000 0.0000
vt 0.0000 0.0000
vt 0.6104 0.2256
vt 0.6104 0.3232
vt 0.5371 0.3232
vt 0.6445 0.3232
vt 0.6104 0.3232
vt 0.5420 0.2256
vt 0.5371 0.3232
vt 0.6592 0.3232
vt 0.6445 0.3232
vt 0.6104 0.2256
vt 1.3262 0.0420
vt 9.4785 8.0156
vt 8.0156 8.0156
vt 8.0156 7.5537
vt 9.4785 7.5537
vt 10.0156 7.7422
vt 10.0156 8.0156
vt 8.0156 8.0156
vt 8.0156 7.7422
vt 8.0156 9.0156
vt 8.5156 9.0156
vt 8.0156 8.1152
vt 8.5156 8.1152
vt 9.5156 9.0156
vt 9.5156 8.1152
vt 10.0156 9.0156
vt 10.0156 8.1152
vt 8.0156 9.8604
vt 9.0156 8.0156
vt 9.0156 10.0156
vt 8.6924 8.8994
vt 8.3008 8.8994
vt 8.1055 8.5596
vt 8.8887 8.5596
vt 8.2998 8.7109
vt 8.6914 8.7109
vt 8.8877 8.3721
vt 8.1045 8.3721
vt -2.6719 0.0000
vt -2.6875 2.0000
vt -6.5000 0.0000
vt -2.6797 2.0000
vt -2.6797 2.0000
vt 0.0000 0.0000
vt -3.2500 0.0000
vt -3.4375 9.0020
vt -2.6562 0.2500
vt -2.6875 2.0000
vt -2.6797 2.0000
vt 8.0156 8.0791
vt 10.0215 8.1611
vt 10.0215 8.1084
vt 8.0156 8.1318
vt 8.0156 8.2373
vt 10.0215 8.2656
vt 10.0215 8.3184
vt 8.0156 8.2900
vt -2.6719 0.0000
vt -2.6875 2.0000
vt -6.5000 0.0000
vt -8.2500 0.0000
vt 0.0000 0.0000
vt -3.2500 0.0000
vt -3.4375 9.0020
vt -2.6562 0.2500
vt 8.0156 8.2646
vt 9.0156 8.2656
vt 9.0156 8.0156
vt 8.0156 8.0156
vt 9.0156 8.2656
vt 8.0156 8.0156
vt 9.0156 8.0156
vt 8.0156 8.2656
vt 8.0156 8.0156
vt 9.0156 8.0156
vt 9.0156 8.2656
vt 8.0156 8.2656
vt 8.0156 8.0156
vt 8.0156 8.2656
vt 9.0156 8.2656
vt 9.0156 8.0156
vt 8.3818 8.0156
vt 8.3818 8.2656
vt 8.0146 8.2656
vt 8.5137 8.0225
vt 8.5127 7.2422
vt 8.1514 7.2402
vt 8.1523 8.0195
vt 8.5156 9.0156
vt 8.1602 9.0156
vt 8.1602 8.2402
vt 8.5156 8.2402
vt -2.6719 0.0000
vt -2.6797 2.0000
vt -6.5000 0.0000
vt -3.2500 0.0000
vt -3.4375 9.0020
vt -3.4688 8.5020
vt -3.4844 8.2520
vt -3.4922 8.1270
vt -6.5000 0.0000
vt 0.0000 0.0000
vt -3.2500 0.0000
vt -3.4375 9.0020
vt -2.6562 0.2500
vt 4.5117 -27.9971
vt -2.6797 1.0000
vt 0.0000 0.0000
vt 0.0000 0.0000
vt 0.0000 0.0000
vt 0.0000 0.0000
vt 0.0000 0.0000
vt 0.0000 0.0000
vt 8.0156 8.0156
vt 8.0156 7.4424
vt 8.3447 8.0156
vt 8.3447 7.4424
vt 8.3418 9.4609
vt 8.0156 9.4609
vt 8.3418 8.0156
vt 8.0156 8.0156
vt 8.3271 8.0156
vt 8.0156 8.0156
vt 8.3271 6.4600
vt 8.0156 6.4600
vt 8.3232 10.0205
vt 8.0156 10.0205
vt 8.3232 8.0156
vt 8.0156 8.0156
vt 8.0156 8.0156
vt 8.0156 9.4639
vt 8.3457 8.0156
vt 8.3457 9.4639
vt 8.3506 8.0127
vt 8.0156 8.0156
vt 8.3418 6.3779
vt 8.0059 6.3799
vt 7.9951 4.4229
vt 8.3311 4.4209
vt 8.3477 8.0156
vt 8.0156 8.0156
vt 8.3477 6.4521
vt 8.0156 6.4521
vt 8.0156 8.0156
vt 8.0156 4.8408
vt 8.3594 8.0156
vt 8.3594 4.8408
vt 8.3555 8.0156
vt 8.0156 8.0156
vt 8.3555 4.5088
vt 8.0156 4.5156
vt 8.3350 8.0156
vt 8.0156 8.0156
vt 8.3359 4.4658
vt 8.0225 4.4648
vt 8.3457 8.0156
vt 8.0156 8.0156
vt 8.3457 6.4492
vt 8.0156 6.4492
vt 8.3252 9.4482
vt 8.0156 9.4482
vt 8.3252 7.9639
vt 8.0176 13.5381
vt 8.1152 13.5381
vt 8.1152 13.1182
vt 9.1309 13.2119
vt 9.1309 13.5381
vt 9.4307 13.5381
vt 9.4307 13.2119
vt 8.0176 13.5381
vt 9.4307 13.2119
vt 9.4307 13.5381
vt 7.9307 13.1182
vt 7.9307 13.1182
vt 9.4307 12.6113
vt 9.4307 13.2119
vt 7.9307 12.6113
vt 8.0176 13.5381
vt 8.1152 13.1182
vt 16.0156 8.0156
vt 16.0156 10.0156
vt 12.1201 10.0156
vt 8.4150 8.0156
vt 10.1660 10.0156
vt 8.0156 10.0723
vt 8.0156 10.0166
vt 8.0156 8.0156
vt 9.7314 10.0049
vt 13.4150 8.0156
vt 9.7314 10.0049
vt 12.9463 10.0049
vt 13.4150 9.9951
vt 7.4150 8.0156
vt 10.3721 8.0156
vt 7.4150 9.9951
vt 10.3457 9.9414
vt 13.0156 10.0156
vt 13.0156 8.0156
vt 5.0156 8.0156
vt 5.0156 10.0156
vt 8.0156 10.0723
vt 8.4150 8.0156
vt 16.0156 8.0156
vt 10.1660 10.0156
vt 12.1201 10.0156
vt 8.0156 10.0107
vt 8.0156 8.0156
vt 14.0234 10.0107
vt 14.0234 8.0156
vt 8.0156 8.0156
vt 11.7852 8.0293
vt 11.8633 10.0635
vt 7.9326 10.0635
vt 10.2285 9.8018
vt 13.9922 8.1152
vt 14.0801 9.8564
vt 10.2109 8.0156
vt 7.8027 9.6973
vt 8.0156 8.0156
vt 10.2715 8.0156
vt 12.6035 7.8730
vt 12.8789 9.9229
vt 10.4219 10.1260
vt 8.0439 10.2021
vt 8.0156 8.0156
vt 7.8691 10.0205
vt 12.2207 8.0156
vt 12.2822 10.0918
vt 8.0156 8.0156
vt 14.0566 11.5020
vt 12.0098 11.4727
vt 10.9854 11.4590
vt 9.8584 11.4424
vt 7.8389 11.9326
vt 7.8691 10.0205
vt 9.2402 11.9551
vt 12.2822 10.0918
vt 11.8652 11.9980
vt 12.2510 12.0039
vt 8.0439 10.2021
vt 10.4219 10.1260
vt 8.0781 12.2012
vt 10.4551 12.0615
vt 12.9121 11.8799
vt 12.8789 9.9229
vt 7.8027 9.6973
vt 10.2285 9.8018
vt 7.7803 11.3076
vt 9.8584 11.4424
vt 14.0801 9.8564
vt 10.9854 11.4590
vt 12.0098 11.4727
vt 7.9326 12.0020
vt 7.9326 10.0635
vt 11.8633 12.0020
vt 11.8633 10.0635
vt -4.2422 11.0615
vt 4.5117 -31.9023
vt -2.6719 0.0000
vt -2.6875 1.0000
vt -6.5000 0.0000
vt 4.5273 -27.8379
vt -3.2500 0.0000
vt -3.4375 9.0020
vt -6.5000 0.0000
vt -3.2500 0.0000
vt -6.5000 0.0000
vt 0.0000 0.0000
vt 0.0000 0.0000
vt -3.2500 0.0000
vt -3.4375 9.0020
vt -3.4688 8.5020
vt -3.4844 8.2520
vt -3.4922 8.1270
vt -3.4961 8.0645
vt -2.6562 0.2500
vt 4.9072 5.1904
vt -8.2500 0.0000
vt 0.0605 0.0615
vt 0.0000 1.4844
vt 0.0000 0.0996
vt 0.0000 0.0996
vt 0.0000 0.0996
vt 0.0000 0.0996
vt 0.0000 0.0996
vt 0.0000 0.0996
vt 0.0000 0.0996
vt 0.0000 0.0996
vt 0.0000 0.0996
vt 0.0000 0.0996
vt 0.0000 0.0996
vt 0.0000 0.0996
vt 0.0000 0.0996
vt 0.0000 0.0996
vt 0.0000 0.0996
vt 0.0000 0.0996
vt 8.6699 9.1338
vt 8.1582 9.1162
vt 8.1689 8.5176
vt 8.6807 8.5342
vt 9.9248 9.1758
vt 9.9365 8.5762
vt 9.9707 9.1201
vt 8.0049 9.2441
vt 7.9795 8.8408
vt 9.9453 8.7168
vt 10.5859 9.0811
vt 10.5605 8.6777
vt 9.5732 9.2725
vt 8.2480 9.2041
vt 8.2451 8.7100
vt 9.5703 8.7783
vt 9.8008 9.4297
vt 8.2012 9.4258
vt 8.2031 8.9434
vt 9.8018 8.9473
vt 9.7793 9.1875
vt 8.3779 9.2656
vt 8.3564 8.8730
vt 9.7568 8.7959
vt 8.8330 9.6348
vt 8.6816 9.5469
vt 9.0566 9.2656
vt 9.1172 9.4395
vt 8.5068 10.0020
vt 8.3086 9.6348
vt 8.6943 10.0020
vt 9.1543 10.0020
vt 11.4131 7.2461
vt 12.5029 7.6729
vt 12.2295 8.0566
vt 11.4189 7.7852
vt 13.4268 7.5635
vt 13.2793 8.7656
vt 12.8525 8.9424
vt 11.8037 9.3760
vt -2.6719 0.0000
vt -2.6875 2.0000
vt -6.5000 0.0000
vt -2.6875 1.0000
vt -8.2500 0.0000
vt 0.0000 0.0000
vt -3.2500 0.0000
vt -3.4375 9.0020
vt -2.6562 0.2500
vt -3.2500 0.0000
vt -3.4375 9.0020
vt -3.4688 8.5020
vt -3.4844 8.2520
vt -3.4922 8.1270
vt -3.4961 8.0645
vt -6.5000 0.0000
vt 9.8428 8.6025
vt 8.0977 8.5605
vt 8.1006 8.2305
vt 9.8467 8.2725
vt 10.2754 8.6133
vt 10.2793 8.2832
vt 9.0781 9.2656
vt 8.1494 9.2754
vt 8.1650 8.7188
vt 9.0938 8.7090
vt 9.5742 9.2607
vt 9.5898 8.7041
vt 8.9355 9.1201
vt 8.3135 9.1055
vt 8.3760 8.6328
vt 8.9990 8.6484
vt 9.7178 9.1396
vt 9.7812 8.6670
vt 9.3018 9.7373
vt 8.6250 9.7256
vt 8.6309 9.0742
vt 9.3066 9.0869
vt 9.3408 8.9766
vt 8.5254 8.9668
vt 8.5322 8.4082
vt 9.3477 8.4180
vt 9.9990 9.2148
vt 8.2480 9.3330
vt 8.2578 8.6543
vt 10.0088 8.5352
vt 9.2930 8.9023
vt 9.0566 9.2656
vt 8.6807 8.6396
vt 9.3467 9.3760
vt 9.1172 9.4395
vt 9.4082 9.2012
vt 9.5381 8.8994
vt 9.5537 9.2109
vt 9.6611 9.0244
vt 9.4756 9.3623
vt 11.7500 5.1602
vt 11.4131 7.2461
vt 10.5703 6.4648
vt 10.5557 7.3975
vt 11.4189 7.7852
vt 10.8428 7.8232
vt 10.0088 6.6865
vt 9.8330 7.1455
vt 10.2314 7.5625
vt 10.5381 7.9072
vt -2.6719 0.0000
vt -2.6875 2.0000
vt -6.5000 0.0000
vt -6.2500 0.0000
vt -3.2500 0.0000
vt -3.4375 9.0020
vt -3.4688 8.5020
vt -3.4844 8.2520
vt -3.4922 8.1270
vt -3.4961 8.0645
vt -6.5000 0.0000
vt 0.0000 0.0000
vt -3.2500 0.0000
vt -3.4375 9.0020
vt -2.6562 0.2500
vt 4.8906 -27.8379
vt -3.2500 0.0000
vt -3.4375 9.0020
vt -3.4688 8.5020
vt -3.4844 8.2520
vt -3.4922 8.1270
vt -3.4961 8.0645
vt -6.5000 0.0000
vt 9.8789 9.2686
vt 8.2188 9.0918
vt 8.2363 8.5479
vt 9.8965 8.7236
vt 9.3311 8.8848
vt 8.1494 8.8516
vt 8.1572 8.4355
vt 9.3389 8.4688
vt 9.7070 8.8945
vt 9.7158 8.4795
vt 9.7236 9.2402
vt 8.4258 9.0986
vt 8.4502 8.4170
vt 9.7490 8.5586
vt 8.6416 9.3066
vt 8.0869 9.2705
vt 8.0811 8.5098
vt 8.6357 8.5459
vt 9.1055 8.7744
vt 8.2266 9.2314
vt 8.2393 8.7178
vt 9.0928 9.2871
vt 9.7812 9.3320
vt 9.7939 8.8193
vt 9.6807 9.3740
vt 9.6748 8.6143
vt 9.7998 9.4766
vt 8.2998 9.3652
vt 8.2998 8.6035
vt 9.7998 8.7148
vt 9.7559 10.0029
vt 9.1543 10.0020
vt 9.4756 9.3623
vt 9.3467 9.3760
vt 9.8105 9.4434
vt 9.1172 9.4395
vt 9.8633 9.2695
vt 9.5537 9.2109
vt 9.6611 9.0244
vt 10.5381 7.9072
vt 11.8037 9.3760
vt 10.4316 9.9424
vt 10.8428 7.8232
vt 9.8408 8.4463
vt 11.8037 9.3760
vt 10.4316 9.9424
vt 11.4189 7.7852
vt 9.5752 8.0156
vt 10.2314 7.5625
vt 9.8330 7.1455
vt -2.6719 0.0000
vt -2.6875 2.0000
vt -6.5000 0.0000
vt -6.2500 0.0000
vt -3.2500 0.0000
vt -3.4375 9.0020
vt -3.4688 8.5020
vt -3.4844 8.2520
vt -3.4922 8.1270
vt -3.4961 8.0645
vt -6.5000 0.0000
vt 0.0000 0.0000
vt -3.2500 0.0000
vt -3.4375 9.0020
vt -2.6562 0.2500
vt 4.6406 4.0029
vt -6.2500 0.0000
vt -3.2500 0.0000
vt -3.4375 9.0020
vt -3.4688 8.5020
vt -3.4844 8.2520
vt -3.4922 8.1270
vt -3.4961 8.0645
vt -6.5000 0.0000
vt 9.6777 9.4990
vt 8.4512 9.5322
vt 8.4580 8.8877
vt 9.6846 8.8545
vt 9.9473 9.5312
vt 8.5664 9.5283
vt 8.5723 9.0166
vt 9.9531 9.0195
vt 11.5098 9.5342
vt 11.5156 9.0234
vt 9.6582 8.7773
vt 8.1680 8.8467
vt 8.1699 8.4668
vt 9.6602 8.3975
vt 9.8018 9.5303
vt 10.3965 9.5312
vt 10.4023 9.0205
vt 9.8076 9.0195
vt 7.8018 9.5264
vt 7.8086 9.0156
vt 9.1758 9.5479
vt 8.6182 9.5088
vt 8.6064 8.6279
vt 9.1641 8.6670
vt 9.8633 9.2695
vt 10.4717 9.0635
vt 10.2227 9.5518
vt 10.4463 9.3496
vt 10.6445 9.4150
vt 10.6553 9.0117
vt 11.1289 9.2793
vt 9.8105 9.4434
vt 8.9912 9.1328
vt 8.0156 8.0156
vt 9.5752 8.0156
vt 7.9141 9.1494
vt 8.3115 8.7832
vt 6.6963 9.2314
vt 7.5518 8.0449
vt 9.8408 8.4463
vt -2.6719 0.0000
vt -2.6875 2.0000
vt -6.5000 0.0000
vt -2.6875 1.0000
vt -8.2500 0.0000
vt 0.0000 0.0000
vt -3.2500 0.0000
vt -3.4375 9.0020
vt -2.6562 0.2500
vt 4.6406 4.0029
vt -3.2500 0.0000
vt -3.4375 9.0020
vt -3.4688 8.5020
vt -3.4844 8.2520
vt -3.4922 8.1270
vt -3.4961 8.0645
vt -6.5000 0.0000
vt 8.7402 8.2686
vt 8.7197 9.1250
vt 8.1309 8.2568
vt 9.9434 8.2920
vt 10.0225 9.0830
vt 8.0498 9.4482
vt 8.0469 8.9736
vt 8.0723 8.1494
vt 9.9365 8.3418
vt 9.9258 8.8350
vt 9.9502 8.2666
vt 8.1357 8.9531
vt 8.1172 8.3018
vt 10.0254 9.5586
vt 9.9229 9.1484
vt 8.1104 9.1133
vt 9.9678 8.9180
vt 8.0615 8.6426
vt 10.2979 9.7002
vt 10.6445 9.4150
vt 11.5635 9.9014
vt 10.4180 10.0039
vt 10.2227 9.5518
vt 6.2217 11.3584
vt 7.9141 9.1494
vt 8.9414 9.6143
vt 8.9209 10.5664
vt 8.9912 9.1328
vt -2.6719 0.0000
vt -2.6875 2.0000
vt -6.5000 0.0000
vt -2.6875 1.0000
vt 0.0000 0.0000
vt -3.2500 0.0000
vt -3.4375 9.0020
vt -2.6562 0.2500
vt -2.6797 2.0000
vt 8.0771 8.2275
vt 8.7910 8.2041
vt 8.0791 8.1270
vt 8.9375 8.4795
vt 8.8516 8.2559
vt 8.8311 8.5869
vt 8.7285 8.2559
vt 8.0488 8.5869
vt 8.7891 8.3076
vt 8.9443 8.1250
vt 8.0791 8.1270
vt 8.7910 8.2041
vt 8.0771 8.2275
vt 8.8516 8.2559
vt 8.7285 8.2559
vt 8.7891 8.3076
vt 8.9443 8.1250
vt 8.9443 8.1250
vt 8.9443 8.1250
vt 8.9375 8.4795
vt 8.7910 8.2041
vt 8.7910 8.2041
vt 8.7285 8.2559
vt 8.7285 8.2559
vt 8.7891 8.3076
vt 8.7891 8.3076
vt 8.8516 8.2559
vt 8.8516 8.2559
vt 8.0791 8.1270
vt 8.0791 8.1270
vt 8.9443 8.1250
vt 8.9443 8.1250
vt 8.4619 8.3525
vt 9.1865 8.3877
vt 9.2148 8.1660
vt 8.6895 8.1436
vt 8.9648 8.3711
vt 8.6855 8.3730
vt 8.9697 8.1416
vt 9.1592 8.4834
vt 8.5254 8.4531
vt 9.1494 8.2510
vt 8.5166 8.2207
vt 8.4902 8.1309
vt 9.4639 8.1455
vt 8.0693 8.0781
vt 9.4639 8.4678
vt 8.1611 8.4834
vt 9.4639 8.4678
vt 8.0693 8.0781
vt 9.4639 8.1455
vt 8.1611 8.4834
vt -2.6719 0.0000
vt -2.6797 2.0000
vt -6.5000 0.0000
vt 4.5312 -25.9932
vt -3.2500 0.0000
vt -3.4375 9.0020
vt -6.5000 0.0000
f 74/74 1/1 63/63
f 90/90 1/1 63/63
f 90/90 1/1 63/63
f 74/74 1/1 63/63
f 4/4 4/4 41/41
f 42/42 4/4 84/84
f 4/4 3/3 116/116
f 42/42 3/3 69/69
f 52/52 1/1 32/32
f 118/118 1/1 27/27
f 106/106 1/1 24/24
f 106/106 1/1 24/24
f 52/52 1/1 35/35
f 28/28 1/1 37/37
f 45/45 1/1 23/23
f 88/88 1/1 16/16
f 70/70 1/1 23/23
f 64/64 1/1 23/23
f 28/28 1/1 21/21
f 50/50 1/1 6/6
f 90/90 1/1 1/1
f 64/64 1/1 21/21
f 13/13 1/1 21/21
f 16/16 1/1 1/1
f 65/65 26/26 98/98
f 42/42 31/31 128/128
f 60/60 28/28 94/94
f 40/40 1/1 128/128
f 62/62 21/21 23/23
f 14/14 1/1 128/128
f 54/54 1/1 1/1
f 62/62 23/23 24/24
f 42/42 31/31 128/128
f 59/59 1/1 1/1
f 20/20 1/1 22/22
f 106/106 1/1 24/24
f 106/106 1/1 24/24
f 21/21 1/1 23/23
f 28/28 1/1 23/23
f 64/64 1/1 23/23
f 45/45 1/1 23/23
f 107/107 1/1 103/103
f 45/45 1/1 23/23
f 88/88 1/1 16/16
f 20/20 1/1 22/22
f 54/54 1/1 1/1
f 90/90 1/1 1/1
f 62/62 23/23 24/24
f 42/42 31/31 128/128
f 65/65 26/26 98/98
f 42/42 31/31 128/128
f 106/106 1/1 24/24
f 106/106 1/1 1/1
f 20/20 1/1 22/22
f 20/20 1/1 22/22
f 106/106 1/1 1/1
f 30/30 2/2 21/21
f 92/92 1/1 69/69
f 50/50 1/1 6/6
f 30/30 1/1 1/1
f 92/92 1/1 98/98
f 66/66 3/3 41/41
f 86/86 2/2 34/34
f 92/92 2/2 88/88
f 52/52 2/2 21/21
f 28/28 1/1 60/60
f 30/30 3/3 41/41
f 92/92 1/1 71/71
f 30/30 2/2 21/21
f 92/92 1/1 69/69
f 66/66 3/3 41/41
f 52/52 2/2 21/21
f 114/114 1/1 70/70
f 70/70 4/4 61/61
f 92/92 1/1 103/103
f 30/30 4/4 61/61
f 92/92 1/1 67/67
f 70/70 4/4 2/2
f 92/92 1/1 92/92
f 3/3 5/5 82/82
f 43/43 4/4 61/61
f 70/70 4/4 2/2
f 28/28 1/1 31/31
f 3/3 5/5 82/82
f 30/30 3/3 41/41
f 92/92 1/1 71/71
f 30/30 4/4 61/61
f 92/92 1/1 67/67
f 66/66 3/3 99/99
f 66/66 3/3 41/41
f 43/43 4/4 61/61
f 45/45 1/1 116/116
f 88/88 1/1 1/1
f 45/45 1/1 107/107
f 107/107 1/1 1/1
f 45/45 1/1 116/116
f 107/107 1/1 1/1
f 45/45 1/1 107/107
f 88/88 1/1 1/1
f 45/45 1/1 116/116
f 88/88 1/1 1/1
f 45/45 1/1 107/107
f 107/107 1/1 1/1
f 45/45 1/1 107/107
f 88/88 1/1 1/1
f 45/45 1/1 116/116
f 88/88 1/1 1/1
f 45/45 1/1 107/107
f 88/88 1/1 1/1
f 20/20 1/1 26/26
f 20/20 1/1 56/56
f 20/20 1/1 26/26
f 24/24 1/1 92/92
f 19/19 1/1 56/56
f 25/25 1/1 114/114
f 24/24 1/1 15/15
f 8/8 1/1 41/41
f 7/7 1/1 16/16
f 28/28 1/1 128/128
f 5/5 1/1 24/24
f 19/19 4/4 69/69
f 3/3 5/5 82/82
f 19/19 3/3 85/85
f 3/3 5/5 82/82
f 70/70 4/4 2/2
f 114/114 1/1 66/66
f 43/43 4/4 61/61
f 66/66 3/3 99/99
f 43/43 4/4 61/61
f 66/66 3/3 41/41
f 66/66 3/3 41/41
f 66/66 3/3 41/41
f 66/66 3/3 41/41
f 66/66 3/3 41/41
f 66/66 3/3 99/99
f 66/66 3/3 99/99
f 43/43 4/4 61/61
f 43/43 4/4 61/61
f 43/43 4/4 61/61
f 122/122 1/1 1/1
f 53/53 1/1 1/1
f 124/124 1/1 86/86
f 48/48 1/1 1/1
f 124/124 1/1 87/87
f 78/78 1/1 1/1
f 124/124 1/1 86/86
f 48/48 1/1 1/1
f 122/122 1/1 1/1
f 53/53 1/1 1/1
f 122/122 1/1 2/2
f 82/82 1/1 1/1
f 124/124 1/1 87/87
f 78/78 1/1 1/1
f 122/122 1/1 119/119
f 31/31 1/1 1/1
f 122/122 1/1 123/123
f 55/55 1/1 1/1
f 122/122 1/1 91/91
f 60/60 1/1 1/1
f 122/122 1/1 123/123
f 55/55 1/1 1/1
f 122/122 1/1 119/119
f 31/31 1/1 1/1
f 122/122 1/1 86/86
f 36/36 1/1 1/1
f 122/122 1/1 91/91
f 60/60 1/1 1/1
f 122/122 1/1 86/86
f 36/36 1/1 1/1
f 125/125 128/128 128/128
f 23/23 1/1 1/1
f 125/125 1/1 92/92
f 18/18 1/1 1/1
f 125/125 1/1 92/92
f 18/18 1/1 1/1
f 125/125 1/1 93/93
f 47/47 1/1 1/1
f 125/125 1/1 92/92
f 18/18 1/1 1/1
f 125/125 128/128 128/128
f 23/23 1/1 1/1
f 125/125 1/1 1/1
f 52/52 1/1 1/1
f 125/125 1/1 93/93
f 47/47 1/1 1/1
f 125/125 1/1 1/1
f 52/52 1/1 1/1
f 7/7 1/1 28/28
f 52/52 2/2 21/21
f 28/28 1/1 60/60
f 20/20 1/1 116/116
f 52/52 1/1 23/23
f 28/28 1/1 52/52
f 106/106 1/1 24/24
f 52/52 1/1 23/23
f 28/28 1/1 52/52
f 20/20 1/1 116/116
f 20/20 1/1 22/22
f 52/52 1/1 23/23
f 114/114 1/1 84/84
f 20/20 1/1 116/116
f 7/7 1/1 28/28
f 52/52 2/2 21/21
f 114/114 1/1 70/70
f 52/52 2/2 21/21
f 114/114 1/1 70/70
f 106/106 1/1 24/24
f 20/20 1/1 22/22
f 20/20 1/1 116/116
f 52/52 1/1 23/23
f 114/114 1/1 84/84
f 7/7 1/1 28/28
f 7/7 1/1 28/28
f 20/20 1/1 116/116
f 20/20 1/1 116/116
f 20/20 1/1 22/22
f 20/20 1/1 22/22
f 20/20 1/1 22/22
f 52/52 2/2 21/21
f 118/118 1/1 43/43
f 52/52 1/1 23/23
f 118/118 1/1 27/27
f 52/52 1/1 23/23
f 118/118 1/1 27/27
f 52/52 2/2 21/21
f 118/118 1/1 43/43
f 52/52 2/2 21/21
f 28/28 1/1 60/60
f 52/52 1/1 23/23
f 28/28 1/1 37/37
f 45/45 2/2 21/21
f 88/88 1/1 37/37
f 45/45 1/1 23/23
f 88/88 1/1 16/16
f 45/45 2/2 21/21
f 107/107 1/1 77/77
f 45/45 1/1 23/23
f 107/107 1/1 103/103
f 45/45 2/2 21/21
f 88/88 1/1 37/37
f 45/45 1/1 23/23
f 88/88 1/1 16/16
f 45/45 1/1 23/23
f 107/107 1/1 103/103
f 45/45 1/1 23/23
f 107/107 1/1 103/103
f 45/45 2/2 21/21
f 107/107 1/1 77/77
f 52/52 2/2 21/21
f 114/114 1/1 70/70
f 52/52 2/2 21/21
f 24/24 1/1 87/87
f 52/52 1/1 23/23
f 114/114 1/1 84/84
f 52/52 1/1 23/23
f 24/24 1/1 84/84
f 52/52 2/2 21/21
f 24/24 1/1 87/87
f 52/52 1/1 23/23
f 24/24 1/1 84/84
f 70/70 4/4 61/61
f 88/88 1/1 58/58
f 70/70 2/2 21/21
f 88/88 1/1 46/46
f 70/70 4/4 61/61
f 28/28 1/1 1/1
f 70/70 2/2 21/21
f 28/28 1/1 1/1
f 71/71 4/4 61/61
f 9/9 1/1 72/72
f 71/71 2/2 21/21
f 4/4 1/1 101/101
f 71/71 4/4 61/61
f 70/70 1/1 29/29
f 71/71 2/2 21/21
f 65/65 1/1 58/58
f 49/49 4/4 61/61
f 17/17 1/1 1/1
f 49/49 3/3 41/41
f 19/19 1/1 1/1
f 30/30 4/4 61/61
f 92/92 1/1 107/107
f 49/49 4/4 61/61
f 17/17 1/1 1/1
f 49/49 3/3 41/41
f 19/19 1/1 1/1
f 30/30 3/3 41/41
f 92/92 1/1 112/112
f 49/49 3/3 41/41
f 19/19 1/1 1/1
f 49/49 2/2 21/21
f 19/19 1/1 1/1
f 30/30 3/3 41/41
f 92/92 1/1 107/107
f 30/30 2/2 21/21
f 92/92 1/1 112/112
f 49/49 1/1 1/1
f 21/21 1/1 1/1
f 30/30 1/1 1/1
f 92/92 1/1 117/117
f 70/70 2/2 21/21
f 55/55 1/1 101/101
f 70/70 4/4 61/61
f 55/55 1/1 72/72
f 70/70 2/2 21/21
f 114/114 1/1 1/1
f 70/70 4/4 61/61
f 114/114 1/1 1/1
f 66/66 3/3 111/111
f 66/66 3/3 9/9
f 66/66 3/3 9/9
f 66/66 3/3 59/59
f 66/66 3/3 85/85
f 13/13 1/1 21/21
f 16/16 1/1 1/1
f 64/64 1/1 21/21
f 28/28 1/1 21/21
f 30/30 1/1 47/47
f 92/92 1/1 98/98
f 81/81 1/1 62/62
f 40/40 1/1 1/1
f 50/50 1/1 6/6
f 99/99 3/3 21/21
f 99/99 3/3 21/21
f 99/99 3/3 2/2
f 99/99 3/3 21/21
f 99/99 3/3 2/2
f 99/99 3/3 2/2
f 105/105 2/2 62/62
f 89/89 1/1 1/1
f 105/105 2/2 62/62
f 55/55 1/1 1/1
f 45/45 2/2 21/21
f 107/107 1/1 77/77
f 45/45 2/2 21/21
f 88/88 1/1 37/37
f 52/52 2/2 21/21
f 28/28 1/1 60/60
f 52/52 2/2 21/21
f 118/118 1/1 43/43
f 120/120 1/1 65/65
f 109/109 1/1 1/1
f 120/120 1/1 65/65
f 3/3 1/1 1/1
f 58/58 1/1 107/107
f 109/109 1/1 1/1
f 58/58 1/1 97/97
f 109/109 1/1 1/1
f 58/58 1/1 97/97
f 3/3 1/1 1/1
f 58/58 1/1 107/107
f 3/3 1/1 1/1
f 30/30 4/4 61/61
f 92/92 1/1 67/67
f 49/49 4/4 61/61
f 17/17 1/1 1/1
f 7/7 1/1 16/16
f 8/8 1/1 41/41
f 7/7 1/1 16/16
f 8/8 1/1 41/41
f 4/4 1/1 30/30
f 30/30 1/1 58/58
f 4/4 1/1 30/30
f 30/30 1/1 58/58
f 5/5 1/1 24/24
f 5/5 1/1 24/24
f 28/28 1/1 128/128
f 28/28 1/1 128/128
f 14/14 3/3 48/48
f 90/90 1/1 1/1
f 121/121 3/3 30/30
f 121/121 3/3 48/48
f 14/14 3/3 30/30
f 90/90 1/1 1/1
f 93/93 1/1 12/12
f 93/93 1/1 19/19
f 93/93 1/1 19/19
f 93/93 1/1 12/12
f 68/68 1/1 12/12
f 68/68 1/1 19/19
f 68/68 1/1 19/19
f 68/68 1/1 12/12
f 52/52 2/2 21/21
f 114/114 1/1 70/70
f 52/52 2/2 21/21
f 24/24 1/1 87/87
f 66/66 3/3 9/9
f 66/66 3/3 111/111
f 66/66 3/3 85/85
f 66/66 3/3 59/59
f 122/122 1/1 86/86
f 36/36 1/1 1/1
f 122/122 1/1 119/119
f 31/31 1/1 1/1
f 122/122 1/1 123/123
f 55/55 1/1 1/1
f 122/122 1/1 91/91
f 60/60 1/1 1/1
f 70/70 1/1 12/12
f 59/59 1/1 12/12
f 59/59 1/1 1/1
f 70/70 1/1 12/12
f 59/59 1/1 12/12
f 70/70 1/1 12/12
f 59/59 1/1 12/12
f 59/59 1/1 1/1
f 70/70 1/1 23/23
f 70/70 1/1 23/23
f 70/70 1/1 12/12
f 70/70 1/1 12/12
f 70/70 1/1 12/12
f 59/59 1/1 12/12
f 70/70 1/1 12/12
f 59/59 1/1 12/12
f 49/49 2/2 21/21
f 97/97 1/1 1/1
f 127/127 2/2 21/21
f 127/127 2/2 21/21
f 49/49 2/2 21/21
f 19/19 1/1 1/1
f 106/106 1/1 1/1
f 106/106 1/1 24/24
f 106/106 1/1 1/1
f 106/106 1/1 24/24
f 52/52 1/1 23/23
f 24/24 1/1 103/103
f 52/52 1/1 23/23
f 114/114 1/1 93/93
f 106/106 1/1 24/24
f 52/52 1/1 23/23
f 24/24 1/1 103/103
f 106/106 1/1 24/24
f 52/52 1/1 23/23
f 24/24 1/1 103/103
f 106/106 1/1 1/1
f 106/106 1/1 24/24
f 70/70 4/4 2/2
f 92/92 1/1 92/92
f 3/3 5/5 82/82
f 70/70 4/4 2/2
f 28/28 1/1 31/31
f 3/3 5/5 82/82
f 3/3 5/5 82/82
f 3/3 5/5 82/82
f 70/70 4/4 2/2
f 39/39 1/1 1/1
f 70/70 4/4 2/2
f 28/28 1/1 31/31
f 116/116 1/1 39/39
f 121/121 1/1 1/1
f 116/116 1/1 67/67
f 98/98 1/1 1/1
f 86/86 2/2 86/86
f 2/2 1/1 1/1
f 116/116 2/2 24/24
f 38/38 1/1 1/1
f 116/116 2/2 4/4
f 43/43 1/1 1/1
f 116/116 2/2 95/95
f 112/112 1/1 1/1
f 116/116 3/3 6/6
f 11/11 1/1 1/1
f 116/116 2/2 105/105
f 34/34 1/1 1/1
f 116/116 2/2 21/21
f 94/94 1/1 1/1
f 116/116 2/2 41/41
f 89/89 1/1 1/1
f 116/116 1/1 78/78
f 20/20 1/1 1/1
f 55/55 1/1 79/79
f 120/120 1/1 1/1
f 55/55 1/1 79/79
f 70/70 1/1 1/1
f 55/55 1/1 1/1
f 70/70 1/1 1/1
f 55/55 1/1 79/79
f 70/70 1/1 1/1
f 55/55 1/1 79/79
f 120/120 1/1 1/1
f 55/55 1/1 1/1
f 120/120 1/1 1/1
f 55/55 1/1 1/1
f 70/70 1/1 1/1
f 55/55 1/1 79/79
f 120/120 1/1 1/1
f 28/28 3/3 23/23
f 28/28 3/3 41/41
f 28/28 3/3 23/23
f 28/28 3/3 41/41
f 57/57 3/3 23/23
f 57/57 3/3 23/23
f 57/57 3/3 41/41
f 57/57 3/3 41/41
f 57/57 3/3 23/23
f 90/90 4/4 52/52
f 116/116 1/1 1/1
f 127/127 4/4 52/52
f 24/24 1/1 23/23
f 127/127 2/2 77/77
f 24/24 1/1 27/27
f 90/90 2/2 77/77
f 116/116 1/1 1/1
f 90/90 4/4 96/96
f 25/25 1/1 1/1
f 127/127 4/4 96/96
f 116/116 1/1 70/70
f 127/127 2/2 121/121
f 116/116 1/1 72/72
f 90/90 2/2 121/121
f 25/25 1/1 1/1
f 23/23 3/3 10/10
f 109/109 1/1 1/1
f 23/23 3/3 10/10
f 2/2 1/1 58/58
f 21/21 2/2 65/65
f 3/3 1/1 60/60
f 21/21 2/2 65/65
f 110/110 1/1 1/1
f 12/12 3/3 42/42
f 119/119 1/1 1/1
f 33/33 3/3 42/42
f 119/119 1/1 103/103
f 32/32 2/2 97/97
f 121/121 1/1 107/107
f 11/11 2/2 97/97
f 121/121 1/1 1/1
f 49/49 2/2 21/21
f 19/19 1/1 1/1
f 44/44 2/2 31/31
f 14/14 1/1 1/1
f 4/4 2/2 31/31
f 14/14 1/1 1/1
f 127/127 2/2 21/21
f 44/44 2/2 61/61
f 14/14 1/1 1/1
f 4/4 2/2 61/61
f 14/14 1/1 1/1
f 47/47 2/2 71/71
f 17/17 1/1 1/1
f 1/1 2/2 71/71
f 17/17 1/1 1/1
f 24/24 2/2 96/96
f 122/122 1/1 1/1
f 49/49 2/2 21/21
f 97/97 1/1 1/1
f 44/44 2/2 31/31
f 102/102 1/1 1/1
f 44/44 2/2 31/31
f 14/14 1/1 1/1
f 49/49 2/2 21/21
f 19/19 1/1 1/1
f 44/44 2/2 61/61
f 102/102 1/1 1/1
f 44/44 2/2 61/61
f 14/14 1/1 1/1
f 47/47 2/2 71/71
f 99/99 1/1 1/1
f 47/47 2/2 71/71
f 17/17 1/1 1/1
f 44/44 2/2 61/61
f 14/14 1/1 1/1
f 44/44 2/2 61/61
f 102/102 1/1 1/1
f 24/24 2/2 96/96
f 122/122 1/1 1/1
f 1/1 2/2 71/71
f 99/99 1/1 1/1
f 1/1 2/2 71/71
f 17/17 1/1 1/1
f 4/4 2/2 61/61
f 102/102 1/1 1/1
f 4/4 2/2 61/61
f 14/14 1/1 1/1
f 4/4 2/2 31/31
f 14/14 1/1 1/1
f 4/4 2/2 31/31
f 102/102 1/1 1/1
f 127/127 2/2 21/21
f 127/127 2/2 21/21
f 47/47 2/2 71/71
f 99/99 1/1 1/1
f 1/1 2/2 71/71
f 99/99 1/1 1/1
f 4/4 2/2 61/61
f 102/102 1/1 1/1
f 44/44 2/2 61/61
f 102/102 1/1 1/1
f 4/4 2/2 31/31
f 102/102 1/1 1/1
f 44/44 2/2 31/31
f 102/102 1/1 1/1
f 127/127 2/2 21/21
f 49/49 2/2 21/21
f 97/97 1/1 1/1
f 65/65 1/1 56/56
f 91/91 1/1 66/66
f 73/73 1/1 66/66
f 99/99 1/1 56/56
f 66/66 1/1 23/23
f 100/100 1/1 24/24
f 3/3 5/5 82/82
f 3/3 5/5 82/82
f 3/3 5/5 82/82
f 99/99 3/3 2/2
f 79/79 2/2 96/96
f 55/55 1/1 1/1
f 99/99 3/3 2/2
f 79/79 2/2 96/96
f 89/89 1/1 1/1
f 79/79 2/2 96/96
f 89/89 1/1 1/1
f 79/79 2/2 96/96
f 55/55 1/1 1/1
f 105/105 2/2 62/62
f 89/89 1/1 1/1
f 105/105 2/2 62/62
f 55/55 1/1 1/1
f 99/99 3/3 2/2
f 99/99 3/3 21/21
f 79/79 2/2 96/96
f 55/55 1/1 66/66
f 79/79 2/2 96/96
f 55/55 1/1 66/66
f 105/105 2/2 62/62
f 55/55 1/1 66/66
f 99/99 3/3 21/21
f 99/99 3/3 2/2
f 105/105 2/2 62/62
f 89/89 1/1 64/64
f 93/93 4/4 91/91
f 70/70 4/4 61/61
f 28/28 1/1 1/1
f 70/70 4/4 61/61
f 95/95 1/1 1/1
f 93/93 4/4 91/91
f 93/93 4/4 91/91
f 93/93 4/4 91/91
f 70/70 4/4 127/127
f 92/92 1/1 64/64
f 93/93 4/4 91/91
f 70/70 4/4 61/61
f 95/95 1/1 64/64
f 3/3 5/5 82/82
f 70/70 4/4 127/127
f 107/107 1/1 64/64
f 93/93 4/4 91/91
f 70/70 4/4 61/61
f 110/110 1/1 64/64
f 3/3 5/5 82/82
f 70/70 4/4 61/61
f 28/28 1/1 102/102
f 93/93 4/4 91/91
f 70/70 4/4 127/127
f 25/25 1/1 66/66
f 3/3 5/5 82/82
f 93/93 4/4 91/91
f 93/93 4/4 91/91
f 70/70 4/4 61/61
f 28/28 1/1 102/102
f 70/70 4/4 61/61
f 92/92 1/1 1/1
f 93/93 4/4 91/91
f 93/93 4/4 91/91
f 70/70 4/4 61/61
f 44/44 1/1 102/102
f 93/93 4/4 91/91
f 70/70 4/4 127/127
f 41/41 1/1 66/66
f 3/3 5/5 82/82
f 93/93 4/4 91/91
f 93/93 4/4 91/91
f 70/70 4/4 61/61
f 44/44 1/1 102/102
f 70/70 4/4 61/61
f 110/110 1/1 1/1
f 93/93 4/4 91/91
f 93/93 4/4 91/91
f 70/70 4/4 61/61
f 115/115 1/1 102/102
f 93/93 4/4 91/91
f 70/70 4/4 127/127
f 111/111 1/1 66/66
f 3/3 5/5 82/82
f 93/93 4/4 91/91
f 93/93 4/4 91/91
f 70/70 4/4 61/61
f 115/115 1/1 102/102
f 70/70 4/4 61/61
f 50/50 1/1 1/1
f 93/93 4/4 91/91
f 70/70 4/4 127/127
f 49/49 1/1 64/64
f 93/93 4/4 91/91
f 70/70 4/4 61/61
f 50/50 1/1 64/64
f 3/3 5/5 82/82
f 70/70 4/4 61/61
f 98/98 1/1 102/102
f 93/93 4/4 91/91
f 70/70 4/4 127/127
f 95/95 1/1 66/66
f 3/3 5/5 82/82
f 93/93 4/4 91/91
f 93/93 4/4 91/91
f 70/70 4/4 61/61
f 98/98 1/1 102/102
f 70/70 4/4 61/61
f 36/36 1/1 1/1
f 93/93 4/4 91/91
f 93/93 4/4 91/91
f 70/70 4/4 127/127
f 33/33 1/1 64/64
f 93/93 4/4 91/91
f 70/70 4/4 61/61
f 36/36 1/1 64/64
f 3/3 5/5 82/82
f 25/25 4/4 1/1
f 20/20 1/1 38/38
f 6/6 4/4 30/30
f 20/20 1/1 23/23
f 25/25 4/4 1/1
f 20/20 1/1 38/38
f 25/25 4/4 1/1
f 113/113 1/1 15/15
f 25/25 4/4 1/1
f 113/113 1/1 92/92
f 6/6 4/4 30/30
f 113/113 1/1 107/107
f 6/6 4/4 30/30
f 20/20 1/1 92/92
f 6/6 4/4 30/30
f 113/113 1/1 115/115
f 108/108 1/1 81/81
f 3/3 1/1 64/64
f 120/120 1/1 65/65
f 3/3 1/1 64/64
f 58/58 1/1 97/97
f 3/3 1/1 64/64
f 58/58 1/1 107/107
f 3/3 1/1 64/64
f 120/120 1/1 65/65
f 109/109 1/1 66/66
f 108/108 1/1 81/81
f 109/109 1/1 66/66
f 108/108 1/1 81/81
f 109/109 1/1 66/66
f 108/108 1/1 81/81
f 109/109 1/1 66/66
f 58/58 1/1 97/97
f 109/109 1/1 66/66
f 58/58 1/1 107/107
f 109/109 1/1 66/66
f 108/108 1/1 81/81
f 109/109 1/1 1/1
f 120/120 1/1 65/65
f 109/109 1/1 1/1
f 120/120 1/1 65/65
f 3/3 1/1 1/1
f 108/108 1/1 81/81
f 3/3 1/1 1/1
f 58/58 1/1 97/97
f 3/3 1/1 1/1
f 108/108 1/1 81/81
f 109/109 1/1 1/1
f 108/108 1/1 81/81
f 3/3 1/1 1/1
f 58/58 1/1 97/97
f 109/109 1/1 1/1
f 70/70 4/4 61/61
f 28/28 1/1 1/1
f 70/70 4/4 61/61
f 92/92 1/1 1/1
f 70/70 4/4 61/61
f 92/92 1/1 1/1
f 70/70 4/4 2/2
f 28/28 1/1 1/1
f 70/70 4/4 61/61
f 28/28 1/1 1/1
f 70/70 4/4 2/2
f 92/92 1/1 1/1
f 3/3 5/5 82/82
f 93/93 4/4 91/91
f 70/70 4/4 127/127
f 50/50 1/1 66/66
f 70/70 4/4 61/61
f 47/47 1/1 66/66
f 93/93 4/4 91/91
f 93/93 4/4 91/91
f 70/70 4/4 61/61
f 117/117 1/1 1/1
f 70/70 4/4 61/61
f 55/55 1/1 1/1
f 93/93 4/4 91/91
f 93/93 4/4 91/91
f 3/3 5/5 82/82
f 93/93 4/4 91/91
f 70/70 4/4 127/127
f 117/117 1/1 66/66
f 70/70 4/4 61/61
f 117/117 1/1 66/66
f 93/93 4/4 91/91
f 3/3 5/5 82/82
f 70/70 4/4 127/127
f 55/55 1/1 64/64
f 70/70 4/4 61/61
f 55/55 1/1 64/64
f 93/93 4/4 91/91
f 3/3 5/5 82/82
f 70/70 4/4 127/127
f 105/105 1/1 64/64
f 70/70 4/4 61/61
f 105/105 1/1 64/64
f 93/93 4/4 91/91
f 93/93 4/4 91/91
f 70/70 4/4 61/61
f 39/39 1/1 1/1
f 70/70 4/4 61/61
f 105/105 1/1 1/1
f 93/93 4/4 91/91
f 93/93 4/4 91/91
f 70/70 4/4 2/2
f 28/28 1/1 1/1
f 70/70 4/4 61/61
f 39/39 1/1 1/1
f 70/70 4/4 61/61
f 28/28 1/1 1/1
f 70/70 4/4 2/2
f 39/39 1/1 1/1
f 3/3 5/5 82/82
f 3/3 5/5 82/82
f 93/93 4/4 91/91
f 93/93 4/4 91/91
f 70/70 4/4 61/61
f 114/114 1/1 1/1
f 93/93 4/4 91/91
f 93/93 4/4 91/91
f 70/70 4/4 61/61
f 47/47 1/1 1/1
f 70/70 4/4 61/61
f 28/28 1/1 15/15
f 70/70 4/4 61/61
f 28/28 1/1 15/15
f 70/70 4/4 61/61
f 39/39 1/1 1/1
f 20/20 1/1 56/56
f 20/20 1/1 56/56
f 20/20 1/1 56/56
f 20/20 1/1 26/26
f 24/24 1/1 92/92
f 24/24 1/1 92/92
f 19/19 1/1 56/56
f 24/24 1/1 92/92
f 19/19 1/1 56/56
f 19/19 1/1 56/56
f 24/24 1/1 15/15
f 24/24 1/1 15/15
f 24/24 1/1 15/15
f 25/25 1/1 114/114
f 25/25 1/1 114/114
f 25/25 1/1 114/114
f 8/8 1/1 41/41
f 8/8 1/1 41/41
f 7/7 1/1 16/16
f 8/8 1/1 41/41
f 7/7 1/1 16/16
f 7/7 1/1 16/16
f 30/30 1/1 58/58
f 30/30 1/1 58/58
f 4/4 1/1 30/30
f 30/30 1/1 58/58
f 30/30 1/1 58/58
f 4/4 1/1 30/30
f 4/4 1/1 30/30
f 4/4 1/1 30/30
f 5/5 1/1 24/24
f 5/5 1/1 24/24
f 5/5 1/1 24/24
f 28/28 1/1 128/128
f 28/28 1/1 128/128
f 28/28 1/1 128/128
f 121/121 3/3 48/48
f 62/62 3/3 48/48
f 48/48 1/1 1/1
f 14/14 3/3 48/48
f 90/90 1/1 1/1
f 84/84 3/3 48/48
f 24/24 1/1 1/1
f 84/84 3/3 48/48
f 24/24 1/1 82/82
f 84/84 3/3 30/30
f 24/24 1/1 82/82
f 14/14 3/3 48/48
f 90/90 1/1 82/82
f 14/14 3/3 30/30
f 90/90 1/1 82/82
f 62/62 3/3 30/30
f 48/48 1/1 48/48
f 62/62 3/3 48/48
f 48/48 1/1 48/48
f 121/121 3/3 48/48
f 84/84 3/3 30/30
f 24/24 1/1 1/1
f 62/62 3/3 30/30
f 48/48 1/1 1/1
f 121/121 3/3 30/30
f 14/14 3/3 30/30
f 90/90 1/1 1/1
f 85/85 1/1 12/12
f 77/77 1/1 12/12
f 78/78 1/1 69/69
f 87/87 1/1 69/69
f 85/85 1/1 12/12
f 87/87 1/1 69/69
f 78/78 1/1 68/68
f 77/77 1/1 12/12
f 90/90 1/1 63/63
f 74/74 1/1 63/63
f 78/78 1/1 68/68
f 87/87 1/1 69/69
f 90/90 1/1 63/63
f 87/87 1/1 69/69
f 78/78 1/1 69/69
f 74/74 1/1 63/63
f 68/68 1/1 12/12
f 93/93 1/1 12/12
f 93/93 1/1 19/19
f 68/68 1/1 19/19
f 93/93 1/1 19/19
f 68/68 1/1 19/19
f 93/93 1/1 12/12
f 68/68 1/1 12/12
f 28/28 3/3 23/23
f 28/28 3/3 23/23
f 28/28 3/3 41/41
f 28/28 3/3 41/41
f 57/57 3/3 41/41
f 21/21 3/3 41/41
f 57/57 3/3 41/41
f 21/21 3/3 41/41
f 28/28 3/3 41/41
f 28/28 3/3 41/41
f 57/57 3/3 41/41
f 57/57 3/3 23/23
f 57/57 3/3 23/23
f 57/57 3/3 41/41
f 57/57 3/3 23/23
f 57/57 3/3 41/41
f 57/57 3/3 23/23
f 57/57 3/3 23/23
f 28/28 3/3 23/23
f 28/28 3/3 23/23
f 21/21 3/3 41/41
f 21/21 3/3 41/41
f 66/66 3/3 98/98
f 43/43 4/4 61/61
f 43/43 4/4 61/61
f 66/66 3/3 41/41
f 66/66 3/3 98/98
f 19/19 3/3 85/85
f 19/19 3/3 85/85
f 19/19 4/4 69/69
f 19/19 3/3 85/85
f 19/19 4/4 69/69
f 19/19 4/4 69/69
f 29/29 30/30 31/31
f 29/29 32/32 30/30
f 1/1 2/2 3/3
f 1/1 3/3 4/4
f 5/5 6/6 7/7
f 8/8 9/9 10/10
f 10/10 11/11 8/8
f 12/12 13/13 14/14
f 14/14 15/15 12/12
f 16/16 17/17 18/18
f 18/18 19/19 16/16
f 31/31 32/32 25/25
f 28/28 27/27 29/29
f 29/29 30/30 28/28
f 4/4 3/3 27/27
f 28/28 29/29 30/30
f 30/30 25/25 28/28
f 26/26 31/31 27/27
f 25/25 28/28 29/29
f 26/26 25/25 30/30
f 29/29 30/30 25/25
f 5/5 7/7 32/32
f 29/29 30/30 31/31
f 31/31 32/32 29/29
f 28/28 31/31 29/29
f 30/30 31/31 32/32
f 30/30 18/18 29/29
f 30/30 31/31 22/22
f 22/22 18/18 30/30
f 28/28 30/30 29/29
f 30/30 28/28 31/31
f 21/21 28/28 29/29
f 30/30 29/29 28/28
f 31/31 29/29 30/30
f 27/27 28/28 29/29
f 27/27 30/30 28/28
f 30/30 31/31 28/28
f 30/30 31/31 32/32
f 29/29 25/25 27/27
f 30/30 29/29 31/31
f 32/32 30/30 31/31
f 30/30 31/31 32/32
f 9/9 11/11 10/10
f 29/29 30/30 26/26
f 26/26 30/30 31/31
f 31/31 27/27 26/26
f 30/30 31/31 28/28
f 31/31 30/30 32/32
f 1/1 2/2 3/3
f 3/3 4/4 5/5
f 3/3 5/5 1/1
f 30/30 31/31 32/32
f 17/17 18/18 19/19
f 20/20 18/18 17/17
f 27/27 28/28 24/24
f 29/29 30/30 31/31
f 29/29 31/31 32/32
f 30/30 32/32 31/31
f 7/7 8/8 9/9
f 7/7 10/10 8/8
f 11/11 12/12 13/13
f 13/13 12/12 14/14
f 1/1 2/2 3/3
f 4/4 3/3 5/5
f 4/4 1/1 3/3
f 30/30 31/31 32/32
f 24/24 27/27 25/25
f 28/28 29/29 30/30
f 31/31 28/28 30/30
f 25/25 26/26 27/27
f 28/28 29/29 30/30
f 29/29 31/31 30/30
f 19/19 16/16 18/18
f 29/29 28/28 30/30
f 24/24 29/29 25/25
f 30/30 31/31 32/32
f 32/32 29/29 30/30
f 30/30 28/28 27/27
f 29/29 30/30 31/31
f 32/32 29/29 31/31
f 30/30 31/31 28/28
f 19/19 16/16 18/18
f 28/28 29/29 30/30
f 28/28 30/30 31/31
f 25/25 26/26 27/27
f 25/25 27/27 28/28
f 29/29 30/30 31/31
f 31/31 30/30 32/32
f 21/21 27/27 22/22
f 28/28 18/18 29/29
f 30/30 18/18 28/28
f 1/1 2/2 3/3
f 10/10 9/9 8/8
f 10/10 11/11 9/9
f 32/32 30/30 31/31
f 32/32 31/31 24/24
f 28/28 32/32 29/29
f 20/20 19/19 21/21
f 28/28 29/29 30/30
f 28/28 31/31 29/29
f 21/21 19/19 28/28
f 19/19 29/29 28/28
f 30/30 31/31 32/32
f 31/31 29/29 28/28
f 20/20 32/32 23/23
f 21/21 31/31 30/30
f 30/30 31/31 32/32
f 31/31 30/30 32/32
f 25/25 30/30 23/23
f 30/30 27/27 29/29
f 30/30 31/31 28/28
f 29/29 28/28 30/30
f 30/30 31/31 32/32
f 27/27 25/25 24/24
f 28/28 29/29 30/30
f 31/31 29/29 28/28
f 31/31 29/29 28/28
f 32/32 29/29 31/31
f 29/29 27/27 30/30
f 1/1 2/2 3/3
f 4/4 5/5 6/6
f 6/6 5/5 7/7
f 25/25 26/26 27/27
f 25/25 27/27 28/28
f 29/29 30/30 31/31
f 1/1 2/2 3/3
f 4/4 5/5 6/6
f 4/4 6/6 7/7
f 16/16 17/17 18/18
f 19/19 13/13 15/15
f 20/20 21/21 17/17
f 30/30 31/31 26/26
f 30/30 26/26 29/29
f 1/1 2/2 3/3
f 4/4 1/1 3/3
f 30/30 31/31 32/32
f 29/29 30/30 31/31
f 31/31 32/32 29/29
f 2/2 3/3 7/7
f 7/7 8/8 2/2
f 9/9 10/10 11/11
f 11/11 12/12 9/9
f 13/13 14/14 15/15
f 15/15 16/16 13/13
f 29/29 30/30 31/31
f 31/31 32/32 29/29
f 52/52 1/1 32/32
f 118/118 1/1 1/1
f 106/106 1/1 24/24
f 106/106 1/1 24/24
f 52/52 1/1 35/35
f 28/28 1/1 1/1
f 28/28 1/1 21/21
f 50/50 1/1 6/6
f 90/90 1/1 1/1
f 64/64 1/1 21/21
f 13/13 1/1 21/21
f 16/16 1/1 1/1
f 28/28 1/1 21/21
f 106/106 1/1 24/24
f 106/106 1/1 24/24
f 20/20 1/1 22/22
f 54/54 1/1 1/1
f 59/59 1/1 1/1
f 54/54 1/1 1/1
f 59/59 1/1 1/1
f 45/45 1/1 23/23
f 88/88 1/1 1/1
f 70/70 1/1 23/23
f 64/64 1/1 23/23
f 70/70 1/1 23/23
f 64/64 1/1 23/23
f 21/21 3/3 41/41
f 21/21 3/3 41/41
f 21/21 3/3 41/41
f 7/7 8/8 9/9
f 28/28 29/29 30/30
f 31/31 29/29 28/28
f 23/23 24/24 25/25
f 25/25 26/26 23/23
f 14/14 11/11 13/13
f 40/40 1/1 22/22
f 29/29 1/1 93/93
f 39/39 1/1 94/94
f 49/49 1/1 22/22
f 61/61 1/1 23/23
f 61/61 2/2 109/109
f 61/61 1/1 23/23
f 103/103 1/1 23/23
f 103/103 2/2 109/109
f 103/103 1/1 23/23
f 85/85 3/3 41/41
f 69/69 4/4 106/106
f 30/30 29/29 31/31
f 1/1 2/2 3/3
f 4/4 1/1 3/3
f 13/13 15/15 14/14
f 15/15 16/16 14/14
f 17/17 18/18 19/19
f 19/19 20/20 17/17
f 1/1 2/2 3/3
f 3/3 4/4 1/1
f 17/17 19/19 18/18
f 17/17 20/20 19/19
f 5/5 7/7 6/6
f 5/5 8/8 7/7
f 17/17 18/18 19/19
f 19/19 20/20 17/17
f 17/17 18/18 13/13
f 18/18 19/19 13/13
f 32/32 31/31 27/27
f 29/29 32/32 27/27
f 11/11 18/18 13/13
f 18/18 11/11 10/10
f 30/30 31/31 29/29
f 29/29 31/31 32/32
f 24/24 25/25 26/26
f 27/27 28/28 29/29
f 30/30 27/27 29/29
f 9/9 10/10 5/5
f 15/15 29/29 30/30
f 13/13 31/31 32/32
f 20/20 21/21 22/22
f 21/21 23/23 22/22
f 30/30 31/31 27/27
f 30/30 32/32 31/31
f 1/1 2/2 3/3
f 1/1 4/4 2/2
f 28/28 32/32 25/25
f 2/2 7/7 3/3
f 3/3 7/7 8/8
f 3/3 8/8 4/4
f 27/27 28/28 29/29
f 30/30 27/27 29/29
f 10/10 4/4 6/6
f 14/14 16/16 20/20
f 29/29 30/30 31/31
f 30/30 29/29 32/32
f 15/15 16/16 12/12
f 12/12 16/16 10/10
f 27/27 28/28 29/29
f 30/30 27/27 29/29
f 3/3 8/8 7/7
f 7/7 8/8 9/9
f 18/18 19/19 10/10
f 20/20 19/19 18/18
f 1/1 2/2 3/3
f 3/3 4/4 1/1
f 4/4 5/5 1/1
f 14/14 11/11 10/10
f 27/27 32/32 25/25
f 4/4 2/2 5/5
f 7/7 2/2 4/4
f 3/3 8/8 1/1
f 21/21 23/23 27/27
f 26/26 28/28 25/25
f 29/29 30/30 31/31
f 31/31 30/30 32/32
f 20/20 19/19 23/23
f 24/24 25/25 26/26
f 26/26 27/27 24/24
f 28/28 26/26 25/25
f 17/17 18/18 19/19
f 17/17 20/20 18/18
f 2/2 5/5 3/3
f 3/3 5/5 7/7
f 17/17 18/18 19/19
f 17/17 20/20 18/18
