mtllib assets09_model_483.mtl
# Conker's Bad Fur Day — Real 3D Model (Multiplayer Level Models)
o assets09_model_483
usemtl assets09_model_483_mat

v 16.0100 16.3500 15.5700
v 2.4100 -0.5700 -2.4100
v -20.5200 17.9400 15.5700
v -25.5700 0.0000 0.0000
v -27.4400 -27.4100 -21.4100
v -36.1400 34.2200 27.0300
v 9.8500 0.0000 0.0000
v -9.1700 -36.5200 -37.4400
v 3.5500 -33.2900 -27.1200
v -5.9200 -26.4800 38.3400
v -9.9300 0.0000 0.0000
v 38.5400 35.9400 30.7900
v -7.9300 -17.8300 0.0000
v 39.9500 -1.5500 -31.6200
v 2.5600 0.0000 0.0000
v -5.7600 -6.2600 14.4100
v -15.4500 -1.9800 7.7100
v 10.7800 -5.9500 -15.0500
v -38.4600 -0.2700 -22.1700
v 9.9600 18.2700 -12.4900
v -13.3400 -4.2200 -13.3300
v -17.4900 23.3700 -14.2500
v -19.8500 7.6800 0.0000
v 37.0600 10.4300 -18.8200
v 5.1200 0.0000 0.0000
v 30.0500 23.3100 -8.6400
v -11.8600 16.3200 -23.0400
v -20.4600 0.0000 0.0000
v -37.9300 24.3700 -1.8800
v -2.5400 0.0000 0.0000
v -38.1700 -5.3000 -20.3700
v 12.9300 30.8400 35.9600
v -34.5500 -5.2400 -10.9900
v -10.2400 0.0000 0.0000
v -10.0900 0.0000 0.0000
v -30.7900 17.9200 0.0000
v -2.5400 0.0000 0.0000
v -2.8800 -4.5200 -21.1600
v 31.7600 0.0000 0.0000
v 13.5200 -10.4900 -31.0500
v -13.7100 -32.4500 -8.7400
v -27.2400 -9.5000 -19.3300
v -22.0900 -15.5800 -19.5200
v -2.5600 0.0000 0.0000
v -26.1900 -12.0700 -35.0100
v -10.3000 38.4000 0.0000
v 5.1200 0.0000 0.0000
v 24.2400 20.9300 -38.8800
v -27.8500 0.0000 0.0000
v 9.9800 -1.2600 -32.5900
v -16.1100 -8.4500 -2.6400
v 5.1200 0.0000 0.0000
v -16.8300 -10.3900 28.7100
v -27.8500 0.0000 0.0000
v -24.0100 6.7100 -9.9700
v 2.4100 -1.2900 -0.7300
v -9.2900 0.0000 0.0000
v 5.8000 8.0200 12.2800
v -1.2900 19.9400 -38.3900
v 7.6800 0.0000 0.0000
v 7.6800 0.0000 0.0000
v 30.6800 5.2900 33.5000
v 28.9400 -10.0800 -22.0900
v 17.9200 0.0000 0.0000
v 28.0200 -0.0200 -6.3700
v -1.6100 -8.6500 -7.0700
v 2.4100 -0.5600 -1.7700
v 10.2400 0.0000 0.0000
v 4.5400 -35.4500 24.8300
v -10.9000 -10.8900 -1.9500
v -20.0300 27.7800 -34.8800
v -6.3700 -6.4100 -5.1200
v 38.4000 0.0000 0.0000
v 25.1700 18.8200 -36.1800
v -26.6300 13.7300 -16.3300
v 2.4100 -0.6500 -1.2900
v -21.7700 -37.9300 2.7700
v -30.1700 0.6800 25.8600
v -0.6400 -38.8300 7.9200
v -0.1200 -2.0100 16.3300
v 19.2700 -0.2700 -21.5900
v -0.6500 -19.8500 -11.5700
v -13.8300 29.7300 -7.4600
v 33.2800 0.0000 0.0000
v 29.7000 -24.7700 -8.6800
v -1.3200 -0.0900 -5.1300
v -19.8400 -37.8700 6.8000
v -33.9100 -4.2500 21.3400
v -31.2100 -8.0100 -20.5100
v -9.6900 0.6800 -35.2300
v -27.9300 0.0000 0.0000
v -15.4000 33.2800 0.0000
v -0.6500 4.1000 19.4200
v -12.0000 -33.2800 0.0000
v -5.0700 0.0000 0.0000
v 33.8700 -13.9500 -38.7200
v 15.3600 0.0000 0.0000
v 31.9800 32.8600 -0.0100
v 26.1400 -0.0900 -0.9700
v -7.8900 31.3600 -27.5200
v -6.4100 6.9200 -28.9100
v 20.4600 0.0000 0.0000
v -11.4400 13.2000 -32.6400
v 2.4100 -1.4500 -0.3300
v 15.7900 7.8700 28.8800
v -24.9200 -31.0900 -5.2500
v -16.8100 -0.0100 6.8200
v -2.6200 29.9800 -12.4200
v -1.2700 -7.9500 -1.9300
v -15.2100 -12.7300 0.0000
v -5.1200 0.0000 0.0000
v 4.1900 11.3000 0.0100
v -1.9200 4.1400 -2.4100
v -27.2000 -30.5600 -20.3200
v -2.0900 -3.0500 -4.8200
v 15.7900 15.5800 -27.4300
v 20.4800 0.0000 0.0000
v 2.4100 -0.2100 32.2800
v 15.5500 16.0300 15.8700
v 2.4100 -0.9300 -0.9700
v 10.7800 -6.4100 -5.1300
v -35.5700 7.7900 8.0300
v 22.1700 -15.4300 -17.1600
v -0.4100 -1.6100 32.3900
v -14.7300 -14.3300 -12.4400
v -1.5000 -1.6200 32.4800
v -0.5700 33.2400 32.1200
v 12.8000 0.0000 0.0000
v 16.4600 17.7700 -1.2900
v 1.3600 -0.0100 34.6000
v -2.2400 -26.7600 30.7900
v -23.8900 20.8800 29.7700
v -20.5200 17.9400 15.5700
v -9.6100 -12.5600 -1.3700
v -4.8500 -0.0100 -0.9800
v 5.8200 -14.7200 -35.5200
v -25.6700 8.6800 -26.9300
v 17.9200 0.0000 0.0000
v 25.5700 12.4700 31.1800
v -30.0900 -37.1100 25.0300
v 17.9200 0.0000 0.0000
v -16.3500 12.4500 -8.8800
v 12.8000 0.0000 0.0000
v -30.4900 14.0900 -0.0100
v 38.6100 17.9200 0.0000
v 0.1700 3.2000 20.5200
v 2.2600 -2.2700 30.9800
v -12.4700 -25.1100 22.1000
v -9.6900 -2.5700 -1.9500
v 2.2600 -2.2900 -2.8900
v 35.9000 14.3200 -7.5200
v 17.9200 0.0000 0.0000
v 2.2600 -2.0100 -4.0100
v -16.8100 -7.6900 -1.3300
v -30.4900 14.0900 -0.0100
v 0.0400 22.7200 0.0000
v 0.0000 0.6400 0.0000
v 0.0000 21.6800 0.0000
v 0.0000 34.0800 0.0000
v -28.1100 39.0600 2.8700
v 0.0000 0.1600 0.1000
v 0.1000 0.1600 0.1000
v 0.1000 0.1600 0.1000
v 3.1100 8.4000 -2.3700
v 7.8800 -2.0400 0.0000
v -1.6400 0.4100 -2.5300
v 10.1100 1.1700 4.2500
v 1.0500 3.8200 6.6100
v 3.3800 6.6900 3.9200
v 6.7900 4.0500 4.7600
v 4.2200 4.2500 0.9200
v 3.7400 1.2000 3.3600
v 1.3700 3.7800 -2.0300
v 8.6800 1.3200 1.1600
v 2.7200 1.2400 9.4100
v 2.2500 13.2600 9.6600
v 15.2500 7.8200 0.0300
v 3.6200 1.0300 -8.2600
v 2.6400 -8.6300 7.1500
v -7.5200 4.4300 -2.4100
v 10.2400 9.5900 -2.0800
v 9.3000 -2.5900 0.3100
v -3.0700 -0.8300 9.2900
v -2.1300 9.6900 1.0000
v 10.7200 1.7700 -1.3900
v 3.1500 -0.6100 -3.0800
v 0.2900 -4.3400 1.3700
v -5.3900 2.2300 2.6900
v 10.2400 4.7500 6.1600
v 4.9600 9.4900 7.3100
v 11.2000 6.7500 2.9500
v 6.2700 1.7000 20.8200
v 0.4900 23.3600 9.0700
v 25.9200 8.6500 1.8800
v 11.0900 1.5100 5.9400
v 2.4000 16.0000 4.2400
v 25.4800 8.3700 2.8200
v 6.8600 -3.2100 23.5200
v 6.2600 2.5000 7.2400
v 4.2200 23.1700 4.2100
v 15.3700 7.4200 4.8600
v 7.6700 -5.6900 12.4800
v 5.6800 5.3000 7.7200
v 7.0700 26.6800 3.4300
v 5.6700 6.6800 7.6300
v 7.7800 -5.0100 5.4900
v 4.5100 11.4400 7.7500
v 9.1900 19.9800 2.6800
v 9.2800 8.5400 9.7100
v 7.6400 -0.0800 10.3600
v 1.8200 20.0400 7.6100
v 10.9700 9.4100 1.9700
v 13.3100 8.9200 11.2100
v 7.5400 1.3100 14.3900
v -2.9700 25.3500 7.5100
v 10.7300 2.5100 1.6200
v 18.8200 8.8500 9.5600
v 7.3200 2.8300 20.5900
v -5.1500 17.0000 7.2400
v 5.8200 5.1100 2.2900
v 25.4400 8.8300 5.4500
v 7.0500 5.5600 27.2900
v -6.2600 5.8200 7.0200
v 5.5100 8.9800 4.2200
v 29.2800 8.7000 5.2400
v 7.2700 8.5400 27.7700
v -2.1800 2.4300 7.7000
v 2.8000 16.4000 4.8000
v 20.5900 7.4000 1.8700
v 8.7000 10.4000 17.7400
v -0.0500 6.3400 8.5400
v 0.0000 23.2200 4.8100
v 9.5700 6.0200 -0.4500
v 7.6800 11.2000 7.3900
v 0.1100 10.4400 7.4500
v -1.9200 23.0300 4.5400
v 5.0300 6.3400 -2.5800
v 7.1000 7.8000 5.8300
v 3.4700 19.1600 7.0300
v -4.7400 13.6100 3.5500
v 9.5000 8.0100 -5.3800
v 6.8000 4.1300 10.9000
v 7.3200 25.6700 6.7200
v -6.5100 4.2200 2.8100
v 15.6400 8.2800 -6.4800
v 6.5200 2.3100 17.2800
v 9.5800 21.4800 6.4400
v -1.8500 4.3600 4.2700
v 21.9300 8.3300 -0.0300
v 6.1900 0.6800 23.2800
v 10.6800 8.7600 6.1100
v 1.4800 9.9500 4.7700
v 26.4600 8.4100 1.6400
v 5.9600 -0.9500 27.0500
v -28.1100 39.5300 2.8700
v 0.0000 0.1600 0.1000
v 0.1000 0.1600 0.1000
v 0.1000 0.1600 0.1000
v 27.2600 8.4500 1.9700
v 7.8400 2.8100 18.1500
v 3.7000 21.7900 4.4600
v 10.2400 6.3500 8.2100
v 4.4500 13.9300 7.1900
v 18.9100 7.7000 -7.3000
v 7.8700 -7.5200 4.1800
v -7.2700 2.9700 3.2600
v 2.2300 2.2900 8.1600
v 1.7700 8.1400 20.2500
v 8.1400 18.3400 3.2200
v -5.3800 29.1600 7.3800
v 25.3400 7.0700 -4.3800
v 7.4600 9.3300 2.6400
v 9.5000 1.7000 0.7100
v -5.6700 0.5500 5.2900
v 0.1900 5.4100 -5.4000
v 5.4600 -5.1000 9.1900
v -5.0700 -0.2200 6.9200
v 1.4700 6.9300 12.0100
v 6.1700 12.3700 5.1700
v 12.6600 5.9600 -4.2400
v -4.4400 -2.3100 2.9400
v -2.7300 2.5000 -4.3200
v 2.2900 -4.2900 0.0000
v -4.2600 -0.7600 3.1500
v -1.5700 2.8000 8.3900
v 1.9100 7.5400 15.9100
v 8.3900 14.7600 -5.9900
v -5.4100 -2.4300 -1.9800
v -1.6600 -2.2600 -5.5300
v -2.4400 -5.4900 2.2700
v -5.2700 3.0300 -0.7100
v 4.0000 -0.7100 7.9700
v -0.7200 7.7800 2.9000
v 7.9600 3.9400 -2.3900
v -4.3900 3.4700 -2.5100
v 2.1300 -2.5200 -3.3200
v -2.5200 -3.2200 6.6600
v -3.1500 6.6200 -0.7300
v 6.6000 -0.7300 8.5100
v -0.7300 8.5100 4.9700
v 8.5000 4.9500 -2.7100
v 20.5000 -1.7100 0.9200
v -1.7800 0.9800 -2.5200
v 1.0500 -2.5200 -3.2400
v -2.5200 -3.2800 6.7100
v -3.3100 6.7300 -0.7300
v 6.7300 -0.7300 8.4300
v 9.7800 0.4300 5.9500
v 1.1100 15.8700 5.8200
v 23.0500 7.5400 0.1700
v 5.9500 -2.3600 20.9500
v 10.9100 16.2200 5.9500
v -2.0500 22.5600 5.8700
v 15.8600 6.7600 -2.4300
v 5.9600 -3.0700 14.7000
v 11.3900 33.3100 5.9600
v -3.2300 35.3400 5.8800
v 11.6700 8.4000 -3.4000
v 5.9700 -2.6800 10.5300
v 7.0200 8.5500 -3.7500
v 5.9800 -1.2100 6.0300
v 4.5500 8.4900 -3.6800
v 6.0300 -0.5600 4.6200
v 10.9100 37.6100 6.0400
v -3.4200 31.3300 6.2500
v 6.3100 8.4000 -3.3100
v 6.0400 0.0500 7.6700
v 10.2900 22.3200 6.0300
v -2.9900 19.9000 6.0500
v 14.6700 8.3900 -2.8900
v 5.8100 -0.1800 18.2100
v 9.2900 13.4500 5.5400
v -2.3900 15.9900 2.8000
v 29.4300 7.0000 -2.2900
v 5.3700 -0.9800 32.3600
v 8.9100 10.2500 5.6700
v -2.2700 12.6100 2.6100
v 9.2000 6.2300 6.3700
v -2.3800 8.4000 4.0500
v 8.3300 0.9700 5.5200
v -2.1900 4.8800 5.0500
v 8.6900 0.1800 6.4000
v -1.3000 3.8200 4.9300
v 36.1600 7.0000 -1.1200
v 8.3800 -1.9800 33.1500
v 10.2900 4.5300 8.8700
v -0.6900 10.0500 4.9100
v 24.6900 7.0000 -0.7700
v 8.7400 -2.4100 22.3800
v 11.3600 17.7400 8.2600
v -2.0100 22.1100 4.9500
v 17.6600 6.9100 -2.5500
v 7.0000 -2.1700 16.4900
v 12.0300 32.9600 6.8700
v -3.9800 34.3300 4.9800
v 13.6200 8.0700 -4.5200
v 6.7300 -2.4200 12.7900
v 10.1100 8.3900 -6.3100
v 6.7700 -3.1400 9.2100
v 6.8800 7.6900 -6.3300
v 6.6900 -3.2800 6.2200
v -5.3700 39.8600 5.0800
v 5.5400 7.7900 -4.9500
v 6.5200 -1.8600 5.9800
v 11.5400 29.7000 6.4900
v -3.6300 27.7500 5.1000
v 11.3900 7.3600 -3.2100
v 6.5000 0.1200 13.9700
v 10.7300 15.1400 6.6000
v -2.2100 18.2700 4.7100
v 21.3800 6.9000 -1.9800
v 7.1700 1.2100 23.8000
v 10.2700 8.4500 7.3100
v -1.6500 13.9000 3.8000
v 30.7200 7.1200 -1.6300
v 7.2100 0.9300 33.3000
v 9.5800 8.1100 7.1300
v -1.7700 7.8700 4.9500
v 8.8100 6.6300 6.7900
v -2.5200 3.9100 4.2600
v 8.6000 4.5000 6.4200
v -0.8000 7.5300 4.7500
v 37.1600 8.1800 -0.1000
v 6.1400 -1.0300 33.6400
v 9.5500 1.2400 6.0400
v 1.9800 14.3200 5.8100
v 0.0000 0.0000 0.1600
v -0.1300 -5.8300 2.5700
v 0.2900 0.0000 0.0000
v 0.1400 -0.0900 -0.9900
v -0.6500 -0.1300 -5.8300
v 0.0000 1.7600 0.0000
v 0.0000 4.0800 0.0000
v 0.0000 6.0800 0.0000
v 0.0000 7.4400 0.0000
v 0.0000 10.3200 0.0000
v 0.0000 15.0400 0.0000
v 7.6800 0.0000 0.0000
v 0.9600 -17.2200 0.0600
v 21.4400 -1.2500 0.0500
v 0.0900 0.3100 -4.9700
v -0.2500 -12.4200 -6.0300
v -5.0700 -7.3000 -6.0300
v 7.6800 0.0000 0.0000
v 0.0600 0.0600 -5.3900
v 0.0500 -31.9300 -38.0100
v -17.8600 0.0000 0.0000
v -20.7200 0.0000 0.0000
v -17.1900 0.0000 0.0000
v 0.0900 0.3100 0.1300
v -17.5300 0.0000 0.0000
v -10.1500 0.0700 -15.9400
v -6.0100 -16.9000 -28.7200
v 0.0000 -37.1200 0.0700
v 0.0000 0.0000 -23.6800
v 0.0000 1.0400 0.0000
v 7.6800 0.1600 7.7800
v 0.1000 -17.6200 0.0700
v 7.7800 0.1600 7.7800
v 0.0000 1.0400 0.0000
v 0.0000 1.9200 0.0000
v 0.0000 2.3200 0.0000
v 7.2200 -2.0400 0.3700
v 0.0500 0.0400 0.0000
v 2.4900 -2.6200 0.2500
v 17.5700 -18.4400 1.8800
v 17.7700 -18.6400 2.0100
v 17.8200 -18.6900 2.0400
v 17.8100 -18.6900 2.0400
v 17.7600 -18.6400 2.0100
v 17.5700 -18.4400 1.8800
v 7.0800 -7.4400 0.7100
v 2.6700 -2.3500 0.1600
v -17.8900 -24.5200 -0.9100
v -6.4000 18.1400 -3.1100
v 15.5100 -11.6800 1.3200
v 0.0000 1.1200 0.0000
v 0.0000 3.1200 0.0000
v 0.0000 6.9600 0.0000
v 0.0000 8.3200 0.0000
v 0.0000 8.8800 0.0000
v 0.0000 10.4800 0.0000
v 0.0000 13.4400 0.0000
v 0.0800 0.5700 0.0900
v 0.1600 7.7800 0.1600
v 0.0000 -2.1600 0.0000
v 7.6800 0.0000 0.0000
v 0.0000 -5.0700 0.0000
v 0.0000 0.0000 -9.5200
v 7.6800 0.0000 0.0000
v 0.1600 15.4500 0.0000
v 0.0700 0.0000 0.0000
v 0.0800 0.6200 0.0000
v -0.6600 0.5300 0.0400
v -0.6600 0.5300 0.0400
v 28.5800 0.0000 0.0000
v 6.6400 0.0000 -1.7100
v 6.6400 0.0000 -1.7100
v 0.0800 0.5600 0.0700
v 0.0000 0.0000 0.0900
v 0.0000 -13.3900 -8.9000
v 0.0000 1.3600 0.0000
v 0.0000 7.6000 0.0000
v 0.0000 10.3200 0.0000
v -27.1100 -35.4400 -4.7200
v -6.6600 -29.0400 0.0000
v -1.3500 1.4300 -0.5800
v -1.3500 1.4300 -0.5800
v -1.3500 1.4300 -0.5800
v -1.3500 1.4300 -0.5800
v 0.0400 -38.3200 0.0000
v -0.1600 2.0800 0.0000
v -0.1600 2.0800 0.0000
v -0.1600 2.0800 0.0000
v -0.3100 -21.3600 0.0000
v 0.0600 2.2300 -0.2600
v 0.0600 2.2300 -0.2600
v 0.0600 2.2300 -0.2600
v 0.0000 0.0000 -10.8000
v -13.3600 -22.6500 -10.5100
v -29.3800 0.0000 0.0000
v 0.0000 0.4800 0.0000
v 0.0000 12.2400 0.0000
v 0.0000 22.4800 0.0000
v 0.1000 1.8100 0.2400
v 0.1000 -29.6000 0.1000
v -13.0600 -5.3700 0.1100
v 7.6800 0.0000 0.0000
v -6.9600 38.8100 -12.3900
v 0.9200 0.3400 0.1800
v 0.9200 0.3400 0.1800
v 0.9200 0.3400 0.1800
v 0.9200 0.3400 0.1800
v 0.9200 0.3400 0.1800
v 0.9200 0.3400 0.1800
v 0.9200 0.3400 0.1800
v 0.9200 0.3400 0.1800
v 0.9200 0.3400 0.1800
v 0.9200 0.3400 0.1800
v 0.9200 0.3400 0.1800
v 0.9200 0.3400 0.1800
v 0.9200 0.3400 0.1800
v 0.9200 0.3400 0.1800
v 0.9200 0.3400 0.1800
v 0.9200 0.3400 0.1800
v 0.9200 0.3400 0.1800
v 0.9200 0.3400 0.1800
v 0.9200 0.3400 0.1800
v 0.9200 0.3400 0.1800
v 0.9200 0.3400 0.1800
v 0.9200 0.3400 0.1800
v 0.9200 0.3400 0.1800
v 0.9200 0.3400 0.1800
v 0.9200 0.3400 0.1800
v 0.9200 0.3400 0.1800
v 0.9200 0.3400 0.1800
v 0.9200 0.3400 0.1800
v 0.9200 0.3400 0.1800
v 0.9200 0.3400 0.1800
v 0.9200 0.3400 0.1800
v 7.6800 0.0000 0.0000
v 0.0000 -21.3600 0.0000
v 0.0000 0.6400 0.0000
v 0.0000 1.9200 0.0000
v 0.0000 10.7200 0.0000
v 0.0000 15.0400 0.0000
v 2.6100 -9.8000 -2.4900
v 0.1000 0.1600 0.1000
v 2.6100 -8.4300 -2.3800
v -0.0100 0.0000 -0.0100
v 0.0300 -0.0100 0.0000
v -0.0100 0.0500 -0.0100
v 0.0300 -0.0200 0.0600
v -0.0500 0.0300 -0.0900
v 0.1500 -0.0500 0.0300
v -0.0500 0.1600 -0.0600
v 0.1000 -0.0600 0.1800
v -0.0800 0.0500 -0.1500
v 0.2300 -0.0800 0.0500
v -0.0800 0.2300 -0.0800
v 0.1300 -0.0800 0.2300
v -0.0700 0.0400 -0.1200
v 0.1600 -0.0600 0.0400
v -0.0500 0.1400 -0.0500
v 0.0600 -0.0400 0.1100
v 0.5500 -0.3500 0.9900
v -1.7800 0.6700 -0.4200
v 0.6600 -1.8700 0.7000
v -1.0600 0.6700 -1.8900
v 15.4000 -1.0400 0.6600
v 0.6400 -0.4000 1.1500
v -0.9500 0.6000 -1.7000
v 0.6400 -0.4000 1.1500
v 0.6000 -1.7000 0.6400
v 2.1600 -0.9500 0.6000
v -1.7000 0.6400 -0.4000
v -0.9500 0.6000 -1.7000
v 0.0500 0.1100 0.0000
v 0.0000 1.2000 0.0000
v 0.0000 1.6800 0.0000
v 0.0000 3.9200 0.0000
v 0.0000 4.9600 0.0000
v 7.6800 0.0000 0.0000
v 0.0600 0.7100 0.0900
v 0.0000 0.0000 -2.8100
v -0.1000 0.4800 -34.4300
v -1.7200 6.9000 29.6600
v 2.4900 -1.6800 7.7500
v 0.0600 0.3100 0.0600
v 2.3800 -1.7900 5.5900
v 4.0200 1.4900 -8.8500
v -7.6300 3.4800 2.0300
v 2.3800 -1.7900 5.5900
v 7.6800 20.4800 0.0000
v 1.6000 0.0000 0.0000
v -1.9100 7.4500 2.4700
v 1.9600 -0.6400 -12.2400
v 0.0600 1.4100 0.1000
v 2.3800 -1.7900 5.5900
v 2.7200 -6.8900 6.8600
v 20.6400 -2.0700 -7.5200
v 6.3000 -5.6500 5.7400
v 21.3600 -13.1200 11.4600
v -2.0100 9.8600 11.8700
v -1.7900 5.5900 0.2600
v 7.6800 0.0000 0.0000
v 0.0000 0.6400 0.0000
v 0.0000 4.4800 0.0000
v 0.0000 6.6400 0.0000
v 0.0000 7.5200 0.0000
v 0.1400 0.1300 0.6600
v 26.9700 0.0000 0.0000
v 0.0000 1.9300 0.0000
v 0.0000 0.0000 3.5800
v -4.2200 0.0000 0.0000
v 0.0000 0.0000 -20.0300
v -15.4000 0.0000 0.0000
v 0.0000 24.8900 0.0000
v -0.5300 0.0000 0.0000
v 0.0000 -15.4000 0.0000
v 0.0000 0.0000 22.3900
v 0.1400 0.0400 0.4600
v 26.8900 0.0000 0.0000
v -1.2600 0.0000 0.0000
v -1.2600 0.0000 0.0000
v -1.2600 0.0000 -2.8800
v -1.2600 0.0000 -2.8800
v -1.2600 0.0000 -2.8800
v -1.2600 0.0000 0.0000
v -20.2500 0.0000 0.0000
v 0.0000 8.7300 0.0000
v 0.0000 0.0000 -20.2500
v 8.7300 0.0000 0.0000
v 7.6800 0.0000 0.0000
v -7.5400 -19.7700 -1.8000
v 26.9700 0.0000 0.0000
v -20.2500 0.0000 0.0000
v 0.0000 8.7300 0.0000
v 0.0000 0.0000 8.7300
v 0.0000 -20.2500 0.0000
v -0.0200 0.0000 22.3900
v 8.7900 -0.0200 0.0000
v 0.0000 -0.5300 0.0000
v 0.0000 0.0000 -15.4000
v 22.3900 0.0000 0.0000
v 0.0000 0.0000 -0.0100
v 0.0000 0.0000 -20.2500
v -15.4000 0.0000 0.0000
v 0.0000 0.0100 0.0800
v -20.2500 0.0000 0.0000
v 0.0000 8.7300 -0.0300
v 0.0200 0.0000 8.8000
v -1.5100 -6.9200 0.5300
v 0.1600 0.0000 13.9400
v 7.6600 0.1000 0.0000
v -0.0600 -1.4000 0.0400
v 2.3300 0.0000 -4.8400
v 5.1800 0.0000 0.0000
v 0.0000 0.0000 0.1000
v 0.0800 7.4100 19.5500
v 1.3400 -2.1400 2.3700
v 0.0000 -0.1100 -0.6700
v 8.4600 4.6800 -2.2300
v 2.5700 8.4900 1.0900
v 0.1000 0.0000 10.3700
v 0.6400 2.4700 1.5000
v 1.0800 0.0000 2.9800
v 4.3300 3.5100 0.0000
v 0.1000 0.0900 -0.0800
v -0.1600 0.0000 -0.1900
v -0.4600 0.0000 0.0000
v 0.0000 0.0000 -0.0100
v -0.3400 0.0000 0.0000
v 0.0000 0.0000 1.0600
v 1.0600 0.0000 0.0000
v 0.0000 2.1300 0.0000
v 1.6300 0.0000 -1.1900
v -1.1800 0.0000 0.0000
v 0.0000 0.0000 1.0600
v 1.0600 0.0000 0.0000
v 0.0000 2.1300 0.0000
v 0.0800 0.0000 0.3800
v 0.0000 38.5600 0.0000
v 0.0000 39.2000 0.0000
v 0.0000 -30.4000 0.0000
v 0.0000 -22.9600 0.0000
v 0.0000 -22.3200 0.0000
v 0.0000 -13.8400 0.0000
v 0.0000 -5.6000 0.0000
v 0.0100 7.6800 0.0000
v 0.0100 18.4000 0.0000
v 0.0100 21.9200 0.0000
v 0.0100 25.6000 0.0000
v 0.0100 29.2800 0.0000
v 0.0100 31.0400 0.0000
v 0.0100 32.8800 0.0000
v 0.0100 34.6400 0.0000
v 0.0100 36.4000 0.0000
v 0.0100 38.7200 0.0000
v 0.1000 0.1100 0.0000
v 0.1000 0.4100 0.1300
v -29.0400 -10.5000 -5.7000
v 0.1000 1.5100 0.0900
v 20.8000 -10.5600 8.6400
v 0.1000 0.4000 0.1200
v -17.5400 5.1700 14.1300
v 19.8800 23.1200 0.0000
v 5.7600 1.6000 0.5600
v 7.6800 0.0000 0.0000
v 7.6800 3.5200 -20.1600
v -15.2900 -0.5800 -8.5600
v 0.1000 0.3100 0.1500
v 3.6000 -24.5900 -16.8900
v 7.6800 0.0000 0.0000
v 0.0700 -10.8100 0.0900
v 7.6800 0.0000 0.0000
v 7.6800 0.0000 0.0000
v -2.8400 -7.3100 0.0900
v 0.0800 0.0000 0.0000
v 0.1000 0.4600 0.2000
v -29.6900 -33.5300 -4.0800
v -8.5600 -2.2100 -5.3900
v 7.6800 0.0000 0.0000
v -0.2700 -10.8200 0.0900
v 0.1000 0.2500 0.0600
v 8.6400 3.2000 -1.2800
v -26.4700 0.0000 0.0000
v 0.0000 0.0000 -16.5600
v 0.1000 0.5300 0.2000
v 7.6800 0.0000 0.0000
v 0.0700 -9.8300 -7.6300
v 0.0000 0.0000 0.0900
v 0.1000 0.4100 0.1900
v 0.0700 -39.9200 -27.4500
v -6.9900 -31.2900 -10.4900
v 7.6800 0.0000 0.0000
v -11.7800 -20.7300 -13.0500
v 0.0000 0.0000 0.0900
v 7.6800 0.0000 0.0000
v 0.0000 0.0000 0.0700
v 0.1000 0.4000 0.2300
v 0.0800 -11.1400 -5.7000
v 0.1000 0.7100 0.1500
v -18.1600 0.0000 0.0000
v -5.3900 -26.7900 0.0000
v 0.1000 0.5500 0.1800
v 5.2100 0.0400 -2.8400
v 0.1000 0.2600 0.0900
v 6.4900 0.0000 0.0000
v 7.6800 0.0000 0.0000
v -34.1700 -31.2800 0.0000
v 0.0600 -17.5400 0.0800
v 0.1000 0.6200 0.1500
v 0.0800 -0.9400 -0.9400
v 0.1000 0.6000 0.2000
v 0.0000 -2.1800 0.0000
v -5.0400 -12.7100 -5.3600
v 9.3900 0.0000 0.0000
v 9.8900 0.0000 0.0000
v 7.6800 0.0000 0.0000
v 0.1000 0.1000 0.1200
v 0.0000 -22.0100 0.0000
v -7.4400 0.0000 22.4000
v 0.1000 0.6400 0.1900
v -14.3200 0.0600 0.0500
v 7.6800 0.0000 0.0000
v -8.9100 -33.8400 0.0500
v 0.0000 0.0000 0.0800
v -11.1200 0.0800 -27.1300
v 7.6800 0.0000 0.0000
v -0.5800 -11.7800 -21.3500
v 0.1000 0.3400 0.1500
v -8.2300 0.0400 -1.8800
v 7.6800 0.0000 0.0000
v 0.0500 -7.6300 -1.8300
v 0.1000 0.5100 0.1900
v 38.7600 -16.2500 -7.6200
v 25.7600 4.4800 8.0400
v 0.1000 1.0100 0.0600
v -15.3100 -36.7100 -5.1200
v 0.1000 1.0100 0.0400
v -5.4400 -36.8000 -5.1200
v 7.6800 0.0000 0.0000
v -1.2200 -17.5400 0.0900
v 0.1000 0.7100 0.2100
v 0.0900 -2.8300 -4.4400
v -26.1700 -38.3200 -5.3700
v -24.5500 0.0000 1.5500
v 0.1000 1.0600 0.1600
v 0.0700 -0.2900 -0.3100
v -1.8900 -10.8100 0.0000
v 31.1000 -8.7600 26.2400
v 0.1000 1.3900 0.2800
v -4.7600 0.0800 -24.2500
v -4.4200 0.0000 0.0000
v 24.3700 8.9600 -0.0300
v -0.0300 0.0600 0.0600
v -0.0300 0.0600 0.0600
v -0.0300 0.0600 0.0600
v -0.0300 0.0600 0.0600
v -0.0300 0.0600 0.0600
v -0.0300 0.0600 0.0600
v -0.0300 0.0600 0.0600
v -0.0300 0.0600 0.0600
v -0.0300 0.0600 0.0600
v -0.5800 -2.1500 -34.4800
v -0.0300 0.0600 0.0600
v -7.6800 15.3600 15.6200
v 0.0600 0.0900 -20.4100
v -0.0300 0.0600 0.0600
v -0.0300 0.0600 0.0600
v -0.0300 0.0600 0.0600
v -0.0300 0.0600 0.0600
v 0.1000 0.3400 0.1900
v 0.0000 -18.4800 0.0600
v 7.6800 0.0000 0.0000
v 0.0000 -20.4800 0.0000
v 0.0000 0.0000 2.2400
v 7.6800 0.0000 0.0000
v 0.0000 0.0000 11.6000
v 7.6800 0.0000 0.0000
v -4.4200 -3.1200 0.0600
v -3.1600 0.0200 27.2700
v 7.6800 0.0000 0.0000
v -13.6900 -37.3600 -2.1600
v -9.5100 22.1600 1.6500
v 7.6800 0.0000 0.0000
v -5.7000 -7.6300 28.8800
v 0.4100 20.5600 7.1000
v 7.6800 0.0000 0.0000
v 0.3200 -3.2000 0.0000
v -13.4400 1.2800 9.9200
v -0.0300 0.0600 0.0600
v -0.0300 0.0600 0.0600
v -0.0300 0.0600 0.0600
v -0.0300 0.0600 0.0600
v -0.0300 0.0600 0.0600
v -0.0300 0.0600 0.0600
v 3.2000 -0.0300 0.0600
v 0.9000 0.4200 -0.0700
v 0.0600 0.9000 0.4200
v 0.0600 0.0600 0.9000
v -0.0300 0.0600 0.0600
v 0.9000 0.4200 -0.0700
v 0.0600 0.9000 0.4200
v 0.0600 0.0600 0.9000
v -0.0300 0.0600 0.0600
v 0.9000 0.4200 -0.0700
v 0.0600 0.9000 0.4200
v 0.0600 0.0600 0.9000
v 0.1000 0.7100 0.1400
v 2.2700 19.5700 -14.9900
v -0.9400 13.1900 -2.8500
v 0.1000 0.3200 0.1100
v 0.0000 3.5500 25.9500
v 6.4500 0.0000 24.3200
v 1.0300 0.4800 -0.0800
v 0.1000 0.4900 0.1800
v 0.0000 -38.0000 -15.2800
v 1.6000 13.1200 17.2800
v 13.1200 -1.9200 6.7200
v 12.5500 0.0000 0.0000
v 1.0400 0.4800 -0.0800
v 0.0600 1.0400 0.4800
v 0.0600 0.0600 1.0400
v -0.0300 0.0600 0.0600
v 1.0400 0.4800 -0.0800
v 0.0600 1.0400 0.4800
v 0.0600 0.0600 1.0400
v -0.0300 0.0600 0.0600
v -37.3500 -13.4100 -6.0100
v 0.3500 10.3200 -26.1500
v -0.0300 0.0600 0.0600
v 1.0400 0.4800 -0.0800
v 0.0600 1.0400 0.4800
v 0.0600 0.0600 1.0400
v -7.6800 15.3600 15.3600
v -0.0300 0.0600 0.0600
v 1.0400 0.4800 -0.0800
v 0.0600 1.0400 0.4800
v 0.0600 0.0600 1.0400
v 0.1000 0.2300 0.3100
v 0.0300 2.3000 16.7000
v 12.5600 0.0000 0.0000
v 0.3600 0.0400 0.6200
v 30.7200 0.0000 0.0000
v 7.6800 1.2800 0.0000
v 0.9800 0.4500 -0.0800
v 0.9800 0.4500 -0.0800
v 0.9800 0.4500 -0.0800
v 0.1000 1.2400 0.2900
v 0.0000 0.1100 18.3400
v 0.0400 2.3100 -0.2400
v 26.9500 0.9800 0.4700
v 1.0500 0.1300 -1.3800
v 1.0500 0.1300 -1.3800
v 7.6800 0.0000 0.0000
v 0.3900 -36.7100 0.0500
v 0.0700 -0.3100 -0.5500
v 29.5300 24.0500 -14.3300
v 0.1000 0.6100 0.2400
v -25.5000 -29.3700 3.5900
v 0.1000 0.4100 0.2200
v 7.6800 0.0000 0.0000
v -22.0100 -9.2100 -0.5800
v -1.5500 -5.3900 30.4900
v 17.0500 24.9600 7.0400
v 0.9600 0.0000 0.0000
v 20.6800 0.9600 0.0000
v -35.1200 -0.9100 -1.8800
v -0.0300 0.0600 0.0600
v -7.6800 15.3600 17.3400
v -0.0300 0.0600 0.0600
v 2.5500 -7.6800 15.3600
v -7.6800 15.3600 17.3200
v -0.0300 0.0600 0.0600
v -7.6800 15.3600 15.5500
v -0.0300 0.0600 0.0600
v 2.5500 -7.6800 15.3600
v 0.0600 0.0600 10.6200
v -7.6800 15.3600 17.3300
v -10.8200 0.0600 -16.2300
v 0.0700 0.0000 0.0000
v -0.0300 0.0600 0.0600
v 0.0600 0.0600 1.3000
v -7.6800 15.3600 15.4700
v 11.3600 -0.0300 0.0600
v -0.0300 0.0600 0.0600
v 0.0600 0.0600 -37.9000
v 7.6800 0.0000 0.0000
v 7.6800 0.0000 0.0000
v -0.5800 -19.4500 0.0000
v 0.0000 0.0000 0.0700
v 0.0700 6.7200 12.8000
v 7.6800 0.0000 0.0000
v 14.4600 10.6300 0.0600
v 0.0000 0.0000 0.0800
v 0.0900 6.7200 12.8000
v 7.6800 0.0000 0.0000
v 7.6800 0.0000 0.0000
v -6.4000 -36.8000 0.0000
v 7.6800 0.0000 0.0000
v -6.4000 -36.8000 0.0000
v 7.6800 0.0000 0.0000
v 16.4000 -35.4300 0.0900
v 0.1000 0.9100 0.2100
v -11.7600 -1.5300 -9.8500
v 7.6800 0.0000 0.0000
v -28.4100 -23.2900 0.0900
v 0.0900 -35.7600 -8.8900
v 0.1000 0.4500 0.2100
v 0.0800 0.0600 -11.7800
v 0.1000 0.6100 0.0800
v -7.0000 -13.0500 -9.2300
v 9.6000 8.6900 0.0000
v 0.1000 0.1500 0.1200
v -7.3600 31.3900 11.8400
v -4.1200 -32.5600 -2.2400
v 0.1000 0.7000 0.0000
v 1.2800 -38.7200 -16.6400
v 0.0000 -8.3200 -3.5200
v 0.1000 0.7800 0.0400
v -7.3600 31.3600 11.8400
v -0.9600 13.1200 -2.2400
v 7.6800 0.0000 0.0000
v -1.8900 -9.2100 0.0000
v 29.4400 -8.6200 -0.3100
v 0.1000 0.1700 0.1700
v -7.2900 18.6200 -4.4200
v -0.9100 3.5700 -10.8300
v 7.6800 0.0000 0.0000
v -15.2800 -4.4200 -39.9200
v -34.4000 3.8600 15.8700
v 0.1000 0.6100 0.2000
v 23.7500 -0.2900 -28.4200
v 0.1000 0.8100 0.2200
v 0.1000 0.5100 0.0000
v 1.2800 -38.7200 -16.6400
v 0.0000 -8.3200 -3.5200
v 0.1000 1.0100 0.1700
v -26.8000 -38.6400 -23.6000
v -4.7200 -8.6000 -3.8000
v 0.1000 0.6100 0.2000
v 36.8600 1.9800 -18.8100
v -29.3600 -14.6300 -21.6900
v 0.1000 0.6100 0.2300
v -0.8800 -22.3300 -14.0100
v 0.1000 0.8100 0.2200
v -2.7900 -36.7300 -11.7700
v -18.1700 -6.9500 -14.3600
v 0.1000 0.5100 0.1800
v 8.3800 -27.1400 -20.1000
v -15.3000 -18.1500 -13.4000
v 0.1000 0.5100 0.2200
v 30.4800 -8.2600 -2.1900
v 37.1300 1.6500 12.0000
v 7.6800 0.0000 0.0000
v 0.1000 1.6100 0.2000
v -0.0300 0.0600 0.0600
v -0.0300 0.0600 0.0600
v 4.3200 1.2500 0.0100
v -0.0300 0.0600 0.0600
v -0.0300 0.0600 0.0600
v 0.5100 0.0000 0.3200
v -0.0300 0.0600 0.0600
v -0.0300 0.0600 0.0600
v -0.0300 0.0600 0.0600
v -0.0300 0.0600 0.0600
v -0.0300 0.0600 0.0600
v 27.3600 5.7100 0.5900
v -0.0300 0.0600 0.0600
v 20.3200 5.5100 0.6100
v -0.0300 0.0600 0.0600
v 16.8000 5.4500 0.7800
v -0.0300 0.0600 0.0600
v 13.6000 5.4100 0.6200
v -0.0300 0.0600 0.0600
v 12.3200 5.4100 0.6100
v -0.0300 0.0600 0.0600
v 13.2800 5.4500 0.6100
v -0.0300 0.0600 0.0600
v 17.4400 5.5100 0.6100
v -0.0300 0.0600 0.0600
v 36.0000 5.7100 0.6100
v -0.0300 0.0600 0.0600
v -0.0300 0.0600 0.0600
v -0.0300 0.0600 0.0600
v -0.0300 0.0600 0.0600
v -0.0300 0.0600 0.0600
v 6.4000 11.2000 0.0000
v 0.0700 7.6800 16.6800
v 0.1000 1.7200 0.2600
v 0.0000 21.8300 -0.2700
v 26.0100 0.0000 0.0000
v -0.0300 0.0600 0.0600
v -0.0100 0.0900 0.0500
v -0.1200 -0.0300 0.1100
v -0.2700 -0.2100 0.1900
v -0.2200 0.2000 32.1400
v -0.2900 -0.2200 0.2000
v 0.1000 0.9100 0.2000
v 7.7500 -18.5000 -17.2100
v 0.0400 -6.6300 -10.8300
v 0.1000 0.8600 0.2100
v 9.0300 -24.2700 -17.8300
v -4.7200 34.6500 -10.8800
v 9.6000 4.3200 2.1000
v 7.6800 0.0000 0.0000
v 17.2600 0.0400 0.0200
v 7.6800 0.0000 0.0000
v 7.6800 0.0000 0.0000
v 25.3600 -23.9100 -13.9900
v 7.6800 0.0000 0.0000
v 37.1200 29.4400 33.6000
v 0.1000 0.4100 0.2000
v -6.6500 -14.6600 -16.2700
v 0.0500 4.8900 -16.9000
v 0.1000 0.4100 0.0300
v -6.3200 23.1100 22.1500
v 7.6800 0.0000 0.0000
v 0.0300 -0.3000 -8.2400
v 0.0800 -22.9700 -9.8700
v 0.1000 2.0000 0.2400
v 19.3900 0.2800 25.6600
v 7.6800 0.0000 0.0000
v 7.6800 0.0000 0.0000
v -16.9000 4.2400 -16.5800
v -4.4300 0.0300 3.9200
v 4.2400 2.6400 1.9900
v 0.4000 4.2000 0.0000
v 7.6800 0.0000 0.0000
v 0.1000 0.6800 0.2300
v 7.6800 0.0000 0.0000
v 0.6500 -26.8800 6.4200
v 7.6800 0.0000 0.0000
v 12.2100 -17.2500 -0.6400
v 7.6800 0.0000 0.0000
v -16.8800 0.0000 -0.2800
v 7.6800 0.0000 0.0000
v 7.6800 0.0000 0.0000
v -4.4800 7.6800 0.9600
v 7.6800 0.0000 0.0000
v -4.4400 0.0500 0.0200
v 0.0400 -7.6300 0.0800
v 0.0000 0.0800 0.0900
v -20.4800 0.0000 0.0000
v 7.6800 0.0000 0.0000
v 4.2200 -7.6200 24.7200
v 0.0900 -37.6700 4.5600
v 1.5000 3.4200 0.0000
v 0.1000 0.3100 0.2000
v 17.3500 -21.6800 -12.7400
v 7.6800 0.0400 0.0500
v 0.0600 0.0700 -4.1200
v 0.0200 0.0400 0.0600
v 0.0700 0.0200 -2.2100
v 7.6800 0.0000 0.0000
v -3.1500 2.5900 2.9600
v -2.8000 -9.8400 -2.8000
v 0.1000 0.5100 0.2200
v -15.4500 0.1000 -22.8100
v 10.2600 37.8600 -17.9100
v 0.1000 0.2100 0.0400
v 7.6800 0.0000 0.0000
v 7.6800 0.0000 0.0000
v 0.2500 0.1000 -38.9700
v 25.6000 7.3600 13.7100
v 0.1000 0.4300 0.1800
v 0.0800 0.0000 0.0000
v -31.6100 -34.1700 -6.3500
v 7.6800 0.0000 0.0000
v 0.1000 0.6100 0.1900
v 0.0700 -21.0500 0.0700
v 0.0400 -3.1200 0.0000
v 0.1000 1.2800 0.2200
v -29.9900 1.9700 -2.1800
v -10.8200 -20.0800 0.0500
v 7.6800 0.0000 0.0000
v 0.0400 0.0500 0.0800
v 0.0800 0.0000 0.0300
v 0.0000 23.0000 2.5600
v 0.1000 1.0100 0.2500
v -9.1800 -24.5700 -11.1400
v -6.3300 -34.7900 0.0700
v 0.1000 1.3100 0.2400
v 22.7900 -11.4300 3.2800
v 0.1000 0.4800 0.2200
v -14.6400 -14.3400 -7.3000
v 0.1000 0.6100 0.1800
v 0.0800 -9.5500 0.0400
v 0.0700 0.0900 -2.5200
v 0.1000 1.2600 0.2400
v 7.6800 0.0000 0.0000
v 10.6000 -7.3000 -30.3100
v 7.6800 0.0000 0.0000
v -2.5600 8.9600 34.8800
v 0.1000 1.1200 0.2400
v 5.2000 -24.2500 -24.2400
v 7.6800 0.0000 0.0000
v 0.0000 0.0000 0.0800
v 7.6800 0.0000 0.0000
v -0.3100 -0.3100 -18.4700
v -22.7500 1.2600 -32.3700
v 7.6800 0.0000 0.0000
v 0.0000 0.0000 0.0900
v 0.1000 0.0900 0.0600
v 0.1000 1.3300 0.2300
v -39.2600 -9.2300 16.3600
v 10.2800 3.8500 8.2800
v 0.1000 1.9600 0.2300
v 18.3100 0.7100 -9.5300
v 0.1000 1.3000 0.2000
v 0.0700 0.0500 -4.7500
v 35.2800 8.3500 31.2800
v 7.6800 0.0000 0.0000
v 7.6800 0.0000 0.0000
v 0.0000 0.0000 -3.1000
v -25.8300 6.4900 -7.9400
v 7.6800 0.0000 0.0000
v -0.2700 -19.1400 34.0000
v -5.0400 -26.8000 24.7200
v 0.1000 2.4700 0.2000
v 15.4500 -6.3300 -3.1400
v 0.1000 2.2100 0.1800
v 18.6500 0.3800 12.2000
v 0.1000 0.5900 0.1800
v 20.2500 -6.3400 3.5800
v 0.1000 0.8900 0.1300
v 0.0900 0.0000 0.0000
v 0.0000 0.0900 0.0000
v 0.1000 0.5600 0.2000
v -32.2400 -11.4600 -4.7500
v 0.1000 0.2900 0.1400
v -25.5200 0.0800 -16.8900
v 0.0800 0.0000 0.0000
v 0.1000 0.2900 0.1500
v -14.9500 0.0000 0.0000
v 7.6800 0.0000 0.0000
v 37.8300 12.2300 3.5800
v 7.6800 0.0000 0.0000
v -0.6200 0.6500 27.6000
v 17.0400 -21.0400 -8.9000
v 8.3200 0.0000 0.5000
v 7.6800 0.0000 0.0000
v 0.0000 0.0000 7.7500
v 3.5900 -9.5400 -25.8500
v 0.1000 0.8200 0.1800
v -2.4800 -0.2700 0.0000
v 0.1000 2.2800 0.1800
v 0.0900 0.0000 0.0000
v 11.8800 33.4600 34.5600
v 7.6800 0.0000 0.0000
v 0.0000 0.0000 -20.0700
v 29.8000 13.4600 5.3700
v 0.1000 0.5300 0.1400
v 9.0400 -3.4400 33.6800
v 20.4800 1.2800 0.5200
v 32.0000 0.5200 2.8000
v 0.5200 2.8000 0.1900
v 7.6800 0.0000 0.0000
v -2.8300 -9.8700 0.0900
v 0.1000 0.7900 0.1000
v -17.8400 0.0000 0.0000
v 7.6800 0.0000 0.0000
v 23.1200 17.9800 12.8400
v 0.0100 2.5900 10.2900
v 7.6800 0.0000 0.0000
v -7.9500 -4.7500 -26.7900
v -11.7500 -22.9700 -6.3200
v 7.6800 0.0000 0.0000
v 34.8800 -2.2400 23.6800
v 0.1000 0.8100 0.2100
v -8.5700 2.6100 15.7300
v 0.1000 1.6600 0.2600
v 0.1000 2.5000 0.2000
v -10.4600 -28.4100 -12.7400
v -22.6400 -35.1000 0.0000
v 0.1000 0.5600 0.1800
v 25.8800 20.4800 0.0800
v 0.1000 0.4100 0.1600
v 0.0600 0.0500 -5.7100
v -22.0100 0.0900 0.0000
v 0.1000 0.5100 0.1900
v -18.8100 0.0900 0.0500
v 0.1000 0.9300 0.1200
v -24.8800 -15.9200 -20.0900
v 0.0800 0.0000 0.0000
v 0.1000 2.1400 0.2200
v -20.3900 -7.6300 0.0500
v 0.1000 0.4000 0.0300
v -26.2400 -3.8100 4.4900
v 33.6600 -1.6000 -1.6000
v 7.6800 0.0000 0.0000
v 0.0000 39.7500 0.0000
v 0.1000 0.4000 0.0100
v 0.1000 0.4000 0.0500
v -26.1900 -4.4500 4.5100
v 7.6800 0.0000 0.0000
v 7.6800 0.0000 0.0000
v 0.1200 1.9500 0.0400
v 7.6800 0.0000 0.0000
v 7.6800 0.0000 0.0000
v 0.1000 2.2700 0.0300
v 0.1000 0.6000 0.1500
v -5.3800 -1.8700 -9.8700
v 1.3800 15.3600 15.5700
v 0.1000 0.2500 0.1200
v 19.9200 -0.5800 -36.4400
v 0.0000 32.3900 0.0000
v 7.6800 0.0000 0.0000
v -37.7600 13.4400 0.0000
v 0.0000 0.0000 -2.2400
v 7.6800 0.0000 0.0000
v 0.0000 0.0000 -2.2400
v 6.7200 33.0200 10.2900
v 7.6800 0.0000 0.0000
v 0.0000 0.0000 -2.2400
v 6.4100 33.6000 10.5600
v 7.6800 0.0000 0.0000
v 0.0000 0.0000 -2.1600
v 6.7900 33.6600 10.6100
v 0.0000 0.0000 0.6400
v 0.1000 0.5000 0.0000
v 22.4000 -13.4400 0.0000
v -0.3200 5.1200 -3.8400
v 0.1000 0.5800 0.1500
v 22.4800 -13.4000 -7.9500
v 0.1000 1.3100 0.0400
v -10.8800 22.4000 0.0000
v 7.6800 0.0000 0.0000
v -14.0100 -32.5600 -2.4700
v 7.6800 0.0000 0.0000
v -9.2100 0.0600 0.0900
v 7.6800 0.0000 0.0000
v -5.7000 -5.7000 -22.3200
v 7.6800 0.0000 0.0000
v 7.4200 -32.5500 -10.1800
v -7.9500 -13.3900 4.5700
v -25.3700 6.7800 -20.2800
v 7.6800 0.0000 0.0000
v -5.7000 -12.7300 -4.4300
v -1.5500 -8.2600 0.0800
v 7.6800 0.0000 0.0000
v -38.6400 -14.3200 -21.0500
v 0.0500 -8.5800 0.0800
v 7.6800 0.0000 0.0000
v -1.8800 2.2800 7.4300
v 14.1400 -35.5400 10.8400
v 7.6800 0.0000 0.0000
v -38.6400 -14.3200 -21.0500
v 0.0500 -8.5800 0.0800
v 7.6800 0.0000 0.0000
v -36.7300 -15.9300 -22.3200
v -0.5700 -21.3700 12.5600
v 7.6800 0.0000 0.0000
v 10.8800 8.3200 13.1200
v 0.1000 1.9300 0.2200
v -2.1600 -22.9600 -11.4500
v 7.6800 0.0000 0.0000
v 0.0000 0.0800 0.0000
v 0.0400 -0.9400 0.0700
v 0.0600 0.0700 0.0700
v 0.0000 0.0000 0.7200
v 0.0000 0.9600 0.0000
v 0.9600 0.0000 0.0000
v 0.0000 0.0000 0.7200
v 0.0000 0.7200 20.7700
v 0.0000 0.9600 0.0000
v 0.9600 0.0000 0.0000
v 0.0000 0.0000 0.7200
v 0.0000 0.7200 20.7700
v 0.0000 0.0000 0.7200
v 7.6800 0.0000 0.0000
v 0.0000 26.8800 -3.8400
v 7.6800 0.0000 0.0000
v 0.0000 0.0000 0.0700
v 2.9200 16.6400 0.0400
v 1.5400 2.9200 16.6400
v 11.5200 0.0000 0.0000
v 7.6800 0.0000 0.0000
v 0.0000 0.0000 -11.7600
v 7.6800 0.0000 0.0000
v 0.0000 0.0000 -16.2300
v -27.1100 -7.6300 -4.4400
v 0.1000 0.6100 0.1600
v -24.2500 -14.6400 -29.3600
v 0.0000 0.0700 0.0700
v -24.8900 -31.9100 0.0000
v 0.1000 1.1100 0.2000
v 0.1000 0.0000 0.0000
v 27.1000 -18.2000 3.8500
v 7.6800 0.0000 0.0000
v 0.0700 0.0700 0.0000
v 7.6800 0.0000 0.0000
v 20.8000 37.1200 0.0000
v 0.1000 0.9100 0.0400
v -10.8800 22.4000 0.0000
v 0.1000 0.0600 0.0700
v -9.2800 20.8000 10.8800
v 28.8000 0.0000 0.0000
v 7.6800 0.0000 0.0000
v -22.7200 28.4800 2.5600
v 0.1000 0.4100 0.1400
v 0.0000 -9.8600 -1.8500
v 0.1000 0.4000 0.0800
v 1.3400 6.1400 -19.4600
v 0.0000 -7.3100 21.1400
v 7.6800 0.0000 0.0000
v -22.1400 0.1000 -31.6100
v 29.4400 39.6800 3.3000
v 0.1000 2.4100 0.1500
v 25.6400 0.0000 0.0000
v 17.2800 3.0400 13.0100
v 10.1100 0.6400 0.0000
v 0.1000 1.0100 0.0700
v -0.9200 16.3300 -33.8600
v 0.0000 -3.4800 22.0800
v 7.6800 0.0000 0.0000
v 0.0500 -0.3100 0.0700
v 0.1000 0.5100 0.2000
v -18.8200 2.6200 23.4500
v -31.2700 -37.0500 -10.1700
v 7.6800 0.0000 0.0000
v -33.8500 -37.0500 0.0000
v -38.6500 0.0700 -4.3900
v 0.0900 0.0900 0.0800
v 1.2100 0.1400 0.0000
v 0.1000 0.4100 0.2300
v -22.9700 -1.5400 0.0700
v 0.0900 -26.8100 0.0600
v -2.8100 -38.3100 0.0600
v -12.5600 32.9000 0.1000
v 0.1000 1.0100 0.1900
v 0.0700 -6.9900 0.0600
v 0.1000 0.7100 0.2000
v -24.8900 -9.5300 -28.0800
v 0.1000 0.4100 0.1500
v -1.8800 0.1000 0.0400
v 7.6800 0.0000 0.0000
v 0.1000 2.5000 0.1700
v -34.7900 -0.5900 0.0000
v 0.1000 1.8100 0.1700
v -12.3900 0.0000 0.0000
v 0.1000 1.2100 0.1400
v 0.0800 0.0000 0.0000
v 7.6800 0.0000 0.0000
v 0.0000 0.0000 -19.7700
v -15.6200 -27.7700 -4.4100
v 0.1000 0.8600 0.1600
v -30.3200 0.0000 0.0000
v 0.1000 0.5100 0.1900
v 0.0700 0.0000 0.0000
v 0.0000 0.0000 0.0500
v 0.0700 0.0900 0.0800
v 7.6800 0.0000 0.0000
v 3.4500 1.1700 0.7800
v 8.4000 0.2300 1.1200
v 0.1000 0.1700 0.0300
v -8.9100 -12.4000 -28.4100
v 0.1000 0.4000 0.0200
v -8.9000 -7.6600 -9.2400
v 7.6800 0.0000 0.0000
v 0.1000 0.5100 0.0400
v 7.6800 0.0000 0.0000
v 0.0000 0.0000 -1.8900
v -0.9400 0.0200 0.0400
v 0.0400 -13.3800 0.0500
v 7.6800 0.0000 0.0000
v -9.2300 -27.1300 0.0400
v 0.0400 -0.6200 -0.9400
v 0.0000 0.0800 0.0600
v 7.6800 0.0000 0.0000
v -9.2300 -26.4900 0.0400
v 0.0400 -0.6200 -0.9400
v 0.0000 0.0800 0.0600
v 0.0000 39.2000 0.0000
v 0.0000 39.8400 0.0000
v 0.0000 -32.0000 0.0000
v 0.0000 -21.2800 0.0000
v 0.0000 -17.7600 0.0000
v 0.0000 -12.7200 0.0000
v 0.0000 -9.0400 0.0000
v 0.0000 -7.3600 0.0000
v 0.0000 -5.6000 0.0000
v 0.0000 -3.8400 0.0000
v 0.0000 -2.0800 0.0000
v 0.0100 0.2400 0.0000
v 0.0100 4.0000 0.0000
v 0.0100 16.2400 0.0000
v 0.0100 28.3200 0.0000
v 0.0100 31.1200 0.0000
v 7.6800 0.0000 0.0000
v 7.6800 0.0000 0.0000
v -32.0000 0.9600 -16.6300
v 0.0000 0.0000 -3.1300
v -29.4400 0.2000 2.6400
v 0.1000 0.0100 0.0000
v -15.0400 16.0000 3.2000
v 0.1000 0.4000 0.1700
v -39.2800 -3.4700 -18.1700
v -6.3500 -10.1500 -10.5000
v 0.1000 1.2100 0.2300
v 0.1000 1.8100 0.2700
v 0.1000 0.0100 0.0000
v 0.1000 0.6100 0.2500
v -26.8100 0.0800 -21.6800
v 0.1000 0.2500 0.0700
v -26.8800 1.3400 20.2200
v 7.6800 0.0000 0.0000
v 0.0500 39.9200 22.7200
v 0.1000 0.4600 0.2000
v -27.4500 0.0700 -39.2700
v 0.0400 0.0900 -11.1400
v 10.9200 1.1400 19.9100
v 7.6800 0.0000 0.0000
v 0.1000 0.2500 0.0600
v 0.1000 0.5300 0.2200
v 7.6800 0.0000 0.0000
v 0.0000 -36.0700 0.0000
v 0.0000 0.0000 -38.0100
v 0.1000 0.4100 0.1200
v 0.0000 0.0900 0.0000
v 7.6800 0.0000 0.0000
v 0.0000 0.0000 -35.7700
v 0.1000 0.4900 0.1300
v -30.9700 0.0000 0.0000
v 0.0000 -7.9200 0.0000
v 0.1000 0.4000 0.1600
v 0.0000 -13.6900 0.0000
v 0.1000 0.7100 0.1200
v 0.0000 -7.2800 0.0000
v 7.6800 0.0000 0.0000
v 7.6800 0.0000 0.0000
v 7.6800 0.0000 0.0000
v 0.0000 0.0000 -15.3000
v 0.1000 0.6200 0.1700
v 0.0000 -29.0300 0.0000
v 7.6800 0.0000 0.0000
v -4.7300 -13.0300 0.0000
v 7.6800 0.0000 0.0000
v -23.6000 26.3200 0.0000
v 0.0000 1.0800 0.0200
v 7.6800 0.0000 0.0000
v 0.0400 0.0800 0.0000
v 7.6800 0.0000 0.0000
v -5.3800 0.0900 -0.2900
v 0.1000 0.3000 0.1000
v 0.0000 -6.9800 0.0000
v 0.1000 0.5800 0.1300
v 0.0000 -15.6000 0.0000
v 0.1000 1.1500 0.1700
v 0.1000 0.5400 0.1200
v 0.0000 -19.1200 0.0000
v 7.6800 0.0000 0.0000
v 7.6800 0.0000 0.0000
v -0.9600 4.8000 -37.1200
v 0.1000 1.0100 0.2600
v 28.9400 0.2000 -8.1700
v 0.3200 19.6600 0.0300
v 0.1000 1.0100 0.1300
v -37.4400 -3.1300 -24.8800
v -4.4300 21.4400 20.6000
v 7.6800 0.0000 0.0000
v 0.1000 0.7100 0.2400
v -21.3700 -0.5600 -13.6700
v 0.0500 0.0600 0.0600
v 0.0500 0.0600 0.0600
v 0.0600 0.0600 18.5700
v 0.0500 0.0600 0.0600
v 0.0500 0.0600 0.0600
v -34.8000 -0.2800 -10.5000
v 0.0000 -31.2900 -16.2600
v 0.0500 0.0600 0.0600
v 12.8000 15.3600 15.3800
v 36.0200 0.0500 0.0600
v 0.0500 0.0600 0.0600
v 12.8000 15.3600 16.7900
v 0.0500 0.0600 0.0600
v 0.0600 0.0600 -38.0300
v 0.1000 0.5300 0.2400
v 0.0000 -22.6500 -2.4900
v -25.2100 0.0000 0.0000
v 0.0500 0.0600 0.0600
v 0.0500 0.0600 0.0600
v 0.0500 0.0600 0.0600
v 0.0500 0.0600 0.0600
v 0.0500 0.0600 0.0600
v 11.7400 11.0900 -23.1500
v 0.0500 0.0600 0.0600
v 0.0500 0.0600 0.0600
v 0.0000 0.0000 0.0700
v 0.0500 0.0600 0.0600
v 0.0000 5.1400 0.0500
v 35.9800 0.0500 0.0600
v 0.0500 0.0600 0.0600
v 0.0600 18.0800 19.1600
v 7.6800 0.0000 0.0000
v 0.0000 0.0900 0.0000
v 0.1000 0.4000 0.1000
v 0.0000 37.8300 0.0000
v 0.1000 0.6000 0.1900
v 0.0000 -23.9400 10.3000
v 17.9800 -12.7300 -35.4400
v 0.0600 0.0600 11.6900
v 0.0500 0.0600 0.0600
v 12.8000 15.3600 16.9400
v -12.9600 0.0500 0.0600
v 0.0500 0.0600 0.0600
v 38.4000 0.0500 0.0600
v 0.0500 0.0600 0.0600
v 0.0500 0.0600 0.0600
v 0.0600 0.1000 0.1800
v 0.1000 0.6100 0.2600
v 0.0000 -20.7200 -11.7600
v 9.9800 -18.1700 11.9200
v -17.9000 0.0000 0.0000
v 0.0500 0.0600 0.0600
v 0.0500 0.0600 0.0600
v -22.6500 -14.3200 -22.9500
v 0.0500 0.0600 0.0600
v 15.3600 15.4100 0.0600
v 0.0000 12.8000 15.3600
v 12.8000 15.3600 17.5600
v 0.0500 0.0600 0.0600
v 0.0000 12.8000 15.3600
v -9.9200 2.5600 22.4000
v 12.1600 0.0000 0.0000
v 0.0000 -39.6800 1.3600
v 0.0500 0.0600 0.0600
v 0.0500 0.0600 0.0600
v 0.0500 0.0600 0.0600
v 0.0500 0.0600 0.0600
v 0.0500 0.0600 0.0600
v -0.3200 20.4800 0.0000
v 0.0500 0.0600 0.0600
v 0.0500 0.0600 0.0600
v 0.0500 0.0600 0.0600
v 0.0500 0.0600 0.0600
v 0.0500 0.0600 0.0600
v -0.3200 20.4800 0.0000
v 0.0500 0.0600 0.0600
v 0.0500 0.0600 0.0600
v 0.0500 0.0600 0.0600
v 0.1000 0.7100 0.1000
v 0.0500 0.0600 0.0600
v 0.0500 0.0600 0.0600
v 0.0600 0.0600 0.2100
v -0.3200 20.4800 0.0000
v 0.0500 0.0600 0.0600
v 0.0500 0.0600 0.0600
v 0.0500 0.0600 0.0600
v 0.0500 0.0600 0.0600
v 0.0500 0.0600 0.0600
v -0.3200 20.4800 0.0000
v 0.0500 0.0600 0.0600
v 0.0500 0.0600 0.0600
v 0.0500 0.0600 0.0600
v 0.0500 0.0600 0.0600
v 0.0500 0.0600 0.0600
v 0.0500 0.0600 0.0600
v 0.0500 0.0600 0.0600
v -0.3200 20.4800 0.0000
v 0.0500 0.0600 0.0600
v 0.0500 0.0600 0.0600
v 0.0600 0.0600 11.3400
v 0.0500 0.0600 0.0600
v 0.0600 0.0600 1.6600
v 0.0500 0.0600 0.0600
v 0.0600 0.0600 12.3800
v -0.3200 20.4800 0.0000
v 0.0500 0.0600 0.0600
v 0.0500 0.0600 0.0600
v 0.0500 0.0600 0.0600
v 0.0500 0.0600 0.0600
v -0.3200 20.4800 0.0000
v 0.0500 0.0600 0.0600
v 0.0500 0.0600 0.0600
v 0.0500 0.0600 0.0600
v 0.1000 1.2500 0.1900
v 0.0600 0.0600 0.0000
v 15.3600 15.3600 1.8300
v 0.0500 0.0600 0.0600
v 12.8000 15.3600 15.4600
v 0.0000 0.0500 0.0600
v 0.0000 12.8000 15.3600
v 0.0500 0.0600 0.0600
v 12.8000 0.0000 12.8000
v 12.8000 15.3600 17.1400
v 0.0000 0.0500 0.0600
v -32.8900 -22.3300 -18.8000
v 0.0500 0.0600 0.0600
v 12.8000 15.3600 15.9100
v 7.6800 0.0000 0.0000
v -3.7800 -12.0800 -5.0700
v 7.6800 0.0000 0.0000
v 2.5600 22.4000 0.0000
v 0.0000 0.0000 -37.4400
v 0.1000 0.6100 0.2100
v 0.1000 2.4700 0.2400
v -37.6800 -17.2000 -21.6800
v 7.6800 0.0000 0.0000
v 0.1000 0.0100 0.0000
v 0.1000 0.5100 0.2000
v 7.6800 0.0000 0.0000
v -14.6600 -13.3600 0.0000
v 0.0000 0.0000 -38.3300
v 7.6800 0.0000 0.0000
v 0.1000 1.0100 0.0400
v -13.0600 9.2800 -14.7200
v -6.0800 36.1600 0.0000
v 7.6800 0.0000 0.0000
v 0.1000 1.3000 0.2000
v 0.1100 32.4100 0.1100
v -9.5500 2.6500 0.0000
v 7.6800 0.0000 0.0000
v 15.0900 29.5300 -0.6200
v 7.6800 0.0000 0.0000
v -17.2000 -8.5500 0.0000
v 7.6800 0.0000 0.0000
v 0.1000 0.6100 0.0500
v -16.9400 -5.0800 -32.2400
v -18.8200 0.0000 0.0000
v 0.0000 -7.6300 0.0000
v 0.1000 0.1500 0.0400
v -0.6200 9.2800 -14.7200
v -6.0800 36.1600 0.0000
v 7.6800 0.0000 0.0000
v -21.0500 2.6400 0.0000
v 7.6800 0.0000 0.0000
v 0.1000 0.5600 0.1000
v -16.2800 21.1700 11.2300
v -3.8100 2.6200 0.0000
v 7.6800 0.0000 0.0000
v -2.2100 -1.2500 -18.8200
v 0.1000 0.9400 0.1800
v -11.7900 12.8900 0.0000
v 7.6800 0.0000 0.0000
v 16.0500 -0.8800 0.0000
v 7.6800 0.0000 0.0000
v -3.5200 26.2400 0.0000
v 0.0000 0.0000 -22.4000
v 0.1000 0.5100 0.1800
v 0.1000 1.0100 0.2300
v -14.6500 -39.9200 -13.7000
v 7.6800 0.0000 0.0000
v 22.7200 21.5000 0.0000
v 7.6800 0.0000 0.0000
v 16.0500 -0.8800 0.0000
v 7.6800 0.0000 0.0000
v 0.0000 0.0000 -22.4000
v 0.1000 0.5100 0.1800
v 0.0300 0.0300 0.9700
v 0.0300 0.0300 0.0000
v 0.1000 0.5100 0.0300
v -38.4000 35.8400 29.7600
v -9.6000 26.2400 -13.7600
v 0.1000 0.5100 0.0700
v 0.0000 1.9200 1.2800
v 0.0000 37.4400 0.0000
v 7.6800 0.0000 0.0000
v -3.5200 26.2400 0.0000
v 0.0000 0.0000 -22.4000
v 0.1000 1.6100 0.2600
v 22.4700 -4.4000 -0.3000
v 0.0500 0.0600 0.0600
v 0.0500 0.0600 0.0600
v 0.0500 0.0600 0.0600
v 0.0500 0.0600 0.0600
v 1.0200 1.9700 7.0000
v 0.0500 0.0600 0.0600
v 25.5800 -9.2600 0.0500
v 16.0500 -0.8800 0.0000
v 7.6800 0.0000 0.0000
v 12.5500 22.4800 0.0000
v 7.6800 0.0000 0.0000
v 0.0000 0.0000 -22.4000
v 0.1000 0.8600 0.1200
v 0.0000 1.6300 -5.3900
v 0.0500 11.5900 0.0000
v 7.6800 0.0000 0.0000
v -39.2900 -12.7100 0.0000
v 7.6800 0.0000 0.0000
v -15.9300 -30.6300 0.0500
v -9.2000 -4.4200 -28.0900
v -18.5000 6.1500 -34.1900
v 7.6800 0.0000 0.0000
v -29.1200 37.2500 -8.8900
v 0.1000 0.8100 0.1900
v 32.0100 3.8400 0.0300
v 0.1000 0.4100 0.1500
v 0.0000 1.9800 1.3500
v 0.0300 -30.3200 0.0000
v 7.6800 0.0000 0.0000
v -9.8600 -17.8800 6.0800
v 0.0800 0.0000 0.0400
v 7.6800 0.0000 0.0000
v 0.0400 -33.5200 -0.6100
v 7.6800 0.0000 0.0000
v 0.1000 0.4100 0.1200
v 0.4200 36.6700 0.0000
v 7.6800 0.0000 0.0000
v 7.6800 0.0000 0.0000
v 0.1000 0.6800 0.2300
v 7.6800 0.0000 0.0000
v -33.2800 5.1200 -1.9200
v 7.6800 0.0000 0.0000
v 6.7800 23.7500 0.0000
v 0.1000 0.4800 0.0000
v 0.1000 0.4100 0.0000
v -15.0400 12.1600 23.0400
v -6.0800 -5.7600 -0.9600
v 0.1000 0.4100 0.0000
v -11.2000 -9.9200 0.0000
v 0.1000 0.3100 0.1900
v 0.1000 0.4100 0.1000
v -12.4200 -18.1500 0.0000
v 0.1000 0.3100 0.1300
v 7.6800 0.0000 0.0000
v 0.0700 -13.6800 -0.9200
v -5.3900 -10.5000 -34.1700
v 7.6800 0.0000 0.0000
v 17.6800 -13.0400 -26.4900
v 0.1000 0.5100 0.0400
v 7.6800 0.0000 0.0000
v 0.0000 4.3400 0.0100
v 0.1000 0.4000 0.0000
v -33.6000 4.1600 11.5200
v 0.1000 0.5100 0.0100
v 0.1600 0.0100 0.1600
v 7.6800 0.0000 0.0000
v 0.0700 0.0800 0.0000
v 0.1700 0.0000 6.6400
v 0.1000 0.4300 0.0300
v 7.6800 0.0000 0.0000
v 7.6800 0.0000 0.0000
v 0.1000 0.4100 0.1800
v 7.6800 0.0000 0.0000
v -21.0500 -23.5900 0.0000
v 0.1000 1.3100 0.2100
v -13.7600 12.5600 1.6700
v 0.1000 0.4800 0.2300
v 19.1000 0.0000 33.9200
v 0.1000 0.6100 0.1900
v -13.3800 -29.0500 -0.2700
v -18.4900 0.0500 0.0800
v 0.1000 1.2600 0.2200
v 7.6800 0.0000 0.0000
v 0.0700 -27.7500 0.0000
v 0.0000 3.8800 1.8600
v 1.1200 36.6400 0.0500
v 7.6800 0.0000 0.0000
v 0.1000 1.1200 0.2200
v 17.3300 -38.3100 -12.4300
v 0.1000 1.0100 0.2200
v -18.5000 0.0700 0.0700
v -8.5800 0.0800 0.0700
v 0.1000 2.5000 0.2100
v -5.0600 -26.4700 -4.7600
v 0.1000 0.6900 0.1200
v 0.0600 0.0000 0.0000
v 7.6800 0.0000 0.0000
v 7.6800 0.0000 0.0000
v 0.0700 0.0500 -36.4100
v 0.1000 1.3000 0.1800
v 0.0000 -19.1300 13.5200
v 7.6800 0.0000 0.0000
v 7.6800 0.0000 0.0000
v -9.8600 23.7600 0.0000
v 0.1000 1.2900 0.2300
v 7.6800 0.0000 0.0000
v -32.8800 -39.9100 0.0000
v 7.6800 0.0000 0.0000
v 7.6800 0.0000 0.0000
v -7.6100 -10.8000 -1.2500
v 7.6800 0.0000 0.0000
v -17.8600 0.0800 0.0000
v 0.1000 0.5600 0.2000
v -22.3300 -5.0400 -5.0400
v 0.1000 0.2900 0.1300
v 7.6800 0.0000 0.0000
v -8.5900 36.8800 -0.9600
v 7.6800 7.0400 5.7600
v -26.1700 19.2800 -0.9400
v 7.6800 7.0400 5.7600
v 13.1200 0.0000 23.0400
v 7.6800 0.0000 0.0000
v -24.5700 -7.9500 -3.1500
v 0.1000 0.8200 0.1400
v 0.0000 -12.4000 0.0000
v 7.6800 0.0000 0.0000
v -27.1300 -32.8700 -1.2500
v 0.1000 2.3700 0.1900
v 5.9600 1.5600 0.0000
v 7.6800 0.0000 0.0000
v -1.5600 11.9100 -0.9200
v -33.2100 13.8400 1.0100
v 0.1000 2.1700 0.1800
v -1.5700 -5.3600 0.0000
v 0.1000 0.7900 0.1100
v -31.2900 0.0000 0.0000
v 1.3000 0.0700 0.0000
v 0.0800 3.9200 23.3600
v 1.3700 2.1000 26.2400
v 7.6800 0.0000 0.0000
v -24.2500 -35.7500 0.0000
v 7.6800 0.0000 0.0000
v 0.3800 -3.7500 -1.8900
v 0.1000 1.4700 0.1600
v -38.6600 -1.5300 -4.7300
v 5.8300 -16.8800 -4.1200
v 0.1000 0.8100 0.1900
v 26.6000 -22.3300 -4.4600
v 0.1000 1.6600 0.2500
v 7.6800 0.0000 0.0000
v 7.6800 0.0000 0.0000
v 7.6800 0.0000 0.0000
v -39.6100 0.0700 -22.0100
v 7.6800 0.0000 0.0000
v 0.0700 0.0700 -1.2300
v 0.1000 0.9300 0.1300
v 0.0000 0.0800 0.0000
v 24.2200 10.4000 19.7600
v 7.6800 0.0000 0.0000
v 7.6800 0.0000 0.0000
v 0.1000 0.4000 0.0300
v 7.6800 0.0000 0.0000
v 0.1000 0.4000 0.0100
v 0.1000 0.6100 0.0200
v 0.1000 2.2100 0.0400
v 0.1000 1.9500 0.0300
v 7.6800 0.0000 0.0000
v 0.1000 2.4100 0.0400
v 7.6800 0.0000 0.0000
v 0.1000 0.6000 0.0900
v -8.2500 31.7200 27.2600
v 0.1000 0.2500 0.1600
v 4.8500 29.8100 2.6300
v -20.4800 10.0800 12.8000
v 0.1000 0.4000 0.1500
v 7.4100 29.8000 -14.9800
v 39.0000 4.2600 7.7600
v 7.6800 0.0000 0.0000
v 7.6800 0.0000 0.0000
v -0.3200 -16.9600 -14.7200
v -1.2800 -1.9200 -31.0400
v 7.6800 0.0000 0.0000
v 6.4000 0.0000 0.0000
v 7.6800 0.0000 0.0000
v 0.0000 0.0000 -37.1200
v -30.0800 -26.2400 8.9600
v 7.6800 0.0000 0.0000
v 0.0600 0.0800 0.0000
v 7.6800 0.0000 0.0000
v 0.0000 0.0000 -26.1700
v 23.8200 0.0000 0.0000
v 7.6800 0.0000 0.0000
v -13.6900 -32.2300 -4.4400
v 0.1000 0.5300 0.2100
v -11.4400 -2.8000 -32.5600
v 7.6800 0.0000 0.0000
v -19.7700 -18.1500 -7.6300
v -8.9000 -0.2800 -27.4500
v 0.1000 2.3900 0.2400
v 30.8500 -23.8900 -29.6200
v 7.6800 0.0000 0.0000
v 7.6800 0.0000 0.0000
v 7.6800 0.0000 0.0000
v -32.8900 -24.2300 -28.7300
v -20.7300 -15.3000 -25.2000
v 7.6800 0.0000 0.0000
v -33.8300 18.1200 11.0500
v 7.6800 0.0000 0.0000
v -14.0000 -13.0300 -15.6200
v 7.6800 0.0000 0.0000
v -13.0600 -4.0900 -11.1400
v -17.2300 8.3700 -38.6500
v 7.6800 0.0000 0.0000
v -0.2600 -25.5100 -13.7000
v -15.9400 -5.0700 -29.6900
v 0.1000 0.9600 0.1700
v -6.6700 0.0500 0.0500
v -3.4800 -18.8200 -3.1600
v 0.1000 0.4100 0.2400
v 7.6800 0.0000 0.0000
v 0.1000 2.3900 0.2200
v -36.5500 -9.1700 0.8500
v 0.1000 2.0500 0.2300
v 0.1000 0.6100 0.1900
v -27.1200 -32.8800 -31.5900
v -32.2500 0.0700 0.0700
v -8.9000 -37.3500 0.0000
v 3.7900 12.3500 -21.0600
v 0.1000 1.1100 0.1900
v 7.6800 0.0000 0.0000
v 0.0700 0.0800 0.0000
v 0.1000 0.3000 0.0400
v 0.0000 -0.3200 -11.8400
v 7.6800 0.0000 0.0000
v 6.7200 26.8800 -5.1200
v 18.2400 -0.9600 -3.5200
v 0.1000 0.0600 0.0700
v 22.7200 -22.0800 -8.6400
v 0.0000 0.0000 2.0800
v 0.0000 2.0800 -0.0500
v 2.0800 0.0000 0.0000
v 7.6800 0.0000 0.0000
v 0.1000 0.4100 0.1700
v -38.0100 -8.2700 0.0700
v -26.8100 0.0600 -32.5600
v 0.1000 0.4000 0.0000
v -38.0800 -8.3200 36.4800
v -26.8800 5.7600 -32.6400
v 0.1000 2.3600 0.2500
v 0.1000 2.4100 0.2300
v 0.1100 1.3700 0.1100
v 33.6600 0.6300 -37.3900
v 9.1200 23.4100 2.5400
v 20.9400 9.0900 24.7200
v 9.1000 24.7100 2.5400
v 0.1000 1.0100 0.2100
v -26.8100 5.8300 -32.5700
v 0.0000 19.3600 0.0100
v 2.7400 37.0900 0.0000
v 7.6800 0.0000 0.0000
v 7.6800 0.0000 0.0000
v -5.3900 -20.7200 0.0500
v 0.1000 0.5100 0.1500
v -12.4200 0.0600 0.0600
v 0.0000 -28.0800 0.0000
v 7.6800 0.0000 0.0000
v 0.0400 34.8000 20.8800
v 7.6800 0.0000 0.0000
v 0.1000 0.7100 0.1600
v 0.0700 0.0400 -30.3200
v 0.0000 -16.2600 0.0700
v 0.0800 0.0900 0.0000
v 0.1100 -39.3600 0.1200
v 0.1000 0.4100 0.1500
v 0.0000 0.0700 -2.8100
v 7.6800 0.0000 0.0000
v -5.4400 -31.0400 0.0000
v 0.0000 0.0000 -4.1600
v -12.1600 0.0000 -2.2100
v 7.6800 0.0000 0.0000
v -5.7200 -32.2500 0.0000
v 0.0000 0.0000 -19.4500
v -33.2100 -0.6000 -14.0100
v 7.6800 0.0000 0.0000
v -5.3900 -30.9600 0.0000
v 0.0000 0.0000 -38.0000
v 0.1000 1.2100 0.1200
v -39.9400 0.0000 0.0000
v 0.0000 -13.6800 0.0000
v 7.6800 0.0000 0.0000
v -6.0300 -35.4400 -0.3100
v 0.1000 0.8600 0.1000
v -29.0600 0.0000 0.0000
v 0.0000 -13.6800 0.0000
v 7.6800 0.0000 0.0000
v 0.0500 0.0600 0.0000
v 7.6800 0.0000 0.0000
v 0.0000 0.0500 -28.0900
v 7.6800 0.0000 0.0000
v 7.6800 0.0000 0.0000
v 0.1000 0.2900 0.0300
v 7.6800 0.0000 0.0000
v 0.0000 0.0700 -27.1300
v 0.1000 0.5100 0.0600
v -6.6700 0.0000 0.0000
v 0.0000 -9.8700 0.0000
v 7.6800 0.0000 0.0000
v 0.0000 -5.4400 0.0000
v 0.0000 0.0000 -3.5200
v -12.1600 28.4800 -24.9600
v 0.1000 0.4100 0.0900
v -6.3500 0.0000 0.0000
v 0.0000 -9.2300 0.0000
v 9.7600 0.0000 0.0000
v 0.0000 1.2800 0.0000
v 0.0000 1.7600 0.0000
v 0.0000 2.5600 0.0000
v 0.0000 5.7600 0.0000
v 7.6800 0.0000 0.0000
v -28.0900 -17.3100 18.0900
v 2.3200 3.5200 -8.9900
v 0.3200 3.0500 3.6000
v 7.6800 0.0000 0.0000
v 0.0000 -18.4800 0.0000
v -28.0900 -17.6700 17.9500
v 0.0000 3.8400 0.0000
v 0.0000 4.8000 0.0000
v 0.0000 6.1600 0.0000
v 0.0000 7.1200 0.0000
v 0.0000 7.8400 0.0000
v 0.0000 8.4000 0.0000
v 0.0000 13.5200 0.0000
v 0.0000 14.7200 0.0000
v 0.0000 15.6800 0.0000
v 0.0000 17.7600 0.0000
v 0.0000 21.6000 0.0000
v 0.0000 23.2000 0.0000
v 0.0000 24.1600 0.0000
v 0.0000 28.2400 0.0000
v 0.0000 33.0400 0.0000
v 0.0000 33.6000 0.0000
v 0.0000 35.2800 0.0000
v 0.0000 39.2000 0.0000
v -0.8100 5.8500 -3.7100
v -3.7100 -0.8100 5.8500
v 5.8500 0.0000 0.0000
v 0.0000 -12.8000 0.0000
v 0.0900 3.6700 -4.2600
v -4.2600 -0.9700 -4.7100
v -4.7100 2.3300 0.0900
v 0.0900 3.6700 -4.2600
v -4.2600 -0.9700 -4.7100
v 0.0600 0.2200 0.0600
v 26.2400 0.0000 0.0000
v -1.4300 -0.7400 -4.1200
v -4.1200 -1.4300 -0.7400
v -0.7400 -4.1200 -1.4300
v 0.0600 0.0400 0.0600
v -27.2000 0.0000 0.0000
v -1.0900 -1.3800 -3.2700
v -3.2700 -1.0900 -1.3800
v 0.0600 0.5100 0.3300
v 0.0800 0.0000 0.0000
v 0.6400 -0.1800 0.2000
v 0.3600 0.6400 -0.1800
v -0.3200 0.3600 0.6400
v 0.4000 -0.3200 0.3600
v 0.2200 0.4000 -0.3200
v -0.6100 0.6900 1.2100
v -0.2000 0.2200 0.4000
v 0.3600 -0.6100 0.6900
v -1.9900 -0.2000 0.2200
v 0.2000 0.3600 -0.6100
v 0.0600 0.4100 0.0600
v -4.9300 -0.5700 -3.3000
v -3.3000 -4.9300 -0.5700
v -0.5700 -3.3000 -4.9300
v -4.9300 -0.5700 -3.3000
v -3.3000 0.0000 0.0000
v -2.0600 -2.8400 -4.7900
v -4.7900 -2.0600 -2.8400
v -2.8400 -4.7900 -2.0600
v 0.0000 0.0000 0.0700
v -0.3700 0.0100 -0.1700
v 4.0400 -0.6200 -0.3700
v -0.4600 0.7800 4.0400
v 0.0700 -1.4500 -0.4600
v 0.0000 0.0000 0.0700
v -0.3700 0.0100 -0.1700
v 4.0400 -0.6200 -0.3700
v -0.4600 0.7800 4.0400
v 0.0700 -1.4500 -0.4600
v 7.6800 -20.4800 0.0000
v 0.2200 0.4000 -0.3200
v -0.6100 0.6900 1.2100
v 0.4000 -0.3200 0.3600
v 0.6900 1.2100 0.5100
v -0.3200 0.3600 0.6400
v 1.2100 0.5100 1.0700
v 0.3600 0.6400 -0.1800
v 0.5100 1.0700 -5.8800
v 0.6400 -0.1800 0.2000
v 1.0700 -5.8800 -0.2000
v -0.1800 0.2000 0.3600
v -5.8800 -0.2000 0.2200
v 0.2000 0.3600 -0.6100
v -0.2000 0.2200 0.4000
v 0.3600 -0.6100 0.6900
v 0.2200 0.4000 -0.3200
v -0.6100 0.6900 1.2100
v 0.4000 -0.3200 0.3600
v 0.6900 1.2100 0.5100
v -0.3200 0.3600 0.6400
v 1.2100 0.0000 0.0000
v 0.5500 1.0500 -6.3400
v 0.2500 -2.9700 -4.3500
v -4.3500 0.2500 -2.9700
v -2.9700 -4.3500 0.2500
v 7.6800 -20.4800 -8.8900
v -6.9900 0.0600 0.0200
v -1.8900 0.0000 0.0000
v 3.2700 -0.0300 -2.7000
v -0.7300 -0.2200 0.4600
v 1.9700 -0.6400 1.9300
v 3.3300 0.6700 -2.7500
v -3.0500 -0.9200 0.2600
v -0.2500 -0.2500 -0.9100
v -2.2900 0.6100 1.7700
v 3.2800 1.6800 -2.4600
v -2.0600 -0.9200 0.2800
v -0.5900 -0.1200 -1.4500
v 1.3300 -0.1700 1.4200
v 3.2400 0.3700 -2.5600
v -0.8500 -0.8700 0.1500
v 0.0600 0.4400 0.3600
v -6.3400 -6.6500 -30.6500
v 0.5600 -2.1600 -5.0800
v 0.0300 0.0000 0.0000
v 0.6500 0.2100 0.1100
v -0.1200 -0.6200 -1.0100
v -5.0800 6.0500 1.7600
v 0.6300 -0.2000 -0.2000
v 0.4700 -1.0200 -5.0500
v -0.0700 4.7000 0.5000
v 0.1500 -0.0200 0.0900
v 1.5100 0.6800 0.0100
v -1.9900 -1.0000 -1.2800
v -5.0500 4.0500 1.2000
v 0.3100 -0.0600 -1.6600
v 0.4800 -1.1200 -5.0600
v 0.0600 1.4600 0.2300
v 0.0000 0.0000 0.0300
v 0.2300 0.1000 0.0100
v -0.3000 -0.1500 -0.2000
v -5.0800 0.0000 0.0000
v 0.0600 0.0100 0.0600
v -3.8800 -1.7900 -1.5600
v -0.0300 -0.0100 0.0000
v -0.4700 -1.3600 -2.0400
v 0.0200 -0.1700 0.0000
v 0.0500 0.0700 -0.7100
v -0.4700 -1.3600 -2.0400
v 0.0200 -0.1700 0.0000
v -0.0300 -0.0100 0.0000
v 0.0600 0.3400 0.1000
v -20.7000 0.0000 0.0000
v -7.3200 -1.8000 -1.2500
v -1.9200 -0.0900 -31.4900
v -1.6200 -2.8900 -4.5800
v -2.1900 0.3900 -3.8000
v -3.4700 -1.1700 -3.0900
v -6.8800 -1.7300 -1.4500
v -3.8100 -3.3200 1.2400
v 1.2400 -3.8100 -3.3200
v -3.3200 1.2400 -3.8100
v 0.0200 2.0000 0.0900
v -2.4000 1.2400 -0.1100
v -2.4000 1.2400 -0.1100
v -27.7600 -35.8400 -2.4000
v -2.4000 1.2400 -0.1100
v 7.6800 0.0000 0.0000
v 0.0600 0.4100 0.0900
v -34.1700 0.0000 0.0000
v 1.4600 0.0000 0.0000
v 7.6800 0.0000 0.0000
v 0.0000 0.6400 0.0000
v 7.6800 0.0000 0.0000
v -12.4100 -1.5600 0.0000
v 0.0200 0.0000 -0.1700
v 7.6800 -36.4000 0.0000
v 7.6800 0.0000 0.0000
v 0.0000 0.1600 0.0000
v 0.1000 0.6100 0.2000
v -8.8900 -11.1300 0.0000
v -0.9500 -22.3300 -5.7000
v -4.7300 0.3700 -4.1300
v -12.4100 0.0000 0.0000
v 0.0000 -1.2100 0.0000
v 0.0000 -0.5500 0.0000
v 0.0000 -0.8300 0.0000
v 0.0000 -1.6100 0.0000
v 0.0000 0.7200 0.0000
v 0.0000 1.2000 0.0000
v 7.6800 0.0000 0.0000
v 7.6800 0.0000 0.0000
v 0.0300 0.3600 0.0200
v -18.4600 0.0000 0.0000
v 0.0000 0.1600 0.0000
v 0.1000 0.4000 0.0900
v 0.0000 -11.4500 0.0000
v 0.0000 2.8800 0.0000
v 0.0000 3.1200 0.0000
v 0.0000 4.5600 0.0000
v 0.0000 5.3600 0.0000
v 0.0000 13.2800 0.0000
v 0.0000 24.9600 0.0000
v 0.0000 32.4000 0.0000
v 0.0300 0.1100 0.0000
v 7.6800 0.1600 0.1000
v 0.1000 0.1600 0.1000
v 7.6800 0.0000 0.0000
v 0.1600 32.0900 0.0000
v 10.1600 1.5000 -4.0500
v 1.6300 -4.0600 2.2800
v -4.0800 2.3100 0.6200
v 2.3500 0.5100 -27.9900
v 0.3900 -28.1800 20.6400
v -28.3600 20.6400 0.0300
v 0.0000 9.2700 2.2700
v 9.2400 2.3000 -4.1600
v 2.3600 -4.2100 2.4200
v -4.2700 2.3300 0.5700
v 0.9500 4.4000 -22.8500
v 8.6800 2.7900 -4.5300
v 2.8000 -4.5400 0.3700
v -4.5400 0.5000 -2.3700
v 0.6500 -2.4600 -5.2200
v 8.6800 2.8100 -4.5400
v 2.8100 -4.5500 1.5400
v 0.0300 2.0000 0.2200
v -0.1000 0.1000 -0.1200
v 0.1600 0.1000 0.0000
v -3.0200 -2.8800 20.4900
v 2.8100 -4.5500 1.6100
v 1.7200 -3.1000 -2.6500
v 8.6900 2.8100 -4.5400
v -4.5400 1.9300 -3.2100
v 2.8100 -4.5400 2.1600
v 2.3200 -3.4500 -1.1500
v 8.7000 2.8100 -4.5400
v -4.5400 2.5700 -3.6100
v 2.8000 -4.5400 2.8000
v 2.9500 -3.8400 0.5200
v 8.7200 2.8000 -4.5400
v -4.5300 3.1400 -3.9400
v 2.8000 -4.5300 3.2900
v 3.3600 -4.0200 0.9700
v 8.7400 2.8000 -4.5300
v -4.5300 3.4100 -4.0000
v 2.7900 -4.5300 3.3700
v 3.3000 -3.7800 -1.2300
v 8.7500 2.7900 -4.5300
v -4.5300 2.1300 -2.6300
v 2.7900 -4.5300 -0.5700
v -0.8700 0.1900 -26.6000
v 8.7600 2.7900 -4.5300
v -4.5300 -0.8500 0.1900
v 2.7900 -4.5200 -0.8400
v 0.0300 2.0000 0.1400
v 1.6100 0.0000 0.0000
v 0.1900 -26.5700 -10.2400
v -26.4600 -30.7200 8.7600
v 8.7500 2.7900 -4.5200
v 2.7900 -4.5200 -0.7400
v -4.5200 -0.7200 0.1000
v -0.7000 0.0800 -25.7900
v 8.7400 2.7900 -4.5200
v 2.7900 -4.5200 -0.5800
v -4.5200 -0.5700 -0.0200
v -0.5500 -0.0400 -24.9000
v 8.7300 2.7800 -4.5200
v 2.7800 -4.5200 -0.4300
v -4.5200 -0.4100 -0.1500
v -0.3900 -0.1700 -24.0100
v 8.7300 2.7800 -4.5200
v 2.7800 -4.5200 -0.2800
v -4.5200 -0.2600 -0.2800
v -0.2400 -0.2900 -23.1100
v 8.7200 2.7800 -4.5200
v 2.7800 -4.5200 -0.1200
v -4.5200 -0.1000 -0.4100
v -0.0900 -0.4200 -22.2200
v 8.7100 2.7800 -4.5200
v 2.7800 -4.5200 0.0200
v -4.5200 0.0400 -0.5300
v 0.0600 -0.5500 -21.3300
v -0.5700 -21.2200 21.7600
v -21.1100 21.7600 8.7000
v 1.2800 0.0000 0.0000
v 0.1600 0.1000 0.1600
v 8.7000 2.7800 -4.5200
v 0.1500 -0.6200 -20.8100
v 2.7800 -4.5200 0.2300
v 20.5000 8.6900 2.7800
v -4.5200 0.3700 -0.8100
v -19.2700 10.2500 0.1200
v 7.6900 2.9800 -4.7200
v 0.5100 -0.9200 -18.7200
v 2.9800 -4.7200 0.6000
v 20.5000 7.7000 2.9800
v -4.7100 0.7200 -1.1000
v 7.7600 2.9600 -4.7000
v 0.8200 -1.1800 -16.9300
v 2.9400 -4.6800 0.8600
v 20.5000 7.9200 2.9300
v -4.6600 -1.2200 -1.8000
v 8.0200 2.9000 -4.6400
v 1.6200 -0.7900 -9.3200
v 2.8800 -4.6300 2.1100
v 10.2400 8.1500 2.8700
v 8.3700 2.8200 -4.5700
v 3.3000 -3.7300 -8.7300
v 2.8000 -4.5500 2.3200
v -4.5300 -0.7400 -0.2000
v 8.6000 2.7700 -4.5200
v -1.3800 -0.2000 -7.2400
v 2.7500 -4.5000 -1.4500
v -4.4900 0.7300 2.0900
v 8.7500 2.7300 -4.4900
v 1.4700 1.3000 -29.2500
v 2.7300 -4.4900 1.6400
v 0.6900 -29.9500 0.0300
v -4.4900 1.7500 0.6000
v 8.7400 2.7400 -4.4900
v 1.7300 0.6300 -29.9900
v 2.7400 -4.4900 1.7000
v 0.6800 -29.9600 0.0000
v 37.2100 0.0000 0.0000
v 10.8200 1.2700 -3.1700
v 10.8200 1.2700 -3.1700
v 10.8200 1.2700 -3.1700
v 10.8200 1.2700 -3.1700
v 10.8200 1.2700 -3.1700
v 10.8200 1.2700 -3.1700
v 10.8200 1.2700 -3.1700
v 10.8200 1.2700 -3.1700
v 10.8200 1.2700 -3.1700
v 10.8200 1.2700 -3.1700
v 10.8200 1.2700 -3.1700
v 10.8200 1.2700 -3.1700
v 10.8200 1.2700 -3.1700
v 10.8200 1.2700 -3.1700
v 10.8200 1.2700 -3.1700
v 10.8200 1.2700 -3.1700
v 10.8200 1.2700 -3.1700
v 10.8200 1.2700 -3.1700
v 10.8200 1.2700 -3.1700
v 10.8200 1.2700 -3.1700
v 10.8200 1.2700 -3.1700
v 10.8200 1.2700 -3.1700
v 10.8200 1.2700 -3.1700
v 10.8200 1.2700 -3.1700
v 10.8200 1.2700 -3.1700
v 10.8200 1.2700 -3.1700
v 10.8200 1.2700 -3.1700
v 10.8200 1.2700 -3.1700
v 10.8200 1.2700 -3.1700
v 10.8200 1.2700 -3.1700
v 10.8200 1.2700 -3.1700
v 10.8200 1.2700 -3.1700
v 7.6800 0.0000 0.0000
v 0.0300 2.5100 0.0800
v 0.0000 -0.3100 -0.6200
v 10.8200 1.2700 -3.1700
v 10.8200 1.2700 -3.1700
v 10.8200 1.2700 -3.1700
v 10.8200 1.2700 -3.1700
v 10.8200 1.2700 -3.1700
v 10.8200 1.2700 -3.1700
v 10.8200 1.2700 -3.1700
v 10.8200 1.2700 -3.1700
v 10.8200 1.2700 -3.1700
v 10.8200 1.2700 -3.1700
v 10.8200 1.2700 -3.1700
v 10.8200 1.2700 -3.1700
v 10.8200 1.2700 -3.1700
v 10.8200 1.2700 -3.1700
v 10.8200 1.2700 -3.1700
v 10.8200 1.2700 -3.1700
v 10.8200 1.2700 -3.1700
v 10.8200 1.2700 -3.1700
v 10.8200 1.2700 -3.1700
v 10.8200 1.2700 -3.1700
v 10.8200 1.2700 -3.1700
v 10.8200 1.2700 -3.1700
v 10.8200 1.2700 -3.1700
v 10.8200 1.2700 -3.1700
v 10.8200 1.2700 -3.1700
v 10.8200 1.2700 -3.1700
v 10.8200 1.2700 -3.1700
v 10.8200 1.2700 -3.1700
v 10.8200 1.2700 -3.1700
v 10.8200 1.2700 -3.1700
v 10.8200 1.2700 -3.1700
v 10.8200 1.2700 -3.1700
v 0.0300 2.1100 0.1000
v 0.0000 -13.3800 -27.4500
v 10.8200 1.2700 -3.1700
v 8.9600 10.8200 1.2700
v 10.8200 1.2700 -3.1700
v 10.8200 1.2700 -3.1700
v 1.2700 -3.1700 31.2000
v 10.8200 1.2700 -3.1700
v 1.2700 -3.1700 20.8000
v 10.8200 1.2700 -3.1700
v 1.2700 -3.1700 10.4800
v 10.8200 1.2700 -3.1700
v 1.2700 -3.1700 10.3200
v 10.8200 1.2700 -3.1700
v 1.2700 -3.1700 0.0000
v 0.0300 2.5100 0.0800
v 0.0000 -13.4200 -27.4900
v 10.8200 1.2700 -3.1700
v 10.8200 1.2700 -3.1700
v 10.8200 1.2700 -3.1700
v 10.8200 1.2700 -3.1700
v 10.8200 1.2700 -3.1700
v 10.8200 1.2700 -3.1700
v 10.8200 1.2700 -3.1700
v 10.8200 1.2700 -3.1700
v 10.8200 1.2700 -3.1700
v 10.8200 1.2700 -3.1700
v 10.8200 1.2700 -3.1700
v 10.8200 1.2700 -3.1700
v 10.8200 1.2700 -3.1700
v 10.8200 1.2700 -3.1700
v 10.8200 1.2700 -3.1700
v 10.8200 1.2700 -3.1700
v 10.8200 1.2700 -3.1700
v 10.8200 1.2700 -3.1700
v 10.8200 1.2700 -3.1700
v 10.8200 1.2700 -3.1700
v 10.8200 1.2700 -3.1700
v 10.8200 1.2700 -3.1700
v 10.8200 1.2700 -3.1700
v 10.8200 1.2700 -3.1700
v 10.8200 1.2700 -3.1700
v 10.8200 1.2700 -3.1700
v 10.8200 1.2700 -3.1700
v 10.8200 1.2700 -3.1700
v 10.8200 1.2700 -3.1700
v 10.8200 1.2700 -3.1700
v 10.8200 1.2700 -3.1700
v 10.8200 1.2700 -3.1700
v 0.0300 2.5100 0.0700
v 0.0000 -12.4800 -25.6000
v 10.8200 1.2700 -3.1700
v 10.8200 1.2700 -3.1700
v 10.8200 1.2700 -3.1700
v 10.8200 1.2700 -3.1700
v 0.0000 -12.4800 -25.6000
v 10.8200 1.2700 -3.1700
v 10.8200 1.2700 -3.1700
v 10.8200 1.2700 -3.1700
v 10.8200 1.2700 -3.1700
v 10.8200 1.2700 -3.1700
v 10.8200 1.2700 -3.1700
v 10.8200 1.2700 -3.1700
v 10.8200 1.2700 -3.1700
v 0.0300 2.5100 0.0800
v 0.0000 -12.4800 -25.6000
v 10.8200 1.2700 -3.1700
v 10.8200 1.2700 -3.1700
v 10.8200 1.2700 -3.1700
v 10.8200 1.2700 -3.1700
v 10.8200 1.2700 -3.1700
v 10.8200 1.2700 -3.1700
v 10.8200 1.2700 -3.1700
v 10.8200 1.2700 -3.1700
v 10.8200 1.2700 -3.1700
v 10.8200 1.2700 -3.1700
v 10.8200 1.2700 -3.1700
v 10.8200 1.2700 -3.1700
v 10.8200 1.2700 -3.1700
v 10.8200 1.2700 -3.1700
v 10.8200 1.2700 -3.1700
v 10.8200 1.2700 -3.1700
v 10.8200 1.2700 -3.1700
v 10.8200 1.2700 -3.1700
v 10.8200 1.2700 -3.1700
v 10.8200 1.2700 -3.1700
v 10.8200 1.2700 -3.1700
v 10.8200 1.2700 -3.1700
v 10.8200 1.2700 -3.1700
v 10.8200 1.2700 -3.1700
v 10.8200 1.2700 -3.1700
v 10.8200 1.2700 -3.1700
v 10.8200 1.2700 -3.1700
v 10.8200 1.2700 -3.1700
v 10.8200 1.2700 -3.1700
v 10.8200 1.2700 -3.1700
v 10.8200 1.2700 -3.1700
v 10.8200 1.2700 -3.1700
v 0.0300 1.4100 0.0600
v 0.0000 -12.4800 -25.6000
v 1.2700 -3.1700 10.8200
v 10.8200 1.2700 -3.1700
v -3.1700 10.8200 1.2700
v 1.2700 -3.1700 10.8200
v 10.8200 1.2700 -3.1700
v -3.1700 10.8200 1.2700
v 1.2700 -3.1700 10.8200
v 10.8200 1.2700 -3.1700
v -3.1700 10.8200 1.2700
v 1.2700 -3.1700 10.8200
v 10.8200 1.2700 -3.1700
v -3.1700 10.8200 1.2700
v 1.2700 -3.1700 10.8200
v 0.0300 1.5600 0.0600
v 1.2700 -3.1700 10.8200
v 10.8200 1.2700 -3.1700
v -3.1700 10.8200 1.2700
v 1.2700 -3.1700 10.8200
v 10.8200 1.2700 -3.1700
v -3.1700 10.8200 1.2700
v 1.2700 -3.1700 10.8200
v 10.8200 1.2700 -3.1700
v -3.1700 10.8200 1.2700
v 1.2700 -3.1700 10.8200
v 10.8200 1.2700 -3.1700
v -3.1700 10.8200 1.2700
v 1.2700 -3.1700 10.8200
v 10.8200 1.2700 -3.1700
v -3.1700 10.8200 1.2700
v 0.0000 1.6000 0.0000
v 0.0000 1.8400 0.0000
v 0.0000 3.1200 0.0000
v 0.0000 4.0800 0.0000
v 0.0000 5.0400 0.0000
v 0.0000 5.3600 0.0000
v 0.0000 6.4800 0.0000
v 0.0000 9.0400 0.0000
v 7.6800 0.0000 0.0000
v 0.0500 -1.6800 3.7700
v -2.7300 3.7700 0.6400
v 0.0500 -4.0400 3.7700
v 0.0500 -4.0300 3.7700
v 3.7700 0.0500 -4.0300
v -4.0300 3.7700 0.0500
v 0.0500 -4.0300 3.7700
v 3.7700 0.0000 0.0000
v -3.4200 -2.2800 3.1100
v 3.1100 -3.4200 -2.2800
v -2.2800 3.1100 -3.4200
v -3.4200 -2.2800 3.1100
v 3.1100 0.0000 0.0000
v -2.9800 -3.0200 3.2500
v 0.3200 -3.4500 0.4200
v 0.4200 0.3200 -3.4500
v -3.4500 0.4200 0.3200
v 0.3200 -3.4500 0.4200
v 0.4200 0.3200 -3.4500
v -3.4500 0.4200 0.0000
v 5.0900 5.9200 3.0600
v 3.0600 5.0900 5.9200
v 5.9200 3.0600 5.0900
v 5.0900 5.9200 3.0600
v 3.0600 5.0900 5.9200
v 5.9200 3.0600 5.0900
v 5.0900 5.9200 3.0600
v 3.0600 5.0900 5.9200
v 5.9200 3.0600 5.0900
v 5.0900 5.9200 3.0600
v 3.0600 5.0900 5.9200
v 5.9200 3.0600 5.0900
v 5.0900 5.9200 3.0600
v 3.0600 5.0900 5.9200
v 5.9200 3.0600 0.0000
v 5.0900 5.9200 3.0600
v 3.0600 5.0900 5.9200
v 5.9200 3.0600 5.0900
v 5.0900 5.9200 3.0600
v 3.0600 5.0900 5.9200
v 5.9200 3.0600 5.0900
v 0.0200 0.5000 0.0700
v -5.9900 -1.8800 -1.5100
v 0.0000 0.8000 0.0000
v 0.0000 0.9600 0.0000
v 0.0000 2.4000 0.0000
v 0.0000 3.3600 0.0000
v 0.0000 5.6000 0.0000
v 0.0200 0.1100 0.0000
v 0.0200 0.4800 0.0900
v -2.5200 0.0000 0.0000
v 19.2600 2.5500 -33.3000
v -1.1200 1.3000 2.5500
v 1.4700 1.8800 10.1200
v 0.0200 0.4100 0.0600
v -9.6700 6.5700 -9.1200
v -9.1200 -9.6700 6.5700
v 6.5700 -9.1200 -9.6700
v -9.6700 6.5700 -9.1200
v 0.0200 1.2900 0.0600
v 7.3500 3.3000 6.3200
v 6.3200 7.3500 3.3000
v 3.3000 6.3200 7.3500
v 7.3500 3.3000 6.3200
v 6.3200 7.3500 3.3000
v 3.3000 6.3200 7.3500
v 7.3500 3.3000 6.3200
v 6.3200 7.3500 3.3000
v 3.3000 6.3200 7.3500
v 7.3500 3.3000 6.3200
v 6.3200 7.3500 3.3000
v 3.3000 6.3200 7.3500
v 0.0200 1.2200 0.0600
v 10.0100 3.3500 4.4400
v 4.4400 10.0100 3.3500
v 3.3500 4.4400 10.0100
v 10.0100 3.3500 4.4400
v 4.4400 10.0100 3.3500
v 3.3500 4.4400 10.0100
v 10.0100 3.3500 4.4400
v 4.4400 10.0100 3.3500
v 3.3500 4.4400 10.0100
v 10.0100 3.3500 4.4400
v 4.4400 10.0100 3.3500
v 3.3500 4.4400 10.0100
v 0.0000 1.2000 0.0000
v 0.0000 1.6800 0.0000
v 0.0000 3.2800 0.0000
v 0.0000 4.8800 0.0000
v 0.0000 6.8000 0.0000
v 0.0000 -6.6400 0.0000
v 0.0000 0.0000 -6.6400
v -0.3300 -13.9300 1.9000
v 1.9000 0.0000 -5.9900
v -5.9900 -0.0200 -0.3300
v -0.3300 -13.9300 1.9000
v 1.9000 0.0000 -5.9900
v -5.9900 -0.0200 -0.3300
v -0.3300 -13.9300 1.9000
v 1.9000 0.0000 -5.9900
v -5.9900 -0.0200 0.0000
v -3.7600 -1.1600 8.1100
v 8.1100 0.0000 -4.3700
v -3.1700 0.0000 -3.7600
v -3.7600 -1.1600 8.1100
v 8.1100 0.0000 -0.8100
v -3.2300 0.0000 -3.7600
v -3.7600 -1.1600 8.1100
v 8.1100 0.0000 -7.8600
v -7.5500 0.0000 0.0000
v 0.3900 -13.5500 1.7700
v 1.7700 0.0000 -5.9100
v -5.9100 0.0000 0.3900
v 0.3900 -13.5500 1.7700
v 1.7700 0.0000 -5.9100
v -5.9100 0.0000 0.3900
v 0.3900 -13.5500 1.7700
v 1.7700 0.0000 -5.9100
v -5.9100 0.0000 0.3900
v 0.3900 -13.5500 1.7700
v 1.7700 0.0000 -5.9100
v -4.1200 -1.1700 8.1200
v 8.1200 0.0100 -6.0400
v -6.0400 -0.1300 -4.1200
v -4.1200 -1.1700 8.1200
v 8.1200 0.0100 -6.0400
v -6.0400 -0.1300 -4.1200
v -4.1200 -1.1700 8.1200
v 8.1200 0.0100 -6.0400
v -6.0400 -0.1300 0.0000
v -3.3700 -1.0200 8.9500
v 8.9500 0.0000 -6.2400
v -6.2400 0.0000 -3.3700
v -3.3700 -1.0200 8.9500
v 8.9500 0.0000 -6.2400
v -6.2400 0.0000 -3.3700
v -3.3700 -1.0200 8.9500
v 8.9500 0.0000 -6.2400
v -6.2400 0.0000 -3.3700
v -3.3700 -1.0200 8.9500
v 8.9500 0.0000 -6.2400
v -6.2400 0.0000 -3.3700
v -3.3700 -1.0200 8.9500
v 8.9500 0.0000 -6.2400
v -6.2400 0.0000 -3.3700
v -3.3700 -1.0200 8.9500
v 8.9500 0.0000 -6.2400
v -6.2400 0.0000 -3.3700
v -3.3700 -1.0200 8.9500
v 8.9500 0.0000 -6.2400
v -6.2400 0.0000 -3.3700
v -3.3700 -1.0200 8.9500
v 8.9500 0.0000 -6.2400
v -6.2400 0.0000 -3.3700
v -3.3700 -1.0200 8.9500
v 0.0000 0.8000 0.0000
v 0.0000 0.9600 0.0000
v 0.0000 3.0400 0.0000
v 0.0000 4.2400 0.0000
v 0.0000 5.4400 0.0000
v 0.0200 0.1100 0.0000
v 0.0200 0.7600 0.0900
v -1.8700 0.0000 0.0000
v -4.6000 -4.3100 4.9200
v 0.0200 0.5500 0.0600
v 7.6800 0.0000 0.0000
v -3.5100 5.2300 -3.4200
v -3.4200 -3.5100 5.2300
v 5.2300 -3.4200 -3.5100
v -3.5100 5.2300 -3.4200
v -3.4200 -3.5100 5.2300
v 5.2300 0.0000 0.0000
v -3.1100 -2.5700 4.3000
v 4.3000 -3.1100 -2.5700
v -2.5700 4.3000 -3.1100
v -3.1100 -2.5700 4.3000
v 4.3000 -3.1100 -2.5700
v -2.5700 4.3000 -3.1100
v 0.0200 2.1600 0.0600
v 6.0800 0.0000 0.0000
v -2.5700 4.3000 -3.1100
v -3.1100 -2.5700 4.3000
v 4.3000 -3.1100 -2.5700
v -2.5700 4.3000 -3.1100
v -3.1100 -2.5700 4.3000
v 4.3000 -3.1100 -2.5700
v -2.5700 4.3000 -3.1100
v -3.1100 -2.5700 4.3000
v 4.3000 -3.1100 -2.5700
v -2.5700 4.3000 -3.1100
v -3.1100 -2.5700 4.3000
v 4.3000 -3.1100 -2.5700
v -2.5700 4.3000 -3.1100
v -3.1100 -2.5700 4.3000
v 4.3000 -3.1100 -2.5700
v -2.5700 4.3000 -3.1100
v -3.1100 -2.5700 4.3000
v 4.3000 -3.1100 -2.5700
v -2.5700 4.3000 -3.1100
v -3.1100 -2.5700 4.3000
v 4.3000 0.0000 0.0000
v 0.0000 16.2400 0.0000
v 0.0000 20.0000 0.0000
v 0.0000 26.7200 0.0000
v 0.0000 36.7200 0.0000
v 0.0000 39.4400 0.0000
v 0.0000 8.9600 -11.8100
v 31.1300 -1.0600 3.5700
v 7.7200 0.0000 0.0000
v 0.0000 8.9600 -10.9000
v 0.0000 1.4400 -10.9300
v 0.0000 6.2400 -10.2500
v 20.9600 3.0500 28.3200
v 18.5100 3.0700 -3.5200
v 0.0000 6.2400 -11.2800
v -28.2400 2.5700 0.0000
v 0.0000 6.2400 -11.2500
v 0.0000 6.8800 -11.9000
v 0.0000 1.4400 -10.4700
v 0.0000 12.9600 -11.8900
v 0.0000 4.1600 -10.5100
v 0.0000 8.1600 -11.5700
v -12.7400 11.5800 1.9800
v 22.0000 -36.8900 20.9900
v -12.7400 11.5800 1.9800
v 0.0500 -25.4700 20.6000
v 0.0000 5.4400 -11.6800
v 0.0000 3.5200 -11.1300
v 0.0000 5.5200 0.0000
v 0.0000 -26.0000 0.0000
v 0.0100 -36.0800 0.0000
v 0.0200 14.3200 0.0000
v 0.0300 8.5600 0.0000
v 0.0000 0.9600 0.0000
v 0.0000 11.8400 0.0000
v 0.0000 17.6000 0.0000
v 0.0000 0.9600 0.0000
v 0.0000 39.5200 0.0000
v 0.3000 0.0000 0.0000
v -7.0800 0.0000 0.0000
v 0.0000 0.1600 0.3000
v -24.7700 0.5500 6.4600
v 0.0000 0.0300 0.0000
v 0.0000 0.0300 0.0000
v 0.0000 0.0000 -5.6100
v 0.3000 0.0000 0.0000
v 3.3100 0.0000 0.0000
v 0.0000 0.1600 0.3000
v 24.4400 21.6300 -25.4400
v 0.0000 0.0300 0.0000
v 0.0000 0.0700 0.0000
v 0.0000 0.0000 22.3000
v 1.3400 0.0000 0.0000
v -13.3500 0.9000 3.1500
v 2.5600 0.0000 0.0000
v -13.3500 -1.1200 17.4700
v 0.0000 0.5100 0.0000
v 0.0000 0.1100 2.5600
v 0.0000 0.0000 -17.3100
v 3.1200 0.0000 0.0000
v 13.4000 0.9000 1.3100
v 2.5600 0.0000 0.0000
v 4.0700 1.5600 -24.5700
v 0.0000 0.5100 0.0000
v 0.0000 0.1500 2.5600
v 0.0000 0.0000 30.1800
v 0.0200 0.0200 0.0000
v 0.0200 0.0200 0.0000
v 0.0200 0.0200 0.0000
v 0.0200 0.0200 0.0000
v 0.7400 0.0100 0.0000
v 0.7400 0.0100 0.0000
v 0.7400 0.0100 0.0000
v 0.7400 0.0100 0.0000
v 4.3000 1.0000 0.0000
v 0.0000 0.0100 0.0000
v -14.5800 1.1800 3.2900
v 2.7000 5.1200 0.0000
v -14.5600 -0.4900 9.2300
v 0.0000 0.0000 14.5800
v 13.3300 1.0000 0.0000
v 0.0300 21.1800 13.3300
v 0.1200 5.1200 0.0000
v -0.0400 5.2900 0.0300
v 0.0000 0.0100 0.0000
v 0.0000 0.0000 20.2600
v 0.0000 15.3900 0.0000
v 23.9000 6.6100 0.0000
v 0.0000 0.0200 0.0000
v 0.0300 4.0400 13.3300
v 0.1200 5.1200 0.0000
v 0.1000 -3.7900 0.2800
v 0.0000 0.0000 20.2800
v 0.0000 10.7900 0.0000
v 15.4300 4.7400 0.0000
v -27.1000 6.2200 19.7400
v 0.0200 5.1700 0.0000
v -0.4800 -7.5900 0.4000
v 0.0000 0.1400 0.0000
v 0.0000 0.0000 7.3100
v 0.0000 0.0400 0.0000
v -24.6900 4.0200 6.1500
v 0.0000 5.1200 0.0000
v 0.0700 -1.7500 -0.0100
v 0.0000 0.0000 -3.4900
v 0.0400 5.1200 0.0000
v 16.2800 2.1700 -16.1600
v 0.0000 0.0000 -4.1200
v 10.8900 7.8000 9.3700
v 0.1200 5.1200 0.0000
v 16.1500 -3.7800 10.9300
v 0.0000 0.0000 -11.3300
v -19.9200 4.5200 8.9500
v 0.0400 5.2000 0.0000
v -4.1800 -1.3500 15.2300
v 0.0000 0.0000 -15.5400
v 9.4400 8.6400 0.0000
v 14.8600 5.2100 8.3400
v 2.7000 5.1200 0.0000
v -0.0400 -2.2700 -0.0600
v 0.0000 0.0000 -9.6500
v 13.3300 1.0000 0.0000
v 0.0000 0.0100 0.0000
v -1.8100 0.0000 0.4900
v 5.9600 12.6800 -13.9200
v 16.5300 35.6900 10.2400
v 17.3000 -9.6500 15.4100
v 0.3200 0.0000 0.6500
v 0.0000 0.9600 0.0000
v 0.0000 9.9200 0.0000
v 0.0000 15.3600 0.0000
v 0.0000 0.9600 0.0000
v 0.3000 0.0000 0.0000
v 1.1200 0.0000 0.0000
v 0.0000 0.1600 0.3000
v 4.2100 11.6200 -9.7800
v 0.0000 0.0300 0.0000
v 0.0000 0.0300 0.0000
v 0.0000 0.0000 -3.2300
v 0.3000 0.0000 0.0000
v -31.0100 0.0000 0.0000
v 0.0000 0.1600 0.3000
v 16.9400 1.0700 -31.2300
v 0.0000 0.0300 0.0000
v 0.0000 0.0900 0.0000
v 0.0000 0.0000 13.6100
v -28.4300 0.9100 1.8000
v 16.0900 11.8900 -39.6400
v 0.0000 0.0300 0.0000
v 0.0000 0.0500 0.0000
v 0.0000 0.0000 -4.0800
v 0.4400 0.0000 0.0000
v 0.0200 0.0200 0.0000
v 0.0200 0.0200 0.0000
v 0.0200 0.0200 0.0000
v 0.0200 0.0200 0.0000
v 0.7400 0.0100 0.0000
v 0.7400 0.0100 0.0000
v 8.7800 6.5200 0.0000
v 0.0000 0.0300 0.0000
v -22.5600 2.1500 4.7100
v 0.5400 5.1200 0.0000
v -14.1400 10.6100 -9.5700
v 0.0000 0.0400 0.0000
v 0.0000 0.0000 -3.4300
v 0.0000 0.1000 0.0000
v 7.7600 3.2000 0.0000
v -14.9300 2.3200 7.7600
v 0.1200 5.1300 0.0000
v 12.6200 -0.3600 -21.6900
v 0.0000 0.0000 0.1200
v 0.0000 0.0400 0.0000
v 0.0000 0.0000 4.4200
v 7.7600 3.2000 0.0000
v -21.9800 15.2200 14.0900
v 2.6800 5.1400 0.0000
v 11.7900 10.4500 -17.7000
v 0.0000 0.0000 2.6800
v 0.0000 0.0400 0.0000
v 0.0000 0.0000 11.7900
v 4.8300 0.6100 0.0000
v -9.8500 2.2200 4.8300
v 0.4600 5.2300 0.0000
v 8.0400 10.6800 -9.8300
v 0.0000 0.0000 0.4600
v 0.0000 0.0400 0.0000
v 0.0000 0.0000 11.7300
v -22.7900 0.4300 0.8400
v 0.1400 5.1200 0.0000
v 11.8500 14.2900 -22.7900
v 0.0000 0.0000 0.1300
v 0.0000 0.0400 0.0000
v 0.0000 0.0000 -2.1200
v 4.8300 0.6100 0.0000
v -9.9300 1.5600 4.8300
v 2.7000 5.1200 0.0000
v 4.2500 10.3700 -9.9300
v 0.0000 0.0400 0.0000
v 0.0000 0.0000 11.8200
v 4.7100 1.7100 0.0000
v 0.0000 0.0700 0.0000
v -32.5300 7.2500 11.1500
v 0.0200 5.1700 0.0000
v 11.1800 8.8900 -39.1100
v 0.0000 0.0000 0.0200
v 0.0000 0.0400 0.0000
v 0.0000 0.0000 19.0800
v 0.0000 4.7700 0.0000
v 11.1500 4.8900 0.0000
v 0.0000 0.0400 0.0000
v -33.4900 0.9600 2.7200
v 0.3500 5.2800 0.0000
v -3.3900 -0.2900 -3.3800
v 0.0000 0.0000 2.5600
v 0.0000 0.0400 0.0000
v 0.0000 0.0000 11.7100
v 0.0000 2.9400 0.0000
v 5.3500 3.4100 0.0000
v 0.0000 0.1400 0.0000
v -9.6400 2.7200 8.7800
v 2.5800 5.1200 0.0000
v -0.2700 -0.7700 -8.8900
v 0.0000 0.1500 0.0000
v 0.0000 0.0000 -11.7100
v 9.0400 12.1900 0.0000
v -10.2600 11.8300 9.0400
v 0.1500 5.1200 3.2900
v 11.9200 9.4200 -10.9100
v 0.0000 0.1500 0.0000
v 0.0000 0.0000 11.7700
v 0.0000 0.1500 0.0000
v -8.9600 23.0900 8.5900
v 0.0200 5.1600 0.0000
v 4.4500 8.3400 -9.2900
v 0.0000 0.0000 5.6600
v 10.0700 4.7200 0.0000
v -19.5700 3.6100 5.3900
v 0.0500 5.1300 0.0000
v 11.6600 -0.5500 -34.3800
v 0.0000 0.0000 18.5900
v 0.0000 1.6800 0.0000
v 5.1900 6.5200 0.0000
v 10.2300 -0.0100 0.0000
v -26.6000 0.7100 8.7800
v 0.3700 15.3600 9.4400
v -3.0900 4.4900 -15.4500
v 0.0000 0.3000 0.0000
v 0.0000 0.0000 -16.3100
v 5.1900 6.5200 0.0000
v 9.6800 -0.0100 0.0000
v -2.8800 0.6900 5.1900
v 0.3700 15.3600 9.3000
v -11.7500 2.3700 -4.6400
v 0.0000 0.3000 0.0000
v 0.0000 0.0000 11.8700
v 8.7800 6.5200 0.0000
v -27.8900 3.2300 9.3100
v 0.0400 5.1300 0.0000
v 16.8500 -0.4100 -6.8700
v 0.0000 0.0000 17.6800
v 8.7800 6.5200 0.0000
v 0.0000 0.0100 0.0000
v -7.7700 0.6900 5.1900
v 0.0000 0.0000 11.6300
v 0.0000 0.0200 0.0000
v -10.0200 3.6600 8.7800
v 0.0200 5.1200 0.0000
v -9.0200 9.9700 -9.8800
v 0.0000 0.1500 0.0000
v 0.0000 0.0000 2.0900
v 14.3600 10.8500 0.0000
v -9.6400 11.1200 8.9700
v 0.0600 15.3600 0.0000
v -5.2600 9.7700 -8.8300
v 0.0000 0.0500 0.0000
v 0.0000 0.0000 11.7000
v 0.0000 7.8300 0.0000
v 4.8300 7.5700 0.0000
v -0.5900 3.1800 8.7800
v 0.0400 5.1300 0.0000
v 16.2200 5.2400 -16.9600
v -10.8100 11.0500 -9.9000
v -3.0500 0.0800 -3.4700
v 16.1700 12.7600 -8.0900
v -13.7600 13.2000 -9.8500
v 8.7800 15.4200 -29.1800
v 6.1800 5.4100 -35.2900
v 18.0100 13.8000 -9.8900
v 11.8000 14.5800 -22.7300
v -9.6300 18.9200 -6.7600
v 8.2300 15.5300 -29.6200
v 0.3200 0.0000 0.0000
v 0.0000 0.9600 0.0000
v 0.0000 12.6400 0.0000
v 0.0000 20.6400 0.0000
v 0.0000 0.9600 0.0000
v 0.0400 0.0000 0.0000
v 0.0000 0.1600 0.0000
v -9.0300 0.3900 -0.0300
v 0.0000 0.0300 0.0000
v 0.0000 0.0300 0.0000
v 0.0000 0.0000 -37.7900
v 0.2000 0.0000 0.0000
v -12.2800 0.0000 0.0000
v 0.0000 0.1600 0.2000
v -16.8500 0.6700 12.4200
v 0.0000 0.0300 0.0000
v 0.0000 0.0700 0.0000
v 0.0000 0.0000 38.7600
v 0.2000 0.0000 0.0000
v -31.1800 0.0000 0.0000
v 0.0000 0.1600 0.2000
v 0.0000 0.0300 0.0000
v 0.0000 0.1100 0.0000
v 0.2000 0.0000 0.0000
v 0.0700 0.0000 0.0000
v 0.0000 0.1600 0.2000
v 0.0000 0.0300 0.0000
v 0.0000 0.1500 0.0000
v 0.9000 0.0000 0.0000
v 0.0200 0.0200 0.0000
v 0.0200 0.0200 0.0000
v 0.0200 0.0200 0.0000
v 0.0200 0.0200 0.0000
v 0.0200 0.0200 0.0000
v 0.0200 0.0200 0.0000
v 0.0200 0.0200 0.0000
v 0.0200 0.0200 0.0000
v 7.2700 1.0000 0.0000
v 0.0800 7.3700 18.4500
v 0.0000 5.1200 0.0000
v -22.9000 -0.5700 0.1900
v 0.0000 0.0000 2.5800
v 0.0000 0.1300 0.0000
v 0.0000 0.0000 -0.8000
v 0.0000 7.0000 0.0000
v 5.6000 2.2000 0.0000
v 0.0000 0.0200 0.0000
v -17.7200 13.8400 11.3300
v 0.1200 5.1200 0.0000
v 0.0000 0.0000 0.1200
v 11.3300 1.0000 0.0000
v 0.0900 1.8400 8.1100
v 2.7000 5.1200 0.0000
v 0.0000 0.0000 0.1200
v 8.1100 3.6700 0.0000
v -14.0400 7.2400 7.2700
v 0.2000 5.1400 0.0000
v 0.0000 0.0000 0.2000
v 7.2700 1.0000 0.0000
v 0.0000 0.0100 0.0000
v 13.8900 7.9400 7.2700
v 0.2000 5.1500 0.0000
v 0.0000 0.0000 0.2000
v 0.0000 0.0100 0.0000
v 8.4600 3.8000 1.1800
v 0.1800 7.7700 0.0000
v -5.0300 -0.2500 7.9700
v 0.0000 0.0000 4.8300
v 7.2700 1.0000 0.0000
v 0.0000 17.3000 1.5100
v 14.4100 17.4700 7.2700
v 0.0900 6.0200 0.0000
v 0.0000 0.0000 0.0900
v 1.5100 5.0000 0.0000
v 17.2800 1.0000 0.0000
v 0.0000 17.0000 0.8400
v -0.2100 12.8200 8.0800
v 0.0900 6.9000 0.0000
v 0.0000 0.0000 0.0900
v 0.0000 0.0200 0.0000
v 0.0000 0.0000 22.3800
v 0.0000 0.7000 0.0000
v 4.7600 1.2200 0.0000
v -3.0400 1.8600 7.2700
v 3.0100 5.1800 0.0000
v 0.0000 0.0000 3.0100
v 0.0000 11.6000 0.0000
v 7.2700 1.0000 0.0000
v 0.0000 0.1000 0.0000
v -0.0800 1.1900 7.2700
v 0.2000 5.1500 0.0000
v 0.0000 4.0000 0.0000
v 4.7600 6.7600 0.0000
v 0.0000 3.5200 0.0000
v -11.2100 4.0400 7.2700
v 0.2000 5.1300 0.0000
v -13.8500 -0.5700 -11.3100
v 0.0000 0.0000 0.2000
v 0.0000 0.0000 -13.9600
v 7.2700 1.0000 0.0000
v 0.0000 0.0100 0.0000
v 0.5100 4.0300 7.2700
v 0.2000 5.1300 0.0000
v 39.5600 -6.5600 16.3000
v 0.0000 0.1500 0.0000
v 0.0000 10.0000 0.0000
v 0.0000 0.1900 0.0000
v -29.7800 4.4400 8.3600
v 0.0200 5.1700 0.0000
v -30.7900 -0.5700 -1.4800
v 0.0000 0.0000 0.4100
v 0.0000 0.0000 -24.7200
v 11.4900 1.0000 0.0000
v -0.1200 6.7400 11.9000
v 0.0400 5.1300 0.0000
v 0.0000 0.0000 0.0400
v 0.5200 1.0000 0.0000
v 0.2100 32.8600 13.7200
v 0.5000 5.2100 0.0000
v 0.0000 0.0000 0.4800
v 6.9900 1.0000 0.0000
v 0.0600 0.4700 6.9900
v 2.9300 15.3600 7.6800
v -25.1500 2.5200 -0.1000
v 0.0000 0.0000 2.9300
v 0.0000 0.0000 -0.0800
v 15.0700 1.0000 0.0000
v 0.0000 0.0100 0.0000
v 39.3500 15.1400 15.0700
v 0.2000 5.1600 0.0000
v 0.0000 0.0000 0.2000
v 7.2700 1.0000 0.0000
v 0.0000 0.0100 0.0000
v 17.6600 5.4200 7.2700
v 0.2000 5.1600 0.0000
v 0.0000 0.0000 0.2000
v 7.2700 1.0000 0.0000
v 17.6600 5.8400 7.2700
v 0.0400 5.1300 0.0000
v 0.0000 0.0000 0.0400
v 7.2700 1.0000 0.0000
v 0.1300 2.2900 4.9600
v 0.3500 5.6100 0.0000
v 3.1300 1.0000 0.0000
v 17.9200 7.5200 6.7200
v 0.1200 5.1200 0.0000
v 0.1600 3.5600 4.9200
v 0.1200 5.1200 0.0000
v -4.9200 -1.1700 -0.0300
v 0.0000 0.0000 33.0100
v 11.7200 1.0000 0.0000
v 0.0000 7.6800 0.0000
v -0.2400 6.7000 26.7300
v 0.1500 5.1200 0.0000
v 34.7600 -1.2800 -0.2100
v 0.0000 0.0000 35.3500
v -17.9600 4.6200 12.6900
v 0.0000 5.1200 0.0000
v 0.0000 0.0200 0.0000
v 0.0000 0.0000 10.6600
v 0.0000 0.7000 0.0000
v 0.0000 0.0800 0.0000
v -0.0100 2.5000 19.6900
v 0.0000 5.1700 0.0000
v -0.8500 -0.8600 -0.0100
v 0.0000 0.0000 -0.0800
v 9.4900 1.5600 0.0000
v -0.0200 4.3300 2.1800
v 0.1200 5.1200 0.0000
v 0.0000 3.5000 0.0000
v 0.1600 4.4000 7.2700
v 0.1400 5.1200 0.0000
v 0.0000 0.9700 0.0000
v 7.2700 2.6800 0.0000
v 0.0000 0.2200 0.0000
v -6.7800 2.7700 7.2700
v 0.0200 0.0500 0.0000
v -0.1700 7.5900 0.0400
v 36.1000 -4.1800 0.0000
v -9.6800 10.9000 3.1000
v -9.1600 0.2800 2.3900
v -11.4800 1.8000 0.2900
v 10.2300 1.5200 -0.1400
v 6.4700 5.0900 -5.4000
v 0.0000 1.0000 0.0300
v 0.0000 2.0000 0.0700
v -25.0600 0.0800 -0.5700
v 10.9600 -0.5700 7.2700
v 17.6600 -17.5200 7.2700
v -14.0400 -17.5200 7.2700
v 0.0000 0.9600 0.0000
v 0.0000 0.9600 0.0000
v 0.0000 0.9600 0.0000
v 0.0000 1.2800 0.0000
v 0.0000 0.9600 0.0000
v 0.0000 0.9600 0.0000
v 0.0000 11.8400 0.0000
v 0.0000 16.9600 0.0000
v 0.0000 0.9600 0.0000
v 0.0000 0.9600 0.0000
v 0.4600 0.0000 0.0000
v 2.5600 0.0000 0.0000
v 0.0000 0.5500 0.0000
v 0.0000 0.0300 2.5600
v 0.0000 0.0000 -24.9200
v 0.4600 0.0000 0.0000
v 2.5600 0.0000 0.0000
v 0.0000 0.5300 0.0000
v 0.0000 0.0700 2.5600
v 0.0000 0.0000 -25.2300
v 0.4600 0.0000 0.0000
v 2.5600 0.0000 0.0000
v 0.0000 0.5200 0.0000
v 0.0000 0.1100 2.5600
v 0.0000 0.0000 -13.4700
v 27.2600 0.0000 0.0000
v 0.0000 0.1600 0.0000
v -11.3900 0.0400 26.1400
v 0.0000 0.0300 0.0000
v 0.0000 0.1500 0.0000
v 0.0000 0.0000 -7.1400
v 0.7900 0.0100 0.0000
v 0.7800 0.0100 0.0000
v 0.7700 0.0100 0.0000
v 0.7600 0.0100 0.0000
v 0.7500 0.0100 0.0000
v 0.0200 0.0200 0.0000
v 0.0200 0.0200 0.0000
v 0.0200 0.0200 0.0000
v 0.0000 2.5700 0.0000
v 2.7000 7.6800 2.5500
v 0.0000 0.0000 7.4000
v 1.7800 29.0700 0.0000
v 2.5500 1.2800 0.0000
v 2.6800 5.1200 2.5500
v 0.0000 0.0000 2.6800
v 0.0000 0.0000 6.1700
v 0.0000 0.0100 0.0000
v 39.3300 9.0600 12.1000
v 0.1200 5.1200 2.5500
v -13.0000 -13.7100 37.5500
v 0.0000 0.0000 -6.2100
v 0.0000 1.0200 0.0000
v 0.7800 15.3600 0.0000
v 0.0000 0.0000 -4.4900
v 3.3800 1.0000 0.0000
v 2.9300 15.3600 7.7100
v 0.0000 0.0000 -24.5100
v 10.4600 6.1800 0.0000
v 2.9300 15.3600 7.6800
v 0.0000 0.0000 -9.5100
v 0.7800 15.3600 0.0000
v 6.8600 7.7400 0.0000
v 0.0000 0.0000 -16.1200
v 3.2700 15.3600 7.6800
v 0.0000 0.0000 -15.7200
v 0.0000 0.0000 2.5700
v 10.4600 6.1800 0.0000
v 38.7300 0.8700 10.4600
v 2.9300 15.3600 7.6800
v 0.0000 0.0000 -15.8500
v 16.9700 10.4800 0.0000
v 0.0000 0.0200 2.6000
v 0.5000 5.2100 0.0000
v 0.0000 0.0000 8.3300
v 12.2800 20.2000 0.0000
v 0.0000 5.0400 0.0000
v 2.5800 5.1200 0.0000
v 0.0000 0.0000 -12.8800
v 2.7100 5.1200 0.0000
v 0.0000 0.0000 -8.1700
v 0.1200 5.1200 0.0000
v 0.0000 0.0000 -2.2000
v 5.0100 29.0700 0.0000
v 2.5500 1.2800 0.0000
v 2.6800 5.1200 2.5500
v 0.0000 0.0000 2.6800
v 0.0000 0.0000 5.6700
v 0.1200 5.1200 2.5500
v 0.0000 0.0000 0.1200
v 0.0000 0.0000 -15.2800
v 4.5900 29.0700 0.0000
v 2.5500 1.2800 0.0000
v 39.0500 3.0100 4.8000
v 0.1200 5.1200 0.0000
v -1.6200 -7.5300 39.6200
v 0.0000 0.9600 0.0000
v 0.0000 15.3600 0.0000
v 0.0000 22.8800 0.0000
v 0.0000 0.9600 0.0000
v 9.9000 0.0000 0.0000
v 0.0000 0.1600 0.0000
v 0.0000 0.5100 0.0000
v 0.0000 0.0400 0.0000
v 0.0000 0.0000 2.8000
v 0.2900 0.0000 0.0000
v -29.0900 0.0000 0.2900
v 2.5600 0.0000 0.0000
v -29.3900 -17.1100 -28.1000
v 0.0000 1.0200 0.0000
v 0.0000 0.0700 2.5600
v 0.0000 0.0000 28.3300
v 0.1100 0.0000 0.0000
v -28.1200 0.0000 0.0000
v 0.0000 0.6900 0.1100
v 4.6700 -19.9300 15.9800
v 0.0000 0.0300 0.0000
v 0.0000 0.1100 2.5600
v 0.0000 0.0000 4.6700
v 0.0000 0.1600 0.0000
v 27.6000 -29.1700 -35.8900
v 0.0000 0.0300 0.0000
v 0.0000 0.1500 0.0000
v 0.0000 0.0000 22.1400
v 0.2700 0.0000 0.0000
v 3.1700 2.7000 2.7300
v 8.1400 -18.6700 21.9400
v 0.0000 0.5100 0.0000
v 0.0000 0.1900 2.5600
v 0.0000 0.0000 -31.9000
v 3.3800 0.0000 0.0000
v 0.0200 0.0200 0.0000
v 0.7400 0.0100 0.0000
v 1.2000 0.0100 0.0000
v 0.1400 0.0200 0.0000
v 0.1400 0.0200 0.0000
v 0.0200 0.0200 0.0000
v 0.0200 0.0200 0.0000
v 0.0200 0.0200 0.0000
v 0.7400 0.0100 0.0000
v 0.7400 0.0100 0.0000
v 11.4600 1.0000 0.0000
v -27.4300 3.9200 11.4600
v 3.0800 5.1200 0.0000
v 26.7700 -23.5800 18.5700
v 0.0000 0.1800 0.0000
v 0.0000 0.0000 28.0800
v 7.5700 4.1100 0.0000
v 13.8800 5.1900 6.4600
v 0.0000 5.1700 0.0000
v 28.1300 -30.7100 -3.3800
v 0.0000 0.0000 20.9000
v 5.4100 0.0100 0.0000
v 0.0000 0.0700 0.0000
v -28.4900 4.9000 11.2000
v 0.1200 5.1200 0.0000
v 0.0000 0.1800 0.0000
v 0.0000 0.0000 5.6900
v 0.0000 6.0100 0.0000
v 5.5900 0.0100 0.0000
v -1.2700 6.9400 16.4700
v 0.0000 5.1500 0.0000
v 6.5100 -34.7400 -27.5300
v 0.0000 0.0000 2.8400
v 0.0000 0.0000 1.0600
v 0.0000 11.1900 0.0000
v 10.5500 1.0000 0.0000
v 4.1400 1.7200 10.6800
v 2.6800 5.1200 0.0000
v -17.9500 -16.8100 -10.2400
v 0.0000 0.0000 2.6800
v 0.0000 0.0000 -11.7600
v 0.0000 11.1900 0.0000
v 2.1400 0.0100 0.0000
v 0.1000 17.9700 0.0200
v 2.7200 5.1800 0.5000
v 0.0000 0.0000 0.1600
v 0.0000 0.0200 0.0000
v 0.0000 0.0000 26.8800
v 0.0000 9.0000 0.0000
v 4.1600 0.0100 0.0000
v 0.0000 3.8400 0.0000
v 6.3100 6.3500 6.3700
v 0.0800 5.5200 0.0000
v 10.1300 -33.2600 1.3300
v 0.0000 0.0000 3.0000
v 0.0000 0.0100 0.0000
v 0.0000 0.0000 1.0500
v 0.0000 11.1900 0.0000
v 11.4600 1.0000 0.0000
v 4.3200 1.2800 11.4600
v 3.0000 5.1300 0.0000
v -18.0400 -19.2900 -10.3100
v 0.0000 0.0000 3.0000
v 0.0000 0.0000 -6.9100
v 0.0000 8.0000 0.0000
v 12.0600 1.0000 0.0000
v 0.0400 8.7200 13.1100
v 0.2000 5.1300 0.0000
v -18.4100 -27.3400 -9.4300
v 0.0000 0.0000 0.2000
v 0.0000 0.0100 0.0000
v 0.0000 8.0000 0.0000
v 11.4600 1.0000 0.0000
v -26.1200 20.8300 11.4600
v 3.0000 5.2100 0.0000
v 0.0000 0.0100 0.0000
v 0.0000 0.0000 6.0100
v 0.0000 3.5400 0.0000
v 23.6500 1.0000 0.0000
v -12.9700 3.0400 6.5400
v 2.6800 5.1200 0.0000
v 32.3600 -29.3600 -9.4800
v 0.0000 0.0000 2.6800
v 0.0000 0.0000 34.4300
v 6.5400 1.0000 0.0000
v -5.4700 3.0400 6.5400
v 2.6800 5.1200 0.0000
v 27.9800 -20.5000 -8.2600
v 0.0000 0.0000 2.6800
v 0.0000 0.0000 23.9100
v 0.1000 1.0000 0.0000
v 2.7600 21.5500 35.4300
v 0.0000 5.1500 0.0000
v -26.5500 -19.4600 -17.7100
v 0.0000 0.0000 -37.7700
v 0.0000 1.7700 0.0000
v 3.4200 3.0500 0.0000
v 2.9100 5.1900 0.0000
v 0.0000 0.0000 -34.5100
v 14.6600 15.6700 0.0000
v 22.5900 0.4600 1.4500
v 3.0000 7.6900 0.0000
v 0.0000 0.0000 -11.7300
v 0.0000 6.4100 0.0000
v 5.6000 3.1100 0.0000
v 0.0000 3.2500 0.0000
v -36.5800 2.3800 3.0500
v 0.0000 5.1700 0.0000
v 0.0000 0.0200 0.0000
v 0.0000 0.0000 -8.1600
v 38.9600 2.9500 6.0300
v 2.6800 5.1200 0.0000
v 0.0000 0.0000 0.2000
v 9.9500 1.0000 0.0000
v 21.8600 6.9400 8.0100
v 2.6800 5.1200 0.0000
v -9.7100 -15.5100 21.0800
v 0.0000 0.0000 2.6800
v 34.1700 1.0000 0.0000
v 0.0000 0.0100 0.0000
v 0.1400 5.1200 0.0000
v 9.1600 4.3300 0.0000
v -22.0700 2.2400 9.1600
v 0.1400 5.1200 0.0000
v -25.7800 -20.6100 -26.6600
v -31.4000 1.0500 1.9500
v 0.1400 15.5300 0.0000
v 23.2500 -38.4200 -26.0500
v 0.0000 0.2800 0.0000
v 0.0000 0.0000 7.9600
v 9.9100 4.7100 0.0000
v 0.0000 3.8100 0.0000
v -28.9600 0.8500 4.3600
v 0.3500 5.5600 0.0000
v 0.0000 0.0000 3.8900
v 2.9400 2.2400 0.0000
v -9.6500 7.3100 7.6800
v 0.1400 7.6800 0.0000
v 0.0000 0.0000 11.8200
v 24.9800 3.1200 0.0000
v 0.3500 5.5300 0.0000
v 10.1300 -33.2600 1.3300
v 0.0000 0.0000 2.6800
v 4.3800 28.7500 0.0000
v 35.3900 38.0500 13.6800
v 0.1200 5.1200 0.0000
v 2.8600 1.0000 0.0000
v 2.9100 5.7700 0.0000
v 0.0000 0.0000 2.6000
v 0.0000 0.0000 13.3400
v 0.0000 11.1900 0.0000
v 2.8600 1.0000 0.0000
v 0.0000 0.1400 0.0000
v 24.0000 1.4300 2.8600
v 0.3500 5.1800 0.0000
v -7.5500 -14.7300 23.4000
v 0.0000 0.0000 13.0400
v 0.0000 9.9200 0.0000
v 11.4600 1.0000 0.0000
v 0.0000 0.3100 0.0000
v 18.6100 3.2600 11.4600
v 0.0000 5.1700 0.0000
v -8.9800 -15.2700 22.6200
v 0.0000 0.0100 0.0000
v 0.0000 0.0000 7.6900
v 0.0000 11.1900 0.0000
v 5.5100 1.0000 0.0000
v -0.8500 3.4200 6.2000
v 0.0400 5.1300 0.0000
v -34.3900 10.4700 5.1500
v 0.0000 0.0000 5.2800
v 6.9700 1.0000 0.0000
v -28.8500 1.3100 3.3600
v 2.7100 5.1200 0.0000
v -36.0900 11.3700 -1.5600
v 0.0000 0.2900 0.0000
v 0.0000 0.0000 -8.9100
v 5.7800 1.0000 0.0000
v 10.2300 -0.0100 0.0000
v -6.4600 0.5400 5.7800
v 0.3700 15.3600 10.2300
v 22.6700 -33.6100 -26.9400
v 0.0000 0.0000 0.3700
v 0.1000 0.7400 0.0000
v 11.3000 1.0000 0.0000
v 0.1500 4.8700 7.6000
v 2.6800 5.1200 0.0000
v 0.0000 0.0000 -37.9800
v 11.4600 1.0000 0.0000
v -29.9800 6.0300 11.4600
v 0.0400 5.1300 0.0000
v -26.3400 -20.5900 -17.2700
v 0.0000 0.0000 0.1200
v 0.0000 8.0000 0.0000
v 11.8000 1.0000 0.0000
v -10.9400 11.2900 11.4600
v 0.1200 5.1200 0.0000
v -33.9000 -6.4300 6.0100
v 0.0000 0.0000 0.2000
v 5.9100 1.0000 0.0000
v 0.0000 0.0100 0.0000
v 8.2500 5.9900 5.9100
v 0.2000 5.1600 0.0000
v 0.0000 0.0000 0.2000
v 4.3600 1.0000 0.0000
v -13.5300 5.1100 4.3600
v 0.0000 5.1200 0.0000
v 0.0000 0.0000 0.0400
v 0.0000 0.0000 -37.9700
v -12.0600 -19.3800 -17.3700
v -32.5800 -19.1400 -25.2900
v -37.6200 -18.9200 -28.0500
v 10.2700 -29.8600 1.3400
v 2.8300 -15.6600 19.5200
v -7.8800 -14.5700 22.5900
v -36.8700 -19.0800 -26.6800
v 11.9800 -20.4900 17.0300
v -11.6900 -19.5400 -14.3000
v -39.7300 -16.7500 27.8400
v 2.4400 -29.5200 -18.0200
v 24.7800 -11.7200 -19.0300
v 35.9200 -22.1700 -28.2500
v 29.7800 -20.6000 -30.2700
v -6.6100 -19.2500 -13.8000
v -21.5400 -12.1800 -12.1300
v 18.8100 -27.9100 -24.9900
v 16.5100 -29.4200 -31.7500
v 10.1900 -14.2600 8.2500
v 11.0700 -9.8300 9.8900
v -22.0900 17.1700 -6.6200
v 0.0000 1.1000 0.0100
v 0.0000 1.3000 0.0600
v -6.9100 -6.4200 -30.3000
v 12.0600 8.7200 -13.3200
v -9.4300 -27.3400 14.2600
v -24.9300 9.9500 1.2100
v 24.8500 -2.7400 -31.1000
v 4.6500 8.3200 5.9100
v 0.3800 0.0000 0.0300
v 0.3300 0.0000 0.3500
v 0.2600 0.0000 0.5400
v 0.0000 0.9600 0.0000
v 0.0000 9.1200 0.0000
v 0.0000 13.2800 0.0000
v 0.0000 0.9600 0.0000
v 3.3600 0.0000 0.0000
v 2.5600 0.0000 0.0000
v 0.0000 0.5100 0.0000
v 0.0000 0.0400 2.5600
v -5.8300 0.0000 0.0000
v 0.0000 0.1600 0.0000
v 18.9300 -15.1000 18.8900
v 0.0000 0.0300 0.0000
v 0.0000 0.0800 0.0000
v 0.0000 0.0000 17.8700
v 28.7700 2.7000 0.2800
v 0.0000 0.5100 0.0000
v 0.0000 0.1200 0.0000
v 0.6900 0.0100 0.0000
v 0.7400 0.0100 0.0000
v 0.0200 0.0200 0.0000
v 0.0200 0.0200 0.0000
v 0.7400 0.0100 0.0000
v 0.7400 0.0100 0.0000
v 26.7100 1.9100 0.0000
v -9.4400 8.1300 7.5700
v 0.0000 5.1200 0.0000
v 0.0000 0.0000 0.2000
v 0.0000 1.4600 0.0000
v 4.8600 1.4300 0.0000
v 16.1600 2.0900 1.1300
v 0.3200 5.2300 0.0000
v -2.1000 -22.6900 9.1200
v 0.0000 0.0000 -5.0200
v 0.0000 8.0100 0.0000
v 14.3100 1.9100 0.0000
v 16.6400 12.9000 18.2600
v 0.0800 5.3700 0.0000
v 13.9600 -22.0400 6.8700
v 0.0000 0.0000 0.0800
v 0.0000 0.0000 22.4100
v 0.0700 0.9800 0.0000
v 17.7500 1.9100 0.0000
v 0.0000 9.4700 0.0700
v 3.4200 15.0500 21.8500
v 0.0800 5.5300 0.0000
v -5.6800 -26.6800 19.7200
v 0.0000 0.0000 0.4800
v 0.0000 0.5600 0.0000
v 0.0000 0.0000 22.5200
v 22.0200 1.9100 0.0000
v 0.0000 0.0100 0.0000
v 11.4500 10.6000 22.0200
v 3.1500 5.1300 0.0000
v 24.7800 -25.1200 10.2600
v 0.0000 0.0000 -3.0200
v -4.8900 9.5000 15.1800
v 0.0000 5.1600 0.0000
v 15.9400 -16.2200 19.9400
v 0.0000 0.0000 -2.4400
v 15.4900 1.1800 0.0000
v 0.0000 0.1100 0.0000
v -19.6500 4.4900 12.6000
v 0.0000 5.1700 0.0000
v 0.0000 0.0000 30.2200
v 0.0000 10.3600 0.0000
v 14.3100 11.1100 0.0000
v 0.0000 0.0500 0.0000
v 3.7500 13.8300 14.3100
v 2.5600 5.1700 0.0000
v 37.4300 -21.2500 10.6300
v 0.0000 0.0000 2.5600
v 0.0000 0.1500 0.0000
v 0.0000 0.0000 -0.6400
v 14.3100 0.2400 0.0000
v 0.0000 0.1000 0.0000
v 30.6400 2.6200 4.0500
v 0.0200 5.1700 0.0000
v -5.5500 -24.5900 18.5000
v 16.6600 1.9100 0.0000
v 0.0000 0.1500 0.0000
v -10.2400 3.6800 14.3100
v 0.0600 5.1300 0.0000
v 0.0000 0.0000 0.4100
v 5.9900 1.9100 0.0000
v 2.5500 -0.0100 2.1700
v 15.0700 8.6700 10.4600
v 0.1600 5.1900 0.0800
v -2.1600 -19.9600 28.7000
v 5.9900 1.9100 0.0000
v -3.1900 10.7500 26.7100
v 0.0400 5.1200 0.0000
v -5.9600 -19.1900 19.9000
v 0.0000 0.0000 37.7700
v 26.7100 2.5400 0.0000
v 3.3500 9.1800 26.7100
v 0.0600 5.1200 0.0000
v -3.3100 -19.1900 10.3000
v 19.3600 1.9100 0.0000
v 2.7100 9.3000 19.3600
v 0.2000 5.1500 0.0000
v 33.8200 -23.4600 13.1800
v 0.0000 0.0000 21.9800
v 19.3600 1.9100 0.0000
v 9.0500 9.3000 19.3600
v 0.2000 5.1500 0.0000
v 1.4300 -23.4600 5.0900
v 0.0000 0.0000 10.5500
v 21.4500 1.9100 0.0000
v 0.2000 5.1700 0.0000
v 14.3400 -23.4600 18.7300
v 8.0100 3.5500 0.0000
v 0.0000 0.0100 0.0000
v -5.2000 8.1300 1.6200
v 0.0600 5.2000 0.0000
v 0.0000 0.0000 -2.1700
v 8.0100 5.6700 0.0000
v 0.0000 0.0100 0.0000
v 29.6200 1.7700 26.7100
v 0.0200 5.1700 0.0000
v 10.2200 -21.4800 10.8300
v 0.0000 0.1500 0.0000
v -9.5500 -22.3000 16.4900
v -9.2400 -7.4600 19.7000
v 24.2300 -14.0700 14.5600
v 3.1100 -10.2900 1.5600
v 31.7400 -11.5200 17.9000
v 0.6100 -14.1100 1.2900
v 0.0000 0.6800 0.0100
v 0.0000 1.3800 0.0200
v -24.5900 8.6500 6.7500
v 38.2300 2.7100 -23.4600
v 19.3600 9.3000 21.9800
v 3.0700 -23.4600 19.3600
v 9.3000 1.4300 5.0900
v -23.4600 19.3600 15.6700
v 14.3400 18.7300 -23.4600
v 0.5400 0.0000 0.5400
v 0.5400 0.0000 0.5400
v 0.5400 0.0000 0.5400
v 0.5400 0.0000 0.0000
v 0.0000 0.9600 0.0000
v 0.0000 0.9600 0.0000
v 0.0000 0.9600 0.0000
v 0.0000 1.9200 0.0000
v 0.0000 0.9600 0.0000
v 1.0000 1.0000 0.0000
v 2.5500 -0.0100 0.0000
v 0.0000 0.9600 0.0000
v 0.0000 5.1200 0.0000
v 0.0000 7.3600 0.0000
v 0.0000 0.9600 0.0000
v 0.3000 0.0000 0.0000
v -3.0500 0.0000 0.0000
v 0.0000 0.1600 0.3000
v -13.9800 0.1700 -3.2100
v 0.0000 0.0300 0.0000
v 0.0000 0.0800 0.0000
v 0.0000 0.0000 -13.9800
v -23.5000 0.0000 0.0000
v 2.5600 0.0000 0.0000
v 0.0200 0.0200 0.0000
v 0.0200 0.0200 0.0000
v 1.2200 0.0100 0.0000
v 3.0800 1.0000 0.0000
v 0.0000 0.0200 0.0000
v -17.8900 3.4500 4.3200
v 0.0000 5.1700 0.0000
v 0.1100 -0.5900 -19.6700
v 0.0000 0.0000 3.0000
v 0.0000 0.1300 0.0000
v 0.0000 0.0000 13.4400
v 7.7000 1.6400 0.0000
v 13.5700 1.6800 7.7400
v 3.0200 5.1500 0.0000
v -13.2400 1.4800 13.5900
v 0.0000 0.7000 0.0000
v 0.0000 0.0000 -0.0300
v 4.7900 9.6900 0.0000
v 0.0000 2.9400 0.0000
v -0.3000 14.9300 12.8000
v 2.5800 5.1200 0.0000
v 13.8900 -0.2200 -14.3700
v 0.0000 0.0000 -14.5100
v 0.0000 7.5600 0.0000
v 6.1900 1.5400 0.0000
v 0.0000 0.0300 0.0000
v 14.6300 1.5500 6.1900
v 2.5800 5.1700 0.0000
v 15.3400 1.4500 -13.8500
v 0.0000 0.0000 15.6800
v 0.0000 7.5600 0.0000
v 4.7900 9.6900 0.0000
v 0.0000 3.5800 0.0000
v -0.7600 2.7800 12.8000
v 2.5600 25.6000 0.0000
v 0.1500 -2.2900 -0.7600
v 0.0000 0.0000 3.0000
v 0.0000 0.9500 0.0000
v 0.0000 0.0000 -13.1800
v 0.0000 7.5600 0.0000
v 6.1900 1.6000 0.0000
v 0.0000 0.0200 0.0000
v 15.0100 1.8200 6.1900
v 2.5800 5.1700 0.0000
v 15.8900 -0.8300 16.4200
v 0.0000 0.0000 2.5600
v 0.0000 0.0000 -14.7500
v 0.0000 7.4900 0.0000
v 9.7300 1.7100 0.0000
v 0.0000 0.0400 0.0000
v -13.4200 1.6800 7.3400
v 0.1400 5.1200 0.0000
v -13.2400 1.3800 -13.7300
v 0.0000 0.7000 0.0000
v 0.0000 0.0000 13.2200
v 8.0700 1.6400 0.0000
v 7.9400 1.6800 8.0700
v 0.4200 15.3600 0.4500
v 0.0000 4.7800 12.4000
v 0.0000 0.0100 0.0000
v 0.0000 0.0000 13.2800
v 0.7600 0.1000 0.0000
v 10.2300 -0.0100 0.0000
v -13.8600 0.9200 0.7600
v 0.3700 15.3600 10.2300
v 12.8000 3.5600 -13.0100
v 0.0000 0.0600 0.0000
v 0.0000 0.0000 0.2800
v 0.0000 7.6800 0.0000
v 0.7600 0.1000 0.0000
v 0.7100 0.4800 8.0700
v -13.7500 5.8200 -1.4900
v 0.0000 0.3300 0.0000
v 0.0000 0.0000 0.1700
v 3.5400 1.1600 0.0000
v -1.6300 0.9300 4.3100
v 0.2000 5.1400 0.0000
v 1.5900 -2.1200 1.6400
v 0.0000 0.7000 0.0000
v 0.0000 0.0000 -1.5000
v 4.3100 1.0000 0.0000
v 0.0000 0.0100 0.0000
v -2.4300 2.4500 5.8400
v 0.0400 5.1300 0.0000
v -8.0500 -2.1200 8.2400
v 0.0000 0.0000 0.2000
v 0.0000 0.7000 0.0000
v 0.0000 0.0000 8.2300
v 3.5300 1.0000 0.0000
v -7.9900 2.9900 3.5300
v 0.2000 5.1300 0.0000
v -13.4500 -0.7100 -2.3500
v 0.0000 0.0000 -15.1300
v 0.0000 0.1500 0.0000
v 1.4300 0.1000 0.1000
v 2.9400 15.3600 8.6500
v -13.6000 0.2400 -2.3600
v 0.0000 0.0100 0.0000
v 0.0300 3.8000 -13.9200
v -26.8900 -1.7800 1.4800
v 17.5700 6.8800 -17.9100
v 18.4100 7.3200 18.6100
v 7.4900 2.5900 -6.4400
v 11.2700 2.1800 -15.6300
v 17.1500 10.8500 13.7300
v 10.4500 8.8900 -18.5000
v 8.8600 7.9200 9.7800
v -10.8900 1.0100 1.5400
v 0.0000 0.7400 0.0400
v -0.0300 0.0000 -2.1200
v 3.5300 2.5600 8.2300
v -8.5300 -2.1200 3.5300
v 2.9900 1.5600 -1.6300
v -1.6000 -1.6400 -2.1200
v 0.0000 0.9600 0.0000
v 0.0000 0.9600 0.0000
v 0.0000 9.4400 0.0000
v 0.0000 0.9600 0.0000
v 3.5200 0.0000 0.0000
v 17.3200 0.0000 0.4500
v -29.2400 -15.5200 12.5500
v 0.0000 0.5100 0.0000
v 0.0000 0.0300 0.0000
v 0.0000 0.0000 -32.4100
v 2.6200 0.0000 0.0000
v 19.5400 1.8000 3.3900
v -25.9900 -26.3000 0.0600
v 0.0000 1.0800 0.0000
v 0.0000 0.0700 0.0000
v 0.0000 0.0000 -20.5400
v 3.1500 0.0000 0.0000
v 0.7400 0.0100 0.0000
v 0.7400 0.0100 0.0000
v 0.7400 0.0100 0.0000
v 0.7400 0.0100 0.0000
v 4.5100 1.0000 0.0000
v 0.0000 1.8700 0.0000
v 18.7300 3.6000 4.5100
v 0.3500 5.1900 0.0000
v -36.5200 -17.0600 -10.5400
v 0.0000 0.0000 -8.9300
v 0.0000 7.0400 0.0000
v 1.3600 0.4400 0.0000
v -14.8400 2.4900 5.1600
v 0.0200 5.1900 0.0000
v -16.6800 -25.1600 9.4900
v 0.0000 0.0000 -33.8200
v 0.0000 7.0400 0.0000
v 1.4500 1.0000 0.0000
v 17.1900 0.8700 0.6300
v 3.0200 7.7900 0.0000
v -24.5000 10.0100 16.5300
v 0.0000 0.1500 0.0000
v 0.0000 0.0000 -33.8000
v 0.0000 7.0400 0.0000
v 1.1700 0.3300 0.0000
v 22.4900 2.2100 3.4500
v 2.7000 5.1200 0.0000
v -36.6300 -34.3400 -10.2200
v 0.0000 0.0000 0.2000
v 0.0000 0.0000 -36.6300
v 0.0000 7.0400 0.0000
v 13.3100 1.0000 0.0000
v 0.0000 0.0100 0.0000
v 19.0600 0.7700 11.3800
v 0.1200 5.1700 0.0000
v -21.6200 -6.5400 13.4400
v 0.0000 0.0000 0.1200
v 0.0000 0.1600 0.0000
v 0.0000 0.0000 -21.2700
v 0.0000 0.5800 0.0000
v 6.5900 2.8300 0.0000
v 0.0000 0.1400 0.0000
v 16.9800 9.5500 5.8700
v 0.0000 5.1700 0.0000
v -25.1800 -2.7100 16.9800
v 0.0000 0.0000 2.5600
v 0.0000 0.0000 -25.1800
v 0.0000 8.8200 0.0000
v 35.2600 1.0000 0.0000
v 0.0000 5.0800 0.0000
v 7.3300 3.2700 4.5100
v 0.1300 5.1200 0.0000
v -25.2100 -8.1400 17.0600
v 0.0000 0.0000 -25.3000
v 3.6000 0.9700 0.0000
v 21.6800 1.1300 8.8300
v 2.7000 5.1200 0.0000
v -19.9100 -2.9700 11.8900
v 0.0000 0.0000 2.5600
v 0.0000 0.0000 -18.8800
v 8.0100 1.0000 0.0000
v 0.0000 0.2500 0.0000
v 12.4000 2.4900 7.9500
v 2.5600 5.1700 0.0000
v -24.4800 14.1700 14.1700
v 0.0000 0.0000 -24.5500
v 0.0000 10.3600 0.0000
v 4.5100 1.0000 0.0000
v 0.0000 0.2800 0.0000
v 0.2000 5.1400 0.0000
v -28.9200 21.0300 21.7400
v 0.0000 0.0000 0.1200
v 0.0000 0.1600 0.0000
v 0.0000 0.0000 -28.9200
v 0.0000 0.5800 0.0000
v 5.8700 1.0000 0.0000
v 0.0000 0.3100 0.0000
v 17.0000 9.5500 9.5000
v 0.0000 5.1700 0.0000
v -20.0600 -1.3500 26.9900
v 0.0000 0.0000 -25.1600
v 0.0000 12.9800 0.0000
v 0.0000 0.3500 0.0000
v 18.3400 9.5500 4.6000
v 0.0000 5.1700 0.0000
v -26.1900 -16.9100 16.9000
v 0.0000 0.0000 0.0400
v 0.0000 0.0000 -19.2900
v 0.0000 1.5900 0.0000
v 15.9000 1.0000 0.0000
v 0.0000 0.3700 0.0000
v 0.2000 5.1400 0.0000
v -25.2400 15.7600 17.4900
v 0.0000 0.0000 0.4100
v 0.0000 0.0000 -32.9400
v 0.3700 15.3600 8.7500
v -17.4600 -11.1400 16.2300
v 0.0000 0.0000 0.3700
v 0.0000 0.3500 0.0000
v 0.0000 0.0000 -25.6700
v 0.0000 0.0000 2.5700
v 9.7400 -17.9300 0.0000
v 0.3700 15.3600 8.0700
v -34.4400 -21.3600 -3.0800
v 0.0000 0.0000 0.3700
v 0.0000 0.0000 -34.6600
v 0.0000 0.0000 2.5700
v 0.3700 15.3600 7.9400
v -19.7600 -19.5500 2.5300
v 2.5700 -2.1900 0.0000
v 0.0000 0.0000 -18.3600
v 0.0000 0.0000 2.5700
v 9.8100 -0.1200 0.0000
v 0.3700 15.3600 9.8100
v -18.4800 16.5100 20.6000
v 0.0000 0.0000 0.3700
v 0.0000 0.0000 -33.4200
v 7.6700 -0.0100 0.0000
v 0.3700 15.3600 7.6700
v -24.2100 -13.4000 19.0700
v 0.0000 0.0000 0.6500
v 0.0000 0.0000 -24.5000
v 0.0000 20.4800 0.0000
v 0.3700 15.3600 8.9600
v -27.1900 12.3500 23.8900
v 0.0000 0.0000 0.3700
v 0.0000 0.3600 0.0000
v 0.0000 0.0000 -23.3100
v 8.6700 -31.5600 0.0000
v 0.3700 15.3600 9.7400
v 0.0000 0.0000 0.3700
v 0.0000 20.4800 0.0000
v 21.2700 1.4100 0.0000
v 0.0000 0.0200 0.0000
v 0.5000 5.2100 0.0000
v -30.9700 4.5900 21.0300
v 2.5700 -2.2400 0.0000
v 0.0000 0.0000 -22.6100
v 0.0000 0.0000 2.5700
v 0.3300 1.4100 0.0000
v 10.2300 -0.0100 0.0000
v -18.7900 0.7500 0.2700
v 0.7100 15.3600 10.2300
v 2.5700 -2.2100 0.0000
v 0.0000 0.0000 -18.5400
v 0.0000 20.4800 0.0000
v 4.5100 1.0000 0.0000
v 0.0000 0.3800 0.0000
v 12.6400 0.1300 0.5300
v 0.1200 15.5000 0.0000
v -31.0200 4.4300 21.0100
v 0.0000 0.0000 -22.5700
v 24.4300 0.2800 1.1900
v 0.1200 15.3900 0.0000
v -17.3800 -11.5000 16.1900
v 0.0000 0.0000 -26.7200
v 4.5100 1.5500 0.0000
v 17.1900 4.4100 4.5100
v 0.0200 5.2700 0.0000
v -24.5300 9.0200 16.8800
v 0.0000 5.9700 0.0000
v 0.0000 0.0000 -17.9000
v 0.0000 1.4200 0.0000
v 4.5100 1.0000 0.0000
v -0.5500 8.3500 10.1200
v 0.0200 5.1900 0.0000
v -35.5500 -26.7300 -9.9200
v 0.0000 1.9200 0.0000
v 0.0000 0.0000 -19.9500
v 0.0000 0.7400 0.0000
v 0.0000 0.0500 0.0000
v 24.3600 16.5600 37.9500
v 0.3500 5.1900 0.0000
v -34.3800 24.0000 18.8700
v 0.0000 0.0000 -33.1500
v 0.0000 0.0500 0.0000
v 7.6100 20.0100 31.3000
v 0.3500 5.1900 0.0000
v -17.0200 24.0000 10.7100
v 0.0000 0.0000 -14.0900
v 0.0000 0.0500 0.0000
v 7.4900 1.8700 10.1200
v 0.0100 5.1900 0.0000
v -29.1500 -15.5300 22.3200
v 0.0000 0.0000 -30.5100
v 6.4600 1.0200 0.0000
v 0.0000 2.5700 0.0000
v 18.9400 5.1400 15.1200
v 0.0000 5.1700 0.0000
v -18.7400 13.4100 19.6800
v 0.0000 0.0000 -27.8100
v 0.0000 3.4500 0.0000
v 7.2600 3.2700 0.0000
v 0.0000 0.4100 0.0000
v -27.4600 -15.3700 11.1500
v -27.0500 -6.2900 14.9500
v -21.4100 -15.3800 12.0400
v -21.7100 0.0700 21.8600
v -36.7200 -11.7700 -10.3200
v -39.7400 -11.7700 -10.6700
v -25.7100 -2.4600 10.2800
v -20.4200 -4.4200 21.5900
v -24.8900 -0.6400 13.1400
v -24.7200 -0.8700 17.0300
v -24.7200 16.5700 17.0300
v -19.3000 3.9300 11.3700
v -28.1100 24.4600 25.9300
v -17.7200 4.5200 14.5800
v -29.1300 21.4600 24.0400
v -18.3500 -12.0200 21.4700
v -32.7100 -12.8500 16.9300
v -25.3800 -1.8100 17.0700
v -25.9400 7.5400 17.1300
v -22.9100 16.3900 17.4600
v -24.6300 29.2500 17.3400
v -21.1000 -12.0300 17.5200
v -13.7100 -13.6500 9.5800
v 0.0000 0.4400 0.0200
v -36.6300 -10.2200 -34.3400
v 0.0000 0.9600 0.0000
v 0.0000 10.5600 0.0000
v 0.0000 17.1200 0.0000
v 0.0000 0.9600 0.0000
v 0.1000 0.0000 0.0000
v -7.1200 0.0000 0.0000
v 0.0000 0.1600 0.1000
v 8.9500 21.3500 1.7300
v 0.0000 0.0300 0.0000
v 0.0000 0.0300 0.0000
v 0.0000 0.0000 19.9800
v 0.1000 0.0000 0.0000
v -18.9900 0.0000 0.0000
v 0.0000 0.1600 0.1000
v 0.0000 0.0300 0.0000
v 0.0000 0.0700 0.0000
v 0.0000 0.0000 12.0400
v 0.1000 0.0000 0.0000
v 18.0100 0.0000 0.0000
v 0.0000 0.1600 0.1000
v 3.6200 5.6400 -30.5200
v 0.0000 0.0300 0.0000
v 0.0000 0.1100 0.0000
v 0.0000 0.0000 14.1300
v 0.1000 0.0000 0.0000
v -7.1300 2.7000 0.9000
v 0.0200 0.0200 0.0000
v 0.0200 0.0200 0.0000
v 0.0200 0.0200 0.0000
v 0.0200 0.0200 0.0000
v 0.0200 0.0200 0.0000
v 0.0200 0.0200 0.0000
v 0.7400 0.0100 0.0000
v 6.2200 0.0100 0.0000
v 0.0000 0.0100 0.0000
v -3.5800 3.7400 3.9400
v 0.3500 5.1300 0.0000
v -9.0900 5.2700 -7.0900
v 0.0000 0.0000 7.6400
v 0.0000 1.0000 0.0000
v 0.0000 3.8600 0.0000
v -1.7800 12.9500 5.8600
v 0.0000 5.1200 0.0000
v -28.4500 -8.5300 -8.9300
v 0.0000 0.1800 0.0000
v 0.0000 0.0000 -9.0500
v 0.0000 0.6000 0.0000
v 6.4400 1.0000 0.0000
v -18.0800 0.8200 4.2800
v 3.1000 5.1200 0.0000
v -10.1400 5.1800 -7.0600
v 0.0000 0.0000 -18.1100
v 0.0000 5.0400 0.0000
v 6.4100 1.0000 0.0000
v 0.0000 0.0400 0.0000
v 26.9100 6.6400 6.4100
v 0.0000 5.1700 0.0000
v 26.1500 -4.4600 -14.3700
v 0.0000 0.2600 0.0000
v 0.0000 0.0000 26.4800
v 0.0000 6.0000 0.0000
v 0.0000 9.0000 0.0000
v -22.8800 3.6100 6.4100
v 0.0200 5.1200 0.0000
v 24.3800 -2.1300 16.3600
v 0.0000 0.0200 0.0000
v 0.0000 0.0000 -2.9400
v 0.0000 8.0000 0.0000
v 6.4100 1.0000 0.0000
v -13.2000 4.2400 3.7300
v 2.5600 5.1700 0.0000
v -18.2100 -0.2500 -7.1200
v 0.0000 0.0000 0.2000
v 0.0000 0.0000 8.8600
v 0.0000 1.0600 0.0000
v 0.0000 3.5500 0.0000
v -12.6900 5.5600 20.6800
v 0.0400 5.1300 0.0000
v 6.6700 3.7400 -13.9400
v 0.0000 0.0000 0.0400
v 0.0000 0.0000 -16.9700
v -33.6100 2.1600 26.6200
v 0.4100 15.3600 2.5500
v 0.9700 -4.8000 -13.3500
v 11.8300 0.0100 0.0000
v 18.5100 2.7400 16.5700
v 0.0400 5.1300 0.0000
v 0.0000 0.0000 0.6500
v 0.0000 0.0000 23.5200
v -33.1300 1.7800 5.6200
v 0.0400 5.1300 0.0000
v 0.0000 0.0000 0.4400
v 0.0000 0.0000 -11.8300
v 8.9200 1.8800 0.0000
v -7.2600 5.1400 8.9200
v 2.6800 5.1200 0.0000
v -29.3300 -2.0500 -34.7900
v 0.0000 0.0000 -28.5500
v 11.8600 2.6200 0.0000
v 5.4200 0.0100 0.0000
v 0.0000 4.8700 11.8600
v -21.8700 0.8300 2.0800
v 2.7100 15.4900 0.0000
v -33.9900 6.9700 -37.1500
v 0.0000 0.0000 2.6800
v 0.0000 0.0000 -6.2100
v 9.1900 0.0100 0.0000
v 0.0000 6.4500 0.0000
v 0.0000 5.1700 0.0000
v -15.8500 -7.5600 3.6800
v 0.0000 0.0000 2.6800
v 0.0000 0.0000 5.9000
v 32.0100 0.4500 0.0000
v -5.0600 0.4200 14.1300
v 0.0600 5.1700 0.0000
v 9.2600 10.7200 -29.4700
v 0.0000 0.0000 11.8800
v 8.8200 0.4000 0.0000
v -13.1500 7.7600 9.3400
v 0.0000 5.1700 0.0000
v 11.1400 21.9600 -9.3500
v 0.0000 0.0000 7.8900
v 0.0000 3.4500 0.0000
v 0.0000 5.8100 0.0000
v -16.2400 6.4600 9.7300
v 2.5600 5.1200 0.0000
v 4.2300 -5.0900 -15.0500
v 0.0000 0.0000 1.4800
v 0.0000 7.9500 0.0000
v 2.4700 0.8400 0.0000
v 0.0000 0.1900 0.0000
v -5.1300 0.8300 2.0800
v 2.7100 15.4900 0.0000
v 3.7200 5.4700 -6.2100
v 6.2200 0.0100 0.0000
v 0.0000 0.0100 0.0000
v -16.1000 0.5200 1.0200
v 0.2000 5.1600 0.0000
v 3.8500 3.7400 -16.2600
v 0.0000 0.0000 9.0100
v 0.0000 0.0100 0.0000
v 0.5900 5.1300 0.0000
v -15.1300 -5.8700 5.2300
v 0.0000 0.0000 0.7400
v 0.0000 0.0000 -23.8800
v 0.0000 0.0800 0.0000
v 25.7400 3.4400 3.0200
v 2.7000 15.3600 0.0000
v 8.9500 19.4000 -4.9600
v 0.0000 0.0000 -17.5800
v -12.9300 3.1100 4.8600
v 0.0400 5.1300 0.0000
v 25.0700 -5.1400 16.4200
v 0.0000 0.2300 0.0000
v 0.0000 0.0000 -2.4000
v 0.0000 0.9500 0.0000
v 2.1500 3.1000 6.2200
v 0.0400 5.1300 0.0000
v -2.3800 0.1900 -2.2000
v 8.7800 11.0400 -30.5100
v -11.3900 5.4100 -7.0800
v -2.3600 1.2800 3.8900
v -22.1600 11.2200 -7.1800
v 27.5500 5.0600 13.1600
v 14.9700 0.1600 -2.5500
v -0.6500 5.6200 -30.9000
v -13.5300 10.1000 -15.2600
v -21.1500 1.5900 -27.0200
v 2.3600 4.0400 -22.0000
v -6.6100 4.0400 -17.4200
v -6.7400 12.3200 -16.8700
v 0.0000 0.5200 0.0100
v 8.5300 11.8800 -13.2800
v -0.2500 4.4600 8.2100
v 0.1200 0.0000 0.0000
v 0.0000 0.9600 0.0000
v 0.0000 0.9600 0.0000
v 0.0000 0.9600 0.0000
v 0.0000 1.2800 0.0000
v 0.0000 0.9600 0.0000
v 0.0000 0.9600 0.0000
v 0.0000 8.4800 0.0000
v 0.0000 11.6800 0.0000
v 0.0000 0.9600 0.0000
v 0.0000 0.9600 0.0000
v 0.0000 0.1600 0.0000
v 0.0000 0.5100 0.0000
v 0.0000 0.0300 0.0000
v 0.0000 0.0000 11.4200
v 3.1700 0.0000 0.0000
v 9.1500 0.8900 0.4600
v 2.5600 0.0000 0.0000
v 10.5000 3.4800 9.1700
v 0.0000 0.5100 0.0000
v 0.0000 0.0700 2.5600
v 0.0000 0.0000 10.3100
v 5.8500 3.0500 8.9600
v 0.0000 0.5100 0.0000
v 0.0000 0.1100 2.5600
v 0.0200 0.0200 0.0000
v 0.7400 0.0100 0.0000
v 0.7400 0.0100 0.0000
v 0.7400 0.0100 0.0000
v 0.7400 0.0100 0.0000
v 17.3200 28.0400 0.0000
v 12.6100 0.8600 2.1100
v 2.6800 5.1200 0.0000
v 13.8400 2.2900 9.7400
v 0.0000 0.0000 2.6800
v 0.0000 0.0000 7.8000
v 3.0800 3.0900 0.0000
v 2.9100 5.5200 0.0000
v 6.9700 1.1300 26.9300
v 0.0000 0.0000 27.4200
v -7.7500 4.8000 10.6400
v 2.7000 5.1200 0.0000
v 4.5600 1.1300 27.2600
v 0.0000 0.0000 6.6400
v 26.9600 3.2800 13.7900
v 2.6800 5.1200 0.0000
v 25.4200 1.1300 26.4000
v 0.0000 0.0000 29.6500
v 12.6000 3.2800 13.7900
v 2.6800 5.1200 0.0000
v 30.5000 0.9900 0.6500
v 0.0000 0.0000 29.7400
v -10.3900 3.2800 13.7900
v 2.6800 5.1200 0.0000
v 3.0400 0.9900 -8.5300
v 0.0000 0.0000 -2.2700
v -4.3200 3.2800 13.7900
v 2.6800 5.1200 0.0000
v 5.3700 0.2700 30.7700
v 0.0000 0.0000 4.9100
v 33.9000 0.9500 5.6000
v 3.0200 7.6900 0.0000
v 30.6700 3.0700 8.2100
v 0.0000 0.0000 -6.2500
v 10.8800 31.5900 0.0000
v 0.0000 0.0100 0.0000
v 0.3700 15.3600 7.6800
v 10.2300 -0.0100 0.0000
v -17.0200 0.4100 0.6700
v 0.3700 15.3600 10.2300
v -18.3900 4.2600 6.8600
v 0.0000 0.0000 -3.3800
v 10.2300 -0.0100 0.0000
v 29.5200 0.4100 0.6700
v 0.3700 15.3600 10.2300
v 0.0000 0.0000 10.2200
v 8.4700 -1.7100 0.0000
v 12.6300 0.7600 9.4200
v 2.6800 5.1200 0.0000
v 13.7500 4.5900 9.7400
v 0.0000 0.0000 10.8100
v 11.8900 0.3100 3.4500
v 2.6800 5.1200 0.0000
v 13.3800 5.8800 9.3500
v 0.0000 0.0000 11.2300
v 23.9500 3.4500 5.9200
v 0.7100 15.3600 7.6800
v 0.0000 0.0000 11.7000
v 0.0000 0.0000 2.5600
v 24.0100 3.4500 5.9200
v 0.7100 15.3600 7.6800
v -30.6500 13.1700 23.3000
v 0.0000 0.0000 -24.3400
v -15.7900 1.0500 0.8400
v 0.3600 15.3600 7.6800
v 0.0000 0.0000 10.9500
v 33.7400 4.8800 17.3200
v 0.1300 5.1200 0.0000
v 16.5500 3.2200 25.8500
v 0.0000 0.0000 0.1300
v 0.0000 0.0000 3.7200
v 9.1200 2.4800 0.0000
v 26.7700 5.4400 9.1200
v 2.6800 5.1200 0.0000
v 30.5700 -1.0500 21.4800
v 0.0000 0.0000 2.6800
v 0.0000 0.0000 29.5000
v 9.1200 2.4800 0.0000
v -8.2600 5.4400 9.1200
v 2.6800 5.1200 0.0000
v 11.8600 -1.0500 -7.1600
v 0.0000 0.0000 2.6800
v 0.0000 0.0000 -6.7700
v 2.4100 1.4500 0.0000
v 2.7000 5.1200 0.0000
v 5.5300 -5.2400 33.2800
v 0.0000 0.0000 0.0400
v 0.0000 0.0000 16.8900
v 14.5700 3.7000 0.0000
v -6.5400 10.0700 14.5700
v 0.0400 5.1300 0.0000
v -6.2900 -5.2400 0.6300
v 0.0000 0.0000 0.0400
v 0.0000 0.0000 1.1600
v 33.6000 1.5700 11.9000
v 2.6200 5.1900 0.0000
v 30.6700 -1.2800 8.1600
v 0.0000 0.0000 -6.2500
v 6.1900 28.0400 0.0000
v 0.0000 0.0100 0.0000
v 6.8700 5.4300 6.1900
v 0.0400 5.2000 0.0000
v -6.0000 -3.9700 0.9000
v 0.0000 0.0000 0.0400
v 0.0000 0.0000 -1.4900
v 0.0000 0.0100 0.0000
v 0.0000 5.1600 0.0000
v 0.0000 0.0200 0.0000
v 0.0000 0.0000 -2.1600
v 17.3200 28.0400 0.0000
v 0.0100 5.1700 0.0000
v 0.0000 0.9600 0.0000
v 0.0000 0.9600 0.0000
v 0.0000 0.9600 0.0000
v 0.0000 0.9600 0.0000
v 0.0000 0.9600 0.0000
v 0.0000 0.9600 0.0000
v 0.0000 5.1200 0.0000
v 0.0000 8.0000 0.0000
v 0.0000 0.9600 0.0000
v 0.3000 0.0000 0.0000
v -22.1000 0.0000 0.0000
v 0.0000 0.1600 0.3000
v 14.3500 -0.4400 21.8200
v 0.0000 0.0300 0.0000
v 0.0000 0.0300 0.0000
v 0.0000 0.0000 11.5700
v 0.3000 0.0000 0.0000
v -2.1800 0.0000 0.0000
v 0.0000 0.1600 0.3000
v 0.0200 0.0200 0.0000
v 0.0200 0.0200 0.0000
v 0.0200 0.0200 0.0000
v 5.3500 1.0000 0.0000
v -18.9900 3.0900 6.0000
v 2.6800 5.1200 0.0000
v -21.8800 -0.4200 0.0300
v 0.0000 0.0000 2.6800
v 0.0000 0.0000 9.8400
v 6.7900 1.0000 0.0000
v 0.0000 0.0100 0.0000
v 0.0000 5.2400 7.4500
v 2.6800 5.1200 0.0000
v -0.5000 1.4000 -0.3800
v 0.0000 0.0000 2.6900
v 0.0000 0.0000 -14.0600
v 9.2800 1.0000 0.0000
v -14.8900 5.0500 9.2800
v 2.6800 5.1200 0.0000
v -7.8000 -0.7500 -20.8800
v 0.0000 0.0000 2.6800
v 0.0000 0.0000 1.6800
v 9.2800 1.0000 0.0000
v -6.6700 5.0500 9.2800
v 2.6800 5.1200 0.0000
v 23.3100 -1.1400 3.4500
v 0.0000 0.0000 2.6800
v 0.0000 0.0000 20.8600
v 9.2800 1.0000 0.0000
v 22.4500 5.0500 9.2800
v 2.6800 5.1200 0.0000
v -14.4200 -0.5100 17.6300
v 0.0000 0.0000 2.6800
v 0.0000 0.0000 -21.5000
v 0.0000 0.0200 0.0000
v -14.8000 1.2300 3.9100
v 0.0000 5.1700 0.0000
v -16.5900 -0.2500 -4.6000
v 0.0000 0.0000 -16.3100
v 6.2600 2.8600 0.0000
v 13.2800 2.6600 6.2600
v 0.1400 15.4000 0.0000
v 8.4500 -0.5300 -14.6400
v 0.0000 0.0000 7.8800
v 5.7200 2.1900 0.0000
v 0.0000 0.0400 0.0000
v -0.2900 2.6500 7.4500
v 0.1400 15.4000 0.0000
v 0.6400 -0.4800 -0.1600
v 0.0000 0.0000 -0.1700
v 16.1700 2.1900 0.0000
v -0.8700 0.8500 16.1700
v 0.3700 15.3600 7.9400
v -24.0000 12.4900 -4.1600
v 0.0000 0.0000 0.4400
v 0.0000 0.0000 8.5600
v 2.6000 5.1300 0.0000
v -25.1600 -1.3000 0.0000
v 0.0000 0.0000 6.6500
v 0.0000 0.0500 0.0000
v 13.7200 2.9900 5.9500
v 0.1500 5.1200 0.0000
v -16.5600 39.7400 16.6000
v 0.0000 0.0000 -24.0000
v 3.3100 1.0000 0.0000
v 0.2900 15.8600 16.6300
v 0.2000 0.0100 0.0000
v 0.1600 -4.4700 0.2900
v 0.0000 0.0000 2.6800
v 0.0000 0.0000 0.7800
v 0.0000 3.8500 0.0000
v 14.6700 0.0100 0.0000
v 0.0000 0.0600 0.0000
v -0.0400 5.1000 14.6700
v 0.1200 25.6000 0.0000
v 11.1200 0.0000 -19.4200
v 0.0000 0.0000 0.1200
v 0.0000 0.0000 11.2200
v -0.8300 12.3700 39.8800
v 0.0400 5.1200 0.0000
v 11.2000 -2.5300 -19.3400
v 0.0000 0.0000 -22.8000
v -0.3800 1.4400 9.4100
v 3.0100 25.6400 0.0000
v 0.5100 33.1900 0.0200
v 14.3600 7.9200 -4.5100
v -10.8500 7.9200 6.7200
v 15.8600 0.0000 0.0000
v 0.0000 0.9600 0.0000
v 0.0000 0.9600 0.0000
v 0.0000 0.9600 0.0000
v 0.0000 0.9600 0.0000
v 0.0000 0.9600 0.0000
v 1.0000 1.0000 0.0000
v 0.0000 0.0100 0.0000
v -1.0500 5.0900 8.4100
v 0.0000 5.2400 0.0000
v -11.8500 0.0900 16.3700
v 0.0000 0.9600 0.0000
v 0.0000 0.9600 0.0000
v 0.0000 7.5200 0.0000
v 0.0000 0.9600 0.0000
v 0.0000 0.9600 0.0000
v -2.0300 0.0000 0.0000
v 0.0000 0.7400 0.0000
v -0.0100 0.4400 -18.3500
v 0.0000 0.5000 0.0000
v 0.0000 0.0400 0.0000
v 0.0000 0.0000 5.1900
v 0.9000 0.0000 0.0000
v -10.8900 0.8900 2.6900
v 3.5200 -3.9000 -5.2100
v 0.0000 0.5100 0.0000
v 0.0000 0.0700 0.0000
v 0.7100 0.0100 0.0000
v 0.7300 0.0100 0.0000
v 0.7400 0.0100 0.0000
v 0.9700 0.8800 0.0000
v -18.4000 0.6500 0.9700
v 2.6900 5.1200 0.0000
v 0.7600 2.4100 -18.0500
v 0.0000 0.0000 0.1000
v 5.9300 3.8100 0.0000
v -8.2000 0.3800 10.7000
v 0.4100 15.3600 1.0000
v 0.0100 -0.3600 0.9200
v 0.0000 0.0000 0.3700
v 10.7000 0.5800 0.0000
v -8.5600 5.7700 9.1700
v 0.0200 5.1700 0.0000
v 0.2600 -2.5800 1.9300
v 0.0000 0.0000 0.0200
v 0.0000 0.0200 0.0000
v 0.0000 0.0000 0.1000
v 2.2200 0.5800 0.0000
v -28.8700 3.2100 6.4200
v 0.3500 5.2200 0.0000
v 0.9200 -2.8700 -15.2300
v 0.0000 0.0000 2.6800
v 0.0000 0.0000 -0.0700
v 0.0000 0.9700 0.0000
v 14.7000 8.5300 0.0000
v 0.0000 4.4200 0.0000
v -17.9100 6.5700 11.7300
v 0.0200 5.1700 0.0000
v 0.0100 -2.7300 0.4100
v 0.0000 0.0000 0.0200
v 0.0000 0.0200 0.0000
v 0.0000 0.0000 -0.2600
v 1.8300 3.8400 0.0000
v -8.7200 5.5800 5.8200
v 0.0200 5.1200 0.0000
v 1.1600 -11.7500 -6.6800
v 0.0400 -7.3500 -8.4300
v -2.3600 0.2800 -3.5700
v -1.4900 -0.9400 -3.4100
v 0.0000 0.9600 0.0000
v 0.0000 9.9200 0.0000
v 0.0000 16.0000 0.0000
v 0.0000 0.9600 0.0000
v 0.3000 0.0000 0.0000
v -25.5200 0.0000 0.0000
v 0.0000 0.1600 0.3000
v 0.0000 0.0300 0.0000
v 0.0000 0.0300 0.0000
v 0.0000 0.0000 -6.6900
v 0.3000 0.0000 0.0000
v -2.5200 0.0000 0.0000
v 0.0000 0.1600 0.3000
v 1.8600 8.1100 -2.6800
v 0.0000 0.0300 0.0000
v 0.0000 0.0700 0.0000
v 0.0000 0.0000 27.4500
v 0.3000 0.0000 0.0000
v -12.6700 0.0000 0.0000
v 0.0000 0.1600 0.3000
v -39.6800 12.4800 16.6700
v 0.0000 0.0300 0.0000
v 0.0000 0.1100 0.0000
v 0.0000 0.0000 -11.7600
v 2.7100 0.0000 0.0000
v 0.0200 0.0200 0.0000
v 0.0200 0.0200 0.0000
v 0.0200 0.0200 0.0000
v 0.0200 0.0200 0.0000
v 0.0200 0.0200 0.0000
v 0.0200 0.0200 0.0000
v 2.7100 1.0000 0.0000
v 0.3500 5.1800 0.0000
v 5.3600 11.1400 -39.8200
v 0.0000 0.0000 10.2800
v 28.1900 1.1300 2.7000
v 0.1400 5.1200 0.0000
v -7.5000 11.0000 28.3900
v 0.0000 0.0000 -21.2900
v 7.6700 1.0000 0.0000
v -13.9900 4.4200 7.9900
v 0.1200 5.1200 0.0000
v 0.0000 0.0000 0.1200
v 0.0000 0.0000 -39.6200
v 8.3200 1.0000 0.0000
v 26.2400 4.4200 7.9900
v 0.1200 5.1200 0.0000
v -21.6900 10.6300 25.1700
v 0.0000 0.0000 0.1200
v 0.0000 0.0000 -3.8100
v 6.5300 1.6300 0.0000
v -22.2700 2.1700 2.7100
v 0.1400 5.1200 0.0000
v -24.3000 10.6300 -22.6000
v 0.0000 0.0000 0.1200
v 8.3200 1.0000 0.0000
v -1.9300 1.0000 8.6600
v 0.1200 5.1200 0.0000
v -29.7000 10.6300 19.2400
v 0.0000 0.0000 0.1200
v 0.0000 0.0000 -27.9600
v 8.2700 1.0000 0.0000
v 2.7000 5.1200 0.0000
v 0.0000 0.1800 0.0000
v 0.0000 0.0000 -1.9100
v 0.0000 0.8800 0.0000
v 4.3400 0.7000 0.0000
v 0.0000 0.0100 0.0000
v 29.3000 4.5600 2.7000
v 0.1400 7.6800 0.0000
v -11.0700 11.0000 29.3200
v 0.0000 0.0000 -13.6100
v 11.0100 7.5500 0.0000
v -36.2700 2.5500 6.2100
v 0.0400 5.1300 0.0000
v -1.0000 11.4300 -23.3700
v 0.0000 0.0000 0.0400
v 0.0000 0.0000 23.4700
v 4.9100 2.1000 0.0000
v -18.4200 1.0800 4.9100
v 0.0400 5.1300 0.0000
v 37.9300 11.5000 -5.8100
v 0.0000 0.0000 0.0400
v 0.0000 0.0000 29.5900
v -13.8400 1.0800 4.9100
v 0.4000 15.3600 1.0900
v -20.7100 15.8600 -28.8400
v 0.0000 0.0000 0.3700
v 0.0600 0.0000 0.0000
v 0.0000 0.0000 -0.2300
v 9.4500 -0.0100 0.0000
v -12.7700 0.3000 4.9100
v -11.7900 15.8500 31.1900
v 0.0000 0.0000 0.3700
v 0.0600 0.0000 0.0000
v 0.0000 0.0000 -39.7000
v 21.0700 0.3000 4.9100
v 12.3900 15.7700 31.1200
v 0.0000 0.0000 0.3700
v 0.0600 0.0000 0.0000
v 0.0000 0.0000 -2.1300
v -15.1000 3.2700 2.7100
v 3.1000 7.6800 0.0000
v -0.8800 14.4600 -31.0700
v 0.0000 0.0000 0.3700
v 0.0000 0.0000 3.0200
v 18.1400 0.3000 4.9100
v -11.8600 -2.5600 13.1000
v 0.0000 0.0000 0.3700
v 0.0000 0.0000 -11.7500
v 2.0700 1.5200 0.0000
v 0.8100 0.5200 2.0700
v 2.7000 5.1200 0.0000
v 15.8400 -4.7200 1.0300
v 0.0000 0.0000 0.2000
v 0.0000 0.0000 -15.9300
v 11.3800 1.0000 0.0000
v 0.1200 5.1200 0.0000
v 34.6900 10.9300 -10.3200
v 0.0000 0.1500 0.0000
v 0.0000 0.0000 -32.2200
v 0.0000 10.1400 0.0000
v 4.3900 1.0000 0.0000
v 18.3700 3.4100 4.3900
v 0.0100 5.1600 0.0000
v 21.4200 -2.5300 0.9000
v 0.0000 0.0000 0.0100
v 0.0000 0.0200 0.0000
v 0.0000 0.0000 22.8600
v 7.1500 1.0000 0.0000
v 21.6900 4.7300 7.1500
v 0.0000 5.1600 0.0000
v -32.2900 -0.6300 -21.3600
v 0.0000 0.0000 0.1200
v 0.0000 0.0000 29.9200
v 0.0000 10.1400 0.0000
v 17.4700 21.3000 0.0000
v 0.0000 0.0100 0.0000
v 0.0000 5.1700 0.0000
v -0.9700 16.3100 -28.6300
v 0.0000 0.0000 0.6400
v 0.0000 0.0000 15.8300
v 0.0000 0.7100 0.0000
v 4.0800 15.5300 0.0000
v 0.0000 0.0200 0.0000
v 8.9200 9.9200 4.0800
v 0.1400 15.4400 0.0000
v -16.6800 0.1300 8.9200
v 0.0000 0.0000 0.1400
v 0.0000 0.0000 -30.1300
v 5.9000 0.4000 0.0000
v 0.7800 15.3600 0.0000
v 0.0000 0.0000 -1.7500
v 2.7100 1.0000 0.0000
v 0.7100 37.3500 13.0600
v 0.4800 5.2100 0.0000
v -0.2800 -9.2200 0.7100
v 0.0000 0.0000 0.0400
v 0.0000 0.0000 -14.6100
v 1.0900 1.0000 0.0000
v 0.0200 5.1700 0.0000
v 0.0000 0.0000 2.0900
v 0.0000 7.7300 0.0000
v 5.7100 1.0000 0.0000
v 0.0000 0.0100 0.0000
v -31.2800 2.1600 17.4700
v 0.0200 5.1700 0.0000
v -0.4400 10.2600 -24.0500
v 0.0000 0.0000 2.7100
v 0.0000 0.0000 -2.0200
v 0.0000 4.6600 0.0000
v 1.0900 11.9000 -37.7400
v 10.2700 11.9600 -6.6000
v 13.4000 18.2400 -9.5300
v 0.0000 0.6200 0.0100
v 21.7800 -15.9300 3.7800
v -5.0000 11.3800 22.8300
v 0.0000 0.9600 0.0000
v 0.0000 9.1200 0.0000
v 0.0000 14.8800 0.0000
v 0.0000 0.9600 0.0000
v 0.0000 29.2800 0.0000
v 0.1500 0.0000 0.0000
v -17.8000 0.0000 0.0000
v 0.0000 0.1600 0.1500
v -35.6100 0.2100 -0.1300
v 0.0000 0.0300 0.0000
v 0.0000 0.0400 0.0000
v 0.0000 0.0000 -30.3700
v 0.1500 0.0000 0.0000
v 35.4600 0.0000 0.0000
v 0.0000 0.1600 0.1500
v 17.6200 0.2100 30.5800
v 0.0000 0.0300 0.0000
v 0.0000 0.0800 0.0000
v 0.0000 0.0000 30.4100
v 0.1500 0.0000 0.0000
v -17.5000 0.0000 0.0000
v 0.0000 0.1600 0.1500
v 17.3900 0.2100 -31.1200
v 0.0000 0.0300 0.0000
v 0.0000 0.1200 0.0000
v 0.0000 0.0000 -0.1500
v 0.0200 0.0200 0.0000
v 0.0200 0.0200 0.0000
v 0.0200 0.0200 0.0000
v 0.0200 0.0200 0.0000
v 0.0200 0.0200 0.0000
v 0.0200 0.0200 0.0000
v 10.7000 1.0000 0.0000
v 0.0000 0.1600 0.0000
v -0.2400 35.4100 20.6000
v 0.2000 5.1300 0.0000
v -0.0300 -2.1400 0.0100
v 0.0000 0.0000 2.5600
v 0.0000 0.0000 -0.0300
v 9.4600 1.0000 0.0000
v 0.0000 0.0100 0.0000
v -28.9700 16.5200 6.4000
v 0.1200 5.1200 0.0000
v -0.0300 -0.6500 0.0100
v 0.0000 0.0000 2.5600
v 0.0000 0.0000 25.1800
v 20.6000 1.0000 0.0000
v -0.7800 35.1000 20.6000
v 0.4000 15.3600 2.5500
v -0.2200 -5.6300 -0.7800
v 0.0000 0.0000 2.6000
v 0.0000 0.0000 7.6900
v 6.2000 1.0000 0.0000
v 0.0000 0.0300 0.0000
v -0.2100 2.4600 6.2000
v 0.3500 5.3200 0.0000
v 17.3300 0.4000 0.0000
v -4.1600 0.5400 17.3300
v 0.0600 5.1700 0.0000
v 0.0000 1.0600 0.0000
v 3.5700 1.8900 0.0000
v 0.0000 3.5000 0.0000
v 15.2100 4.0900 6.3300
v 0.0200 5.1200 0.0000
v -0.0900 -0.5200 0.1100
v 0.0000 0.0000 3.0000
v 6.9900 -0.3400 -32.8400
v 0.0000 0.3400 0.0100
v 0.2500 -0.2400 -8.6500
v 0.0000 0.9600 0.0000
v 0.0000 0.9600 0.0000
v 0.0000 0.9600 0.0000
v 0.0000 1.2800 0.0000
v 0.0000 0.9600 0.0000
v 0.0000 0.9600 0.0000
v 0.0000 0.9600 0.0000
v 0.0000 0.9600 0.0000
v 0.0000 3.3600 0.0000
v 0.0000 0.9600 0.0000
v 0.1000 1.0000 0.0000
v -28.0300 0.1000 0.1000
v 0.3600 5.1200 10.2300
v -2.2700 0.4200 -28.2800
v 0.0000 0.0000 0.6400
v 0.0000 0.0000 -0.1200
v 0.0000 2.5600 0.0000
v 0.0000 0.9600 0.0000
v 0.0000 0.9600 0.0000
v 0.0000 0.9600 0.0000
v 0.0000 0.9600 0.0000
v 0.0000 0.9600 0.0000
v 1.0000 1.0000 0.0000
v -19.7300 1.0000 1.0000
v 0.4000 15.3600 0.8000
v 0.0500 -21.3400 -14.9200
v 0.0000 0.0000 0.0400
v 0.0000 0.0000 30.1900
v 8.1800 1.0000 0.0000
v 31.3000 1.5400 8.1800
v 0.3700 15.3600 7.6800
v -0.1300 -5.4300 29.0600
v 0.0000 0.0000 0.3700
v 0.0000 0.1400 0.0000
v 0.0000 0.0000 0.1000
v 8.1800 1.0000 0.0000
v 0.3700 15.3600 7.6800
v 0.0000 0.0000 0.3700
v 0.0000 0.1500 0.0000
v 0.0000 0.0000 30.1200
v 8.1800 1.0000 0.0000
v 7.6800 -1.3300 0.0000
v -15.1800 1.5400 8.1800
v 0.3700 15.3600 10.2300
v 2.8000 -31.4500 -25.8300
v 0.0000 0.0000 0.3700
v 0.0000 0.1500 0.0000
v 8.1800 1.0000 0.0000
v -33.2800 1.5400 8.1800
v 0.3700 15.3600 10.2000
v 3.0300 12.7200 25.4400
v 0.0000 0.0000 0.3700
v 0.0000 0.1400 0.0000
v 0.0000 0.0000 -2.9300
v 8.1800 1.0000 0.0000
v 0.3700 15.3600 7.6800
v 0.0000 0.0000 28.9900
v 0.0000 0.0100 0.0000
v 25.4900 0.5600 4.1100
v 0.0000 0.0000 31.5500
v 0.4800 5.1800 0.0000
v -0.0800 22.5700 20.4200
v 0.0000 0.0000 5.9100
v 0.4800 5.1800 0.0000
v 0.0000 0.0000 -0.1100
v 8.1800 1.0000 0.0000
v 7.6800 33.2700 0.0000
v 0.3700 15.3600 10.2300
v 0.0000 0.0000 0.3700
v 0.0000 0.1500 0.0000
v 0.0000 0.0000 20.3800
v 8.1800 1.0000 0.0000
v 0.0000 2.4900 0.0000
v -24.2300 3.1900 8.1800
v 0.0100 5.1900 0.0000
v 20.5200 -20.1600 -36.7900
v 0.0000 0.0000 0.0100
v 0.0000 0.6800 0.0000
v 0.0000 0.0000 -0.1000
v 8.1800 1.0000 0.0000
v 0.0000 2.4900 0.0000
v 14.2900 3.1900 8.1800
v 0.0100 5.1900 0.0000
v -0.0200 -20.2000 14.0300
v 0.0000 0.0000 0.0100
v 0.0000 0.6800 0.0000
v 0.0000 0.0000 -10.4700
v 8.1800 1.0000 0.0000
v 0.0000 2.4900 0.0000
v -28.5800 3.1900 8.1800
v 0.0100 5.1900 0.0000
v -27.2700 -36.1100 -28.5800
v 0.0000 0.0000 0.0100
v 0.0000 0.6800 0.0000
v 9.4300 8.7200 0.0000
v 0.0000 2.4900 0.0000
v -31.6400 4.8900 9.4300
v 0.0200 5.1900 0.0000
v 13.5900 -21.7800 -31.6400
v 0.0000 0.6800 0.0000
v 0.0000 0.0000 -18.6400
v 9.4300 8.7200 0.0000
v 0.0000 2.6000 0.0000
v -31.5300 15.7000 27.7000
v 0.0400 5.1400 0.0000
v 0.0000 0.0000 -0.3200
v 0.0000 3.9700 0.0000
v 4.9600 2.8100 0.0000
v 0.0000 0.0100 0.0000
v 19.0700 4.3600 4.9600
v 0.0200 5.1700 0.0000
v 8.5500 6.5000 25.4900
v 0.0000 0.0000 0.0200
v 0.0000 0.0000 -0.3100
v 0.0000 12.5500 0.0000
v -1.5500 2.9000 6.0200
v 2.7100 5.1200 0.0000
v -12.9800 -22.1700 -21.8200
v 0.0000 0.0000 -9.4100
v 4.9600 2.8100 0.0000
v 0.0000 0.0600 0.0000
v 0.0200 5.1700 0.0000
v 0.0000 0.0000 32.9500
v 0.0000 12.5500 0.0000
v 7.9400 5.0600 0.0000
v 0.0000 4.2700 0.0000
v -32.7200 10.3100 7.9400
v 0.0000 5.1200 0.0000
v 0.0000 0.0000 0.0400
v 0.0000 0.0000 29.3900
v 34.3400 1.0000 0.0000
v -34.3000 20.3600 27.9700
v 0.0400 5.1400 0.0000
v 0.0000 0.0000 0.0400
v -3.1400 11.1300 26.6700
v 0.0000 0.9600 0.0000
v 0.0000 1.7600 0.0000
v 0.0000 2.4000 0.0000
v 0.0000 14.2400 0.0000
v 0.0000 0.9600 0.0000
v 1.0000 1.0000 0.0000
v 23.4000 0.2800 1.6300
v 0.1200 17.9500 0.0000
v -5.4200 1.1600 23.3700
v 0.0000 0.0000 0.1200
v 0.0000 0.0000 5.2400
v 1.9300 1.0000 0.0000
v 0.0000 0.0100 0.0000
v 9.2000 0.4000 1.9300
v 0.4900 15.4100 0.0000
v -0.4500 2.0600 23.4500
v 0.0000 0.0000 0.4100
v 0.0000 0.0000 4.9900
v 1.9300 1.0000 0.0000
v -2.8500 0.2800 1.9300
v 0.3700 15.3600 8.4900
v -7.0300 1.0200 9.2000
v 0.0000 0.0000 0.1200
v 0.0000 0.0000 5.1000
v 1.9300 1.0000 0.0000
v 0.0000 0.0100 0.0000
v 16.8200 0.2800 1.9300
v 0.3700 15.3600 10.2300
v 8.2400 1.0200 9.7300
v 0.0000 0.0000 0.3700
v 0.0000 0.5500 0.0000
v 0.0000 0.0000 2.2400
v 1.9300 1.0000 0.0000
v 11.1600 0.2800 1.9300
v -6.7400 0.4400 9.1800
v 0.0000 0.0000 0.3700
v 0.0000 0.0200 0.0000
v 0.0000 0.0000 1.9600
v 1.6700 1.0000 0.0000
v 0.0000 0.0600 0.0000
v 2.7900 0.5000 1.6700
v 0.3600 15.3600 10.2300
v 0.0000 0.9600 0.0000
v 0.0000 0.9600 0.0000
v 0.0000 2.0800 0.0000
v 0.0000 0.9600 0.0000
v 0.0000 0.9600 0.0000
v 0.3300 0.0000 0.0000
v 10.4900 1.0000 0.0000
v 0.0000 0.0300 0.0000
v 19.2200 5.5500 10.9200
v 0.3500 5.6700 0.0000
v 0.0000 0.0000 -12.4300
v 0.0000 7.0800 0.0000
v 0.0000 6.6600 0.0000
v 0.8500 3.2600 1.5700
v 0.4200 15.3600 0.0000
v 30.8600 24.7000 -18.9600
v 0.0000 0.0000 26.8000
v 0.0000 -2.5600 0.0000
v 10.2300 -0.0100 0.0000
v 0.3700 15.3600 10.2300
v -3.2500 27.1300 -10.5700
v 0.0000 0.0000 -11.4200
v 10.2300 -0.0100 0.0000
v 25.2500 1.1600 1.5700
v 0.3700 15.3600 10.2300
v -16.2500 24.7600 3.6300
v 0.0000 0.0200 0.0000
v 0.0000 0.0000 -18.2500
v 2.7300 1.0000 0.0000
v 0.0000 0.0300 0.0000
v 2.9200 1.6200 3.2800
v 0.3500 5.3700 0.0000
v -13.6000 34.9900 4.2300
v 0.0000 0.0000 -14.6100
v 0.0000 6.6300 0.0000
v 2.0900 1.7700 4.0300
v 0.3500 5.1400 0.0000
v -11.2600 38.6100 0.8500
v 0.0000 0.0200 0.0000
v 0.0000 0.0000 -8.9200
v 0.3500 2.3500 0.0000
v 30.8900 1.0700 0.3500
v 2.7000 5.1200 0.0000
v -39.3900 24.4000 26.9100
v 0.0000 0.0000 -12.7000
v 0.0000 4.2700 0.0000
v 20.3400 8.0900 9.9800
v 0.0200 5.1200 0.0000
v 0.0000 0.0000 -7.6600
v 23.4700 1.0000 0.0000
v 1.0000 15.0700 9.3600
v 0.0400 15.4200 0.0000
v -12.1700 32.1900 1.3200
v 0.0000 0.0000 -12.0600
v 20.6400 1.0000 0.0000
v -10.7000 21.0100 20.6400
v 0.0900 5.7200 0.0000
v -30.4100 13.9300 17.0500
v 0.0000 0.0000 -35.3300
v 0.8300 13.0000 0.0000
v 0.0000 21.0000 0.8300
v 0.0800 6.1200 0.0000
v -32.5800 5.9000 33.5000
v 0.0000 1.7700 0.0000
v -18.7800 25.8300 5.0100
v -15.4400 32.1800 3.2000
v -26.5900 24.7400 9.7500
v 0.0000 7.7300 0.0000
v -14.7700 35.7700 32.0000
v 0.0000 0.9600 0.0000
v 0.0000 0.9600 0.0000
v 0.0000 13.1200 0.0000
v 0.0000 0.9600 0.0000
v 0.0000 0.9600 0.0000
v -1.8300 0.0000 0.0000
v 0.0000 0.4000 0.0000
v 0.0000 0.6100 0.0000
v 0.0000 0.0400 0.0000
v 0.0000 0.0000 15.5600
v 14.7500 0.0000 0.0000
v 0.0000 0.4000 0.0000
v 2.5600 0.0000 0.0000
v 12.3300 0.6900 13.3700
v 0.0000 0.6100 0.0000
v 0.0000 0.0800 2.5600
v 0.0000 0.0000 -19.9600
v 0.0000 0.4000 0.0000
v -3.4400 4.2800 -26.5500
v 0.0000 0.8700 0.0000
v 0.0000 0.1100 2.5600
v 0.0000 0.0000 -3.8300
v 0.8100 0.0100 0.0000
v 0.8400 0.0100 0.0000
v 0.8400 0.0100 0.0000
v 0.8400 0.0100 0.0000
v 1.0900 0.0100 0.0000
v 1.1000 0.0100 0.0000
v 4.7200 1.0000 0.0000
v -1.9700 2.6800 4.7200
v 0.1200 5.1200 0.0000
v 0.0000 0.0000 0.1200
v 0.0000 0.0000 24.8100
v 2.2900 1.0000 0.0000
v -1.5200 1.1500 2.2900
v 0.4000 15.3600 0.9600
v -3.8800 2.6200 -1.4400
v 2.2900 1.0000 0.0000
v -18.2700 0.4500 2.2900
v 0.3700 15.3600 8.2400
v 36.9200 4.3700 12.3400
v 2.2900 1.0000 0.0000
v 10.2300 -0.0100 0.0000
v -15.0600 0.4500 2.2900
v 0.3700 15.3600 10.2300
v 24.0300 2.7500 -8.3500
v 0.0000 0.0000 8.5300
v 2.2900 1.0000 0.0000
v 10.2300 -0.0100 0.0000
v 7.3900 0.4500 2.2900
v 0.3700 15.3600 10.2300
v 0.0000 0.1000 0.0000
v 0.0000 0.0000 -15.9000
v 2.2900 1.0000 0.0000
v 10.2300 -0.0100 0.0000
v 4.5500 0.4500 2.2900
v 0.3700 15.3600 10.2300
v 0.0000 0.2000 0.0000
v 2.2900 1.0000 0.0000
v 10.2300 -0.0100 0.0000
v 0.3700 15.3600 10.2300
v 0.0000 0.1100 0.0000
v 0.0000 0.0000 -30.8900
v 2.2900 1.0000 0.0000
v 8.3600 -0.0100 0.0000
v -35.0900 0.4500 2.2900
v 0.3700 15.3600 8.6500
v 11.7900 3.7300 28.0600
v 0.0000 0.0000 -18.7500
v 2.2900 1.0000 0.0000
v 10.2300 -0.0100 0.0000
v 0.3700 15.3600 10.2300
v 0.0000 0.0100 0.0000
v 0.0000 0.0000 -27.0800
v 11.3600 19.7200 0.0000
v 33.1900 9.9600 11.3600
v 0.6200 5.1200 5.5300
v -1.7100 -1.3400 -35.5200
v 17.6500 19.7200 0.0000
v 23.6400 3.6200 4.3300
v 0.3200 5.3800 0.0000
v -10.5200 7.1500 -26.1100
v 0.0000 0.0000 -26.0600
v 4.3300 19.7200 0.0000
v 0.0000 0.0400 0.0000
v -38.0400 7.0800 19.2000
v 0.0600 5.1300 0.0000
v -3.3700 -0.9800 35.3000
v 19.2000 6.5300 0.0000
v -5.7500 3.6900 19.2000
v 0.0400 5.1300 0.0000
v -20.1200 6.0500 4.1500
v 0.0000 0.0000 -3.9300
v 4.7200 1.0000 0.0000
v 0.0000 9.0300 11.1600
v -1.2300 9.0400 4.7200
v 0.0800 5.6200 0.0000
v 0.0000 0.0000 0.0800
v 11.1600 7.9700 0.0000
v 5.6800 1.0000 0.0000
v 3.6800 4.8200 13.4100
v 0.0400 5.1300 0.0000
v 13.5300 13.7400 -5.7100
v 0.0000 0.0000 0.0400
v 2.2900 1.0000 0.0000
v 10.2300 -0.0100 0.0000
v -2.5800 0.4500 2.2900
v 0.3700 15.3600 10.2300
v 0.0000 0.0000 -3.8500
v 30.4200 6.2600 6.6500
v 0.0300 5.1700 0.0000
v 0.0000 0.0500 0.0000
v 0.0000 0.0000 -3.6700
v 0.0000 1.8100 0.0000
v -22.2000 16.6800 4.6600
v -8.6600 7.4100 -19.5200
v -33.0900 0.0200 -1.4500
v 22.0600 -0.4800 -13.7800
v -3.0600 3.9200 14.8300
v -3.2900 3.8800 -17.3200
v -9.1400 7.3000 13.6700
v 4.9700 0.0600 -8.6400
v 0.0000 1.0000 0.0000
v -3.5600 1.0600 36.8100
v 0.0000 1.0000 0.0000
v -3.4200 1.0300 -39.4900
v 0.0000 0.9600 0.0000
v 0.0000 8.4800 0.0000
v 0.0000 13.1200 0.0000
v 0.0000 0.9600 0.0000
v 0.0000 0.9600 0.0000
v 35.0900 0.0000 0.0000
v 0.0000 0.1600 0.0000
v 2.4500 0.8600 36.3400
v 0.0000 0.0300 0.0000
v 0.0000 0.0300 0.0000
v 0.0000 0.0000 2.5500
v 22.7100 0.0000 0.0000
v 0.0000 0.1600 0.0000
v 6.9100 0.6700 -0.5400
v 0.0000 0.0300 0.0000
v 0.0000 0.0700 0.0000
v 0.0000 0.0000 8.7500
v 39.6900 0.0000 0.0000
v 2.5600 0.0000 0.0000
v 9.0000 3.7000 -13.3000
v 0.0000 0.5100 0.0000
v 0.0000 0.1100 0.0000
v 0.0200 0.0200 0.0000
v 0.0200 0.0200 0.0000
v 0.0200 0.0200 0.0000
v 0.0200 0.0200 0.0000
v 1.3400 0.0100 0.0000
v 0.1000 1.0000 0.0000
v -24.8900 0.1000 0.1000
v 0.3600 15.3600 9.4500
v 1.5700 3.2200 6.9600
v 0.0000 0.0000 0.3600
v 0.0000 0.2200 0.0000
v 0.0000 0.0000 6.1900
v 0.0000 35.8400 0.0000
v 0.1000 1.0000 0.0000
v 9.4500 -38.4100 0.0000
v 35.1700 0.1000 0.1000
v 0.3600 15.3600 9.4500
v 1.4100 3.2600 35.1600
v 0.0000 0.0000 0.3600
v 0.0000 0.2200 0.0000
v 0.0000 0.0000 20.0600
v 0.0000 35.8400 0.0000
v 0.1000 1.0000 0.0000
v 9.4500 -38.4100 0.0000
v 22.1700 0.1000 0.1000
v 0.3600 15.3600 9.4500
v 0.0000 0.0000 2.7000
v 0.0000 0.0000 9.0700
v 3.4800 2.1100 0.0000
v 0.3600 15.3600 7.6800
v 0.0000 0.0000 0.3600
v 0.0000 0.2300 0.0000
v 0.0000 0.0000 9.2100
v 1.6300 1.0000 0.0000
v 0.0000 0.0200 0.0000
v 0.1400 15.4500 0.0000
v 0.0000 0.0000 0.1400
v 0.0000 0.0000 5.4500
v 0.3700 7.1700 0.0000
v 6.3100 1.9200 0.3700
v 0.1400 15.4500 0.0000
v 9.2000 3.2700 -16.8600
v 0.0000 0.0000 0.1400
v 0.0000 0.0000 16.1900
v 4.8200 6.0500 0.0000
v 2.7000 5.1200 0.0000
v 0.0000 0.0000 2.7000
v 0.0000 0.0000 -5.0300
v 4.8900 2.5400 0.0000
v 34.8000 3.2300 4.8900
v 2.7000 5.1200 0.0000
v -1.0900 0.0000 11.7400
v 0.0000 0.0000 3.8900
v 4.8900 2.5400 0.0000
v -32.5600 3.2800 4.8900
v 0.1400 5.1200 0.0000
v 9.3700 0.0000 -26.2600
v 0.0000 0.0000 20.2200
v 0.0000 1.1500 0.0000
v 3.4600 3.1000 0.0000
v 34.7800 3.0100 3.4600
v 2.7000 5.1200 0.0000
v -3.5300 0.0000 34.2900
v 0.0000 0.0000 2.7000
v 0.0000 0.0000 -4.5700
v 3.4600 6.7400 0.0000
v 3.7700 3.1400 3.4600
v 2.7000 5.1200 0.0000
v 8.9900 0.0000 -18.3000
v 0.0000 0.0000 9.2000
v 2.5200 5.0800 0.0000
v 0.0000 0.0500 0.0000
v 0.1200 15.3900 0.0000
v 0.0000 0.0000 0.6400
v 0.0000 0.0000 22.1600
v 0.0000 2.5500 0.0000
v 2.5600 0.0000 0.0000
v 0.4800 5.2000 0.0000
v 0.0000 0.0000 17.6700
v 0.0000 2.5500 0.0000
v 28.9700 1.4400 4.6600
v 0.4800 5.2000 0.0000
v -5.9300 3.7000 28.5400
v 0.0000 0.0000 -3.8100
v 0.0000 2.5500 0.0000
v 2.5600 0.0000 0.0000
v 3.7600 1.4400 4.6600
v 0.4800 5.2000 2.5600
v 6.1200 1.0000 2.6000
v 0.0000 0.0000 19.1100
v 12.3100 1.7000 0.0000
v 2.5900 1.0000 0.0000
v 0.0000 2.5900 12.3100
v -4.1300 1.4000 4.6600
v 0.4800 5.2000 0.0000
v 9.3800 1.4200 -3.2200
v 0.0000 0.0000 8.5200
v 0.0000 2.5500 0.0000
v 2.5600 0.0000 0.0000
v 1.8200 1.4000 4.6600
v 0.4800 5.2000 0.0000
v 6.1200 1.8300 4.0500
v 0.0000 0.0000 -0.2900
v 0.0000 2.5500 0.0000
v 9.7800 1.4000 4.6600
v 0.4800 5.2000 0.0000
v 0.7000 4.2200 12.5600
v 0.0000 0.0000 0.1300
v 0.0000 2.5500 0.0000
v -3.4600 1.4000 4.6600
v 0.4800 5.2000 0.0000
v 8.5800 3.9900 -4.1200
v 0.0000 0.0000 6.6700
v 0.0000 2.5500 0.0000
v 26.7400 1.4000 4.6600
v 0.4800 5.2000 0.0000
v -6.6300 3.9900 26.7000
v 0.0000 0.0000 1.6900
v 0.0000 2.5500 0.0000
v 25.0100 1.4000 4.6600
v 0.4800 5.2000 0.0000
v -4.5300 1.4600 25.0100
v 0.0000 0.0000 4.2100
v 0.0000 2.5500 0.0000
v 2.5600 0.0000 0.0000
v 34.6200 1.2400 3.1200
v 0.4800 5.2000 0.0000
v 4.2500 3.2300 34.6200
v 0.0000 0.0000 19.4200
v 0.0000 2.5500 0.0000
v 23.0400 0.0000 0.0000
v 0.4800 5.2000 20.4800
v 0.0000 0.0000 17.5900
v 0.0000 2.5500 0.0000
v 6.4100 1.6500 0.0000
v 0.0000 0.0000 18.7200
v 2.5500 0.0000 0.0000
v 33.5200 5.6200 4.0200
v 2.6800 5.1200 0.0000
v 9.1300 -0.0200 -26.4300
v 0.0000 0.0000 2.6800
v 0.0000 0.0000 19.9800
v 0.0000 0.0100 0.0000
v 3.9200 2.1100 0.0000
v 0.0000 0.5600 0.0000
v 35.3200 2.6500 3.9900
v 2.8700 6.4800 0.0000
v 0.0000 0.0000 20.2900
v 4.8200 6.0500 0.0000
v 0.1400 5.1200 0.0000
v 0.0000 0.0000 0.1400
v 0.0000 0.0000 -3.7000
v 0.1000 1.0000 0.0000
v -29.1800 7.4500 5.3800
v 0.0000 5.1700 0.0000
v 0.0000 0.0000 0.1400
v 0.0000 0.0000 20.6400
v 9.1400 0.3300 -27.0900
v 9.1200 0.3400 -13.0800
v 0.0000 1.0000 0.0000
v 0.0000 0.9600 0.0000
v 0.0000 0.9600 0.0000
v 0.0000 5.7600 0.0000
v 0.0000 0.9600 0.0000
v 0.1500 0.0000 0.0000
v 0.0000 0.5100 0.0000
v 0.0000 0.0300 0.0000
v 0.0000 0.0000 8.3200
v 3.2000 0.0000 0.0000
v 0.7400 0.0100 0.0000
v 0.7400 0.0100 0.0000
v 11.9700 6.4200 0.0000
v 2.5500 1.2800 0.0000
v 1.7300 13.9600 9.9200
v 2.7000 5.1200 2.5500
v 20.5700 3.3500 -4.5300
v 0.0000 0.0000 14.6300
v 2.5500 1.2800 0.0000
v 2.7000 5.1200 2.5500
v 0.0000 0.0000 -7.2700
v 0.3000 0.9100 0.0000
v 19.1700 0.4500 0.3000
v 0.3700 17.9200 8.6700
v -10.9200 7.9900 9.8300
v 0.0000 0.0000 10.9200
v 0.3000 0.9100 0.0000
v -25.6000 0.9400 1.4000
v 0.3600 17.9200 8.6700
v 0.4000 16.7200 -26.5900
v 0.0000 0.0000 15.7600
v 0.3000 0.9100 0.0000
v 24.2400 5.6900 6.0000
v 2.6800 7.6800 0.0000
v -4.2500 4.7200 6.1800
v 0.0000 0.0000 1.7700
v 2.6000 1.0600 0.0000
v 0.0000 0.0100 0.0000
v 0.2000 5.1300 0.0000
v -0.2800 10.8300 -30.5400
v 0.0000 0.0000 -6.2000
v 4.1700 0.9100 0.0000
v 2.6900 5.1200 0.0000
v 0.0000 0.0000 2.5700
v 0.3000 0.9100 0.0000
v 0.3700 17.9200 8.3700
v 0.0000 0.0000 12.5200
v 0.0000 3.4500 0.0000
v 27.3700 6.4200 0.0000
v 0.0000 0.0100 0.0000
v 2.8800 5.2600 0.0000
v 0.0000 0.0000 -17.4200
v 0.0000 38.4000 0.0000
v 0.7100 17.9200 8.2200
v 0.0000 0.0000 2.3200
v 0.0000 38.4000 0.0000
v 0.3700 17.9200 7.8000
v 1.4700 3.9000 -19.2300
v 0.0000 0.0000 -18.3900
v 27.2400 6.4200 0.0000
v 0.1400 15.5200 0.0000
v 0.0000 0.0000 9.1100
v 1.3300 0.9100 0.0000
v 0.3600 17.9200 7.7900
v 8.4300 14.3300 -35.7700
v 0.0000 0.7200 0.0000
v 0.0000 0.0000 2.4700
v 8.4600 6.0300 0.0000
v 2.5500 1.2800 0.0000
v 0.2000 5.1300 0.0000
v 2.5700 -0.0100 0.0000
v 0.0000 0.0000 14.3800
v 0.0000 0.0000 2.5700
v 0.5000 6.4200 0.0000
v 9.8300 0.5000 0.5000
v 3.2700 15.3600 9.7700
v 10.9800 11.5900 -3.1000
v 2.5700 -0.0100 0.0000
v 0.0000 0.0000 11.9400
v 0.0000 0.0000 2.5700
v -35.7600 0.5000 0.5000
v 3.2700 15.3600 9.7700
v 2.5700 -0.0100 0.0000
v 0.0000 0.0000 -1.2400
v 0.0000 0.1100 2.5700
v 5.7700 6.4200 0.0000
v -30.1000 4.3100 6.6500
v 2.6800 5.1200 2.5500
v 0.0000 0.0000 8.3600
v 0.0000 1.0600 0.0000
v 3.9000 6.4200 0.0000
v 0.0000 0.0200 0.0000
v 0.0400 5.1300 0.0000
v 0.0000 0.0000 16.9600
v 18.4700 1.7400 0.0000
v 0.1400 5.1200 0.0000
v 0.0000 0.0000 -0.2500
v 5.4800 6.4200 0.0000
v 0.0000 5.1700 0.0000
v 1.4300 -2.7600 2.4200
v 0.0000 0.0200 0.0000
v 0.0000 0.0000 -1.9200
v 0.0000 3.4500 0.0000
v -3.1200 17.9600 -27.9500
v 0.0000 0.9600 0.0000
v 0.0000 0.9600 0.0000
v 0.0000 11.2000 0.0000
v 0.0000 0.9600 0.0000
v 0.0000 0.9600 0.0000
v 0.0000 0.1100 0.0000
v -0.7600 0.0000 0.7600
v 0.0000 0.6900 0.0200
v 6.5500 0.2700 6.8700
v 0.0000 0.6800 0.0000
v 0.0000 0.0400 0.0000
v 0.0000 0.0000 -8.5700
v 0.0700 0.1100 0.0000
v 5.8800 0.0000 0.0000
v 0.0000 0.6900 0.0800
v 1.2800 1.0700 13.4900
v 0.0000 0.7500 0.0000
v 0.0000 0.0600 0.0000
v 0.0000 0.0000 -0.8500
v 0.1100 0.0000 0.0000
v -7.6800 0.0000 0.0000
v 2.5600 0.0000 0.0000
v 3.7800 1.6400 -6.4700
v 0.0000 0.9700 0.0000
v 0.0000 0.1000 2.5600
v 0.8900 0.0100 0.0000
v 0.9200 0.0100 0.0000
v 0.9600 0.0100 0.0000
v 1.0000 0.0100 0.0000
v 1.1900 0.0100 0.0000
v 1.0000 1.0000 0.0000
v 0.4500 1.0000 1.0000
v 0.4100 15.3600 0.1600
v 6.8100 1.4000 -0.9100
v 0.0000 0.0000 0.3700
v 0.0100 0.2100 0.0000
v 0.0000 0.0000 10.9500
v 0.0000 25.6000 0.0100
v 1.0000 1.0000 0.0000
v 10.2300 -12.8100 0.0000
v -3.6400 0.3600 1.0000
v 0.3700 15.3600 9.7900
v 13.1500 1.8400 -24.7300
v 0.0000 0.0000 0.3700
v 0.0100 0.2100 0.0000
v 0.0000 0.0000 18.4400
v 0.0000 7.6800 0.0100
v 1.0000 1.0000 0.0000
v 2.8800 0.1800 1.0000
v 19.2400 2.1900 -24.0000
v 0.0000 0.0000 0.3700
v 0.0100 0.2100 0.0000
v 0.0000 0.0000 7.7000
v 0.5300 1.0000 0.0000
v -24.0700 0.1800 0.5700
v 0.1200 15.5000 0.0000
v 11.1000 2.7100 6.9800
v 0.0000 0.0000 0.1200
v 0.0000 0.0000 7.6500
v 0.4600 1.0000 0.0000
v -0.8700 0.2100 0.5000
v 2.6900 15.5100 0.0000
v 0.1300 -0.1000 16.7800
v 0.0000 0.0000 0.2600
v 0.0000 0.0000 -9.1700
v 0.0000 0.0000 0.0300
v 1.8500 1.4200 0.0000
v 13.4800 0.3600 1.8500
v 4.8400 1.3900 13.7000
v 0.0000 0.0000 0.3700
v 0.0300 0.2900 0.0000
v 0.0000 0.0000 5.0200
v 1.0000 1.0000 0.0000
v 10.2300 -0.0100 0.0000
v 2.8500 0.1300 0.4400
v 0.1200 15.5000 0.0000
v -3.0700 25.3500 3.8400
v 0.0000 0.0000 0.3700
v 0.0200 0.0000 0.0000
v 0.0000 0.0000 5.6900
v 0.0000 -2.5600 0.0200
v 0.0000 0.9600 0.0000
v 0.0000 9.1200 0.0000
v 0.0000 14.8800 0.0000
v 0.0000 0.9600 0.0000
v 0.0000 0.9600 0.0000
v -7.6600 0.0000 0.0000
v 0.0000 0.1600 0.0000
v -5.6000 0.6800 -7.5700
v 0.0000 0.0300 0.0000
v 0.0000 0.0300 0.0000
v 0.0000 0.0000 -26.2600
v 4.2400 0.0000 0.0000
v 0.0000 0.1600 0.0000
v -15.6600 0.5300 -5.1400
v 0.0000 0.0300 0.0000
v 0.0000 0.0700 0.0000
v 0.0000 0.0000 9.4700
v -27.5700 0.0000 0.0000
v 0.0000 0.1600 0.0000
v -13.5200 0.5300 -31.6600
v 0.0000 0.0300 0.0000
v 0.0000 0.1100 0.0000
v 0.0000 0.0000 -24.9800
v 0.0200 0.0200 0.0000
v 0.0200 0.0200 0.0000
v 0.0200 0.0200 0.0000
v 0.0200 0.0200 0.0000
v 0.0200 0.0200 0.0000
v 0.0200 0.0200 0.0000
v 1.0000 1.0000 0.0000
v 14.8500 1.0000 1.0000
v 0.3600 15.3600 9.4500
v -26.4900 3.0800 11.3800
v 0.0000 0.0000 0.3600
v 0.0000 0.0000 -26.6300
v 0.0000 35.8400 0.0000
v 1.0000 1.0000 0.0000
v -16.0000 1.0000 1.0000
v 0.3600 15.3600 9.4500
v 9.1000 3.0800 -29.2100
v 0.0000 0.0000 0.3600
v 0.0000 0.0000 -26.4400
v 0.0000 35.8400 0.0000
v 1.0000 1.0000 0.0000
v -10.6800 1.0000 1.0000
v 0.3600 15.3600 8.0700
v -26.3600 0.1200 15.8400
v 0.0000 0.0000 -26.2500
v 4.6900 5.5000 0.0000
v -30.7700 1.0000 1.0000
v 0.3600 15.3600 7.6800
v 9.8400 1.0500 -32.2100
v 0.0000 0.0000 0.3600
v 0.0000 0.2300 0.0000
v 0.0000 0.0000 -4.7700
v 0.0000 35.8400 0.0000
v 1.0000 1.0000 0.0000
v 0.3400 5.5900 0.0000
v -25.9700 -0.2100 3.9500
v 0.0000 0.0000 -26.3600
v 4.7900 3.7600 0.0000
v -6.7100 2.7100 4.7900
v 2.7100 5.1200 0.0000
v -6.5300 -0.2100 -6.4200
v 0.0000 0.0000 9.1200
v 4.7900 1.0000 0.0000
v -31.5000 2.7100 4.7900
v 2.7100 5.1200 0.0000
v -14.4500 -0.2100 -6.5300
v 0.0000 0.0000 4.0500
v 4.7900 1.0000 0.0000
v -19.6900 2.7100 4.7900
v 2.7100 5.1200 0.0000
v 8.7800 -0.2100 -21.9300
v 0.0000 0.0000 -21.5300
v 4.7900 1.0000 0.0000
v 2.7100 5.1200 0.0000
v -23.8400 0.4700 6.1500
v 0.0000 0.0000 -23.9500
v 0.0000 2.5500 0.0000
v 2.5600 0.0000 0.0000
v -14.8700 0.6100 3.9000
v 0.4800 5.2000 2.5600
v 10.2700 3.9600 -17.3400
v 0.0000 0.0000 7.6000
v 0.0000 2.5500 0.0000
v 2.5600 0.0000 0.0000
v -29.4700 1.0300 3.8900
v 0.4800 5.2000 2.5600
v -4.5800 0.6000 -29.4700
v 0.0000 0.0000 -2.5500
v 0.0000 2.5500 0.0000
v 0.4800 5.2000 0.0000
v 0.0000 0.0000 -23.8700
v 0.0000 2.5500 0.0000
v -6.9200 0.3400 2.5100
v 0.1200 15.3900 0.0000
v 9.5500 0.8100 -6.2900
v 0.0000 0.0000 -8.5800
v 0.0000 0.0100 0.0000
v -33.1700 0.5900 3.9000
v 3.0600 5.2100 0.0000
v -8.6700 0.0200 -29.7900
v 0.0000 0.0000 -19.1500
v 0.0000 0.0500 0.0000
v -18.6300 0.1000 3.9000
v 0.0000 0.0000 0.0600
v 0.0000 0.0000 -27.7100
v 4.2500 1.0000 0.0000
v -5.0900 1.8600 4.2500
v 0.0400 5.1300 0.0000
v 10.3600 0.0700 -25.2000
v 0.0000 0.0000 0.0400
v 0.0000 0.0000 10.9600
v 4.2500 1.0000 0.0000
v -31.8400 0.3400 2.5100
v 0.1200 15.3900 0.0000
v -26.4300 -0.2400 16.5200
v 0.0000 0.0000 0.1200
v 0.0000 0.0000 -26.2100
v 5.6500 6.4100 0.0000
v 0.0000 0.9600 0.0000
v 0.0000 0.9600 0.0000
v 0.0000 2.0800 0.0000
v 0.0000 4.0000 0.0000
v 0.0000 0.9600 0.0000
v 1.0000 1.0000 0.0000
v -0.0900 0.1000 1.0000
v 0.3700 0.0000 10.2300
v 0.0000 1.2200 0.4300
v 0.0000 0.0000 0.6500
v 0.0000 0.9600 0.0000
v 0.0000 0.9600 0.0000
v 0.0000 0.9600 0.0000
v 0.0000 5.4400 0.0000
v 0.0000 0.9600 0.0000
v 1.0000 1.0000 0.0000
v 0.3600 0.3400 1.0000
v -4.3500 0.9100 2.3900
v 0.0000 0.0000 0.3700
v 0.0000 0.4500 0.0000
v 0.0000 0.0000 2.8100
v 1.0600 1.0000 0.0000
v 0.0000 0.0900 0.0000
v -3.6800 0.2100 1.0600
v 0.7200 15.3600 0.0000
v 1.7600 2.4600 3.3800
v 0.0000 0.0000 0.7200
v 0.0000 0.0000 0.0400
v 0.0000 0.9600 0.0000
v 0.0000 3.6800 0.0000
v 0.0000 5.4400 0.0000
v 0.0000 0.9600 0.0000
v 0.0000 37.6000 0.0000
v 23.0700 0.0000 0.0000
v 0.0000 0.1600 0.1500
v -26.2400 11.8000 0.7300
v 0.0000 0.0300 0.0000
v 0.0000 0.0300 0.0000
v 0.0000 0.0000 11.6000
v 0.0200 0.0200 0.0000
v 0.0200 0.0200 0.0000
v 1.0000 1.0000 0.0000
v -0.6300 0.5100 1.0000
v 0.3700 15.3600 10.2300
v 7.9200 11.4100 18.5300
v 0.0000 0.0000 0.3600
v 0.0000 0.3800 0.0000
v 0.0000 0.0000 0.2200
v 12.7600 1.0000 0.0000
v -22.6000 2.5800 4.7800
v 2.7000 5.1200 0.0000
v 12.8200 10.0200 23.4300
v 0.0000 0.0000 -26.3400
v 1.0000 1.0000 0.0000
v 7.6800 -2.5600 0.0000
v -0.3000 22.0700 29.5000
v 0.2000 5.1300 0.0000
v -0.0100 -5.5800 -0.3000
v 0.0000 0.0000 0.2000
v 0.0000 0.0000 13.2600
v 1.0000 1.0000 0.0000
v -0.3900 1.0000 1.0000
v 3.0000 7.8000 0.0000
v 17.4800 9.8500 -34.6700
v 0.0000 0.0000 3.0000
v 0.0000 0.0000 0.1600
v 23.7800 1.0000 0.0000
v 0.0000 0.0700 0.0000
v 37.3000 0.5100 1.0000
v 0.3700 15.3600 10.2300
v 0.0000 -2.5600 0.0000
v 1.0000 1.0000 0.0000
v 10.2300 -0.0100 0.0000
v -0.0700 0.5100 1.0000
v 0.3600 15.3600 10.2300
v 12.5500 10.9800 -22.7100
v 0.0000 0.3700 0.0000
v 0.0000 0.0000 13.3300
v 1.0000 1.0000 0.0000
v -17.6300 0.9900 0.6000
v 0.7100 15.3600 8.7500
v -22.4000 11.7400 3.4200
v 0.0000 0.0000 -19.6200
v 0.0000 0.0000 2.5700
v 8.7500 -1.5600 0.0000
v 18.1700 0.9900 0.5000
v 0.7100 15.3600 8.7500
v 13.8500 11.7400 18.3900
v 0.0000 0.0000 13.1100
v 0.0000 0.0100 0.0000
v 0.2000 5.1500 0.0000
v 16.1700 9.4700 -14.6000
v 0.0000 0.0000 3.0800
v 0.0000 0.0000 28.0100
v 1.0000 1.0000 0.0000
v 10.2300 -0.0100 0.0000
v -1.2600 0.5100 1.0000
v 0.3700 15.3600 10.2300
v 0.0000 0.0000 18.6000
v 10.6200 0.3500 0.0000
v -0.3800 0.3500 10.5000
v 0.0600 5.1700 0.0000
v 0.0000 0.0000 26.0500
v 22.3600 1.0000 0.0000
v 0.0400 15.3600 0.0000
v -25.9500 10.2300 -0.5100
v 0.0000 0.0000 0.0400
v 0.0000 0.0000 11.9400
v 23.3400 5.7900 6.4300
v 0.0000 5.1200 0.0000
v -26.1500 10.2300 -0.2400
v 0.0000 0.0000 11.7000
v 0.0000 2.2100 0.0000
v 8.0300 1.0000 0.0000
v 0.2000 5.1600 0.0000
v 0.5400 -24.4800 0.0000
v 0.0000 0.0000 0.2000
v 0.0000 0.0000 -0.0100
v 6.4300 6.5900 0.0000
v -0.3500 12.9000 6.4300
v 0.1400 5.1200 0.0000
v 8.5000 10.2300 16.0700
v 0.0000 0.0000 -0.3300
v 23.8700 10.4000 -8.8000
v 0.0000 0.5800 0.0100
v 0.0000 1.0800 0.0100
v 22.0700 -0.0100 -0.3000
v -28.4300 -1.0000 -5.5800
v 29.5000 29.1500 -0.0100
v 0.0000 0.9600 0.0000
v 0.0000 0.9600 0.0000
v 0.0000 24.9600 0.0000
v 0.0000 0.9600 0.0000
v 0.0000 0.9600 0.0000
v -0.0800 0.0000 0.0000
v 0.0000 0.4000 0.0000
v 2.5600 0.0000 0.0000
v 0.0000 0.8100 0.0000
v 0.0000 0.0300 0.0000
v 0.0000 0.0000 -6.6400
v -2.3700 0.0000 0.0000
v 0.0000 0.6600 0.0000
v 2.5600 0.0000 0.0000
v -0.2000 -5.3200 -1.0800
v 0.0000 0.8000 0.0000
v 0.0000 0.0800 2.5600
v 0.0000 0.0000 -0.4400
v 17.9500 0.0000 0.0000
v 2.5600 0.0000 0.0000
v -15.3400 -7.5500 17.9500
v 0.0000 0.9500 0.0000
v 0.0000 0.1100 2.5600
v 0.0000 0.0000 -15.3400
v 0.1000 0.0100 0.0000
v 17.9500 0.0000 0.0000
v 0.0000 0.6300 0.1000
v 2.5600 0.0000 0.0000
v -15.3400 -7.5500 17.9500
v 0.0000 0.9500 0.0000
v 0.0000 0.1500 2.5600
v 0.0000 0.0000 -15.3400
v 0.1000 0.0100 0.0000
v 17.9500 0.0000 0.0000
v 0.0000 0.6300 0.1000
v 2.5600 0.0000 0.0000
v -15.3400 -7.5500 17.9500
v 0.0000 0.9500 0.0000
v 0.0000 0.1900 2.5600
v 0.0000 0.0000 -15.3400
v 0.1000 0.0100 0.0000
v 17.9500 0.0000 0.0000
v 0.0000 0.6300 0.1000
v 2.5600 0.0000 0.0000
v -15.3400 -7.5500 17.9500
v 0.0000 0.9500 0.0000
v 0.0000 0.2300 2.5600
v 0.0000 0.0000 -15.3400
v 0.1000 0.0100 0.0000
v 17.9500 0.0000 0.0000
v 0.0000 0.6300 0.1000
v 2.5600 0.0000 0.0000
v 0.9400 0.0100 0.0000
v 0.9300 0.0100 0.0000
v 0.9500 0.0100 0.0000
v 1.0300 0.0100 0.0000
v 1.1800 0.0100 0.0000
v 1.1800 0.0100 0.0000
v 1.1800 0.0100 0.0000
v 1.1800 0.0100 0.0000
v 1.1800 0.0100 0.0000
v 1.1800 0.0100 0.0000
v 1.1800 0.0100 0.0000
v 1.1800 0.0100 0.0000
v 1.1800 0.0100 0.0000
v 1.0000 1.0000 0.0000
v 0.3700 15.3600 7.6800
v 0.0000 0.0000 0.3700
v 0.0000 0.0000 -7.8700
v 1.0000 1.0000 0.0000
v 10.2300 -0.0100 0.0000
v -1.5000 0.6600 1.0000
v 0.3700 15.3600 7.9200
v 0.0000 0.0000 0.3700
v 0.0000 0.0000 -5.3400
v 1.0000 1.0000 0.0000
v 10.2300 -0.0100 0.0000
v 17.0100 0.6600 1.0000
v 0.3700 15.3600 7.6800
v 0.0000 0.0000 0.3700
v 0.0000 0.0000 -6.8600
v 1.0000 1.0000 0.0000
v 7.6800 2.1200 0.0000
v 0.3700 15.3600 10.2300
v 0.0000 0.0000 0.3700
v 1.0000 1.0000 0.0000
v 10.2300 -0.0100 0.0000
v 0.1400 5.1200 0.0000
v 0.0000 0.0000 0.1400
v 0.0000 0.0000 7.7900
v 1.9800 3.5200 0.0000
v -1.0900 15.1700 2.6000
v 0.1400 5.2400 0.0000
v 0.0000 0.0000 0.0200
v 0.0000 0.2100 0.0000
v 0.0000 1.5900 0.0000
v 4.1000 3.2600 0.0000
v 0.0000 3.1000 0.0000
v 0.0200 5.1200 0.0000
v 0.0000 0.0000 0.0400
v 0.0000 0.0000 28.2400
v 23.1800 3.2600 0.0000
v 20.1100 10.0100 23.1800
v 0.0400 5.1300 0.0000
v 0.0000 0.0000 0.0400
v 0.0000 0.0000 -29.1500
v 23.1800 3.2600 0.0000
v -21.4000 10.0100 23.1800
v 0.0400 5.1300 0.0000
v -21.6900 -1.4500 -24.6200
v 0.0000 0.9600 0.0000
v 0.0000 0.9600 0.0000
v 0.0000 0.9600 0.0000
v 0.0000 1.2800 0.0000
v 0.0000 0.9600 0.0000
v 0.0000 0.9600 0.0000
v 0.0000 3.0400 0.0000
v 0.0000 4.6400 0.0000
v 0.0000 0.9600 0.0000
v 0.0000 0.9600 0.0000
v 0.1500 0.0000 0.0000
v 4.1300 0.0000 0.0000
v 0.0000 0.1600 0.1500
v -22.8000 0.4000 -2.7500
v 0.0000 0.0300 0.0000
v 0.0000 0.0300 0.0000
v 0.0200 0.0200 0.0000
v -3.1200 1.2600 2.1900
v 3.0000 7.8000 0.0000
v -9.3800 -0.6100 -0.1800
v 0.0000 0.0000 -12.3300
v -11.2700 3.8400 7.7300
v 0.0600 5.1300 0.0000
v -12.1300 -0.4500 -7.7800
v 0.0000 0.0000 -8.6900
v 0.0000 2.9400 0.0000
v -1.6500 1.2700 1.8100
v -18.5600 5.1800 16.7600
v 0.0000 0.5300 0.0000
v 0.0000 0.0000 -3.1200
v -9.0700 0.3400 0.2000
v 2.9200 15.3600 7.6700
v 7.1000 7.2800 -0.0100
v 0.0000 0.5100 0.0000
v 0.0000 0.0000 -18.9600
v 0.3600 15.3600 7.6900
v -24.9500 1.3100 -9.0600
v 0.0000 0.0000 -18.6000
v -0.0100 9.1800 0.7600
v 0.1400 15.4500 0.0000
v -18.5100 6.1000 0.4900
v 0.0000 0.0000 0.1200
v 0.0000 0.0000 -19.0100
v -2.4100 3.2500 2.0000
v 0.1400 5.1200 0.0000
v 2.9000 -0.5400 4.2700
v 0.0000 0.0000 2.7500
v 12.4100 1.6300 1.7600
v 0.1400 5.1200 0.0000
v -24.8700 -0.4300 16.8600
v 0.0000 0.0000 -18.6600
v 27.3800 3.0900 1.6100
v 0.1400 5.1200 0.0000
v 0.0000 0.0000 13.2800
v 0.0000 3.1900 0.0000
v 24.4300 2.1000 7.3900
v 0.0400 5.1300 0.0000
v -18.5800 -1.3400 19.6800
v 0.0000 0.0000 -23.8100
v 33.3400 2.1000 7.3900
v 0.0400 5.1300 0.0000
v 5.4900 -1.3400 -2.8400
v 0.0000 0.0000 -0.2800
v 39.1800 3.5600 10.6400
v 0.0000 5.1200 0.0000
v -33.6100 2.9900 0.0800
v 0.0000 0.0000 -31.1200
v 0.0000 1.1500 0.0000
v 0.0000 3.1900 0.0000
v 0.0200 5.1700 0.0000
v 0.0000 0.0000 -25.9200
v 0.0000 1.1500 0.0000
v 0.0000 3.6500 0.0000
v 15.5800 1.9500 3.1800
v 0.0000 5.1200 0.0000
v -11.1500 2.7700 15.7000
v 0.0000 0.0000 -11.0800
v 0.0000 1.1500 0.0000
v 0.0000 3.6500 0.0000
v 0.0200 5.1200 0.0000
v 0.0000 0.0000 -16.7500
v -0.2800 2.0600 4.8600
v 0.3500 5.5900 0.0000
v -22.9300 -2.4500 -10.0500
v 0.0000 0.0200 0.0000
v 0.0000 0.0000 1.4800
v -16.1300 0.0700 -2.2800
v 0.0000 0.9600 0.0000
v 0.0000 0.9600 0.0000
v 0.0000 0.9600 0.0000
v 0.0000 0.9600 0.0000
v 0.0000 0.9600 0.0000
v 5.6500 1.0000 0.0000
v 0.0000 0.1800 0.0000
v -0.3500 5.2600 5.6500
v 2.6800 5.1200 0.0000
v -0.1500 -5.1200 26.4500
v 0.0000 0.0000 0.2800
v 0.0000 4.2500 0.0000
v 15.8200 1.0000 0.0000
v -4.1100 12.9700 17.9000
v 2.6800 5.1200 0.0000
v -0.0200 0.8700 -0.4400
v 0.0000 0.0000 0.1200
v 0.2800 -3.4100 22.7600
v 0.0000 0.9600 0.0000
v 0.0000 0.9600 0.0000
v 0.0000 2.8800 0.0000
v 0.0000 0.9600 0.0000
v 0.0000 0.9600 0.0000
v 2.6500 0.0000 0.0000
v -18.5700 2.7000 0.9800
v 0.7400 0.0100 0.0000
v 1.0000 1.0000 0.0000
v 15.5200 0.4200 1.0000
v 0.3700 15.3600 7.9300
v -11.5200 -1.4600 0.7400
v 0.0000 0.0000 0.3700
v 0.0000 0.6400 0.0000
v 0.0000 0.0000 6.0900
v 1.0000 1.0000 0.0000
v 7.9300 -2.2700 0.0000
v 21.2500 1.0000 1.0000
v 2.9200 15.3600 7.6800
v 6.2900 5.4500 -17.0900
v 0.0000 0.0000 2.9200
v 0.0000 0.6500 0.0000
v 0.0000 0.0000 11.2900
v 1.0000 1.0000 0.0000
v 7.9300 -2.2700 0.0000
v -18.5200 0.4200 1.0000
v 0.3700 15.3600 7.6800
v 17.8400 -2.8100 -18.6900
v 0.0000 0.0000 0.0400
v 0.0000 0.0000 11.1700
v -14.4900 2.1600 3.8800
v 2.7100 5.1200 0.0000
v 11.8700 -4.8000 -17.9400
v 0.0000 0.0000 0.0400
v 0.0000 0.0000 -3.5500
v 1.1500 1.7700 0.0000
v 15.6600 1.8000 1.1500
v 0.1400 7.6800 0.0000
v -8.6200 -0.4100 -9.3300
v 0.0000 0.0000 0.3700
v 0.0000 0.6500 0.0000
v 0.0000 0.0000 -11.5400
v 1.0000 1.0000 0.0000
v -17.0600 0.4200 1.0000
v -6.1900 1.1000 15.5800
v 0.0000 0.0000 0.3700
v 0.0000 0.6500 0.0000
v 0.0000 0.0000 -5.7800
v 4.1300 1.6600 0.0000
v -14.4800 2.2600 4.1300
v 2.7100 5.1200 0.0000
v 6.4700 -7.4000 0.5000
v 0.0000 0.0000 10.2500
v 0.0000 1.7300 0.0000
v 1.4100 1.5900 0.0000
v 0.3400 1.3500 1.4100
v 0.1400 15.4600 0.0000
v -3.4500 -2.2000 -13.2500
v 0.0000 0.0000 11.1500
v 1.4100 4.7400 0.0000
v 19.7800 5.1000 7.6000
v 0.0200 0.0500 0.0000
v 5.5000 -0.5500 19.7600
v 0.0000 0.0000 0.0200
v 0.0000 0.0200 0.0000
v 0.0000 0.0000 12.7200
v 7.3300 5.4800 20.1300
v 0.0000 0.9600 0.0000
v 0.0000 0.9600 0.0000
v 0.0000 3.8400 0.0000
v 0.0000 0.9600 0.0000
v 2.7300 0.0000 0.0000
v -28.7900 2.7000 2.8700
v 2.5600 0.0000 0.0000
v 4.0500 17.6900 -20.7600
v 0.0000 0.9900 0.0000
v 0.0000 0.0800 2.5600
v 0.7400 0.0100 0.0000
v 0.3500 5.5300 0.0000
v -6.4300 -1.5500 19.9500
v 0.0000 0.0000 7.4200
v 0.0000 1.6800 0.0000
v 17.6600 1.0000 0.0000
v 0.0000 0.0300 0.0000
v 3.0000 5.1600 0.0000
v 0.0000 0.0000 -4.4200
v 17.2700 1.0000 0.0000
v 3.0000 5.5200 0.0000
v 0.0000 0.0100 0.0000
v 0.0000 0.0000 -3.9500
v 0.0000 7.0700 0.0000
v 6.4000 1.0000 0.0000
v 2.7000 5.1200 0.0000
v 17.8900 -7.2600 -23.8600
v 0.0000 0.0000 2.7000
v 0.0000 0.0000 6.2200
v 18.8700 10.4600 0.0000
v 0.0000 0.0100 0.0000
v 23.6400 1.8100 4.5600
v 0.4200 15.3600 1.8300
v 12.5000 0.5700 20.7000
v 0.0000 0.0000 2.2100
v 0.0000 0.0400 0.0000
v 1.9100 0.2600 0.0000
v 0.0000 0.0700 0.0000
v 11.2500 5.7700 9.1500
v 0.1200 5.1200 0.0000
v 0.1800 -31.7700 -28.3800
v 0.0000 0.0000 16.7500
v 1.1100 12.0200 0.0000
v 0.0000 38.9900 15.5100
v -29.9600 29.3500 13.5500
v 0.0900 7.4000 0.0000
v 21.4600 -3.6000 1.0400
v 0.0000 0.0000 10.2300
v 9.1500 1.0000 0.0000
v 11.7600 11.2400 9.1500
v 0.1200 5.1200 0.0000
v -1.3200 -8.8900 -26.9600
v 0.0000 0.0000 16.7500
v 5.4500 12.0200 0.0000
v 9.1500 1.0000 0.0000
v 18.9800 5.0000 9.1500
v 0.0900 5.6200 0.0000
v 2.2300 2.3300 16.6900
v 0.0000 0.0000 6.2200
v 17.2700 1.0000 0.0000
v -29.2600 5.0500 17.2700
v 0.0400 5.1300 0.0000
v 12.2000 -30.3200 -26.6100
v 0.0000 0.0000 2.6800
v 0.0000 0.0000 -4.5700
v 0.0000 6.8500 0.0000
v 13.6700 13.2600 0.0000
v -29.4100 2.0900 11.3200
v 2.7000 5.1200 0.0000
v 13.1900 -29.2500 -27.2300
v 0.0000 0.0000 11.4400
v 0.0000 0.1500 0.0000
v 0.0000 3.5000 0.0000
v -28.1800 4.3600 4.9000
v 2.7100 5.1200 0.0000
v -4.4200 16.4300 -28.4700
v 0.0000 0.0000 21.1000
v 0.0000 7.0700 0.0000
v 0.2000 5.1300 0.0000
v 17.7000 -2.0400 -29.4700
v 0.0000 0.0000 0.8400
v 0.0000 0.0100 0.0000
v 12.2600 4.7000 19.2200
v 3.1200 6.2300 0.0000
v 8.6200 -6.2100 11.0800
v 0.0000 0.0000 9.2100
v 0.0400 15.3600 0.0000
v 0.0000 0.0000 0.0400
v 0.0000 0.0000 9.6500
v 0.0400 15.3600 0.0000
v 0.0000 0.0000 0.0400
v 0.0000 0.0000 11.6700
v 6.7700 2.8300 0.0000
v 0.0000 2.8800 0.0000
v 0.0200 5.1700 0.0000
v 24.5700 -5.5100 10.9300
v 0.0000 0.0000 0.0400
v -6.6700 -1.0700 19.3500
v 14.0200 -28.9800 -30.1900
v 21.4900 -0.6600 19.2600
v 0.0000 1.0000 0.0000
v -6.0900 3.2400 7.9700
v 0.0000 1.0000 0.0000
v 15.4200 23.3300 -34.1000
v 0.2600 0.0000 0.2700
v 0.3400 0.0000 0.3500
v 0.6700 0.0000 0.0400
v 0.0000 0.9600 0.0000
v 0.0000 0.9600 0.0000
v 0.0000 0.9600 0.0000
v 0.0000 4.0000 0.0000
v 0.0000 4.3200 0.0000
v 15.7100 26.5100 0.0000
v 19.3500 22.5100 13.6700
v 0.2000 5.1300 0.0000
v 0.0800 0.8000 19.3500
v 0.0000 0.0000 0.2000
v 0.0000 0.0000 0.0800
v -15.3900 1.0800 36.1700
v 15.0700 1.0800 3.2400
v 0.0000 0.3400 0.0100
v 0.0800 19.3500 0.8000
v 13.6700 22.5100 0.0000
v 0.0000 0.9600 0.0000
v 0.0000 0.9600 0.0000
v 0.0000 2.8800 0.0000
v 0.0000 0.9600 0.0000
v -2.3300 0.0000 0.0000
v 0.0000 0.4000 0.0000
v 1.1400 0.0100 0.0000
v 3.5000 1.0000 0.0000
v 0.0000 0.0400 0.0000
v 0.3400 5.5500 0.0000
v 25.7200 5.8200 -37.9500
v 0.0000 0.0000 -22.8100
v -33.0500 6.7000 16.3800
v 0.1200 5.1200 0.0000
v 18.5000 6.0700 -34.1300
v 0.0000 0.0000 24.3000
v 0.2000 5.1300 0.0000
v 0.0000 0.0000 -25.5300
v -39.2900 4.6900 4.2200
v 0.1400 5.1200 0.0000
v 8.6900 -14.1700 -39.9800
v 0.0000 0.0000 -17.7800
v 3.5000 1.3700 0.0000
v 0.0000 0.0900 0.0000
v -20.3400 2.1900 2.1500
v 0.3400 5.5500 0.0000
v -14.6000 2.8100 23.5500
v 0.0000 0.0000 -3.6000
v 2.0300 1.0000 0.0000
v 0.0000 0.0100 0.0000
v -33.6900 5.8800 2.0300
v 0.1200 15.5500 0.0000
v -3.3200 -5.2200 -37.2100
v 0.0000 0.0000 -3.4000
v 3.2800 1.0000 0.0000
v -14.3100 -9.5200 -36.4300
v 0.0000 0.5000 0.0000
v 0.0000 0.0000 7.2700
v 3.2800 1.0000 0.0000
v 10.2300 -0.0100 0.0000
v 0.3700 15.3600 10.2300
v 0.8900 8.7800 22.3500
v 23.2300 9.9600 0.0000
v 0.0000 0.0000 10.4900
v 1.5600 -10.8400 31.1000
v 0.0000 0.0000 -15.3600
v 11.9100 4.5100 0.0000
v 6.9000 1.0000 0.0000
v 0.0000 14.8700 11.9100
v 3.5600 0.9600 2.4200
v 0.1400 7.6800 0.0000
v 0.0000 0.0000 -26.4700
v 0.0000 7.0700 0.0000
v 24.4300 1.3700 0.0000
v 0.0400 5.1300 0.0000
v 0.0000 0.0000 -25.1200
v 2.8800 1.0000 0.0000
v 0.0600 5.1200 0.0000
v 0.0000 0.0000 8.8600
v -5.6700 0.7500 9.4400
v 0.0600 5.1200 0.0000
v -2.0800 -10.0600 20.4300
v 0.0000 0.0000 -2.1800
v 36.3500 0.8100 9.4400
v 0.0600 5.1200 0.0000
v -23.5300 -9.2800 33.6700
v 0.0000 0.0000 -26.4700
v 5.1800 4.8300 9.4400
v 0.0400 5.1200 0.0000
v -13.3300 3.5500 -3.2500
v 0.0000 0.0000 10.8600
v -0.2900 3.6400 5.2700
v 0.0400 5.1200 0.0000
v 28.9700 -0.1300 9.6000
v 0.0000 0.0000 30.7700
v 0.0600 5.1200 0.0000
v 0.0000 0.0000 -17.1400
v -19.3300 2.7000 5.2700
v 0.0000 5.1700 0.0000
v 9.8300 -14.9700 -33.6200
v 0.0000 0.0000 -15.4800
v 0.0000 6.8500 0.0000
v 8.2700 3.6800 0.0000
v 0.0000 0.0500 0.0000
v 0.0600 0.0100 0.0000
v 23.7500 7.0300 -36.9900
v -16.6200 -9.2900 -18.2200
v -11.9300 -5.0100 -9.5600
v 4.5800 -6.9500 -26.1400
v 6.2900 24.3000 -37.2600
v -5.5300 9.7500 6.6000
v 9.3200 6.5400 -23.2800
v 0.0000 0.9600 0.0000
v 0.0000 11.2000 0.0000
v 0.0000 17.7600 0.0000
v 0.0000 0.9600 0.0000
v 0.0000 0.9600 0.0000
v 0.3000 0.0000 0.0000
v -9.2200 0.0000 0.0000
v 0.0000 0.1600 0.3000
v 3.0900 7.8800 -15.5800
v 0.0000 0.0300 0.0000
v 0.0000 0.0300 0.0000
v 0.0000 0.0000 -1.9800
v 0.3000 0.0000 0.0000
v -25.5700 0.0000 0.0000
v 0.0000 0.1600 0.3000
v -10.2200 6.8600 -21.6300
v 0.0000 0.0300 0.0000
v 0.0000 0.0700 0.0000
v 0.0000 0.0000 -15.9100
v 0.3000 0.0000 0.0000
v -16.2500 0.0000 0.0000
v 0.0000 0.1600 0.3000
v 7.1400 -0.7200 -15.4100
v 0.0000 0.0300 0.0000
v 0.0000 0.1100 0.0000
v 0.0000 0.0000 4.3400
v 3.4600 0.0000 0.0000
v 21.0000 0.9000 2.6800
v 2.5600 0.0000 0.0000
v 7.5800 9.8900 19.2900
v 0.0000 0.5100 0.0000
v 0.0000 0.1500 2.5600
v 0.0200 0.0200 0.0000
v 0.0200 0.0200 0.0000
v 0.0200 0.0200 0.0000
v 0.0200 0.0200 0.0000
v 0.0200 0.0200 0.0000
v 0.0200 0.0200 0.0000
v 0.7400 0.0100 0.0000
v 3.6300 1.3400 0.0000
v 0.0000 0.0700 0.0000
v -17.6600 2.1700 4.8200
v 0.3500 5.1200 0.0000
v 5.2200 2.1500 16.0400
v 0.0000 0.0000 3.0200
v 0.0000 0.0000 4.9300
v 11.3800 1.3400 0.0000
v 0.0000 0.0100 0.0000
v -15.0400 0.6200 6.3500
v 2.6800 5.1700 0.0000
v 5.8500 -4.7700 -15.7800
v 0.0000 0.0000 2.6800
v 0.0000 0.0000 8.3100
v 13.0300 1.3400 0.0000
v 0.0000 0.0500 0.0000
v -6.0000 0.6200 10.3500
v 2.6800 5.1700 0.0000
v 8.0500 -10.2500 -16.1700
v 0.0000 0.0000 3.0400
v 2.9500 1.3400 0.0000
v 19.4900 7.1400 10.5200
v 0.0200 5.1200 0.0000
v 4.6000 1.2700 -15.4700
v 0.0000 0.0000 0.4800
v 0.0000 0.0000 4.1700
v 2.5800 1.3400 0.0000
v -32.7000 25.1800 18.0000
v 0.0000 5.1200 0.0000
v 4.5700 -29.7100 -11.0800
v 0.0000 0.0000 0.0600
v 0.0000 0.0000 5.2300
v 0.0000 19.3400 0.0000
v 5.0300 3.1200 0.0000
v 0.0000 2.6400 0.0000
v -6.0400 1.2500 4.7200
v 0.0000 5.1700 0.0000
v -4.0000 6.1300 -28.4100
v 0.0000 0.0000 -1.0100
v 6.2400 2.3100 0.0000
v -11.4300 9.9900 35.6800
v 2.6000 5.1400 0.0000
v 4.0100 -13.4800 4.9300
v 0.0000 0.0000 5.4700
v 6.3000 4.7600 0.0000
v -28.2800 1.0700 3.6300
v 3.0000 7.7200 0.0000
v -4.3300 -1.9100 -28.4100
v 0.0000 0.0000 2.6000
v 0.0000 0.0000 0.6000
v 4.5000 3.7600 0.0000
v 22.7000 1.3400 0.0000
v 0.0000 4.7500 4.5000
v -4.1000 4.7600 22.7000
v 0.0800 6.0200 0.0000
v 0.0200 -6.3400 -10.2800
v 0.0000 0.0000 2.6400
v 0.0000 0.0000 7.9600
v 4.5000 2.5900 0.0000
v 0.0000 3.0400 4.5000
v -15.9300 4.6400 10.1100
v 0.0800 7.3000 0.0000
v 8.6700 -12.2700 -16.7700
v 0.0000 0.0200 0.0000
v 0.0000 0.0000 4.7900
v 0.6600 1.3400 0.0000
v 21.7800 0.2700 0.6600
v 0.3700 15.3600 8.2400
v 0.2100 8.3300 13.7200
v 0.0000 0.0000 0.3700
v 0.0000 0.4600 0.0000
v 0.0000 0.0000 7.8700
v 0.6600 1.3400 0.0000
v 10.2300 -0.0100 0.0000
v -3.8300 0.2700 0.6600
v 0.3700 15.3600 10.2300
v 8.4400 -6.9800 -16.4900
v 0.0000 0.0000 0.3700
v 0.0000 0.0000 4.4100
v 0.6600 1.3400 0.0000
v 10.2300 -0.0100 0.0000
v -17.3200 0.2700 0.6600
v 0.3700 15.3600 10.2300
v 6.9200 -14.7800 -4.5200
v 0.0000 0.0000 0.3700
v 0.0000 0.0000 5.5600
v 11.7600 8.2200 0.0000
v 0.0100 5.1700 0.0000
v -1.1800 -1.9900 -18.2000
v 0.0000 0.0600 0.0000
v 0.0000 0.0000 5.2300
v 0.0000 5.3200 0.0000
v 0.0000 0.0300 0.0000
v 16.8000 4.9000 5.6700
v 2.5800 5.1700 0.0000
v 5.8000 -5.2500 5.1700
v 0.0000 0.0000 0.0200
v 0.0000 0.0000 -4.1100
v 13.0500 8.0300 0.0000
v 0.0000 0.0700 0.0000
v 23.3700 2.5000 3.6300
v 0.0000 5.1700 0.0000
v -3.7200 6.4900 17.6400
v 0.0000 0.0000 0.0200
v 0.0000 0.2300 0.0000
v 0.0000 0.0000 5.1600
v 0.0000 19.3400 0.0000
v 10.5200 7.0000 0.0000
v 20.7500 3.2500 15.8800
v 0.0200 5.1700 0.0000
v -25.9800 6.5900 -17.5900
v -22.9100 6.5900 -18.3300
v 1.6600 6.8200 21.2000
v 2.0000 -8.9300 -10.3700
v 1.8400 10.3700 19.4100
v 4.0000 -2.4400 10.6400
v 8.7500 -12.6900 -6.1400
v 0.4900 11.2000 19.8700
v 0.0000 0.9600 0.0000
v 0.0000 0.9600 0.0000
v 0.0000 32.3200 0.0000
v 0.0000 0.9600 0.0000
v 0.0000 0.9600 0.0000
v 0.0000 0.4000 0.0000
v 0.0000 0.5700 0.0000
v 0.0000 0.1300 0.0000
v 0.0000 0.0000 8.0200
v -1.2500 0.0000 0.0000
v 0.0000 0.4000 0.0000
v 1.1000 -9.3100 -28.3400
v 0.0000 0.5900 0.0000
v 0.0000 0.0900 0.0000
v 0.0000 0.0000 -3.5700
v 0.0000 0.4000 0.0000
v 0.0000 0.8400 0.0000
v 0.0000 0.2100 0.0000
v 0.0000 0.0000 32.0500
v 0.0000 0.4000 0.0000
v 0.0000 0.8400 0.0000
v 0.0000 0.2500 0.0000
v 35.1500 0.0000 0.0000
v 0.0000 0.4000 0.0000
v 7.2100 12.9000 -35.7700
v 0.0000 0.8600 0.0000
v 0.0000 0.1200 0.0000
v 0.0000 0.0000 -34.9100
v 0.0000 0.4000 0.0000
v -8.9800 1.9700 14.0400
v 0.0000 0.6200 0.0000
v 0.0000 0.0400 0.0000
v 0.0000 0.0000 29.3400
v -2.1800 0.0000 0.0000
v 2.5600 0.0000 0.0000
v 0.0000 0.9200 0.0000
v 0.0000 0.0600 0.0000
v 0.0000 0.0000 22.4200
v 3.2300 0.0000 0.0000
v -5.1700 2.6900 1.4400
v 1.2300 -0.5700 -6.6300
v 0.0000 0.5100 0.0000
v 0.0000 0.3100 0.0000
v 0.0000 0.0000 -7.1100
v 2.3700 0.0000 0.0000
v -4.9300 2.6900 2.1600
v 1.0500 0.0100 0.0000
v 0.8500 0.0100 0.0000
v 1.1500 0.0100 0.0000
v 0.8100 0.0100 0.0000
v 0.8200 0.0100 0.0000
v 1.0900 0.0100 0.0000
v 1.0500 0.0100 0.0000
v 0.8500 0.0100 0.0000
v 1.1500 0.0100 0.0000
v 1.0700 0.0100 0.0000
v 1.0700 0.0100 0.0000
v 1.0700 0.0100 0.0000
v 1.0800 0.0100 0.0000
v 1.0800 0.0100 0.0000
v 0.7400 0.0100 0.0000
v 0.7400 0.0100 0.0000
v 0.7400 0.0100 0.0000
v 8.6700 11.8400 0.0000
v -38.4900 1.3200 2.8600
v 0.3500 5.5700 0.0000
v 9.1200 12.1300 -39.6500
v 0.0000 0.0000 -12.5900
v 0.0000 0.0200 0.0000
v -0.3300 3.1500 3.8500
v 0.1200 5.2300 0.0000
v -35.1000 -5.2100 17.0400
v 0.0000 0.0000 -6.7300
v 21.8100 10.9000 0.0000
v 0.6200 5.1200 7.6700
v 0.0000 0.0000 -11.0100
v 22.5300 13.1000 0.0000
v 10.2300 -0.0100 0.0000
v -0.4300 0.3100 22.5300
v 0.3700 15.3600 7.6800
v 0.8000 -6.1900 -28.2900
v 0.0000 0.0000 -3.7400
v 22.5300 13.1000 0.0000
v 0.3700 15.3600 7.6900
v 0.0000 0.0000 -12.5100
v 22.7400 15.2600 0.0000
v 0.6200 5.1200 7.6700
v -20.3000 -5.8300 27.8600
v 0.0000 0.0000 -22.4700
v 5.6600 5.7400 0.0000
v 0.0600 5.1200 0.0000
v 0.0000 0.0000 -9.5400
v 3.6700 3.3800 0.0000
v 0.0400 5.1200 0.0000
v 0.0000 0.0000 -1.7800
v 5.6600 3.3800 0.0000
v 0.0400 5.1200 0.0000
v 0.0000 0.0000 -29.5100
v 5.6700 3.3800 0.0000
v 0.0600 5.1200 0.0000
v 34.2800 3.5700 -27.0700
v 22.5300 13.1000 0.0000
v 7.6800 27.7700 0.0000
v -10.6400 0.3100 22.5300
v 0.3700 15.3600 10.2300
v 0.0000 0.4300 0.0000
v 0.0000 0.0000 -22.6500
v 5.6200 11.8800 0.0000
v 0.0600 5.1200 0.0000
v 0.0000 0.0000 -34.4400
v 5.6200 12.1100 0.0000
v 0.0600 5.1200 0.0000
v 0.0000 0.0000 -4.0400
v -21.1800 1.4600 3.5300
v 0.0600 5.1200 0.0000
v -5.5900 -10.9200 -31.1900
v 0.0000 0.0000 0.5200
v 29.3100 1.0900 3.1200
v 0.0600 5.1200 0.0000
v 6.5000 -13.7300 20.1100
v 0.0000 0.0000 8.4900
v 0.0600 5.1200 0.0000
v -21.6200 -6.6100 29.0100
v 0.0000 0.0000 -14.5700
v 9.2100 6.8700 0.0000
v 11.4700 2.1600 8.3400
v 0.0600 5.1200 0.0000
v -1.7900 -6.6100 -1.2200
v 0.0000 0.0000 -7.3600
v 7.5700 4.7000 0.0000
v -24.0200 1.7500 7.5700
v 0.0600 5.1200 0.0000
v 11.5800 -6.6100 -28.2600
v 0.0000 0.0000 19.0600
v 7.5700 7.1900 0.0000
v 0.0600 5.1200 0.0000
v -13.9200 0.4200 10.9000
v 0.0000 0.0000 11.3200
v 0.0600 5.1200 0.0000
v -33.9700 -1.8500 22.1100
v 0.0000 0.0000 30.0300
v 5.3200 3.5600 0.0000
v -11.3000 0.4100 5.3200
v 2.7000 5.1200 0.0000
v -4.6300 -6.1800 24.3700
v 0.0000 0.3000 0.0000
v 0.0000 0.0000 23.4700
v 8.6700 3.8900 0.0000
v -1.5300 3.3300 7.5700
v 0.0600 5.1300 0.0000
v -34.8200 -0.9700 39.0700
v 0.0000 0.0000 31.9300
v 8.6700 11.8400 0.0000
v -35.8700 4.9800 8.6700
v 0.1200 5.1200 0.0000
v -9.9700 0.5500 37.7200
v 7.4700 0.5300 -39.5800
v -34.8300 0.0100 32.6400
v 0.0000 0.9600 0.0000
v 0.0000 0.9600 0.0000
v 0.0000 0.9600 0.0000
v 0.0000 0.9600 0.0000
v 0.0000 9.1200 0.0000
v 4.2500 1.0000 0.0000
v 0.0000 0.0300 0.0000
v 0.6500 8.3100 4.2500
v 0.2000 5.1300 0.0000
v 6.9700 -1.3600 7.1400
v 0.0000 0.0000 2.0200
v 0.0000 4.2500 0.0000
v 4.2500 1.0000 0.0000
v 0.0000 0.0100 0.0000
v -2.8200 1.6600 4.2500
v 0.2000 5.1300 0.0000
v -1.7200 -1.3600 4.4500
v 0.0000 0.0000 8.8400
v 0.0000 5.7600 0.0000
v 12.4700 1.0000 0.0000
v 1.0400 2.3200 12.4700
v 2.9700 15.3600 0.8500
v 7.1900 1.4000 3.7400
v 0.0000 0.0000 5.6300
v 12.4700 1.0000 0.0000
v -7.4000 0.4300 12.4700
v 2.9300 15.3600 9.1400
v 6.1300 0.0000 6.3000
v 8.3100 5.2900 -0.4500
v 0.3300 0.0000 0.3400
v 0.0000 0.9600 0.0000
v 0.0000 0.9600 0.0000
v 0.0000 2.0800 0.0000
v 0.0000 0.9600 0.0000
v 0.0000 0.9600 0.0000
v 1.8000 0.0000 0.0000
v 9.5200 1.0000 0.0000
v 9.4200 7.9200 9.5200
v 0.0600 5.1300 0.0000
v 0.0000 0.0000 0.0400
v 9.5200 1.0000 0.0000
v 2.8800 1.9100 9.5200
v 0.0400 5.1300 0.0000
v 30.5000 -0.6600 2.8000
v 0.0000 0.0000 0.0400
v 0.0000 0.0000 29.6200
v 9.5200 1.0000 0.0000
v 2.9100 1.9100 9.5200
v 0.0400 5.1300 0.0000
v 29.2900 -0.6600 -9.6700
v 0.0000 0.0000 0.0600
v 4.1400 4.4200 0.0000
v -9.1100 0.9200 4.1400
v 0.1200 15.4400 0.0000
v 0.0000 0.0000 0.1200
v 0.0000 0.0000 17.3600
v 0.0000 3.0200 0.0000
v 4.1400 4.4200 0.0000
v 0.0000 0.0100 0.0000
v 8.5900 0.9200 4.1400
v 0.1200 15.4000 0.0000
v 20.7900 0.6600 4.6400
v 0.0000 0.0000 0.4000
v 0.0000 0.0000 17.9900
v 0.4500 4.4200 0.0000
v 7.6800 -0.3000 0.0000
v -10.2200 0.3300 0.4500
v 0.3600 15.3600 10.2300
v 29.8800 4.7500 10.0400
v 0.0000 0.0000 0.3600
v 0.0000 0.0000 16.3100
v 9.5200 4.4200 0.0000
v -9.1600 0.3300 0.4500
v 0.3600 15.3600 10.2300
v 17.1800 -0.6600 -2.6400
v 0.0000 0.0000 0.1400
v 0.0000 0.0000 14.6000
v 6.8900 4.4200 0.0000
v 2.2400 0.9000 6.8900
v 0.1200 5.1200 0.0000
v 28.8200 -0.6600 -9.9000
v 0.0000 0.0000 0.1200
v 0.0000 0.0000 30.4500
v 6.8900 4.4200 0.0000
v 1.9900 1.1900 6.8900
v 0.1200 5.1200 0.0000
v 0.0000 0.0000 0.6400
v 0.0000 0.0000 16.3100
v 0.4500 6.9900 0.0000
v -7.2700 5.7100 9.5200
v 0.0400 5.1300 0.0000
v 15.4500 -0.6600 -4.6400
v 0.0000 0.2400 0.0000
v 0.0000 0.0000 29.5700
v 0.0000 0.7100 0.0000
v 9.5200 1.0000 0.0000
v -4.5100 2.4800 9.5200
v 0.0600 0.0900 0.0000
v 17.2500 0.0100 0.0100
v 0.0000 0.9600 0.0000
v 0.0000 0.9600 0.0000
v 0.0000 18.5600 0.0000
v 0.0000 0.9600 0.0000
v 0.0000 0.9600 0.0000
v -2.2600 0.0000 0.0000
v 0.0000 0.4000 0.0000
v -26.2800 14.5900 -33.1300
v 0.0000 0.8600 0.0000
v 0.0000 0.0300 0.0000
v 0.0000 0.0000 22.9000
v 0.0000 0.4000 0.0000
v 0.0000 0.8200 0.0000
v 0.0000 0.0700 0.0000
v 0.0000 0.0000 7.8700
v 0.0000 0.4000 0.0000
v 0.0000 0.6000 0.0000
v 0.0000 0.1100 0.0000
v 0.0000 0.0000 19.8600
v 0.0000 0.4000 0.0000
v -15.2500 -8.7300 -17.0100
v 0.0000 0.6000 0.0000
v 0.0000 0.1600 0.0000
v 0.0000 0.0000 6.8800
v 0.0000 0.4000 0.0000
v 2.5600 0.0000 0.0000
v -3.3000 4.4000 -38.0200
v 0.0000 0.9000 0.0000
v 0.0000 0.1900 2.5600
v 0.8500 0.0100 0.0000
v 1.0900 0.0100 0.0000
v 1.0600 0.0100 0.0000
v 1.0500 0.0100 0.0000
v 0.8000 0.0100 0.0000
v 1.1000 0.0100 0.0000
v 1.1000 0.0100 0.0000
v 0.8300 0.0100 0.0000
v 1.1300 0.0100 0.0000
v 11.3500 1.0000 0.0000
v 0.0400 5.1300 0.0000
v -19.2600 -9.9800 -20.6300
v 0.0000 0.0000 -26.8500
v 4.0700 1.2200 0.0000
v 0.0000 0.0400 0.0000
v 0.3400 5.6000 0.0000
v 0.0000 0.0000 -22.2700
v 3.8600 1.2200 0.0000
v 0.0000 0.0800 0.0000
v 0.3400 5.6000 0.0000
v 0.0000 0.0000 20.5800
v 0.1200 5.1200 0.0000
v 0.0000 0.0000 0.1200
v 0.0000 0.0000 3.2600
v 0.1400 5.1200 0.0000
v 0.0000 0.0000 0.1400
v 0.0000 0.0000 4.6800
v 6.4700 8.1700 0.0000
v 0.3700 15.3600 10.2300
v 0.0000 0.0000 0.3700
v 0.0000 0.6200 0.0000
v 0.0000 0.0000 10.9500
v 6.4700 8.1700 0.0000
v 10.2300 -0.0100 0.0000
v 0.3700 15.3600 10.2300
v 0.0000 0.0000 0.3700
v 0.0000 0.6300 0.0000
v 0.0000 0.0000 17.8200
v 6.4700 8.1700 0.0000
v 0.3700 15.3600 7.6800
v 0.0000 0.0000 0.3700
v 0.0000 0.6300 0.0000
v 0.0000 0.0000 2.5100
v 6.4700 8.1700 0.0000
v 10.2300 -0.0100 0.0000
v 0.3700 15.3600 10.2300
v 0.0000 0.0000 0.3700
v 0.0000 0.6200 0.0000
v 0.0000 0.0000 -9.2000
v 6.4700 8.1700 0.0000
v 7.6800 -2.2800 0.0000
v 0.6200 15.3600 6.9300
v -25.3100 12.8200 -32.6500
v 0.0000 0.0000 0.0400
v 0.0000 0.0000 18.6300
v 3.7700 1.0000 0.0000
v 0.0400 5.1200 0.0000
v 7.3300 -4.0300 6.6800
v 0.0000 0.0000 0.0400
v 0.0000 0.0000 11.9800
v 8.3300 1.0000 0.0000
v -0.6400 3.8200 8.3300
v 0.0400 5.1200 0.0000
v 29.2100 -0.0500 9.1900
v 0.0000 0.0000 0.0400
v 0.0000 0.0000 30.6700
v 20.0700 0.7100 8.3300
v 0.0600 5.1200 0.0000
v -2.1600 -8.9500 31.4200
v 0.0000 0.0000 -5.8200
v 33.4500 0.7100 8.3300
v 0.0600 5.1200 0.0000
v -25.9500 -8.9500 22.1900
v 0.0000 0.0000 -21.1000
v 3.7700 1.0000 0.0000
v 0.0400 5.1200 0.0000
v 0.0000 0.0000 0.0400
v 0.0000 0.0000 -3.9700
v 4.0400 1.0000 0.0000
v 0.1200 15.3600 0.0000
v 0.0000 0.0000 0.0400
v 0.0000 0.0000 -9.5500
v 5.0600 1.0000 0.0000
v 0.0400 5.1300 0.0000
v 0.0000 0.0000 5.7100
v 0.1200 0.0000 0.0000
v -17.6300 -9.2900 -19.0600
v 15.7100 7.1900 -39.9500
v 13.0600 -6.8000 -16.5000
v -19.6100 -5.6100 10.2900
v 0.0000 0.9600 0.0000
v 0.0000 5.7600 0.0000
v 0.0000 8.9600 0.0000
v 0.0000 0.9600 0.0000
v 0.0000 0.9600 0.0000
v -19.3900 0.0000 0.0000
v 0.0000 0.1600 0.0000
v -9.8500 0.9500 -19.7100
v 0.0000 0.0300 0.0000
v 0.0000 0.0300 0.0000
v 0.0000 0.0000 -0.1000
v -0.6100 0.0000 0.0000
v 0.0000 0.1600 0.0000
v 15.2100 0.8600 2.1700
v 0.0000 0.0300 0.0000
v 0.0000 0.0800 0.0000
v 0.0200 0.0200 0.0000
v 0.0200 0.0200 0.0000
v 0.0200 0.0200 0.0000
v 1.0000 1.0000 0.0000
v -17.1100 1.0000 1.0000
v 0.6400 15.3600 2.5500
v -4.4000 7.1700 -0.9700
v 0.0000 0.0000 0.8900
v 0.0000 0.0000 -0.3100
v 1.0000 1.0000 0.0000
v 8.9800 1.0000 1.0000
v 0.3700 15.3600 7.6800
v -0.0600 11.9800 -17.9800
v 0.0000 0.0000 0.2200
v -3.9100 0.5200 1.8100
v 2.7000 5.1200 0.0000
v -0.0500 4.7600 -12.3400
v 0.0000 0.0000 -16.5200
v 2.0500 1.0000 0.0000
v -0.2300 1.4800 3.2500
v 3.0000 5.1500 0.0000
v -0.3800 0.0100 -8.7800
v 0.0000 0.0000 3.0200
v 0.0000 0.0000 14.5500
v 4.5400 1.0000 0.0000
v 8.3800 2.7600 4.5400
v 2.6800 5.1200 0.0000
v -7.0800 -2.4000 -21.0500
v 0.0000 0.0000 -0.0500
v -1.0300 24.2300 12.6300
v 0.1200 5.1200 0.0000
v -7.6700 9.4400 8.4000
v 0.0000 0.1500 0.0000
v 0.0000 0.0000 -0.0800
v 1.0000 1.0000 0.0000
v 2.5200 1.0000 1.0000
v 0.3700 15.3600 10.2300
v -0.0900 4.9600 -14.4000
v 0.0000 0.0000 0.0200
v 0.0000 0.0000 -0.2000
v 4.9300 1.0000 0.0000
v -18.6800 1.6900 4.0000
v 0.1200 5.1200 0.0000
v -11.5000 0.0300 -10.7900
v 0.0000 0.0000 0.0400
v 0.0000 0.0000 0.2000
v 3.1000 1.0000 0.0000
v 0.0000 0.0300 0.0000
v 7.6000 2.3600 3.3800
v 0.3500 5.6100 0.0000
v 0.4200 2.7400 14.7000
v 0.0000 0.0000 0.0400
v 0.0000 0.0000 -3.3400
v 10.3100 1.0000 0.0000
v -7.7900 8.6300 5.3200
v 0.0400 5.1200 0.0000
v 14.1300 -3.2200 7.8700
v 0.0000 0.0000 -0.1600
v 0.0000 4.0000 0.0000
v 0.0000 0.0500 0.0000
v 11.0600 1.7200 5.3300
v 0.0600 5.1300 0.0000
v -6.8500 -0.2200 -20.3800
v 0.0000 0.0000 0.0400
v 0.0000 0.0000 -11.0200
v 0.0000 1.8600 0.0000
v 2.5300 6.5100 0.0000
v -12.1400 2.1100 2.3600
v 0.0200 5.1600 0.0000
v 10.7000 -3.2200 6.2700
v 0.0000 0.0000 -0.2300
v 0.0000 4.0000 0.0000
v 0.0000 0.0500 0.0000
v -0.2400 5.2900 -16.7900
v 0.1600 20.3400 10.4300
v -0.1000 3.4300 -3.4900
v 6.5900 2.2600 3.8400
v -6.0100 2.2600 3.4200
v 0.0900 9.3700 0.9500
v 0.0000 0.9600 0.0000
v 0.0000 8.4800 0.0000
v 0.0000 12.0000 0.0000
v 0.0000 0.9600 0.0000
v 17.6500 0.0000 0.0000
v 0.0000 0.4000 0.0000
v 2.5600 0.0000 0.0000
v 0.0000 0.7200 0.0000
v 0.0000 0.0300 2.5600
v -31.8900 0.0000 0.0000
v 0.0000 0.4000 0.0000
v 2.5600 0.0000 0.0000
v 0.0000 0.7200 0.0000
v 0.0000 0.0700 2.5600
v 0.0000 0.0000 5.2600
v 0.5000 0.0000 0.0000
v -2.9000 0.0000 0.0000
v 0.0000 0.1600 0.0000
v 0.0000 0.0300 0.0000
v 0.0000 0.1100 0.0000
v 1.1000 0.0100 0.0000
v 0.9500 0.0100 0.0000
v 1.1000 0.0100 0.0000
v 0.7400 0.0100 0.0000
v 0.0200 0.0200 0.0000
v 14.7200 1.0000 0.0000
v 0.1500 5.1200 0.0000
v 38.9600 2.7500 39.5300
v 0.0000 0.0000 30.6200
v 10.8000 0.5300 0.0000
v 0.1200 5.1200 0.0000
v 11.8100 0.5300 0.0000
v 0.1200 5.1200 0.0000
v 11.8100 0.5300 0.0000
v 35.5200 3.6600 11.8100
v 0.1200 5.1200 0.0000
v 25.6800 3.6300 22.4800
v 0.0000 0.0000 -32.6900
v 15.0600 0.5300 0.0000
v 0.1500 5.1200 0.0000
v 0.0000 0.0000 -2.6100
v 9.0900 0.5300 0.0000
v -28.5100 2.7700 5.6200
v 0.1200 5.1200 0.0000
v 13.8900 0.5300 0.0000
v 26.7100 6.3800 10.1700
v 0.1200 5.1200 0.0000
v 11.8100 0.5300 0.0000
v 26.7900 4.0700 7.9400
v 0.1400 5.1200 0.0000
v 29.6400 11.7200 28.1600
v 0.0000 0.0000 31.6300
v 1.5100 13.0000 0.0000
v 19.0600 3.4300 0.0000
v 0.0000 12.8300 1.5100
v 2.9100 5.3200 0.0000
v 0.0000 0.0000 32.4400
v 0.0000 1.4200 0.0000
v 5.2300 2.9300 0.0000
v 32.4900 1.2800 2.7600
v 0.0200 5.1700 0.0000
v 0.0000 0.0100 0.0000
v 0.0000 5.1200 0.0000
v 14.7200 1.0000 0.0000
v 0.2000 5.1300 0.0000
v 31.2500 1.0000 0.0000
v 0.0000 0.0100 0.0000
v 0.2000 5.1300 0.0000
v 31.2500 1.0000 0.0000
v 0.0000 0.0100 0.0000
v -30.6800 26.6400 14.7200
v 0.1200 5.1200 0.0000
v 0.0000 0.0000 34.1600
v 15.6300 1.0000 0.0000
v 33.9400 4.7600 7.5100
v 0.1200 0.0000 0.0000
v 29.7700 1.4500 33.0400
v 32.0400 3.1400 31.0200
v 0.0000 0.9600 0.0000
v 0.0000 0.9600 0.0000
v 0.0000 7.5200 0.0000
v 0.0000 0.9600 0.0000
v 0.0000 0.9600 0.0000
v 17.6500 0.0000 0.0000
v 0.0000 0.4000 0.0000
v 0.0000 1.0100 0.0000
v 0.0000 0.0300 0.0000
v -31.8900 0.0000 0.0000
v 0.0000 0.4000 0.0000
v 0.0000 1.0100 0.0000
v 0.0000 0.0700 0.0000
v 1.2300 0.0100 0.0000
v 1.2400 0.0100 0.0000
v 1.2300 0.0100 0.0000
v 9.0100 1.0000 0.0000
v 0.1500 5.1200 0.0000
v 0.0000 0.0000 9.7900
v 0.0000 0.0500 2.5700
v 10.2400 -2.5600 0.0000
v 0.7100 15.3600 10.2400
v 0.0000 0.0000 -7.1900
v 0.0000 0.0600 2.5700
v 10.2400 -2.5600 0.0000
v 0.6500 15.3600 -0.0100
v 36.7100 3.5200 -37.9400
v 0.1200 5.1200 0.0000
v 0.0000 0.9600 0.0000
v 0.0000 0.9600 0.0000
v 0.0000 19.3600 0.0000
v 0.0000 0.9600 0.0000
v 0.0000 0.9600 0.0000
v -3.3300 0.0000 0.0000
v 0.0000 0.4000 0.0000
v 1.3300 3.7500 -16.4700
v 0.0000 0.5800 0.0000
v 0.0000 0.0300 0.0000
v 0.0000 0.0000 1.4200
v 0.0000 0.4000 0.0000
v -25.6100 3.7500 -6.2000
v 0.0000 0.6100 0.0000
v 0.0000 0.0800 0.0000
v 0.0000 0.0000 -0.6500
v -32.8100 0.0000 0.0000
v 0.0000 0.4000 0.0000
v 0.0000 0.8200 0.0000
v 0.0000 0.1200 0.0000
v 0.0000 0.0000 25.3600
v 7.0300 0.0000 0.0000
v 0.0000 0.4000 0.0000
v -1.0800 6.7600 5.8100
v 0.0000 0.8700 0.0000
v 0.0000 0.1500 0.0000
v 0.0000 0.0000 -26.0600
v 1.8100 0.0000 0.0000
v -8.3600 2.6900 2.6900
v -27.8400 3.8900 -8.1700
v 0.0000 1.1300 0.0000
v 0.0000 0.2000 0.0000
v 0.0000 0.0000 -27.2800
v 1.0600 0.0100 0.0000
v 0.8500 0.0100 0.0000
v 0.8200 0.0100 0.0000
v 0.8400 0.0100 0.0000
v 0.8000 0.0100 0.0000
v 1.0500 0.0100 0.0000
v 1.1700 0.0100 0.0000
v 1.1000 0.0100 0.0000
v 0.7400 0.0100 0.0000
v 1.3600 0.0100 0.0000
v 5.1900 12.4700 0.0000
v -5.1400 1.9400 2.8800
v 0.0400 5.1300 0.0000
v -9.3600 -0.8400 -10.7700
v 0.0000 0.0000 -8.4700
v 2.8800 1.4100 0.0000
v 4.3400 1.4800 2.8800
v 0.0400 5.1300 0.0000
v 0.5500 6.0700 5.6700
v 0.0000 0.0000 7.6500
v 2.8800 1.4100 0.0000
v 15.5800 1.4800 2.8800
v 0.0400 5.1300 0.0000
v 25.5900 6.0700 20.3900
v 0.0000 0.0000 25.3600
v 2.8800 1.4100 0.0000
v -4.7100 1.7400 3.1700
v 0.0400 5.1300 0.0000
v 0.0000 0.0000 -36.9600
v 3.3900 1.4100 0.0000
v 25.9900 2.1400 3.3900
v 0.0400 5.1300 0.0000
v 13.4200 -8.2400 0.3900
v 0.0000 0.0000 0.1400
v 0.0000 0.0000 3.2600
v 4.2700 2.3500 0.0000
v -2.1100 4.0800 5.2900
v 0.0600 5.1300 0.0000
v 4.6100 -8.2400 -8.9200
v 0.0000 0.0000 0.0600
v 0.0000 0.0000 -2.6900
v 0.7000 0.7000 0.0000
v -4.8300 0.5400 0.6400
v -0.4700 -1.0400 33.2900
v 0.0000 0.0000 0.0400
v 0.0000 0.0000 -24.4200
v 3.1200 2.3700 0.0000
v 0.0000 0.0400 0.0000
v 32.3100 0.6800 3.1200
v 3.0400 5.2100 0.0000
v 0.0000 0.0000 3.0400
v 0.0000 0.0000 -15.2800
v 0.0000 0.0400 0.0000
v 3.1200 2.3700 0.0000
v 0.0000 0.0400 0.0000
v -30.1000 0.6800 3.1200
v 3.0400 5.2100 0.0000
v -19.2400 -7.4400 -30.0500
v 0.0000 0.0000 3.0400
v 0.0000 0.0100 0.0000
v 0.0000 0.0000 -17.9000
v 0.0000 0.0800 0.0000
v 3.2000 2.3700 0.0000
v 0.0000 0.0400 0.0000
v 3.0400 5.2100 0.0000
v 0.0000 0.0000 3.0400
v 0.0000 0.0000 8.5900
v 0.0000 0.1200 0.0000
v 4.5700 2.3700 0.0000
v -21.4200 3.4200 4.5700
v 0.0400 5.1300 0.0000
v 0.0000 0.0000 0.0400
v 0.0000 0.0000 3.0100
v 7.0600 5.2500 0.0000
v 7.0700 -2.5600 0.0000
v -36.6100 0.2200 0.1800
v 2.9200 15.3600 5.1200
v 0.0000 0.0000 2.9200
v 0.0000 0.2300 0.0000
v 0.0000 0.0000 -27.0100
v 0.1800 2.7500 0.0000
v -39.4100 14.3100 10.3800
v 3.1800 15.3600 6.5500
v 1.8100 2.5200 -33.8000
v 0.0000 0.0000 0.3600
v 0.0000 0.0000 15.8200
v 0.1800 2.7500 0.0000
v 7.6700 -0.0100 0.0000
v -12.8500 0.2200 0.1800
v 0.3600 15.3600 7.6700
v 0.0000 0.0000 0.3600
v 0.0000 0.0000 -3.1800
v 2.0500 -2.5600 0.0000
v 25.9100 3.9200 4.5600
v 2.6800 15.4200 0.0000
v -6.7000 -4.0100 29.1200
v 0.0000 0.0000 13.0500
v -39.9500 0.6800 3.2000
v 3.0400 5.2100 0.0000
v 0.0000 0.0000 3.0400
v 0.0000 0.0000 17.0900
v 0.0000 0.1500 0.0000
v 3.2100 2.3700 0.0000
v 0.0000 0.0400 0.0000
v -16.5800 0.6800 3.2000
v 3.0400 5.2100 0.0000
v -5.5900 -0.3200 -37.9600
v 0.0000 0.0000 3.0400
v 0.0000 0.0000 -5.6100
v 0.0000 0.1900 0.0000
v 3.1800 2.3700 0.0000
v 0.0000 0.0400 0.0000
v 4.6400 0.6800 3.2600
v 3.0400 5.2100 0.0000
v -4.6600 -0.3200 4.7100
v 0.0000 0.0000 3.0400
v 0.0000 0.0100 0.0000
v 0.0000 0.0000 -5.9900
v 0.0000 0.2300 0.0000
v 3.1100 2.3700 0.0000
v 0.0000 0.0400 0.0000
v -13.5000 0.6800 3.1100
v 3.0400 5.2100 0.0000
v -20.5100 -7.6900 -13.4500
v 0.0000 0.0000 3.0400
v 0.0000 0.0000 -10.9000
v 2.2100 2.3700 0.0000
v 0.0000 0.0500 0.0000
v 11.8300 0.3200 2.2100
v 0.1200 15.3900 0.0000
v 0.0000 0.0000 0.1200
v 0.0000 0.0000 -27.0700
v 2.2100 2.3700 0.0000
v 0.0000 0.0500 0.0000
v -3.4900 0.3200 2.2100
v 0.1200 15.3900 0.0000
v 2.1600 -2.6900 22.9400
v 0.0000 0.0000 29.8000
v 0.1800 2.7500 0.0000
v 20.9400 0.2200 0.1800
v 2.9200 15.3600 10.2300
v 23.9700 9.1700 36.1500
v 0.0000 0.0000 2.9200
v 0.0000 0.0000 11.9600
v 0.0000 38.4000 0.0000
v 0.1800 2.7500 0.0000
v 10.2300 -0.0100 0.0000
v 2.9200 15.3600 7.6700
v -0.5300 -0.5000 33.1800
v 0.0000 0.0000 2.9200
v 0.0000 0.0000 -25.7600
v 0.1800 2.7500 0.0000
v 25.9200 0.3200 0.4400
v 0.3600 15.3600 9.5300
v -25.6900 2.2300 17.2600
v 0.0000 0.0000 2.9200
v 0.0000 0.0000 -20.5800
v 7.6700 -0.0300 0.0000
v -3.5100 0.2200 0.1800
v 0.3600 15.3600 7.6800
v -3.2600 -0.8400 11.8500
v 0.0000 0.0000 -10.8900
v 2.8800 1.4100 0.0000
v -36.6000 1.3800 2.8800
v 0.0400 5.1300 0.0000
v 0.0000 0.0000 -11.0900
v 2.8800 1.4100 0.0000
v -20.5400 0.2200 0.1800
v 0.3600 15.3600 7.6800
v 2.9600 -8.2100 -4.3700
v 0.0000 0.0000 0.1400
v 0.0000 0.0000 25.3600
v 22.0600 16.7500 0.0000
v -11.7600 5.4100 4.9700
v 0.1400 5.1200 0.0000
v -12.7500 2.8700 -23.8300
v 0.0000 0.0000 0.1400
v 0.0000 0.0000 -37.3100
v -4.3000 -0.4700 22.5400
v -19.2200 -7.8200 -13.0000
v 20.7100 -7.8800 8.0300
v 30.3000 -0.4800 -32.4900
v -10.8200 5.5000 5.9100
v -0.5800 -0.5100 34.4500
v 0.0000 0.9600 0.0000
v 0.0000 7.8400 0.0000
v 0.0000 12.4800 0.0000
v 0.0000 0.9600 0.0000
v -0.2700 0.0000 0.0000
v 0.0000 0.1600 0.0000
v 1.5900 5.7300 -26.0100
v 0.0000 0.0300 0.0000
v 0.0000 0.0300 0.0000
v 0.0000 0.0000 10.2700
v -28.6400 0.0000 0.0000
v 0.0000 0.1600 0.0000
v 37.0300 12.8900 -39.7900
v 0.0000 0.0300 0.0000
v 0.0000 0.0700 0.0000
v 0.0000 0.0000 25.4100
v 0.0200 0.0200 0.0000
v 0.0200 0.0200 0.0000
v 0.0200 0.0200 0.0000
v 0.0200 0.0200 0.0000
v 0.7400 0.0100 0.0000
v 5.0600 1.0000 0.0000
v 0.0000 3.1900 0.0000
v 0.3500 5.1800 0.0000
v -15.7000 0.2800 20.9800
v 0.0000 0.0000 -21.7500
v 8.1400 1.0000 0.0000
v 0.0000 0.0100 0.0000
v 19.9500 4.0500 10.7000
v 0.2000 5.1300 0.0000
v -11.4900 0.2800 -23.7400
v 0.0000 0.0000 -6.3700
v 12.7200 1.0000 0.0000
v 0.0000 0.0100 0.0000
v -23.6500 4.1100 9.7500
v 0.2000 5.1400 0.0000
v 20.9200 0.2800 6.3500
v 0.0000 0.0000 17.5600
v 12.2000 1.0000 0.0000
v 0.0000 0.0100 0.0000
v 6.8300 4.6100 12.2000
v 0.2000 5.1500 0.0000
v -25.6100 -1.0800 -2.1600
v 0.0000 0.0000 19.2700
v 5.9000 1.0000 0.0000
v -12.8400 1.8300 5.9000
v 2.6800 5.1200 0.0000
v 8.2700 8.3500 3.1700
v 0.0000 0.0000 -18.6000
v 11.2200 1.0000 0.0000
v 9.1100 7.0200 12.2000
v 0.2000 5.1500 0.0000
v -25.8700 2.0300 12.4500
v 0.0000 0.0000 3.0000
v 0.0000 0.0000 -17.2400
v 4.5100 1.0000 0.0000
v 2.6800 25.6000 0.0000
v -17.9900 2.2000 18.3200
v 0.0000 0.0000 2.5600
v 0.0000 0.0100 0.0000
v 0.0000 0.0000 -6.5200
v 0.0000 4.5100 0.0000
v 17.8700 1.0000 0.0000
v 0.0000 6.4700 0.0000
v 12.0500 2.9700 8.0600
v 0.1500 5.1200 0.0000
v -20.7600 -25.8200 12.5100
v 0.0000 0.0000 -27.3000
v 0.0000 1.5900 0.0000
v 0.0000 5.9700 0.0000
v -4.6500 17.3700 20.4600
v 0.1200 5.1200 0.0000
v 10.9100 -1.6100 -23.8300
v 0.0000 0.0000 0.1200
v 0.0000 0.0000 24.0000
v 29.6200 0.5200 2.7900
v 0.7200 15.3600 0.0000
v -25.8000 3.4700 -5.2100
v 0.0000 0.0000 -8.8300
v 0.0000 0.0500 0.0000
v 0.0000 0.0300 0.0000
v -17.0800 0.5200 2.7900
v 0.7200 15.3600 0.0000
v 23.6600 7.6400 20.1900
v 0.0000 0.0000 -10.7800
v 29.4800 0.6000 2.7900
v 0.3700 15.3600 8.3000
v -25.8200 5.3600 -5.0200
v 0.0000 0.6600 0.0000
v 0.0000 0.0000 23.6500
v -26.1700 0.6000 2.7900
v 0.3700 15.3600 8.3000
v -8.8200 9.7300 -34.3900
v 0.0000 0.6600 0.0000
v 0.0000 0.0000 39.6000
v 10.2300 -0.0100 0.0000
v 29.5500 1.6300 2.0300
v 0.7100 15.3600 8.1100
v -25.8500 3.4700 -5.1300
v 0.0000 0.0000 -8.9000
v 0.0000 0.0000 2.5600
v -17.0500 1.6300 2.0300
v 0.7100 15.3600 8.1100
v 23.6800 7.9300 20.2500
v 0.0000 0.0000 -18.0600
v 0.0000 0.0200 0.0000
v 17.9900 14.0700 18.8400
v 2.5600 5.2200 0.0000
v -9.1200 -2.5300 -24.1500
v 0.0000 0.0000 2.5600
v 0.0000 4.6500 0.0000
v 0.0000 0.0000 17.9000
v 0.0000 8.1600 0.0000
v 9.1200 1.0000 0.0000
v 2.9100 5.7100 0.0000
v -12.2000 -16.6600 6.6700
v 0.0000 0.0000 0.3700
v 0.0000 0.0000 -12.2400
v 0.0400 5.2000 0.0000
v 28.6400 -2.2800 -27.2400
v 0.0000 0.0000 -13.8100
v -34.5000 0.6700 1.5300
v 0.4800 5.2100 0.0000
v 18.2500 9.2000 -26.1200
v 0.0000 0.0000 27.7000
v 0.0200 0.0500 0.0000
v -14.0900 -23.9800 8.2700
v -38.1200 14.9900 1.1900
v 0.0000 0.8200 0.0500
v 5.5100 -21.7500 16.9900
v -18.6000 18.7800 0.2800
v 11.2200 5.9100 -6.3700
v -24.4400 0.2800 12.7200
v 0.2800 12.2000 5.7500
v 18.7100 10.9200 0.2800
v 9.1100 0.2800 12.2000
v 0.0000 0.9600 0.0000
v 0.0000 0.9600 0.0000
v 0.0000 9.4400 0.0000
v 0.0000 0.9600 0.0000
v 0.0000 0.9600 0.0000
v -12.4800 0.9000 0.0000
v 2.5600 0.0000 0.0000
v -0.1500 3.9600 -20.8300
v 0.0000 0.5100 0.0000
v 0.0000 0.0300 2.5600
v 0.0000 0.0000 -0.7000
v 1.7900 0.0000 0.0000
v 0.0000 1.0500 0.0000
v 0.0000 0.0700 0.0000
v 0.0000 0.0000 -0.0400
v 0.7400 0.0100 0.0000
v 0.7400 0.0100 0.0000
v 1.2800 0.0100 0.0000
v 1.2700 0.0100 0.0000
v 13.7000 35.8300 0.0000
v 26.1700 1.7000 2.1800
v 0.7100 15.3600 12.7900
v 4.5200 6.7900 26.2200
v 2.5600 -1.5600 0.0000
v 0.0000 1.1500 0.0000
v 18.0500 23.5300 0.0000
v 13.1200 3.3000 13.7000
v 0.2600 5.1300 0.0000
v 9.7100 0.2600 -3.5000
v 0.0000 0.0000 9.7100
v -3.5000 0.2700 22.0200
v 9.7100 0.2600 -12.2700
v 0.0000 0.0000 9.7100
v -12.2300 0.2700 22.0200
v 9.7100 0.2600 -20.8800
v 0.0000 0.0000 9.7100
v -20.9000 0.2700 22.0200
v 9.7100 0.2600 -29.3200
v 0.0000 0.0000 9.7100
v -29.2800 0.2700 22.0200
v 0.2200 2.9200 -9.8300
v 0.0000 0.0000 0.1400
v 10.2300 -0.0100 0.0000
v 26.1400 0.2700 22.0200
v 0.3700 15.3600 10.2300
v -6.0900 3.2200 13.9900
v 0.0000 0.6000 0.0000
v 0.0000 0.0000 -0.1200
v 10.2300 -0.0100 0.0000
v -34.7300 0.2700 22.0200
v 0.3700 15.3600 10.2300
v -0.2300 -3.7600 -3.9200
v 0.0000 0.0000 -0.2300
v 0.0000 0.0700 0.0000
v -29.4200 9.1100 20.5200
v 3.0600 5.2100 0.0000
v -4.4400 -0.2300 -26.9600
v 0.0000 0.0000 4.4800
v 0.0000 0.0700 0.0000
v 0.0000 0.0900 0.0000
v -18.5900 1.3000 2.9600
v 0.5000 5.2100 0.0000
v -4.4900 -0.4100 -9.9500
v 0.0000 0.0000 4.4600
v 0.0000 0.0500 0.0000
v 0.0000 0.0900 0.0000
v -1.2100 1.3000 2.9600
v 0.5000 5.2100 0.0000
v -4.4600 -0.4900 -1.4000
v 0.0000 0.0000 4.5200
v -10.0800 0.8500 2.9600
v 2.7000 5.1200 0.0000
v -4.4500 -0.4900 -18.6600
v 0.0000 0.0000 4.4900
v -27.0400 0.8500 2.9600
v 2.7000 5.1200 0.0000
v -4.4600 -0.2300 -28.3700
v 0.0000 0.0000 4.4800
v 0.0000 0.0200 0.0000
v -19.9400 0.8300 2.9600
v 2.6800 15.5700 0.0000
v -4.5000 -0.2300 -11.3800
v 0.0000 0.0000 4.4700
v -2.6500 0.8300 2.9600
v 2.6800 15.5700 0.0000
v 0.4400 -0.7900 -33.4600
v 0.0000 0.0000 -0.0600
v 0.0000 1.1500 0.0000
v 6.2900 35.8300 0.0000
v 33.1000 2.9500 5.1800
v 0.3500 5.6900 0.0000
v -0.2900 -0.5200 20.6200
v 0.0000 0.0000 -0.2800
v 0.0000 9.9200 0.0000
v -12.7000 1.5500 5.1600
v 0.1400 5.1200 0.0000
v -3.4100 -0.2600 -21.6500
v 0.0000 0.0000 -3.7600
v -21.7100 1.6300 5.1600
v 0.1400 5.1200 0.0000
v 3.4900 -0.2600 -12.6900
v 0.0000 0.0000 3.4800
v -0.0100 0.0000 30.1000
v 0.0000 1.0000 0.0000
v 0.0000 0.9600 0.0000
v 0.0000 5.1200 0.0000
v 0.0000 7.8400 0.0000
v 0.0000 0.9600 0.0000
v 0.0000 0.9600 0.0000
v 1.1200 0.0000 0.0000
v 9.3400 0.0000 0.0000
v 0.0000 0.1600 0.1000
v -24.5600 -8.0800 13.7700
v 0.0000 0.0300 0.0000
v 0.0000 0.0300 0.0000
v 0.0000 0.0000 -30.5900
v 0.1000 0.0000 0.0000
v 1.6500 0.0000 0.0000
v 0.0000 0.1600 0.1000
v 0.0200 0.0200 0.0000
v 0.0200 0.0200 0.0000
v 0.0200 0.0200 0.0000
v 8.8900 6.6100 2.3300
v 0.4800 5.2100 0.0000
v 21.6500 -4.0600 6.9500
v 0.0000 0.0000 -2.1100
v 0.0000 0.0100 0.0000
v -10.1000 5.4400 5.1600
v 0.0000 5.1200 0.0000
v 8.2700 -10.9300 9.3100
v 0.0000 0.6600 0.0000
v 0.0000 0.0000 2.0200
v 0.0000 0.8700 0.0000
v 0.0000 2.2500 0.0000
v 7.2300 1.4200 5.4000
v 0.4800 5.1800 0.0000
v -7.3000 -25.1300 2.7200
v 0.0000 0.0000 4.6600
v -11.5000 3.0900 4.7000
v 0.3500 5.6500 0.0000
v -3.4200 -4.3900 9.4400
v 0.0000 0.0000 -0.8800
v -31.9200 3.0900 9.9800
v 0.3500 5.3700 0.0000
v 23.9900 9.4600 -17.1100
v 0.0000 0.0000 -24.7200
v 6.7100 1.1000 10.3400
v 0.3700 15.3600 10.2300
v -3.7000 7.6100 8.2900
v 0.0000 0.0000 11.3700
v 10.2300 -0.0100 0.0000
v 5.2900 0.9500 10.3400
v 0.3700 15.3600 7.6800
v -4.9000 -7.9300 10.5200
v 0.0000 0.0000 8.6800
v 10.2300 -0.0100 0.0000
v -32.1600 0.9500 10.3400
v 0.3700 15.3600 10.2300
v -28.0200 22.8500 -0.1000
v 0.0000 0.0000 27.2800
v 0.0000 0.0100 0.0000
v 7.0600 11.4600 9.5600
v 0.1400 15.4400 0.0000
v 21.4700 -21.4100 7.5300
v 0.0000 0.0000 21.4700
v 0.0000 0.0800 0.0000
v 0.0000 0.0400 0.0000
v 7.0800 4.6800 11.3900
v 0.1200 15.4400 0.0000
v -24.3800 -21.4100 7.0800
v 0.0000 0.0000 -2.1700
v 0.0000 0.2000 0.0000
v 0.0000 0.0500 0.0000
v 3.4300 0.9500 1.8800
v 0.1500 15.4900 0.0000
v -2.6500 11.1000 15.5500
v 0.0000 0.0000 -9.5300
v 3.3500 1.4800 0.9800
v 0.0400 5.1300 0.0000
v 2.9000 11.1000 10.1300
v 0.0000 0.0000 -30.6300
v 12.3000 1.2800 0.9800
v 0.0400 5.1300 0.0000
v -24.4500 -8.8700 0.5600
v 0.0000 0.0000 -18.1600
v -25.8600 7.2700 12.1300
v 0.0600 5.1300 0.0000
v 7.2100 10.1900 -9.4500
v 0.0000 0.0000 -3.5700
v 15.7400 5.2600 0.0000
v 0.0000 8.0000 15.7400
v 7.1500 8.2800 1.8900
v 0.0900 5.7200 0.0000
v -1.7200 -22.1800 7.3500
v 0.0000 0.0000 -12.9200
v 15.7400 6.0100 0.0000
v 0.0000 4.5800 0.0000
v 7.2300 7.5000 13.4900
v 0.0200 5.1900 0.0000
v 0.3500 18.6600 -19.0300
v 0.0000 0.0000 7.4900
v 2.0300 4.8300 14.3400
v 0.0400 15.3700 0.0000
v 19.3900 0.5900 -14.2300
v 0.0000 0.0000 -13.3100
v 7.5300 7.3800 15.3300
v 0.1400 5.1200 0.0000
v -24.5300 -5.6600 -6.2400
v 21.8500 10.6600 -16.3300
v 15.1500 10.8300 -12.5200
v -23.7700 -22.1300 7.1200
v -2.5200 15.8000 -1.1200
v 0.0000 0.9600 0.0000
v 0.0000 0.9600 0.0000
v 0.0000 2.8800 0.0000
v 0.0000 0.9600 0.0000
v 0.0000 0.9600 0.0000
v 7.7100 0.0000 0.0000
v 2.5600 0.0000 0.0000
v 1.3500 0.0100 0.0000
v 0.4100 15.3600 1.1100
v 22.1900 -6.0400 5.4300
v 0.0000 0.0000 0.6500
v 10.2300 -0.0100 0.0000
v 0.3700 15.3600 10.2300
v 12.4300 0.4200 -9.7400
v 0.0000 0.0000 0.3700
v 0.0000 0.8600 0.0000
v 0.0000 0.9600 0.0000
v 0.0000 0.9600 0.0000
v 0.0000 3.8400 0.0000
v 0.0000 0.9600 0.0000
v 0.0000 0.9600 0.0000
v 0.9000 0.0000 0.0000
v 4.7100 0.9000 0.9000
v -38.4800 5.9400 -4.9100
v 0.0000 0.5100 0.0000
v 0.0000 0.0300 0.0000
v 0.7400 0.0100 0.0000
v 18.4900 4.0200 0.0000
v -0.3700 3.4400 13.7900
v 0.3500 5.1800 0.0000
v 19.3100 -2.0700 -4.9200
v 0.0000 0.0000 0.0400
v 0.0000 0.0000 17.6200
v 17.8300 4.0200 0.0000
v 0.0000 0.0100 0.0000
v 11.6200 0.6600 1.8100
v 0.4100 15.3600 1.6000
v 31.3600 0.5600 -0.9800
v 0.0000 0.0000 0.6500
v 0.0000 0.0000 12.1400
v 1.8100 4.0200 0.0000
v 10.2300 -0.0100 0.0000
v 4.7400 0.6600 1.8100
v 0.3700 15.3600 10.2300
v 0.0000 0.0000 0.3700
v 0.0000 0.0000 -30.0600
v -0.0300 2.8800 13.1600
v 2.6800 5.1200 0.0000
v -8.3200 -4.1500 0.0900
v 0.0000 0.0000 29.7100
v 13.3000 9.0500 0.0000
v 0.2400 3.8600 6.7600
v 2.9100 5.6600 0.0000
v 0.0000 0.0000 2.5600
v 10.1200 -0.0100 0.0000
v -3.3800 23.0600 15.4500
v 2.7100 5.1200 0.0000
v -32.1600 -3.9900 -0.6900
v 0.0000 0.0000 0.0400
v 0.0000 0.0000 20.4300
v 0.0000 0.0100 0.0000
v -1.7700 1.8400 2.8600
v 0.0400 5.2000 0.0000
v -29.3000 -2.9500 -12.2600
v 0.0000 0.0000 0.0400
v 0.0000 0.0000 -32.5800
v 0.0000 -2.5600 0.0000
v 24.1000 16.7400 0.0000
v 0.8100 7.5200 18.4900
v 0.0000 0.0500 0.0000
v -31.0900 -0.0200 -12.1200
v -27.3900 0.6200 -11.3100
v -30.3200 6.1800 -0.2900
v 0.1400 0.0000 0.6700
v 0.0000 0.9600 0.0000
v 0.0000 0.9600 0.0000
v 0.0000 2.8800 0.0000
v 0.0000 0.9600 0.0000
v 0.0000 0.9600 0.0000
v 30.0500 0.0000 0.0000
v 1.2800 0.0100 0.0000
v 5.9600 1.0000 0.0000
v -22.8700 3.0400 4.4300
v 0.3500 5.7600 0.0000
v 1.1700 3.5900 8.9100
v 0.0000 0.0000 0.3400
v 4.4300 1.0000 0.0000
v 10.2300 -0.0100 0.0000
v -12.5100 0.6300 4.4300
v 0.3700 15.3600 10.2300
v -8.3300 1.5400 4.0200
v 0.0000 0.0000 -8.3300
v 2.5500 0.0000 0.0000
v 4.0200 1.6600 15.9400
v -8.3300 7.3200 4.0200
v 0.0000 0.0000 -3.7400
v 2.5500 0.0000 0.0000
v 10.1600 1.6600 15.9400
v 3.6200 12.3700 10.2100
v 0.0000 0.0000 6.5600
v 2.5500 0.0000 0.0000
v 13.1100 1.6600 15.9400
v -8.2800 4.5900 18.1100
v 0.0000 0.0000 -8.2800
v 2.5500 0.0000 0.0000
v 18.1100 1.6600 15.9400
v 6.5600 11.6400 12.8800
v 0.0000 0.0000 -0.0300
v 4.4300 1.0000 0.0000
v 7.6700 0.6300 4.4300
v 0.3700 15.3600 10.2300
v 0.0700 11.7000 16.4200
v 0.0000 0.8800 0.0000
v 0.0000 0.0000 -0.0500
v 10.7300 1.0000 0.0000
v 0.0000 0.6000 0.0000
v -19.8700 6.5600 10.7300
v 0.0200 5.1200 0.0000
v 0.2200 -1.3600 29.3900
v 0.0000 0.0000 -0.5300
v 0.0000 0.4400 0.0000
v -0.2400 3.8600 -21.9300
v 0.0000 0.9600 0.0000
v 0.0000 9.9200 0.0000
v 0.0000 14.4000 0.0000
v 0.0000 0.9600 0.0000
v 0.0000 0.9600 0.0000
v 9.9000 0.0000 0.0000
v 0.0000 0.1600 0.0000
v 0.0000 0.5100 0.0000
v 0.0000 0.0400 0.0000
v 0.0000 0.0000 2.8000
v 0.2900 0.0000 0.0000
v 28.3300 -16.8600 -6.6200
v 0.0000 0.0100 0.0000
v 0.0000 0.0700 0.0000
v 0.0000 0.0000 23.5800
v 0.1100 0.0000 0.0000
v 18.9200 2.4900 0.3200
v 15.3200 -30.2100 -4.4200
v 0.0000 0.5100 0.0000
v 0.0000 0.1100 0.0000
v 0.0000 0.0000 15.7400
v 3.3200 0.0000 0.0000
v 0.0200 0.0200 0.0000
v 0.7400 0.0100 0.0000
v 0.7400 0.0100 0.0000
v 0.1400 0.0200 0.0000
v 0.7400 0.0100 0.0000
v 0.7400 0.0100 0.0000
v 11.4600 1.0000 0.0000
v 18.5700 2.3300 7.5700
v 2.5800 5.1600 0.0000
v 28.0800 -24.2000 17.8900
v 0.0000 0.1800 0.0000
v 0.0000 0.0000 38.5400
v 6.4600 0.0100 0.0000
v 0.0000 0.0600 0.0000
v 18.7600 4.0700 5.5900
v 0.0000 5.1600 0.0000
v 0.0000 0.1800 0.0000
v 0.0000 0.0000 20.9000
v 11.3600 1.0000 0.0000
v 0.0000 15.9900 5.4500
v -18.1100 2.6000 5.7900
v 0.3500 5.2400 0.0000
v 23.6500 -34.1700 -25.9400
v 0.0000 0.0000 0.1700
v 0.0000 0.0200 0.0000
v 0.0000 0.0000 28.1000
v 0.1000 0.0000 0.0000
v 0.0000 0.1500 0.0000
v 6.3100 6.3500 6.3700
v 0.0800 5.6200 0.0000
v 29.4600 -35.9800 -39.5300
v 0.0000 0.0100 0.0000
v 0.0000 0.0000 6.0100
v 0.0000 3.5400 0.0000
v 8.3900 1.0000 0.0000
v -25.6300 0.1000 0.1000
v 0.6400 15.3600 23.0300
v 0.0000 0.0000 -26.5500
v 0.0000 1.0600 0.0000
v 0.0000 4.3200 0.0000
v 0.3400 5.1900 0.0000
v 0.0000 0.0000 -12.1400
v 0.0000 6.4100 0.0000
v 5.6000 3.1100 0.0000
v 0.0000 3.2500 0.0000
v -36.5800 2.3800 3.0500
v 0.0000 5.1700 0.0000
v 0.0000 0.0200 0.0000
v 0.0000 0.0000 23.5800
v 4.5700 1.0000 0.0000
v 0.1400 5.1200 0.0000
v 9.1600 4.3300 0.0000
v -22.0700 2.2400 9.1600
v 0.1400 5.1200 0.0000
v -25.7800 -20.6100 -26.6600
v -31.4000 1.0500 1.9500
v 0.1400 15.5300 0.0000
v 23.2500 -38.4200 -26.0500
v 0.0000 0.2800 0.0000
v 0.0000 0.0000 -37.9000
v 0.0000 1.7700 0.0000
v 4.3600 1.0000 0.0000
v -16.8800 4.4900 8.2400
v 0.0400 5.1300 0.0000
v 3.9200 3.1200 0.0000
v 0.0000 0.0400 0.0000
v -11.5200 1.6400 3.9200
v 0.3500 5.6500 0.0000
v -36.7000 -19.8700 -26.5600
v 2.5800 1.0000 0.0000
v 0.0000 0.0100 0.0000
v -34.5600 15.6200 18.4900
v 0.0600 5.1300 0.0000
v 23.5900 -33.6900 -26.7600
v 0.0000 0.0000 0.3700
v 0.0000 0.7400 0.0000
v 0.0000 0.0000 25.6800
v 10.2300 -0.0100 0.0000
v 14.9600 0.4900 18.4900
v 0.3700 15.3600 10.2300
v -35.4100 -17.0700 -27.5200
v 0.0000 0.0000 0.3700
v 0.0000 0.7500 0.0000
v 0.0000 0.0000 -8.6300
v -26.7200 0.4900 18.4900
v 0.3700 15.3600 7.6800
v 5.0600 -33.9700 -27.3600
v 0.0000 0.0000 9.6400
v 0.0000 0.0600 0.0000
v 0.0000 0.1900 0.0000
v -30.8100 1.2200 8.0100
v 0.1400 15.4000 0.0000
v 13.6900 -32.4500 -9.1400
v 0.0000 0.0000 27.7800
v 5.4100 1.9600 0.0000
v -21.4000 0.2900 4.5900
v 0.0600 5.1700 0.0000
v 0.0000 0.0100 0.0000
v 0.0000 0.0000 12.4300
v 0.0000 0.3500 0.0000
v 0.0000 2.1100 0.0000
v -10.6500 6.7000 7.9600
v 0.0600 5.1300 0.0000
v 27.6500 -22.8400 -7.3700
v 0.0000 0.0100 0.0000
v 0.0000 0.0000 12.9900
v 3.3600 1.0000 0.0000
v 0.0000 0.2000 0.0000
v 22.9200 1.5900 3.3600
v 0.3500 5.7100 0.0000
v -9.0000 -15.0000 22.3300
v 0.0000 0.0000 -10.4500
v 2.6200 1.0000 0.0000
v -30.9700 2.2600 9.3100
v 0.0000 5.1700 0.0000
v -1.8600 -38.8500 -37.9600
v 0.0000 0.0200 0.0000
v 0.0000 0.0000 25.3900
v 0.0000 4.8800 0.0000
v 0.0000 2.2600 0.0000
v -8.7600 3.9000 4.3200
v 0.0000 5.1200 0.0000
v 5.2500 -35.5000 -27.6100
v 0.0000 8.0000 0.0000
v 14.7700 1.0000 0.0000
v -28.9900 2.7000 6.6500
v 0.0000 5.1700 0.0000
v 4.4300 -34.7900 -33.0900
v 0.0000 0.0100 0.0000
v 0.0000 0.0000 -38.0200
v 0.0000 6.4100 0.0000
v 4.3600 1.0000 0.0000
v 0.0000 5.8100 0.0000
v -20.5600 3.5900 10.2200
v 0.0200 5.1700 0.0000
v 1.8400 -37.5000 -34.2200
v 0.0000 0.0100 0.0000
v 0.0000 0.0000 26.2200
v -23.7000 4.9900 11.4600
v 0.0400 5.1300 0.0000
v 0.0000 0.0100 0.0000
v -11.7100 -19.3900 -15.0600
v -30.2700 -18.4800 -21.8200
v -37.6200 -18.9200 -28.0500
v 7.6400 -29.9500 0.5700
v 28.0700 -22.2200 -7.7500
v 26.3300 -22.5400 -3.9500
v 3.6900 -16.5000 18.6900
v -9.3600 -14.6700 21.7000
v 2.4400 -29.5200 -18.0200
v 24.7800 -11.7200 -19.0300
v 35.9200 -22.1700 -28.2500
v 23.4400 -20.4000 -27.4700
v -6.6100 -19.2500 -13.8000
v -21.5400 -12.1800 -12.1300
v 18.8100 -27.9100 -24.9900
v 16.5100 -29.4200 -31.7500
v 25.2400 -20.4600 -1.6700
v 25.6600 -16.2100 -2.1700
v 5.6700 -26.0500 -20.8200
v 0.3800 0.0000 0.0300
v 0.3300 0.0000 0.3500
v 0.2600 0.0000 0.5400
v 0.0000 0.9600 0.0000
v 0.0000 9.9200 0.0000
v 0.0000 13.9200 0.0000
v 0.0000 0.9600 0.0000
v -12.1900 0.0000 0.0000
v 0.0000 0.1600 0.0000
v 14.6200 11.3100 -12.4500
v 0.0000 0.0300 0.0000
v 0.0000 0.0300 0.0000
v 0.0000 0.0000 0.0500
v 2.6900 0.0000 0.0000
v 0.0000 0.5100 0.0000
v 0.0000 0.0700 0.0000
v 0.0000 0.0000 -4.7000
v 16.1900 2.7000 2.7000
v 22.5600 1.6100 15.2600
v 0.0000 0.5100 0.0000
v 0.0000 0.1100 0.0000
v 0.0000 0.0000 22.5000
v 2.7000 0.0000 0.0000
v 0.0200 0.0200 0.0000
v 0.7400 0.0100 0.0000
v 0.7400 0.0100 0.0000
v 0.7400 0.0100 0.0000
v 0.7400 0.0100 0.0000
v 0.7400 0.0100 0.0000
v 1.0000 1.0000 0.0000
v -29.2000 1.0000 1.0000
v 16.1300 14.0800 16.1200
v 0.0000 0.0000 0.3700
v 0.0000 0.6800 0.0000
v 0.0000 0.0000 -10.7600
v 1.0000 1.0000 0.0000
v 10.2300 -0.0100 0.0000
v 18.1800 0.5700 1.0000
v 0.3700 15.3600 10.2300
v 0.0000 0.0000 0.3700
v 0.0000 0.0000 -30.8100
v 0.0000 20.4800 0.0000
v 1.0000 1.0000 0.0000
v 10.2300 -0.0100 0.0000
v 0.3700 15.3600 10.2300
v 27.2300 -7.2600 34.2000
v 0.0000 0.0000 0.3700
v 0.0000 0.7800 0.0000
v 1.0000 1.0000 0.0000
v 10.2300 -0.0100 0.0000
v -10.2400 0.5700 1.0000
v 0.3700 15.3600 10.2300
v 2.0900 -6.5600 -11.8800
v 0.0000 0.0000 0.3700
v 0.0000 0.0000 -15.8300
v 0.0000 0.0200 0.0000
v 35.5300 2.0600 3.7100
v 2.9100 5.7200 0.0000
v 0.0000 0.0000 18.0300
v 9.4000 1.0000 0.0000
v 0.0000 0.0100 0.0000
v 2.5800 5.1200 0.0000
v 0.0000 0.0000 -12.8100
v 0.0000 1.3300 0.0000
v 7.2900 2.9000 0.0000
v 0.0000 2.5700 0.0000
v 2.3100 3.5100 7.2900
v 0.0000 5.1200 0.0000
v 0.0000 0.0000 21.6900
v 0.0000 1.3300 0.0000
v 10.8400 2.9000 0.0000
v 0.0000 2.5700 0.0000
v -18.3900 13.8100 8.1700
v 0.0200 5.1200 0.0000
v -18.9100 -10.9700 0.6000
v 0.0000 0.0000 -17.7100
v 0.0000 1.3300 0.0000
v 9.0800 3.9900 0.0000
v 0.0000 2.5700 0.0000
v -19.0500 3.9700 9.0800
v 0.0000 5.1200 0.0000
v -29.1200 -10.1600 18.7500
v 0.0000 0.0000 -19.2300
v 0.0000 1.3300 0.0000
v 2.5700 3.9900 0.0000
v 0.0000 0.0100 0.0000
v 0.2000 5.1300 0.0000
v 0.0000 0.0000 1.4400
v 2.6500 3.9900 0.0000
v 0.0000 0.0100 0.0000
v 0.2000 5.1500 0.0000
v 0.0000 0.0000 -17.9800
v 5.3300 3.9900 0.0000
v 0.2000 5.1600 0.0000
v 0.0000 0.0000 10.7000
v 5.3300 3.9900 0.0000
v 3.0800 8.5300 31.7600
v 2.6800 5.1200 0.0000
v 36.5400 1.9500 0.7000
v 0.0000 0.0000 3.0200
v 0.0000 4.5800 0.0000
v 2.5800 5.1200 0.0000
v 0.5200 -19.5000 2.7100
v 0.0000 0.0000 0.2300
v 0.0000 0.6200 0.0000
v 4.1000 1.0000 1.0600
v 3.0200 7.8600 0.0000
v 0.0000 0.0000 2.7000
v 0.0000 0.0000 -38.6900
v 38.8400 32.1200 0.0000
v 2.7000 5.1200 0.0000
v -19.6200 -12.6800 38.3100
v 0.0000 0.0000 -11.5000
v 20.1300 18.2900 0.0000
v 2.7000 5.1200 0.0000
v 0.0000 0.0000 1.2500
v 0.0000 0.0600 0.0000
v 0.0000 0.8900 0.0000
v -17.2800 5.2400 13.0300
v 0.5900 5.1200 0.0000
v 39.1500 -11.3200 -18.7900
v 0.0000 0.0600 0.0000
v 0.0000 0.9100 0.0000
v -32.1900 5.2400 13.0300
v 3.1500 6.0300 0.0000
v -37.8700 -13.6300 -17.2800
v 0.0000 0.0000 39.1500
v 0.0000 0.0400 0.0000
v 0.0000 0.6000 0.0000
v 1.0300 5.1200 0.0000
v -37.2500 -17.5500 -36.6700
v 0.0000 0.0000 39.7600
v 0.1600 7.7700 0.0000
v 0.1500 3.4000 -6.7700
v 0.0000 0.0000 12.8000
v 0.0000 0.5000 0.0000
v 0.0000 1.9400 0.0000
v -36.6700 15.4100 7.2800
v 2.6800 5.1200 0.0000
v 39.7600 -16.0200 -38.6200
v 0.0000 0.0000 33.1800
v 19.2200 10.5900 35.9600
v 0.0700 5.1600 0.0000
v 0.0000 0.0000 0.1200
v 0.0000 0.0000 13.3800
v 0.0000 7.0700 0.0000
v 0.0000 0.0400 0.0000
v 12.8900 5.9000 8.7700
v 0.0000 5.1700 0.0000
v 0.0000 0.0000 0.1200
v 0.0000 0.0000 0.1200
v 0.0000 2.1200 0.0000
v 5.2900 3.7600 0.0000
v 0.0000 0.0600 0.0000
v -0.0500 29.1600 5.6200
v 2.6900 5.1200 0.0000
v 0.0000 0.0000 0.4000
v 0.0000 0.0000 0.0400
v 0.0000 6.6300 0.0000
v 7.7000 8.3100 0.0000
v 0.0000 0.0800 0.0000
v 2.5800 5.1700 0.0000
v -7.9100 -8.4600 -17.3000
v 0.0000 0.0000 -12.6900
v 5.1800 3.9900 0.0000
v 0.0000 0.0100 0.0000
v -17.4000 0.9700 5.1800
v 0.2000 5.1700 0.0000
v 10.3800 1.1300 20.6100
v 0.0000 0.0000 15.0300
v 5.8400 3.9900 0.0000
v 0.0000 0.0100 0.0000
v 24.5500 1.0700 5.8400
v 0.2000 5.1700 0.0000
v -10.9600 1.1300 20.6400
v 0.0000 0.0000 -15.3800
v 5.8400 3.9900 0.0000
v 0.0000 0.0100 0.0000
v 24.3800 1.1800 5.8400
v 0.2000 5.1700 0.0000
v 18.4100 10.3500 -16.8800
v 0.0000 0.0000 -16.6600
v 5.8400 3.9900 0.0000
v 0.0000 0.0100 0.0000
v 20.3000 2.2600 5.8400
v 0.2000 5.1700 0.0000
v 0.0000 0.0000 22.5100
v -11.8600 11.4600 22.2700
v 3.5500 0.9900 -11.3000
v 5.9000 -9.5300 35.5700
v 5.5100 16.1900 -1.8000
v 4.0800 19.5700 11.7500
v 0.0000 0.6800 0.0200
v 0.0000 1.2800 0.0500
v 2.6500 24.4200 23.1100
v -10.1500 5.3300 5.3400
v -17.3400 -8.4600 5.1800
v 10.2000 24.5500 1.1300
v 24.3500 1.1300 5.8400
v 18.4600 20.3000 10.3500
v 0.0000 0.9600 0.0000
v 0.0000 0.9600 0.0000
v 0.0000 0.9600 0.0000
v 0.0000 0.9600 0.0000
v 0.0000 0.9600 0.0000
v 0.0000 0.0700 0.0000
v -29.7100 1.7800 3.9700
v 0.3500 5.7200 0.0000
v -7.2100 -3.3700 24.6900
v 0.0000 0.0000 -5.0600
v -4.3700 3.5900 7.1500
v 2.6800 5.1200 0.0000
v 0.1100 10.1900 -2.9100
v 0.0000 0.0000 -8.6000
v 0.0400 7.7200 0.0000
v 1.7600 -2.8800 38.0200
v 0.0000 0.0000 2.3500
v 12.9900 0.3400 7.1500
v 2.9300 15.3600 7.6700
v 12.6500 8.7600 10.2400
v 0.0000 0.0000 13.2200
v -15.1700 0.3400 7.1500
v 2.9300 15.3600 7.6700
v -12.9400 22.3000 -25.7700
v 0.0000 0.0000 -7.1000
v 0.0000 2.7300 0.0000
v -21.8600 4.9500 8.5800
v 2.7100 5.1200 0.0000
v 2.1300 -5.8800 35.5800
v 0.0000 0.0000 -12.0300
v -0.6700 23.3600 21.7100
v 0.0400 7.7200 0.0000
v -8.5100 18.0700 -27.4700
v 0.0000 0.0200 0.0000
v 0.0000 0.0000 -13.6100
v 0.0000 7.9500 0.0000
v 0.0000 0.0200 0.0000
v -29.0500 3.0500 7.1500
v 0.0000 0.0500 0.0000
v -11.8600 19.6000 -30.0900
v -9.7900 19.6000 -28.1500
v -9.7000 22.7100 -15.9600
v 0.0000 0.9600 0.0000
v 0.0000 0.9600 0.0000
v 0.0000 28.6400 0.0000
v 0.0000 0.9600 0.0000
v 0.0000 0.9600 0.0000
v 0.0000 0.4000 0.0000
v 2.5600 0.0000 0.0000
v 0.0000 0.8200 0.0000
v 0.0000 0.0700 2.5600
v 0.0000 0.4000 0.0000
v 2.5600 0.0000 0.0000
v -19.6600 1.7800 18.1500
v 0.0000 0.8300 0.0000
v 0.0000 0.2500 2.5600
v 0.0000 0.0000 -0.1300
v 0.0000 0.4000 0.0000
v 2.5600 0.0000 0.0000
v 0.0000 0.6000 0.0000
v 0.0000 0.0300 2.5600
v 0.0000 0.4000 0.0000
v 2.5600 0.0000 0.0000
v -36.4500 -9.1600 3.8300
v 0.0000 0.6000 0.0000
v 0.0000 0.0900 2.5600
v 0.0000 0.0000 -19.6600
v -12.1700 0.0000 0.0000
v 0.0000 0.4000 0.0000
v 2.5600 0.0000 0.0000
v 0.0000 0.9400 0.0000
v 0.0000 0.1600 2.5600
v 0.0000 0.0000 -2.9900
v 13.9600 0.0000 0.0000
v 0.0000 0.4000 0.0000
v 2.5600 0.0000 0.0000
v 0.0000 0.6000 0.0000
v 0.0000 0.2000 2.5600
v 0.0000 0.0000 12.2700
v 3.8300 0.0000 0.0000
v 0.0000 0.4000 0.0000
v 2.5600 0.0000 0.0000
v 0.0000 0.5900 0.0000
v 0.0000 0.2400 2.5600
v 0.0000 0.0000 -26.4000
v -12.1700 0.0000 0.0000
v 0.0000 0.4000 0.0000
v 2.5600 0.0000 0.0000
v 0.8400 0.0100 0.0000
v 1.0500 0.0100 0.0000
v 0.8300 0.0100 0.0000
v 0.8400 0.0100 0.0000
v 1.0500 0.0100 0.0000
v 0.8300 0.0100 0.0000
v 0.8400 0.0100 0.0000
v 1.1700 0.0100 0.0000
v 1.0500 0.0100 0.0000
v 0.8300 0.0100 0.0000
v 1.0900 0.0100 0.0000
v 0.8200 0.0100 0.0000
v 0.8500 0.0100 0.0000
v 1.0500 0.0100 0.0000
v 1.1000 0.0100 0.0000
v -0.9300 21.1400 23.1200
v 0.0600 5.1300 0.0000
v 39.1500 -16.9800 -39.0000
v 0.0000 0.0000 0.0600
v 0.0000 0.0000 -1.0300
v 23.1200 5.2100 0.0000
v -1.5000 11.7600 23.1200
v 0.0600 5.1300 0.0000
v 34.3800 -14.6900 -19.0700
v 0.0000 0.0000 0.0700
v 0.0000 0.0000 38.3600
v -28.6100 -9.5300 33.0700
v 12.0700 -8.1600 -18.9800
v -19.1700 1.1300 7.1400
v 0.0000 0.9600 0.0000
v 0.0000 0.9600 0.0000
v 0.0000 20.4800 0.0000
v 0.0000 0.9600 0.0000
v 0.0000 38.8800 0.0000
v -30.9600 0.0000 0.0000
v 0.0000 0.4000 0.0000
v 2.5600 0.0000 0.0000
v 0.0000 0.8500 0.0000
v 0.0000 0.0300 2.5600
v 13.4800 0.0000 0.0000
v 0.0000 0.4000 0.0000
v 2.5600 0.0000 0.0000
v -13.4700 8.2500 -13.5700
v 0.0000 0.5700 0.0000
v 0.0000 0.1700 2.5600
v 0.0000 0.0000 -20.5100
v 10.4800 0.0000 0.0000
v 0.0000 0.4000 0.0000
v 2.5600 0.0000 0.0000
v -27.6400 2.6500 -10.7900
v 0.0000 0.5900 0.0000
v 0.0000 0.2100 2.5600
v 13.4800 0.0000 0.0000
v 0.0000 0.4000 0.0000
v 2.5600 0.0000 0.0000
v -13.4700 8.2500 -13.5700
v 0.0000 1.0600 0.0000
v 0.0000 0.0900 2.5600
v 0.0000 0.0000 -20.5100
v 10.4800 0.0000 0.0000
v 0.0000 0.4000 0.0000
v 2.5600 0.0000 0.0000
v -27.6400 2.6500 -10.7900
v 0.0000 1.0600 0.0000
v 0.0000 0.1300 2.5600
v 0.0000 0.0000 -26.1300
v 1.0800 0.0100 0.0000
v 1.3300 0.0100 0.0000
v 1.3000 0.0100 0.0000
v 1.2900 0.0100 0.0000
v 1.3000 0.0100 0.0000
v 1.2900 0.0100 0.0000
v 0.8500 0.0100 0.0000
v 1.0900 0.0100 0.0000
v 1.0500 0.0100 0.0000
v 1.1500 0.0100 0.0000
v 2.8000 1.0000 0.0000
v -23.2700 1.2500 2.8000
v 0.1200 5.1200 0.0000
v 0.0000 0.0000 0.2000
v 1.8800 1.0000 0.0000
v -12.1600 2.1300 1.8800
v 0.1200 5.1200 0.0000
v -26.4500 6.5600 -12.4500
v 0.0000 0.0000 -26.1100
v 2.0500 1.0000 0.0000
v 0.0000 0.1900 0.0000
v 17.3300 0.2600 2.8000
v 5.4200 1.0000 0.0000
v 19.2000 2.4700 2.4200
v 0.1200 5.1200 0.0000
v 0.0000 0.0300 0.0000
v 0.0000 0.0000 -7.4100
v -20.5400 5.6200 14.9300
v 0.0200 5.1600 0.0000
v 20.8900 3.4000 -9.2500
v 0.0000 0.0300 0.0000
v 14.9600 1.0000 0.0000
v 11.2700 5.0700 17.0600
v 0.0400 5.1300 0.0000
v 25.8600 1.3200 12.1500
v 0.0000 0.0000 27.3500
v 6.0000 1.0000 0.0000
v 26.8300 2.7000 6.0000
v 0.0600 5.1300 0.0000
v 26.1200 6.0600 0.7300
v 0.0000 0.0000 0.1400
v 0.0000 0.0000 -26.8600
v -37.3300 6.6400 -16.9700
v -30.8700 7.5400 13.8700
v 38.0700 6.6500 18.0600
v 30.7000 7.5600 -13.4100
v 0.0000 0.3400 0.0100
v 5.4200 2.2700 0.0000
v 0.0000 0.9600 0.0000
v 0.0000 0.9600 0.0000
v 0.0000 2.0800 0.0000
v 0.0000 0.9600 0.0000
v 0.0000 27.3600 0.0000
v 5.9200 1.0000 0.0000
v 36.5600 2.4500 5.9200
v 0.3500 5.7000 0.0000
v 4.0000 7.7400 -1.3000
v 2.5700 -2.5600 0.0000
v 0.0000 0.0000 3.5700
v 0.0000 0.1900 2.5700
v 10.2300 -0.0100 0.0000
v -1.4000 0.8400 1.2300
v 0.7100 15.3600 10.2300
v 3.8100 8.2300 -0.7200
v 2.5700 -2.5600 0.0000
v 0.0000 0.0000 2.9200
v 9.3700 -0.0100 0.0000
v 36.0600 0.2900 0.3000
v 0.3600 15.3600 9.3700
v -0.2500 2.7800 27.5900
v 0.0000 0.0000 -4.7400
v 0.0000 0.1900 2.5700
v 10.2300 -0.0100 0.0000
v -2.1300 0.8400 1.2300
v 0.7100 15.3600 10.2300
v -4.2100 8.5200 -1.4300
v 2.5700 -2.5600 0.0000
v 0.0000 0.0000 -4.5700
v 0.0000 0.1900 2.5700
v 10.2300 -0.0100 0.0000
v 5.3600 0.8400 1.2300
v 0.7100 15.3600 10.2300
v 0.5000 8.5200 5.3400
v 2.5700 -2.5600 0.0000
v 0.0000 0.0000 0.1200
v 0.0000 0.1900 2.5700
v 10.2300 -0.0100 0.0000
v 0.7000 0.3500 0.3200
v 0.3600 15.3600 7.6800
v -0.0200 -3.4100 1.3400
v 0.0000 0.0000 0.2000
v 0.0000 0.0000 0.1600
v 17.4700 1.0000 0.0000
v 0.0000 0.0100 0.0000
v 0.9900 1.0000 17.4700
v -11.9800 2.0200 2.1100
v 0.0000 0.0000 -0.3000
v 0.0000 1.6800 0.0000
v 5.9200 14.3200 0.0000
v 0.5600 1.4800 5.9200
v 0.1400 10.2400 0.0000
v -14.7200 2.1100 0.2800
v 0.0000 0.0000 -0.2800
v 0.0000 0.9700 0.0000
v 10.2300 -0.0100 0.0000
v 0.7900 0.3500 0.3200
v 0.3700 15.3600 10.2300
v -19.6100 4.6900 0.6100
v 0.0000 0.0000 9.3200
v 14.9800 1.0000 0.0000
v 0.8300 14.9000 5.9200
v 2.5600 5.2200 0.0000
v -0.1900 2.1100 0.8300
v 0.0000 0.0000 -0.3000
v 5.9200 1.0000 0.0000
v 0.6800 8.5700 5.9200
v 2.5600 5.1700 0.0000
v -0.1900 2.1100 0.8300
v 0.0000 1.0600 0.0000
v 0.0000 0.0000 0.2100
v 10.5700 1.0000 0.0000
v 0.0000 3.3400 0.0000
v 13.4200 2.6300 10.5700
v 0.0600 5.1300 0.0000
v 11.3400 2.4700 -0.5100
v 1.2400 2.4700 -6.8000
v 0.0000 0.4200 0.0200
v 8.0500 0.1600 1.0600
v -0.3000 -11.0600 2.1100
v 5.9200 6.9900 0.0000
v 0.0000 0.9600 0.0000
v 0.0000 13.9200 0.0000
v 0.0000 20.0000 0.0000
v 0.0000 0.9600 0.0000
v -18.1300 0.0000 0.0000
v 0.0000 0.6900 0.1100
v 5.0500 -6.6000 -17.8400
v 0.0000 0.0100 0.0000
v 0.0000 0.0300 0.0000
v 0.0000 0.0000 22.4200
v 0.1100 0.0000 0.0000
v 18.7900 0.0000 0.0000
v 0.0000 0.6900 0.1100
v 0.0000 0.0100 0.0000
v 0.0000 0.0700 0.0000
v 0.0000 0.0000 8.7800
v 0.1900 0.0000 0.0000
v -18.3600 0.9900 0.3600
v 2.5600 0.0000 0.0000
v 2.0500 -11.8200 -17.5000
v 0.0000 0.5100 0.0000
v 0.0000 0.1100 2.5600
v 0.0000 0.0000 4.7900
v 1.8000 0.0000 0.0000
v -11.5800 0.9000 3.5400
v 2.5600 0.0000 0.0000
v -19.2300 -11.9700 -13.2100
v 0.0000 0.5100 0.0000
v 0.0000 0.1500 2.5600
v 0.0000 0.0000 10.7700
v 0.9200 0.0000 0.0000
v 4.3500 -8.2200 14.2200
v 0.0000 0.5100 0.0000
v 0.0000 0.1900 2.5600
v 0.1400 0.0200 0.0000
v 0.1400 0.0200 0.0000
v 0.1400 0.0200 0.0000
v 0.7400 0.0100 0.0000
v 0.7400 0.0100 0.0000
v 0.7400 0.0100 0.0000
v 0.7400 0.0100 0.0000
v 0.7400 0.0100 0.0000
v 0.7400 0.0100 0.0000
v 9.7900 1.0000 0.0000
v 34.0800 5.9500 7.1600
v 0.3500 5.7700 0.0000
v 6.2800 1.4600 0.0000
v -15.8900 5.8200 6.2800
v 2.7000 7.6800 0.0000
v 0.7800 -17.2600 -16.7100
v 0.0000 0.0000 23.2200
v 17.0100 1.0000 0.0000
v 23.1300 17.1600 17.0100
v 2.7100 5.1200 0.0000
v 0.0000 0.0000 26.4400
v 3.5000 1.0000 0.0000
v 0.0000 0.0100 0.0000
v 21.0100 1.3900 3.5000
v 0.2000 5.1400 0.0000
v 28.3300 -5.7200 27.9200
v 0.0000 0.0000 35.0300
v 3.5000 1.0000 0.0000
v 0.0000 0.0100 0.0000
v 39.9900 1.6100 3.5000
v 0.2000 5.1400 0.0000
v 3.5000 1.0000 0.0000
v 0.0000 0.0100 0.0000
v 32.7000 1.6700 3.5000
v 0.2000 5.1400 0.0000
v 3.5000 1.0000 0.0000
v 0.0000 0.0100 0.0000
v 13.5600 1.5600 3.5000
v 0.2000 5.1400 0.0000
v 14.4800 1.0000 0.0000
v 27.3800 17.1600 17.0100
v 2.7100 5.1200 0.0000
v 0.0000 0.0000 -28.0300
v 17.1400 11.9800 0.0000
v -0.2900 0.8800 0.9100
v 2.9600 15.3600 0.9900
v -32.4800 -9.9700 -17.2400
v 0.0000 0.0000 5.2000
v 5.6200 4.5700 0.0000
v 10.2300 -0.0100 0.0000
v 2.9300 15.3600 10.2300
v 0.0000 0.0000 9.1300
v 5.6200 4.5700 0.0000
v 10.2300 -0.0100 0.0000
v 31.1600 0.5700 5.6200
v 2.9300 15.3600 10.2300
v 0.0000 0.8400 0.0000
v 5.6200 4.5700 0.0000
v 10.2300 -0.0100 0.0000
v 3.2700 15.3600 5.7300
v -31.6300 -8.2000 -18.1600
v 0.0000 0.0000 5.0800
v 0.0000 0.1400 2.5700
v 1.0700 4.5700 0.0000
v 31.3800 1.1800 1.0700
v 3.2700 15.3600 5.7300
v 11.4100 0.0100 0.0000
v 38.3600 8.6900 8.8900
v 0.0000 5.1700 0.0000
v 9.1800 -20.1700 -2.9000
v 0.0000 0.0200 0.0000
v 0.0000 0.0000 -21.8700
v 0.0000 6.4100 0.0000
v 15.9200 5.1400 0.0000
v 0.0000 3.8000 0.0000
v 23.9700 10.3800 15.9200
v 0.0200 5.1200 0.0000
v 10.5400 -8.0900 11.7200
v 0.0000 0.0000 9.1300
v 0.0000 0.0400 0.0000
v 9.7900 1.0000 0.0000
v 0.0000 0.8900 0.0000
v 16.8700 30.9800 22.0400
v 0.4800 5.2100 0.0000
v 0.0000 0.0000 2.1300
v 7.7300 7.5400 0.0000
v 0.0000 3.8100 0.0000
v 20.7800 16.5000 9.7900
v 0.0900 6.7000 0.0000
v 1.1100 3.0100 0.0000
v 7.0900 1.0000 0.0000
v 25.3800 1.8100 7.0900
v 0.0400 5.1300 0.0000
v 26.3000 -8.0500 20.8500
v 0.0000 0.0000 28.2200
v 7.0900 1.0000 0.0000
v 39.9500 2.1100 11.3500
v 0.0400 5.1300 0.0000
v 38.2100 -8.0500 21.5000
v 0.0000 0.0000 37.4900
v 11.3500 1.0000 0.0000
v 33.0200 2.4800 11.3500
v 0.0400 5.1300 0.0000
v 11.3500 1.0000 0.0000
v 13.4800 1.9500 11.3500
v 0.0400 5.1300 0.0000
v 10.1600 1.0000 0.0000
v -19.0400 1.8600 6.7600
v 0.0400 5.1300 0.0000
v 4.3400 -12.6100 -16.5900
v 7.0900 1.0000 0.0000
v 12.8200 2.3100 11.3500
v 0.0400 5.1300 0.0000
v -26.3200 -14.1400 -17.7900
v 0.0000 0.0000 -23.9300
v 9.7900 1.0000 0.0000
v 0.0000 0.0300 0.0000
v -18.3800 4.1000 9.7900
v 0.1200 5.1200 0.0000
v 11.3500 -6.8500 11.7600
v 3.3300 -7.1400 22.5400
v -29.4000 -5.8900 -9.6400
v 0.0000 0.3400 0.1700
v 0.7800 -16.7100 -17.2600
v 21.0100 -1.7300 3.5000
v 32.7000 -1.7700 3.5000
v 0.3200 0.0000 0.3100
v 0.3300 0.0000 0.3600
v 0.0100 0.0000 0.0100
v 0.0100 0.0000 0.0000
v 0.0000 0.9600 0.0000
v 0.0000 0.9600 0.0000
v 0.0000 0.9600 0.0000
v 0.0000 0.9600 0.0000
v 0.0000 0.9600 0.0000
v 4.3500 1.0000 0.0000
v 0.0000 0.0200 0.0000
v -35.0900 2.9000 5.2300
v 0.3500 0.6700 0.0000
v -1.2300 -0.6600 -0.4900
v 0.0000 0.6600 0.0000
v 0.0000 0.0000 0.0100
v -35.4200 2.9000 5.8500
v 0.3500 0.6800 0.0000
v 6.3000 0.6500 -34.2300
v 0.0000 0.9600 0.0000
v 0.0000 0.9600 0.0000
v 0.0000 0.9600 0.0000
v 0.0000 0.9600 0.0000
v 0.0000 18.5600 0.0000
v 4.0000 1.0000 0.0000
v 0.0000 0.0100 0.0000
v 15.4200 2.2700 4.0000
v 0.3500 5.1400 0.0000
v 0.0000 0.0000 -39.0900
v 6.9000 1.0000 0.0000
v 0.0200 1.4100 4.0000
v 3.0000 5.1600 0.0000
v -39.7800 3.3100 -14.1300
v 4.0000 1.0000 0.0000
v -0.3900 3.2200 4.2600
v 2.7100 5.1200 0.0000
v -12.6400 23.1800 12.7000
v 0.0000 0.0300 0.0000
v 0.0000 0.0000 -39.2500
v 24.7700 1.0000 0.0000
v 0.0000 5.6300 0.0000
v -14.7800 8.1400 7.4400
v 0.0000 5.1200 0.0000
v -39.9100 7.5300 15.3600
v 0.0000 0.0000 36.4700
v 0.0000 1.2400 0.0000
v 6.4400 1.0000 0.0000
v -0.4000 8.8700 19.2400
v 0.0000 5.1700 0.0000
v -9.8700 2.6900 4.5000
v 0.0000 1.2400 0.0000
v 5.9000 1.0000 0.0000
v 10.2300 -0.0100 0.0000
v 0.6300 4.6000 7.7800
v 2.8700 6.0600 0.0000
v -3.6500 10.2800 -2.5200
v 0.0000 0.0000 -2.8700
v 33.8800 1.0000 0.0000
v 0.0800 5.7700 0.0000
v 6.4700 19.9100 1.6000
v 0.0000 0.0000 -0.9700
v 7.3100 1.0000 0.0000
v 0.0000 0.0300 0.0000
v -38.1800 8.0100 14.6800
v -34.2300 23.3300 1.0000
v -34.8000 5.9100 -12.9300
v 5.8800 22.3700 -12.8500
v -9.2000 24.5200 -14.0600
v 0.0000 0.9600 0.0000
v 0.0000 0.9600 0.0000
v 0.0000 0.9600 0.0000
v 0.0000 0.9600 0.0000
v 0.0000 0.9600 0.0000
v 4.5400 1.0000 0.0000
v 0.0000 0.0100 0.0000
v 0.6000 3.4000 4.6700
v 0.3500 5.6200 0.0000
v 10.4600 26.6000 8.4600
v 0.0000 0.0300 0.0000
v 0.0000 0.0000 9.0700
v 3.7600 1.0000 0.0000
v 0.0000 2.7300 0.0000
v 0.5600 6.1600 6.0700
v 0.0000 5.1200 0.0000
v 29.0700 18.0500 1.1500
v 0.0000 0.0200 0.0000
v 0.0000 0.0000 -13.5000
v 0.0000 0.5300 0.0000
v 27.2200 1.0000 0.0000
v 0.0800 7.3000 0.0000
v 38.9000 26.7700 0.6000
v 33.3100 26.4100 -0.1500
v 0.4800 21.1400 -25.6100
v 0.0000 0.0000 7.6800
v 28.1600 0.0000 0.0000
v 0.0000 0.0000 7.6800
v 26.6300 -19.6100 -33.2900
v 36.0500 10.2400 0.0000
v 28.9700 28.1300 -21.4100
v 0.0000 0.0000 7.6800
v -13.2900 -38.5700 -3.2100
v 15.3600 0.0000 0.0000
v -28.1600 0.0000 0.0000
v 0.0100 1.3600 0.0000
v 0.0100 10.0800 0.0000
v 0.0100 25.1200 0.0000
v -7.0000 37.5600 -5.5100
v 21.5700 30.7200 0.0000
v -1.2700 12.5100 24.3600
v -7.0500 -29.9000 -24.0800
v 39.4400 -17.4700 -14.7900
v 28.1600 0.0000 0.0000
v 16.2000 0.0000 0.0000
v 7.6800 0.0000 0.0000
v -39.1500 -9.1100 16.0700
v -23.0500 32.1200 31.8000
v 16.5000 -9.2100 -7.0300
v 25.5800 0.6500 28.2700
v 37.4600 -20.8000 -11.2400
v 10.3500 28.1900 28.1900
v -5.1000 0.0000 0.0000
v 36.6300 -24.4300 15.9600
v 38.4000 0.0000 0.0000
v -17.8700 0.0000 0.0000
v 2.5600 0.0000 0.0000
v 0.0900 38.3600 -34.4400
v -17.9200 0.0000 0.0000
v 0.0000 0.0000 7.6800
v 0.0000 0.0000 7.6800
v 2.5600 0.0000 0.0000
v -35.6900 0.0000 0.0000
v 0.0000 0.0000 7.6800
v 33.2800 0.0000 0.0000
v 7.6800 0.0000 0.0000
v -3.0600 -8.6700 -17.3300
v -15.2700 0.0000 0.0000
v 0.0000 0.0000 7.6800
v -1.8500 -1.5400 -9.3500
v -18.8900 -2.5400 0.0000
v 0.0000 0.0000 7.6800
v 20.5400 15.6600 17.7400
v -35.6200 6.9500 -0.0100
v 7.8600 0.0000 0.0000
v 15.9100 16.3700 15.9900
v 7.6800 0.0000 0.0000
v 23.0400 0.0000 0.0000
v 31.0800 2.5600 0.0000
v 20.5400 15.6600 17.7400
v 23.0400 0.0000 0.0000
v 20.5400 15.6600 17.7400
v 20.5400 15.6600 17.7400
v 10.2400 0.0000 0.0000
v 32.4500 31.5000 32.3000
v 15.3600 0.0000 0.0000
v 20.5400 15.6600 17.7400
v 15.9100 16.3700 22.4900
v 0.0000 15.9200 0.0000
v 0.0000 15.9200 0.0000
v 0.0000 15.9200 0.0000
v 0.0000 15.9200 0.0000
v 0.0000 15.9200 0.0000
v 0.0000 15.9200 0.0000
v 0.0000 15.9200 0.0000
v 0.0000 15.9200 0.0000
v 0.0000 15.9200 0.0000
v 0.0000 15.9200 0.0000
v 0.0000 15.9200 0.0000
v 0.0000 15.9200 0.0000
v 0.0000 15.9200 0.0000
v 0.0000 15.9200 0.0000
v 0.0000 15.9200 0.0000
v 0.0000 15.9200 0.0000
v 0.0000 15.9200 0.0000
v 0.0000 15.9200 0.0000
v 0.0000 15.9200 0.0000
v 0.0000 15.9200 0.0000
v 0.0000 15.9200 0.0000
v 0.0000 15.9200 0.0000
v 0.0000 15.9200 0.0000
v 0.0000 15.9200 0.0000
v 0.0000 15.9200 0.0000
v 0.0000 15.9200 0.0000
v 0.0000 15.9200 0.0000
v 0.0000 15.9200 0.0000
v 0.0000 15.9200 0.0000
v 0.0000 15.9200 0.0000
v 0.0000 16.8800 0.0000
v 0.0000 16.8800 0.0000
v 0.0000 16.8800 0.0000
v 0.0000 16.8800 0.0000
v 0.0000 16.8800 0.0000
v 0.0000 16.8800 0.0000
v 0.0000 16.8800 0.0000
v 0.0000 16.8800 0.0000
v 0.0000 16.8800 0.0000
v 0.0000 16.8800 0.0000
v 0.0000 16.8800 0.0000
v 0.0000 16.8800 0.0000
v 0.0000 16.8800 0.0000
v 0.0000 16.8800 0.0000
v 0.0000 16.8800 0.0000
v 0.0000 16.8800 0.0000
v 0.0000 16.8800 0.0000
v 0.0000 16.8800 0.0000
v 0.0000 16.8800 0.0000
v 0.0000 16.8800 0.0000
v 0.0000 16.8800 0.0000
v 0.0000 16.8800 0.0000
v 0.0000 16.8800 0.0000
v 0.0000 16.8800 0.0000
v 0.0000 16.8800 0.0000
v 0.0000 16.8800 0.0000
v 0.0000 16.8800 0.0000
v 0.0000 16.8800 0.0000
v 0.0000 16.8800 0.0000
v 0.0000 17.8400 0.0000
v 0.0000 17.8400 0.0000
v 0.0000 17.8400 0.0000
v 0.0000 17.8400 0.0000
v 0.0000 17.8400 0.0000
v 0.0000 18.8000 0.0000
v 0.0000 19.7600 0.0000
v 0.0000 19.7600 0.0000
v 0.0000 19.7600 0.0000
v 0.0000 20.7200 0.0000
v 0.0000 20.7200 0.0000
v 0.0000 20.7200 0.0000
v 0.0000 20.7200 0.0000
v 0.0000 21.6800 0.0000
v 0.0000 21.6800 0.0000
v 0.0000 21.6800 0.0000
v 0.0000 22.6400 0.0000
v 0.0000 23.6000 0.0000
v 0.0000 23.6000 0.0000
v 0.0000 24.5600 0.0000
v 0.0000 25.5200 0.0000
v 0.0000 27.4400 0.0000
v 0.0000 27.4400 0.0000
v 0.0000 27.4400 0.0000
v 0.0000 27.4400 0.0000
v 0.0000 27.4400 0.0000
v 0.0000 27.4400 0.0000
v 0.0000 27.4400 0.0000
v 0.0000 27.4400 0.0000
v 0.0000 28.4000 0.0000
v 0.0000 30.3200 0.0000
v 0.0000 31.2800 0.0000
v 0.0000 31.2800 0.0000
v 0.0000 31.2800 0.0000
v -2.5400 11.3200 -2.4900
v -2.4900 3.6100 -2.4900
v -2.4900 3.6100 0.0000
v 0.0000 3.7300 0.0000
v 0.0000 4.7200 -2.4800
v -2.4900 13.5200 -2.4900
v -2.4900 13.5200 -2.5200
v -2.5200 13.5200 0.0000
v -2.5200 13.6600 -2.5200
v 0.0000 17.3200 -2.5400
v 0.0000 12.5000 0.0000
v 0.0000 12.4700 0.0000
v -2.5000 8.8200 -2.5000
v -2.5000 8.8200 -2.5000
v -2.5000 8.8200 0.0000
v 0.0000 8.8500 -2.4900
v -2.5400 11.3200 -2.4900
v -2.4900 3.6100 -2.4900
v -2.4900 3.6100 0.0000
v 0.0000 3.7300 0.0000
v 0.0000 4.7200 -2.4800
v -2.5200 10.5100 -2.5200
v -2.5200 10.5100 -2.5400
v -2.5200 10.5100 -2.5200
v 0.0000 10.6200 0.0000
v 0.0000 10.5600 0.0000
v -2.5200 10.5100 -2.5200
v -2.5200 10.5100 -2.5400
v -2.5200 10.5100 -2.5200
v 0.0000 10.6200 0.0000
v 0.0000 10.5600 0.0000
v -2.5400 11.3200 -2.4900
v -2.4900 3.6100 -2.4900
v -2.4900 3.6100 0.0000
v 0.0000 3.7300 0.0000
v 0.0000 4.7200 -2.4800
v -2.4900 13.5200 -2.4900
v -2.4900 13.5200 -2.5200
v -2.5200 13.5200 0.0000
v -2.5200 13.6600 -2.5200
v 0.0000 17.3200 -2.5400
v -2.4400 17.1500 -2.4400
v -2.4400 17.1500 -2.4400
v -2.5000 17.2600 0.0000
v -2.4400 17.1500 0.0000
v 0.0000 17.3200 0.0000
v -2.4400 17.1500 -2.4400
v -2.4400 17.1500 -2.4400
v -2.5000 17.2600 0.0000
v -2.4400 17.1500 0.0000
v 0.0000 17.3200 0.0000
v -2.5200 15.1900 -2.5200
v -2.5200 15.1900 -2.5200
v -2.5200 15.1900 -2.5200
v -2.5000 15.1300 -2.5000
v -2.5200 15.3200 -2.5200
v -2.5200 15.3200 -2.5200
v -2.5200 15.3200 -2.5200
v -2.5000 15.1300 -2.5000
v -2.5000 8.8200 -2.5000
v -2.5000 8.8200 -2.5000
v -2.5000 8.8200 0.0000
v 0.0000 8.8500 -2.4900
v 0.0000 12.5000 0.0000
v 0.0000 12.4700 0.0000
v 0.0000 0.1600 0.0000
v 0.0000 0.2400 0.0000
v -22.8900 0.0000 0.0000
v -0.0200 2.5600 0.0000
v 22.8800 16.7700 37.1400
v 0.0000 0.8000 -10.2500
v 25.6000 0.0000 0.0000
v 0.0000 0.8000 -10.2500
v 25.6000 0.0000 0.0000
v 0.0000 0.8000 -10.2500
v 25.6000 0.0000 0.0000
v 0.0000 0.8000 -10.2500
v 25.6000 0.0000 0.0000
v 0.0000 0.8000 -10.2500
v 0.0000 0.8000 -10.2500
v 0.0000 0.8000 -10.2500
v 0.0000 0.8000 -10.2500
v 5.1200 0.0000 0.0000
v 5.1200 0.0000 0.0000
v 5.1200 0.0000 0.0000
v 5.1200 0.0000 0.0000
v 31.5200 0.0000 0.0000
v 5.1200 0.0000 0.0000
v 0.0000 22.6400 0.0000
v 12.8000 0.0000 0.0000
v 12.8000 0.0000 0.0000
v 5.9600 13.0000 4.0900
v -25.4700 -17.8100 0.0000
v -23.0500 7.7100 28.1900
v 38.4000 0.0000 0.0000
v -2.5100 0.0000 0.0000
v 38.4000 0.0000 0.0000
v 17.9200 0.0000 0.0000
v -4.8500 0.0000 0.0000
v 19.3700 35.9800 36.1300
v 13.4200 16.7000 -1.2900
v 30.0700 10.6600 -4.0100
v -3.2900 33.9000 -20.4100
v -2.5100 0.0000 0.0000
v -10.2100 0.0000 0.0000
v 25.7000 5.2200 5.1400
v 35.9800 35.9800 36.6600
v 3.4000 10.3400 2.7700
v 4.4700 2.5600 0.0000
v 5.1200 0.0000 0.0000
v 30.6000 9.5100 19.0400
v 38.4000 0.0000 0.0000
v 26.4500 -13.9200 36.8400
v 33.2800 0.0000 0.0000
v 15.3600 0.0000 0.0000
v -2.5600 0.0000 0.0000
v 2.5700 2.6100 15.3700
v 12.8600 12.8500 12.8500
v 24.8800 15.1200 2.2000
v -8.0800 3.7800 -17.7900
v 15.5500 8.7000 -1.8000
v 23.1500 -29.4500 2.5600
v 11.8700 -25.9800 -15.0600
v -12.1300 34.1800 -6.8200
v -37.1300 0.0000 0.0000
v -18.5400 -22.8200 -29.3900
v -6.3800 -11.2900 -28.6500
v -29.4500 0.0000 0.0000
v 0.0000 5.5200 0.0000
v 0.0000 7.7600 0.0000
v 0.0000 10.0000 0.0000
v 0.0000 12.0800 0.0000
v 0.0000 14.9600 0.0000
v 0.0000 16.8800 0.0000
v 0.0000 19.0400 0.0000
v 0.0000 21.2800 0.0000
v 0.0000 23.2800 0.0000
v 0.0000 24.3200 0.0000
v 0.0000 26.4000 0.0000
v 0.0000 28.4000 0.0000
v 0.0000 30.4000 0.0000
v 0.0000 32.4800 0.0000
v 0.0000 34.5600 0.0000
v 0.0000 36.7200 0.0000
v 0.0000 38.7200 0.0000
v 5.1200 0.0000 0.0000
v 0.0200 0.0000 0.0000
v 0.0000 0.1600 0.0000
v 0.0000 23.0400 5.1200
v 20.4200 0.0000 0.0000
v 0.6000 0.4800 0.4900
v 0.6600 0.0000 0.0000
v 7.6800 12.8200 0.0000
v 0.0400 0.0000 0.0000
v 0.9300 0.9400 0.9500
v 1.0900 1.0000 0.3400
v 10.2400 15.3900 0.0000
v 0.0400 0.0000 0.0000
v 1.4000 1.4100 0.0000
v 10.2800 2.7900 0.0000
v -2.5600 0.0000 0.0100
v 10.2600 0.0000 0.0000
v 0.4000 0.3500 0.3600
v 0.2900 0.2800 0.2900
v 0.2200 0.2300 0.2400
v 1.9200 0.4400 0.1200
v 0.4100 0.0000 0.0000
v 10.2800 20.4800 0.0000
v -2.5100 2.5600 0.0000
v 0.0200 0.0000 0.0000
v 0.7300 0.7400 0.8300
v 0.0000 2.0000 0.0000
v 7.6800 5.1300 0.0000
v 0.0400 0.0000 0.0000
v 0.0000 0.1600 0.0000
v 0.0000 15.3600 5.1200
v 0.8500 0.8100 0.8200
v 0.0000 0.1600 0.0000
v 2.5600 38.4000 5.1200
v 0.4500 0.4800 0.4900
v 0.5500 0.5700 0.5600
v 0.0000 0.1600 0.0000
v -0.6400 0.0000 0.0000
v 0.0000 0.1600 0.0000
v 0.1600 10.2400 0.0000
v -0.6400 0.0000 0.0000
v 1.5200 1.5300 1.5400
v 0.0000 2.5000 0.0000
v 0.0400 0.0000 0.0000
v 7.6800 23.0900 0.0000
v 0.0000 2.5000 0.0000
v 0.0400 0.0000 0.0000
v 0.0000 0.1600 0.0000
v 0.0000 10.2400 5.1200
v 0.7500 0.7600 0.7700
v 10.2500 38.4700 0.0000
v 0.0200 0.0000 0.0000
v 0.0000 0.1600 0.0000
v 0.0000 7.6800 0.0000
v 1.1300 1.1400 1.1500
v 7.6800 0.0000 0.0000
v -2.5100 0.0000 0.7600
v 0.0200 0.0000 0.0000
v 0.0000 0.1600 0.0000
v 0.0000 5.1200 0.0000
v 1.9100 2.0300 0.0000
v 10.2800 0.0000 0.0000
v 0.0400 0.0000 0.0000
v 0.0000 0.1600 0.0000
v 0.0000 2.5600 0.0000
v 1.8300 0.0000 0.0000
v 0.0000 4.0000 0.0000
v 0.0400 0.0000 0.0000
v 0.0000 0.0400 0.0000
v 0.0000 0.1600 0.0000
v 0.1600 12.8000 0.0000
v -0.6400 0.0000 0.0000
v 1.4700 1.4800 1.4900
v 0.0000 0.1600 0.0000
v 0.0000 2.5600 0.0000
v 0.0000 0.3500 2.0000
v 2.0000 0.0000 0.0000
v 7.6800 0.0000 0.0000
v 0.0400 0.0000 0.0000
v 0.0000 0.0400 0.0000
v 0.0000 0.1600 0.0000
v 0.0000 0.1600 0.0000
v 0.0000 0.1600 0.0000
v 0.0000 2.5600 0.0000
v 2.0100 0.0000 0.0000
v 0.0000 2.0000 0.0000
v 0.0400 0.0000 0.0000
v 0.0000 0.1600 0.0000
v 0.1600 7.6800 0.0000
v -8.3200 0.0000 0.0000
v 1.6100 1.6200 1.6300
v 10.2600 0.0000 0.0000
v 0.0400 0.0000 0.0000
v 0.0000 0.1600 0.0000
v 0.0000 0.1600 0.0000
v 0.0000 7.6800 0.0000
v 1.4500 1.4600 1.4700
v 0.0500 0.0000 0.0000
v 0.0000 0.1600 0.0000
v 0.1600 5.1200 0.0000
v -8.3200 0.0000 0.0000
v 1.5600 1.5700 0.0000
v 0.0400 0.0000 0.0000
v 0.0700 0.0800 0.0100
v 0.0000 0.1600 0.0000
v 0.0000 0.1600 0.0000
v 0.0000 2.5600 0.0000
v -10.2400 0.0000 0.0000
v 1.8500 0.0000 0.0000
v 0.0400 0.0000 0.0000
v 1.2100 0.0000 0.0000
v 0.0400 0.0000 0.0000
v 0.0000 0.1600 0.0000
v 0.0000 5.1200 0.0000
v 0.0500 0.0800 0.0000
v 0.0400 0.0000 0.0000
v 0.0000 0.0400 0.0000
v 0.0000 0.1600 0.0000
v 0.0000 2.5600 0.0000
v -0.6400 0.0000 0.0000
v 1.8700 0.0000 0.0000
v 10.2800 0.0000 0.0000
v 1.1100 1.1200 0.0000
v 0.0400 0.0000 0.0000
v 0.0000 0.0100 0.0000
v 0.0000 0.1600 0.0000
v 0.0000 2.5600 0.0000
v 1.8800 0.0000 0.0000
v 7.6800 0.0000 0.0000
v 0.0400 0.0000 0.0000
v 0.0000 0.1600 0.0000
v 0.0000 12.8000 0.0000
v 1.2200 1.2300 1.2400
v 0.0000 0.1600 0.0000
v 0.0000 2.5600 0.0000
v -0.0100 0.0000 0.0000
v 1.7700 0.0000 0.0000
v 0.0400 0.0000 0.0000
v 0.0000 0.1600 0.0000
v 0.0000 2.5600 0.0000
v 1.7900 0.0000 0.0000
v 10.2800 0.0000 0.0000
v 0.0000 0.1600 0.0000
v 0.0000 2.5600 0.0000
v 1.7800 0.0000 0.0000
v 10.3000 2.7900 0.0000
v 0.0400 0.0000 0.0000
v 0.3300 0.0000 0.0000
v 1.7300 0.0000 0.0000
v 0.0400 0.0000 0.0000
v 0.0000 0.1600 0.0000
v 0.0000 2.5600 0.0000
v 1.9000 0.0000 0.0000
v 2.5600 0.0000 0.0000
v 0.0000 0.1600 0.0000
v 0.0000 10.2400 0.0000
v 1.6600 1.6700 1.7300
v 0.0400 0.0000 0.0000
v 0.0000 0.1600 0.0000
v 0.0000 15.3600 0.0000
v 0.9900 1.0200 1.0300
v 0.0000 0.1600 0.0000
v 0.0000 36.9600 0.0100
v 0.0500 -13.0400 0.0000
v 0.4000 28.1600 0.0000
v 0.4600 -19.4400 0.0000
v 0.5900 24.4800 0.0300
v 0.6300 -27.8400 0.0000
v 0.7100 -24.0800 0.0000
v 0.7200 6.4000 0.0000
v 0.8000 -1.2800 0.0000
v 0.8100 -33.0400 0.0000
v 0.9600 36.4800 0.0000
v 0.9800 9.0400 0.0000
v 0.9900 7.4400 0.0000
v 1.2000 37.1200 0.0000
v 1.2300 10.2400 0.0000
v 1.2300 -2.9600 0.0300
v 1.4700 16.3200 0.0000
v 1.4800 -14.0800 0.0000
v 1.5200 30.1600 0.0200
v 1.6000 -18.5600 0.0000
v 1.6400 19.3600 0.0200
v 1.7200 21.8400 0.0000
v 2.6000 31.4400 0.0000
v 2.9700 6.8800 0.0000
v 3.3200 -23.8400 0.0500
v 3.3900 -11.7600 0.0000
v 3.4800 -20.8000 0.0000
v 3.5700 -10.0000 0.0000
v -5.1300 -0.0600 12.8200
v 11.5800 6.7900 19.8600
v -39.6600 2.2300 -1.0100
v -0.8100 -25.0900 -9.5600
v 10.2500 2.5600 -0.1300
v 10.2400 30.4400 -6.5500
v 0.0000 0.0000 -0.1300
v 0.0000 2.5500 -32.8000
v 0.0000 6.0000 0.0000
v 6.0000 3.2000 0.0000
v 14.2300 -6.1300 -3.4400
v -2.4500 -26.7300 -5.8800
v 4.3400 -21.6500 -16.6100
v 13.1400 -0.0100 -0.5500
v -0.1100 -0.0100 -0.5000
v 0.0000 0.0000 0.0900
v -5.1300 -0.0100 -7.1600
v -0.0100 -16.4300 1.3500
v 37.6700 -32.9000 34.6300
v -1.1100 10.2300 -32.8000
v 20.3700 20.4700 -32.8000
v -13.9600 -5.4700 -17.5200
v 5.3000 10.2300 -32.8000
v 0.0000 0.0000 -0.1300
v 0.0000 2.5500 -32.8000
v 0.0000 6.0000 0.0000
v 1.5500 17.7000 -0.1300
v 31.4900 -38.0600 30.0700
v -0.4200 -25.1000 2.0300
v -0.0100 -0.0300 -25.8400
v -14.0100 2.5500 -32.8000
v 0.3200 0.3200 0.3200
v 0.3200 0.3200 0.3200
v 0.3200 0.3200 0.3200
v 0.3200 0.3200 0.3200
v 0.0000 0.0000 0.3200
v 0.3200 0.3200 0.3200
v 0.3200 0.3200 0.3200
v 0.3200 0.3200 0.3200
v 0.3200 0.3200 0.3200
v -10.9300 10.9000 30.9100
v 1.3100 3.8500 1.6000
v -3.8400 25.5900 -32.8000
v 0.3200 0.3200 0.3200
v 0.3200 0.3200 0.3200
v 0.3200 0.3200 0.3200
v 0.3200 0.3200 0.3200
v 19.2400 0.3200 0.3200
v 0.3200 0.3200 0.3200
v 0.3200 0.3200 0.3200
v 0.3200 0.3200 0.3200
v -0.0100 -17.5600 0.0100
v -0.0100 -0.0100 -0.1900
v 0.0000 0.0000 2.5500
v 0.0000 0.0000 -0.1300
v 0.0000 0.0000 0.0300
v -0.0100 -31.8400 -8.3700
v 0.0000 0.0000 -8.1900
v 1.6000 0.3900 34.5000
v -38.5600 -1.3000 -0.1300
v -30.1800 -39.3500 -37.4700
v 0.0000 0.0000 2.3400
v 0.3200 0.3200 0.3200
v 0.3200 0.3200 0.3200
v 0.3200 0.3200 0.3200
v 0.3200 0.3200 0.3200
v 0.3200 0.3200 2.5500
v -28.1600 0.0000 0.0000
v 0.3200 0.3200 0.3200
v 0.3200 0.3200 0.3200
v 0.3200 0.3200 0.3200
v 0.3200 0.3200 0.3200
v 0.3200 0.3200 0.3200
v 0.3200 0.3200 0.3200
v 0.3200 0.3200 0.3200
v 0.3200 0.3200 0.0000
v 27.0000 -13.3600 28.9200
v 16.9700 29.5500 22.7700
v 0.3200 0.3200 0.3200
v 0.3200 0.3200 0.3200
v 0.3200 0.3200 0.3200
v 0.3200 0.3200 0.3200
v 0.0000 0.3200 0.3200
v 0.3200 0.3200 0.3200
v 0.3200 0.3200 0.3200
v 0.3200 0.3200 0.3200
v -12.8000 0.0000 0.0000
v 0.0000 0.0000 -0.1300
v 12.8000 0.0000 0.0000
v 0.0000 0.0000 2.5500
v 0.0000 0.0000 1.7300
v 0.0000 6.0000 0.0000
v 6.0000 0.0000 0.0000
v 36.4400 37.9900 -26.8400
v 0.0000 0.0000 2.1400
v 0.3800 22.9500 2.8800
v 1.2900 1.6000 32.8800
v -15.4200 21.4400 20.8400
v -15.4300 -27.8800 -0.6800
v -18.7900 -34.2700 -0.1300
v 6.2700 -20.1300 -9.5800
v 36.1200 36.1900 38.5500
v -29.9100 -17.7600 -8.9600
v -5.2700 19.7000 20.9300
v -5.1700 -34.2600 -7.3600
v 23.2000 -4.3000 38.3900
v 0.0200 14.1600 17.9500
v -15.5200 -10.9100 -2.5900
v -0.0100 -6.4100 -0.0100
v 4.7600 10.2400 1.3300
v -7.5800 0.0000 21.2800
v 12.9600 31.4100 -33.9400
v -17.0700 -29.1100 -0.1300
v 22.8400 10.4900 9.6400
v -13.4900 8.4600 -34.9500
v -0.1400 -5.1300 -32.8000
v 0.0000 0.0000 -38.0300
v 0.9700 -4.2900 -0.1300
v 23.4200 39.6600 -9.5600
v -35.2700 33.2700 -32.8000
v 21.8700 -27.9000 3.1600
v -14.2700 -29.4700 -11.2000
v -11.5300 -35.0500 -26.2400
v 15.4200 12.2000 21.1800
v -16.4900 -16.2300 -27.6400
v 1.3200 0.0000 9.6300
v -27.2100 -0.0100 -6.4300
v -19.9400 31.3700 6.3000
v -30.0700 -5.1300 -32.8000
v 0.3200 0.3200 0.3200
v 0.3200 0.3200 0.3200
v 0.3200 0.3200 0.3200
v 0.3200 0.3200 0.3200
v 0.3200 0.3200 0.3200
v 0.3200 0.3200 0.3200
v 0.3200 0.3200 0.3200
v 0.3200 0.3200 0.3200
v 4.0500 23.5700 2.5900
v 37.4300 -0.9300 -34.4700
v 0.3200 0.3200 0.3200
v 0.3200 0.3200 0.3200
v 0.3200 0.3200 0.3200
v 0.3200 0.3200 2.5500
v 0.3200 0.3200 0.3200
v 0.3200 0.3200 0.3200
v 0.3200 0.3200 0.3200
v 0.3200 0.3200 0.3200
v -0.5800 23.1300 10.4400
v -0.0100 -29.2400 -12.7800
v -0.4500 -1.1800 -0.2300
v -0.1100 10.8700 -4.4900
v -0.0100 -0.0100 -14.9500
v -0.0100 -33.3700 -0.1300
v 24.5800 21.1300 -38.3700
v -25.2700 2.5600 -11.5300
v -0.8400 -14.7100 19.6000
v -16.7000 -28.2900 -36.2500
v -30.1400 19.3200 -17.0900
v -36.0600 22.1200 2.5500
v 0.0000 0.0000 1.8800
v 19.1900 -0.0100 -7.5900
v 0.0000 0.0000 1.6900
v -0.0100 -34.4800 30.7100
v -2.4400 21.0700 20.1500
v 10.9600 -36.2700 30.8200
v 0.6700 0.0100 14.3200
v -0.0100 -0.0100 -29.6200
v -0.8200 1.6000 0.2700
v 25.1100 -15.6000 -20.3200
v 35.7900 -7.8500 -3.3500
v 23.1500 21.8400 -4.8500
v 8.6300 -0.0100 -31.0200
v -38.8100 5.1200 20.5000
v -2.3500 16.9300 -4.2800
v -15.3500 5.1100 -32.8000
v 6.4000 -3.4500 0.9800
v -37.9000 -4.2800 26.0900
v 24.6400 1.6100 -30.4700
v -35.3300 1.6000 17.6900
v -4.7600 -33.6500 -19.5100
v -0.0200 -20.8100 -30.5200
v 36.8000 28.2600 -14.8800
v 37.4300 -9.5600 27.4700
v 0.0000 0.0000 1.8700
v -10.9800 30.1200 20.5700
v -0.3700 -5.3000 -10.9000
v -0.2400 5.6300 -0.1300
v 0.3600 39.6900 36.0000
v 38.3900 -1.2000 3.3600
v -7.2800 -5.1500 -7.3200
v -5.6600 -7.2300 38.5300
v -0.0100 -0.0100 -0.5500
v -7.3700 -0.0100 -0.6500
v 5.9600 22.0700 -0.3100
v -0.9500 -0.0500 -0.5400
v -8.2500 -1.0400 22.2200
v 0.0000 0.0000 -0.1300
v 0.3200 0.3200 0.3200
v 0.3200 0.3200 0.3200
v 0.3200 0.3200 0.3200
v 0.3200 0.3200 0.3200
v 0.3200 0.3200 0.3200
v 0.3200 0.3200 0.3200
v 0.3200 0.3200 0.3200
v 0.3200 0.3200 0.3200
v 38.7900 14.2400 36.6000
v -0.0100 -3.5300 -0.0100
v 9.9000 22.4400 2.0800
v 7.7800 15.7600 11.0100
v 0.3200 0.3200 0.3200
v 0.3200 0.3200 0.3200
v 0.3200 0.3200 0.3200
v 0.3200 0.3200 0.3200
v 0.3200 0.3200 0.3200
v 0.3200 0.3200 0.3200
v 0.3200 0.3200 0.3200
v 3.3300 13.7700 25.8100
v 2.8800 0.3200 0.3200
v 0.3200 0.3200 0.3200
v 0.3200 0.3200 0.3200
v 0.3200 0.3200 0.3200
v 0.3200 0.3200 0.3200
v 0.3200 0.3200 0.3200
v 0.3200 0.3200 0.3200
v 0.3200 0.3200 0.3200
v 32.0000 26.0500 -0.1300
v -0.6700 -5.6100 -4.9200
v -16.0100 -4.1700 -0.1300
v 1.8300 23.0300 -0.0100
v -25.0900 -7.6900 -32.8000
v -26.4000 21.2500 16.9600
v 0.0000 0.0000 2.5500
v 0.0000 2.5500 -32.8000
v 0.0000 0.3200 0.3200
v 0.3200 0.3200 0.3200
v 0.3200 0.3200 0.3200
v 0.3200 0.3200 0.3200
v 0.3200 0.3200 0.3200
v 0.3200 0.3200 0.3200
v 0.3200 0.3200 0.3200
v 0.3200 0.3200 0.3200
v 0.0000 6.0000 0.0000
v -15.9800 -0.0800 -0.1300
v -19.6700 14.8000 38.4900
v 0.3200 0.3200 0.3200
v 0.3200 0.3200 0.3200
v 0.3200 0.3200 0.3200
v 0.3200 0.3200 0.3200
v 0.3200 0.3200 0.3200
v 0.3200 0.3200 0.3200
v 0.3200 0.3200 0.3200
v 0.0000 0.0000 1.4000
v -30.7300 0.0000 0.0000
v 8.0500 2.5600 -7.0400
v 39.7400 27.7000 27.3500
v 22.8700 -1.7300 33.1100
v -0.0100 -0.1200 -0.1300
v -14.0800 0.1700 12.0100
v 4.0700 39.7600 32.5900
v -23.4200 -0.0400 10.5700
v -0.4500 -0.0100 -12.4700
v 13.1200 0.3200 0.3200
v 0.3200 0.3200 0.3200
v 0.3200 0.3200 0.3200
v 0.3200 0.3200 0.3200
v 0.3200 0.3200 0.3200
v 0.3200 0.3200 0.3200
v 0.3200 0.3200 0.3200
v 0.3200 0.3200 0.3200
v -30.7300 0.0000 0.0000
v -2.0500 -0.0100 -15.6100
v -1.4800 -8.9700 -0.6600
v -11.2200 36.0000 6.1900
v 20.9300 -0.6900 -0.5300
v -0.0100 -0.0100 -0.5100
v -15.2100 3.9100 7.2800
v -0.0400 -7.7000 -4.5300
v 5.1400 29.4700 -1.1200
v 9.4200 36.6400 5.6800
v -0.0100 -0.0200 31.2000
v 0.0000 0.0700 0.0000
v -22.2400 -16.2600 0.0300
v -38.4400 39.9500 -0.1300
v 0.0000 0.0000 -0.1300
v 0.0000 1.1400 -10.5900
v 16.3200 15.8300 -12.4900
v -16.1700 -23.5300 -2.6500
v -20.4900 -0.0100 -29.1200
v 0.0000 0.0000 -0.1300
v -5.2400 -2.0900 -0.1300
v 0.0000 0.0000 -0.1300
v 0.0000 0.0000 -0.1300
v 28.5800 7.2000 -19.2200
v -16.7800 -15.8700 -35.5600
v 22.3100 -0.0100 -0.0100
v -0.0100 -6.6300 10.7400
v -2.9900 -0.0100 -0.0300
v -16.2900 -5.4800 20.6000
v 6.5000 13.0100 39.1100
v 36.7500 -7.9700 -6.2400
v -0.0100 -0.6500 -3.4400
v -35.1800 -1.0200 -25.3200
v -0.0100 -19.0300 -38.5700
v 18.1300 34.9100 7.3700
v -6.2100 -23.4700 -0.1300
v -30.5400 -24.0300 -14.2100
v 0.3200 0.3200 0.3200
v 0.3200 0.3200 0.3200
v 0.3200 0.3200 0.3200
v 0.3200 0.3200 0.3200
v 0.0000 0.3200 0.3200
v 0.3200 0.3200 0.3200
v 0.3200 0.3200 0.3200
v 0.3200 0.3200 0.3200
v -29.4900 33.8000 39.0700
v 17.4400 4.6300 10.9900
v 34.1400 -13.9800 38.5000
v -23.0500 -3.7900 -0.0100
v 0.3200 0.3200 0.3200
v 0.3200 0.3200 0.3200
v 0.3200 0.3200 0.3200
v 0.3200 0.3200 0.3200
v 0.3200 0.3200 0.3200
v 0.3200 0.3200 0.3200
v 0.3200 0.3200 0.3200
v 0.3200 0.3200 0.0000
v 7.9500 -4.3600 -34.8100
v 30.7100 -35.2000 -29.2800
v -2.2800 34.6700 14.9200
v 10.2500 20.6000 -35.3200
v 36.0000 1.3600 2.6900
v 19.7400 36.6000 16.1000
v 0.5900 -0.0100 -7.5100
v -10.2500 -0.0100 -14.5500
v 28.4000 20.4800 0.4900
v 0.3200 0.3200 0.3200
v 0.3200 0.3200 0.3200
v 0.3200 0.3200 0.3200
v 0.3200 0.3200 0.3200
v 0.0000 0.3200 0.3200
v 0.3200 0.3200 0.3200
v 0.3200 0.3200 0.3200
v 0.3200 0.3200 0.3200
v 0.3200 0.0000 -39.0600
v -34.5600 4.1000 -13.8500
v -0.0100 -0.0200 -1.0500
v -31.2000 2.5500 -32.8000
v 0.0000 0.0000 2.5500
v 0.0000 2.5500 -32.8000
v 0.0000 6.0000 0.0000
v 6.0000 0.0000 0.0000
v -20.4900 -0.1200 28.3000
v 0.0000 0.0000 2.5500
v 0.0000 2.5500 -32.8000
v 0.0000 6.0000 0.0000
v 6.0000 0.0000 0.0000
v 0.0000 0.0000 2.5500
v 0.0000 2.5500 -32.8000
v 0.0000 0.0000 0.2800
v -29.4500 -0.0100 -0.0900
v -0.0100 -1.1200 -0.1300
v 0.4900 -9.1700 32.4100
v 10.2400 0.2300 -2.8900
v 0.3200 0.3200 0.3200
v 0.3200 0.3200 0.3200
v 0.3200 0.3200 0.3200
v 0.3200 0.3200 0.3200
v 0.3200 0.3200 0.3200
v 0.3200 0.3200 0.3200
v 0.3200 0.3200 0.3200
v 0.3200 0.3200 0.3200
v 0.0000 0.0000 2.5500
v 0.0000 2.5500 -32.8000
v 0.0000 6.0000 0.0000
v 6.0000 0.0000 0.0000
v 0.0000 -38.4000 0.0000
v -32.3300 -27.7300 -16.9700
v 10.2400 0.0000 0.0000
v 0.3200 0.3200 0.3200
v 0.3200 0.3200 0.3200
v 0.3200 0.3200 0.3200
v 0.3200 0.3200 0.3200
v 0.3200 0.3200 0.3200
v 0.3200 0.3200 0.3200
v 0.3200 0.3200 0.3200
v 0.3200 0.3200 0.3200
v 0.3200 0.3200 0.3200
v 0.3200 0.3200 0.3200
v 0.3200 0.3200 0.3200
v 0.3200 0.3200 0.3200
v 0.0000 0.0000 12.3200
v -2.5600 0.0000 0.0000
v 31.1600 -15.2900 -6.6600
v -32.6600 16.9600 4.1500
v 28.4800 -23.2100 23.7500
v 2.1200 0.2400 27.4400
v -27.8800 -33.4700 5.5300
v -8.6700 -8.1700 -17.2900
v -8.2800 -23.0500 -1.7000
v 5.0200 3.8900 -30.3700
v 18.9100 -19.7500 20.7900
v -27.6800 24.2900 27.2500
v -0.1000 -27.2100 -0.0100
v 18.3100 -4.4400 -8.7200
v 0.7700 1.0600 1.3700
v -2.4500 0.0000 21.1400
v 0.3200 0.3200 0.3200
v 0.3200 0.3200 0.3200
v 0.3200 0.3200 0.3200
v 0.3200 0.3200 0.3200
v 0.0000 0.3200 0.3200
v 0.3200 0.3200 0.3200
v 0.3200 0.3200 0.3200
v 0.3200 0.3200 0.3200
v 26.1700 -0.0500 -10.8000
v 31.9100 -0.3300 -0.1300
v -33.3700 -14.2200 -0.1300
v -0.0100 -0.2500 -29.4400
v -0.7600 30.1200 0.0100
v -0.0100 -16.6800 1.1400
v -0.0100 -0.0100 -12.9600
v 29.2700 -0.0100 -0.1300
v 2.0000 0.0000 0.0000
v 26.1100 -0.0100 -39.4100
v -38.7400 -31.5400 35.8800
v -37.4700 -14.5800 -0.1300
v 35.9000 10.2400 0.0000
v 0.0000 -17.9200 6.1600
v -2.4100 3.7100 7.2800
v 5.4400 -8.6500 -0.1300
v -7.9200 -17.6700 21.0700
v -19.9600 34.3500 -20.1200
v -0.0100 -3.4300 20.9200
v 15.2400 0.3600 15.9000
v -2.6800 27.5400 7.9700
v -19.8000 19.3800 7.2400
v -0.0100 -0.0100 -6.8900
v 8.0400 30.7100 -25.4200
v -0.6500 -33.1900 -8.8000
v 38.3800 31.3000 -4.3700
v -0.0100 -0.0100 -0.0100
v 0.0000 0.0000 5.2400
v 22.9900 -7.5800 -0.1300
v -26.8900 -1.0000 33.5800
v 0.0000 0.0000 -16.3000
v -16.9100 -0.0100 -0.2500
v 24.5600 36.7200 5.5400
v -1.9800 -0.0100 -0.0700
v -3.2100 -0.0100 -7.8900
v -0.0100 -0.0100 -0.2100
v -2.0300 -17.7800 5.7600
v 7.0400 0.0000 0.0000
v 0.0000 0.0000 16.0000
v -17.6700 -2.0000 37.1600
v 30.7100 -6.7300 -14.0900
v -34.6800 1.8100 3.8400
v -1.3300 -34.9900 2.1200
v -27.6500 13.0200 14.3200
v 5.7900 38.6500 23.8000
v -20.5400 -0.4600 24.5600
v 0.3200 0.3200 0.3200
v 0.3200 0.3200 0.3200
v 0.3200 0.3200 0.3200
v 0.3200 0.3200 0.3200
v 0.3200 0.3200 0.3200
v 0.3200 0.3200 0.3200
v 0.3200 0.3200 0.3200
v 0.3200 0.3200 0.0000
v -28.6800 -35.8100 12.9100
v 35.9400 35.9900 -13.4100
v -1.3700 -15.0500 -3.3300
v 39.4900 36.2700 -0.0200
v -0.0100 -0.0100 -32.8800
v -0.0100 -0.0100 -0.8700
v 9.1000 35.9000 6.4400
v -1.4500 -28.8500 -17.3100
v -29.6200 33.7800 -0.1300
v 18.7000 21.2900 12.8300
v -2.8900 -0.0100 -37.1100
v -12.5600 24.3200 2.3700
v 1.2800 0.0000 27.1100
v -0.0500 -16.9100 -22.2700
v -0.0100 -6.9100 -0.0100
v -36.7800 -15.6200 -25.3900
v 0.0000 0.0000 -0.1300
v 20.4800 0.0000 0.0000
v -27.0500 -0.0100 -34.5100
v 0.0200 0.0700 0.0100
v 14.9400 -33.4900 -13.8900
v -0.0100 -3.7100 -0.1000
v -0.0100 -9.2800 -0.0100
v -13.4500 -0.0100 -7.6100
v -1.2900 -0.0100 -15.9300
v 26.9400 -9.4200 -0.1300
v 1.1900 6.9400 -0.0100
v -29.5500 -12.1000 -0.9500
v -37.7300 31.2400 2.8200
v 3.0400 12.4700 -6.7200
v 0.1200 0.0000 0.0000
v -20.4900 -0.8000 35.9900
v -0.0100 -0.1100 -0.0100
v -2.3700 1.2800 7.0600
v -0.4100 -0.0100 -0.0100
v -25.6100 -13.8300 -7.9400
v -0.0100 -0.1400 -27.7900
v 4.4200 2.4000 30.2500
v -0.0100 -25.3200 -5.3300
v -0.0100 -0.0100 -10.2500
v -5.6800 22.9500 -35.6800
v 23.9500 -38.2700 -8.8800
v 22.7100 -0.0100 -2.1700
v 1.3500 0.0000 2.2200
v 0.1300 -5.4500 -0.0100
v 5.9400 27.4800 -33.6600
v 0.3800 19.0300 -21.1300
v -7.0700 -39.0000 24.1700
v 35.7800 32.9300 -1.7600
v -14.0300 2.6500 -0.0100
v 7.7600 31.4400 0.4600
v 0.4000 -32.9100 37.5100
v 1.5500 2.2800 13.1700
v 0.2500 -10.6000 -34.8400
v 1.7200 1.6600 0.7500
v 20.0400 38.9200 2.0500
v -0.0100 -0.2600 -32.0000
v 15.8200 36.5800 15.8900
v 0.2800 1.8000 2.0100
v 7.5700 -35.1600 38.0700
v -30.2000 -38.6500 -0.9500
v -0.0100 -15.4500 -0.0200
v 0.3200 0.3200 0.3200
v 0.3200 0.3200 0.3200
v 0.3200 0.3200 0.3200
v 0.3200 0.3200 0.3200
v 0.3200 0.3200 0.3200
v 0.3200 0.3200 0.3200
v -1.9200 -15.8400 0.9900
v 15.5800 -12.5100 14.2100
v 9.4200 30.2600 1.6200
v -29.6000 35.2900 -0.1300
v 38.6000 -0.0100 -9.1100
v 11.2700 -0.0100 -0.9100
v -0.0100 14.1400 1.8900
v -29.8800 25.1100 -20.3100
v 32.8000 10.3100 30.0600
v -2.4000 26.1400 -20.9800
v 23.5700 -13.2900 -2.7300
v 17.4000 -18.5100 17.6100
v -3.7100 -9.7700 -20.0100
v -31.9700 28.8800 -28.9200
v 3.4500 -3.4600 -13.2800
v 24.0900 24.1100 13.6600
v 29.5400 21.7500 -12.0800
v -0.0100 -14.7300 -0.0100
v -15.4300 13.0900 -20.4700
v 20.8900 -28.4900 -5.1400
v 0.3600 -4.9700 -14.0300
v -15.3700 -0.0100 -0.0100
v -0.0100 -5.7700 -15.4700
v -1.6900 -0.0100 -2.1100
v -0.0100 -0.0100 -0.0100
v -27.8300 -8.2500 -35.5300
v -0.0100 -0.0300 33.2700
v -12.2900 -35.7400 -1.3400
v -12.4600 -14.2500 -8.3900
v 28.5500 -16.2500 -0.1300
v -0.6300 2.1600 5.7800
v -12.7000 -0.8900 -22.6400
v 14.4600 2.7900 -0.1300
v 14.3200 -5.9900 -12.2600
v 0.3200 0.3200 0.3200
v 0.3200 0.3200 0.3200
v 0.3200 0.3200 0.3200
v 0.3200 0.3200 0.3200
v 0.0000 0.3200 0.3200
v 0.3200 0.3200 0.3200
v 0.3200 0.3200 0.3200
v 0.3200 0.3200 0.3200
v 0.8800 5.1200 2.5500
v 0.3200 0.3200 0.3200
v 0.3200 0.3200 0.3200
v 0.3200 0.3200 0.3200
v 0.3200 0.3200 0.3200
v 0.3200 0.3200 0.3200
v 0.3200 0.3200 0.3200
v 0.3200 0.3200 0.3200
v 0.3200 0.0000 0.0000
v 0.0000 0.0000 1.3400
v -30.7300 0.0000 0.0000
v 0.0000 0.1400 31.4700
v 7.6600 -19.8100 16.3300
v 35.8400 -22.9400 -19.9800
v -38.0600 -23.2000 30.8800
v -6.6400 -5.1400 11.5900
v 24.6300 -0.0100 -0.0200
v 1.7600 14.2400 2.4800
v 14.2400 2.4800 0.0000
v -8.9600 28.4300 -0.0400
v 27.5100 -25.0000 -0.1300
v 0.0000 1.2800 10.1900
v 1.7600 14.2400 2.4800
v 4.3700 -3.4700 32.3300
v 23.2300 -8.0700 -20.2400
v -0.0100 -0.0100 -0.5700
v 37.4300 -0.0100 -0.0100
v -1.9500 -23.0500 22.6200
v 9.2100 -9.8100 -1.6500
v -9.6300 -2.9900 13.4900
v -0.0100 -2.4700 19.8300
v -0.3000 -0.0600 -9.8300
v -0.0100 -0.0100 -0.0100
v -20.8000 2.5500 -32.7800
v -25.0500 -33.4200 -37.5600
v 22.2700 -4.4200 21.4900
v 0.0000 0.0000 -0.1300
v 0.0000 2.5500 -32.8000
v 6.0000 0.0000 0.0000
v 0.0000 0.0000 -0.1300
v 0.0000 0.0000 2.5500
v 0.0000 0.0000 -0.1300
v 0.0000 6.0000 0.0000
v 0.0000 0.0000 2.5500
v 0.0000 2.5500 -32.7800
v 0.0000 6.0000 0.0000
v 6.0000 0.0000 0.0000
v 0.0000 0.0000 2.5500
v 0.0000 2.5500 -32.8000
v 0.0000 6.0000 0.0000
v 6.0000 0.0000 0.0000
v 0.0000 0.0000 -0.1300
v 0.0000 2.5500 -32.8000
v 6.0000 0.0000 0.0000
v 0.0000 0.0000 -0.1300
v 0.0000 0.0000 2.5500
v 0.0000 0.0000 -0.1300
v 0.0000 6.0000 0.0000
v 0.0000 0.0000 2.5500
v 0.0000 2.5500 -32.7800
v 0.0000 6.0000 0.0000
v 6.0000 0.0000 0.0000
v 0.0000 0.0000 2.5500
v 0.0000 2.5500 -32.8000
v 0.0000 6.0000 0.0000
v 6.0000 0.0000 0.0000
v 0.0000 0.0000 -0.1300
v 0.0000 2.5500 -32.8000
v 6.0000 0.0000 0.0000
v 0.0000 0.0000 -0.1300
v 0.0000 0.0000 2.5500
v 0.0000 0.0000 -0.1300
v 0.0000 6.0000 0.0000
v 0.0000 0.0000 2.5500
v 0.0000 2.5500 -32.7800
v 0.0000 6.0000 0.0000
v 6.0000 0.0000 0.0000
v 0.0000 0.0000 2.5500
v 0.0000 2.5500 -32.8000
v 0.0000 6.0000 0.0000
v 6.0000 0.0000 0.0000
v 0.0000 0.0000 -0.1300
v 0.0000 2.5500 -32.8000
v 6.0000 0.0000 0.0000
v 0.0000 0.0000 -0.1300
v 0.0000 0.0000 2.5500
v 0.0000 0.0000 -0.1300
v 0.0000 6.0000 0.0000
v 0.0000 0.0000 2.5500
v 0.0000 2.5500 -32.7800
v 0.0000 6.0000 0.0000
v 6.0000 0.0000 0.0000
v 0.0000 0.0000 2.5500
v 0.0000 2.5500 -32.8000
v 0.0000 6.0000 0.0000
v 6.0000 0.0000 0.0000
v 0.0000 0.0000 -0.1300
v 0.0000 2.5500 -32.8000
v 6.0000 0.0000 0.0000
v 0.0000 0.0000 -0.1300
v 0.0000 0.0000 2.5500
v 0.0000 0.0000 -0.1300
v 0.0000 6.0000 0.0000
v 0.0000 0.0000 2.5500
v 0.0000 2.5500 -32.7800
v 0.0000 6.0000 0.0000
v 6.0000 0.0000 0.0000
v 0.0000 0.0000 2.5500
v 0.0000 2.5500 -32.8000
v 0.0000 6.0000 0.0000
v 6.0000 0.0000 0.0000
v 0.0000 0.0000 -0.1300
v 0.0000 2.5500 -32.8000
v 6.0000 0.0000 0.0000
v 0.0000 0.0000 -0.1300
v 0.0000 0.0000 2.5500
v 0.0000 0.0000 -0.1300
v 0.0000 6.0000 0.0000
v 0.0000 0.0000 2.5500
v 0.0000 2.5500 -32.7800
v 0.0000 6.0000 0.0000
v 6.0000 0.0000 0.0000
v 0.0000 0.0000 2.5500
v 0.0000 2.5500 -32.8000
v 0.0000 6.0000 0.0000
v 6.0000 0.0000 0.0000
v 0.0000 0.0000 -0.1300
v 0.0000 2.5500 -32.8000
v 6.0000 0.0000 0.0000
v 0.3200 0.3200 0.3200
v 0.3200 0.3200 0.3200
v 0.3200 0.3200 0.3200
v 0.3200 0.3200 -0.1300
v 0.3200 0.3200 0.3200
v 0.3200 0.3200 0.3200
v 0.3200 0.3200 0.3200
v 0.3200 0.3200 0.3200
v 0.3200 0.3200 0.3200
v 0.3200 0.3200 0.3200
v 0.3200 0.3200 0.3200
v 0.3200 0.3200 0.3200
v 0.0000 0.8800 5.1200
v 0.8800 5.1200 2.5500
v -30.7300 0.0000 0.0000
v -2.5600 0.0000 0.0000
v 0.0000 0.8800 5.1200
v 0.0000 0.6400 16.0900
v -0.7900 0.9500 -14.0500
v -0.0100 -0.1600 -0.1300
v -10.2500 -0.0100 -32.7800
v 9.4500 2.1500 8.0500
v -30.2800 14.7500 -21.7800
v 10.3000 -38.0100 -2.8900
v -3.9700 23.0300 -32.8000
v 28.5600 20.7600 39.7000
v 25.7600 -7.3600 -8.0900
v -0.2500 -28.4900 -10.3300
v 15.6600 37.5800 -1.7100
v 36.4800 17.4600 18.8400
v -37.2000 -21.8900 10.0500
v 32.6300 -22.0000 27.8700
v -4.9300 12.7900 -32.7800
v -7.6800 10.2400 5.9100
v 26.4300 -13.1100 0.0400
v 11.4900 -0.0100 -0.1300
v -28.8000 20.4700 -32.8000
v 0.3200 0.3200 0.3200
v 0.3200 0.3200 0.3200
v 0.3200 0.3200 0.3200
v 0.3200 0.3200 0.3200
v 0.3200 0.3200 0.3200
v 6.0000 0.0000 0.0000
v -29.2900 5.9800 -0.1300
v -22.2400 -39.0000 -19.8000
v -32.6800 -19.5300 21.8500
v 18.6200 3.7300 0.8400
v 11.1100 -39.3500 37.6000
v 1.7400 0.7800 29.6200
v 1.8700 0.0000 15.3900
v -30.1200 -3.7100 -0.1300
v -19.1400 28.2300 -18.7200
v 38.0500 -0.0100 -0.0200
v 1.4400 34.9300 -39.9600
v 26.8200 -16.4300 21.5600
v 7.4100 23.1300 -0.1300
v 28.2000 -5.2000 -3.4500
v 31.3200 -29.6100 -0.1300
v -6.4100 -0.0900 -0.4900
v -1.7600 -10.8500 11.7200
v -0.5800 -30.6700 34.7100
v -34.9100 2.5900 26.2800
v -11.6400 -35.2700 -11.7400
v -0.1000 21.7200 -24.6700
v -4.1000 28.8000 21.1700
v 0.3200 0.3200 0.3200
v 0.3200 0.3200 0.3200
v 0.3200 0.3200 0.3200
v 0.3200 0.3200 0.3200
v 0.3200 0.3200 0.3200
v 0.3200 0.3200 0.3200
v 0.3200 0.3200 0.3200
v -22.5900 -0.0100 -2.3200
v -21.6200 12.0700 1.6400
v -0.2100 -0.0100 -0.0100
v 0.3200 0.3200 0.3200
v 0.3200 0.3200 0.3200
v 0.3200 0.3200 0.3200
v 0.3200 0.3200 0.3200
v 0.3200 0.3200 0.3200
v 0.3200 0.3200 0.3200
v 0.3200 0.3200 0.3200
v 0.3200 0.3200 0.0000
v 0.0000 0.0000 1.6400
v -21.0000 18.2900 38.0800
v 0.3200 0.3200 0.3200
v 0.3200 0.3200 0.3200
v 0.3200 0.3200 0.3200
v 0.3200 0.3200 0.3200
v 0.3200 0.3200 0.3200
v 0.3200 0.3200 0.3200
v 0.3200 0.3200 0.3200
v -12.8100 -0.0100 -0.0100
v 34.5700 36.9100 4.3400
v -0.0100 -0.1700 -7.4000
v -0.1300 -0.0100 -0.0700
v -0.0100 -6.8100 -1.7300
v -0.1100 24.9600 -1.8800
v 1.9100 -0.0100 -0.7900
v -0.0100 -0.0100 -6.9700
v -0.5900 6.2500 24.1700
v -15.7900 27.9400 -0.1300
v -10.3300 -32.7700 24.4600
v -0.0100 -0.0100 -32.8000
v 1.2700 -14.3600 5.1200
v -20.6000 -10.2700 -0.1300
v 17.4800 34.9600 -27.0200
v 0.3200 0.3200 0.3200
v 0.3200 0.3200 0.3200
v 0.3200 0.3200 0.3200
v 0.3200 0.3200 0.3200
v -27.1500 -0.0100 -1.7800
v -3.8800 0.5500 -30.3900
v -6.7200 0.1300 -23.1300
v 25.6400 5.9800 35.2700
v 34.7000 -36.4100 14.3300
v -2.8900 -27.3700 -0.0100
v -6.3400 10.3200 0.9700
v -0.2500 -0.0100 -0.1300
v 20.4700 -0.1300 -5.6500
v 21.1800 1.0500 -39.1400
v 0.3200 0.3200 0.3200
v 0.3200 0.3200 0.3200
v 0.3200 0.3200 0.3200
v 0.3200 0.3200 0.3200
v 0.3200 0.3200 0.3200
v 0.3200 0.3200 0.3200
v 0.3200 0.3200 0.3200
v 0.3200 0.3200 0.3200
v -23.8800 -23.6400 0.2700
v -36.2100 0.0000 30.9600
v 2.6700 -30.7300 -32.8000
v -19.0200 5.7300 36.7100
v 19.4600 25.4900 37.8700
v -1.9300 -25.6200 8.0400
v 0.0000 6.0000 0.0000
v 6.0000 0.0000 0.0000
v -0.2200 5.6100 -0.1300
v 10.3100 -37.3700 13.2400
v 0.0000 1.3000 12.6300
v -0.0100 23.0300 -32.8000
v -13.1300 -34.5700 -0.0100
v -0.0100 -0.0700 21.1400
v -0.0100 -0.0100 -10.3600
v -10.6800 0.6600 -0.6100
v -10.4000 0.2700 -0.6100
v 11.0300 -1.1500 -0.2300
v -2.0200 -0.0100 -0.0100
v -21.9300 -18.0900 -30.8200
v 31.9900 -2.6200 -0.1300
v -13.0000 2.5500 -32.8000
v -38.8000 -22.3300 -0.1300
v 9.7900 -0.0100 -0.3300
v 6.0500 31.6500 33.7800
v -24.1000 27.8300 -37.8600
v 21.1400 20.4900 1.2400
v 24.3400 -1.9100 -0.1300
v 7.0400 24.5200 -37.8000
v -9.9800 -0.0100 -20.2000
v -0.0600 5.1400 -0.1300
v -0.0100 -20.4100 6.7300
v -0.0100 -0.0300 13.9700
v 39.8900 -4.7900 21.4300
v -11.5200 21.1100 -35.1900
v -10.4900 1.4300 -16.9900
v 1.6800 11.5200 3.0000
v -0.0100 -7.6600 30.7600
v -0.0100 -6.5200 -30.1600
v -30.7000 26.1200 17.7900
v -19.0400 10.3000 15.3400
v -0.8900 -0.2700 2.6000
v -0.0100 -0.1200 -0.4500
v -30.8100 -0.0800 -10.2900
v -0.0100 -11.5300 -12.1700
v 20.9500 -0.0100 -32.8000
v 7.6700 -0.5400 0.0600
v 0.5900 -0.3700 19.5400
v 10.3200 -22.0700 27.4900
v -6.4000 5.1100 -32.8000
v 38.1900 10.1500 -0.1300
v 3.0400 35.8300 -32.8000
v 0.0000 0.0000 -0.1300
v 0.0000 2.5500 -32.8000
v 0.0000 0.0000 0.4600
v -6.6800 32.9100 -3.5100
v -0.0100 -18.7200 -13.0600
v 0.3200 0.3200 0.3200
v 0.3200 0.3200 0.3200
v 0.3200 0.3200 0.3200
v 0.3200 0.3200 0.3200
v 0.3200 0.3200 0.3200
v 0.3200 0.3200 0.3200
v 0.3200 0.3200 0.3200
v 0.3200 0.3200 0.3200
v 0.3200 0.3200 0.3200
v -6.9300 29.5100 5.1900
v -0.6100 1.0100 3.5800
v -15.0400 17.9100 -32.7800
v -27.9100 38.0200 -32.2300
v 21.8900 -16.4100 -5.1300
v -11.1200 6.4500 28.3300
v 28.6600 36.9400 21.1200
v -0.0100 -0.0100 -0.0200
v -1.3700 2.7400 2.5500
v -0.0100 -4.3300 -13.8000
v 8.0300 12.1400 -28.7600
v -0.0100 -0.0700 -0.0100
v -0.0100 -13.8100 -0.0300
v 21.0600 2.5700 27.5200
v 35.0300 -0.0100 -17.0600
v -3.5800 2.0100 0.2000
v -0.0700 10.5700 21.1500
v -0.0100 -5.9800 -27.6400
v -3.8900 -2.9400 17.8300
v -0.0100 -23.1700 28.3600
v 0.3200 0.3200 0.3200
v 0.3200 0.3200 0.3200
v 0.3200 2.5500 -32.8000
v 0.3200 0.3200 0.3200
v 0.3200 0.3200 0.3200
v 0.3200 0.3200 0.3200
v 0.3200 0.3200 0.3200
v -13.0600 12.7700 -0.1300
v 38.2600 20.4700 -32.8000
v 0.3200 0.3200 0.3200
v 0.3200 0.3200 0.3200
v 0.3200 0.3200 0.3200
v 0.3200 0.3200 0.3200
v 0.3200 0.3200 0.3200
v 0.3200 0.3200 0.3200
v 0.3200 0.3200 0.3200
v 0.3200 0.3200 0.3200
v 0.0000 0.0000 0.3200
v 38.0700 -12.6900 28.1600
v 3.2300 0.6400 24.2000
v -0.0100 -0.0100 -0.0100
v 33.9600 3.8900 8.0400
v 0.1800 39.1400 -2.9000
v 10.4400 10.1300 -6.9000
v 0.1600 19.1000 26.2900
v 24.3900 0.4500 -0.1300
v 1.2800 11.1200 -0.1300
v 35.9400 30.4400 -21.5000
v 0.0500 24.4400 2.2000
v 0.4300 2.1100 -5.3300
v 36.6300 -0.1300 1.9000
v -0.0100 -0.0100 -10.9100
v -5.6900 -27.9500 -3.0400
v -0.3300 -17.1200 0.0000
v 3.0400 10.9800 1.3300
v 30.3200 0.9800 -0.1300
v 36.8000 -23.3100 -19.9800
v 1.1600 -3.3600 1.1300
v 10.9200 4.9300 32.9500
v 0.3200 0.3200 0.3200
v 0.3200 0.3200 0.3200
v 0.3200 0.3200 0.3200
v 0.3200 0.3200 0.3200
v 0.3200 0.3200 0.3200
v -2.5600 0.0000 0.0000
v -0.4800 20.4700 -6.7300
v -1.7500 -0.0100 32.9500
v 7.9900 -0.9400 -25.0100
v 20.5600 7.3900 16.2900
v 0.0000 6.0000 0.0000
v 6.0000 0.0000 0.0000
v 0.0000 0.0000 -0.1300
v 0.0000 2.5500 -32.8000
v -0.0100 -0.0100 -0.0100
v -32.0100 -3.3400 21.2100
v 33.6300 -3.9400 -0.1300
v -33.2200 21.2700 -30.6000
v -29.4500 -4.3200 21.8200
v -1.6700 35.8300 -32.7800
v 20.6800 28.1500 -32.8000
v -17.2400 25.5900 -1.7600
v -11.9800 20.6800 20.1700
v 23.9000 -0.0100 -33.4800
v -39.1000 -29.4300 -0.1300
v 19.5000 2.5500 -32.8000
v 0.0000 2.5500 -32.8000
v 6.0000 0.0000 0.0000
v 0.0000 0.0000 2.5500
v 0.0000 0.0000 -0.1300
v 0.0000 6.0000 0.0000
v -0.0100 -27.5300 -7.9800
v -0.0100 -0.0100 -2.0800
v -0.0100 -13.8500 -17.1700
v 18.0500 34.0400 31.7400
v 25.6000 0.0000 0.0000
v 0.0000 2.5500 -32.8000
v 6.0000 0.0000 0.0000
v -36.6900 -30.7300 -32.8000
v 8.8900 -11.9700 -12.0300
v 0.0000 0.0000 -0.0100
v -1.4500 -29.8600 -34.0400
v -1.7200 -35.6600 -0.1300
v -0.0100 -23.0500 -28.6200
v 5.1900 35.3100 -1.0400
v 5.4600 8.7600 -2.7000
v -0.0100 -0.0100 -18.9900
v 24.3800 6.2200 -20.1400
v 36.1300 -13.6300 -3.5000
v 20.6600 2.7000 -13.0800
v 11.3900 3.5200 -16.1300
v -3.2700 -3.3900 -1.7700
v -7.8000 -16.9200 18.9900
v 17.0600 9.2800 -36.9600
v -22.4000 -23.0900 21.8700
v -0.0800 12.7900 -32.8000
v 14.0800 11.5400 14.8500
v -9.9800 20.4700 -32.8000
v -1.0600 27.9400 6.4400
v 5.1200 -12.9000 -8.1300
v 0.0000 0.0000 -0.1300
v 0.0000 0.0000 2.5500
v 0.0000 0.0000 -0.1300
v -0.0100 -0.0100 -0.0100
v 0.0800 20.5100 5.1200
v -10.2400 6.5200 16.0500
v -10.2400 7.6700 -32.8000
v 0.0000 0.0000 2.5500
v 25.6500 10.2300 -32.8000
v -0.0100 -0.0100 -0.0100
v 24.7700 -0.1800 27.9600
v -0.0100 -15.2700 1.2400
v 0.0000 6.0000 0.0000
v 6.0000 0.0000 0.0000
v -11.7100 7.6700 -32.8000
v 19.5800 24.3800 11.0300
v -23.0300 7.4100 -0.1300
v 0.0000 0.0000 2.5500
v 19.0100 0.0000 0.0000
v 0.0000 2.5500 -32.7800
v 5.7700 -32.9400 -0.4400
v -30.6800 0.0000 33.2700
v 0.0100 5.1200 3.2500
v -32.5400 -10.2500 -32.8000
v -30.1400 31.5400 22.5800
v 0.0000 0.0000 2.5500
v 0.0000 2.5500 -32.7800
v -9.6400 17.0400 1.7600
v -27.6000 -12.8100 -0.0200
v 35.8300 -11.5300 -19.9500
v -0.0100 -7.8600 1.1700
v 0.0000 2.5500 -32.8000
v 6.0000 0.0000 0.0000
v 0.1800 19.0000 -31.9900
v -19.0000 2.9000 32.5100
v -1.6600 -0.6800 -19.5200
v -0.0100 -0.0100 -1.5900
v -33.5100 37.1200 -9.4100
v -1.0500 37.5600 -17.1700
v -0.5700 1.7600 0.0000
v 1.9200 0.4400 9.7900
v 3.8500 5.3600 14.0000
v 6.0000 0.0000 0.0000
v 9.0500 32.7800 -35.4100
v 0.0000 0.0000 -0.1300
v 2.5600 0.0000 0.0000
v 0.0000 2.5500 -32.8000
v -23.0500 -9.2400 38.4600
v 0.0000 6.0000 0.0000
v 6.0000 0.0000 0.0000
v 0.0000 2.0800 0.0000
v 21.1800 -30.3900 23.4700
v -3.9100 -0.0100 -0.0200
v -0.0100 -0.0100 -3.1000
v 1.3400 -2.1300 -17.8200
v 0.0000 0.0000 2.5500
v 0.0000 2.5500 -32.7800
v 0.0000 6.0000 0.0000
v -0.0100 -0.0100 -0.0100
v 6.0000 0.0000 0.0000
v -24.6200 20.4700 -32.8000
v 1.2800 20.5100 4.0000
v 2.1100 -0.0100 -0.0100
v -3.5700 -2.1400 14.2500
v 7.3600 20.4700 -32.7800
v 17.7600 -9.7300 37.8900
v 31.6100 14.0200 32.8100
v 0.8800 0.3000 -0.1300
v 0.0800 21.1400 29.6000
v 21.1800 0.7600 -37.8000
v -0.0100 -0.0100 -17.4700
v -10.9800 26.3000 21.6700
v 20.8000 13.3900 5.5900
v 24.7500 -2.3300 34.0700
v 0.1800 0.7100 30.7900
v -0.0100 -0.0100 -0.2900
v 5.1700 5.1200 10.2800
v 15.0300 -6.6800 -8.0000
v 14.0800 -4.4000 26.7000
v 0.0000 0.0000 2.5500
v 0.0000 2.5500 -32.8000
v 0.0000 6.0000 0.0000
v 6.0000 0.0000 0.0000
v 0.0000 0.0000 -0.1300
v 0.0000 2.5500 -32.8000
v 6.0000 0.0000 0.0000
v 0.0000 0.0000 -0.1300
v 0.0000 0.0000 2.5500
v 0.0000 0.0000 -0.1300
v 0.0000 6.0000 0.0000
v 0.0000 0.0000 2.5500
v 0.0000 2.5500 -32.7800
v 0.0000 6.0000 0.0000
v 6.0000 0.0000 0.0000
v 36.7100 -31.7100 4.9300
v -37.7500 -21.2600 34.8300
v -26.8800 0.5900 -0.3700
v 0.0000 0.0000 18.9400
v 0.3200 0.3200 0.3200
v 0.3200 0.3200 0.3200
v 0.3200 0.3200 0.3200
v 0.3200 0.3200 0.3200
v 0.3200 0.3200 0.3200
v 0.3200 0.3200 0.3200
v 0.3200 0.3200 0.3200
v 0.3200 0.3200 0.3200
v 0.3200 0.3200 0.3200
v -0.0100 -15.7800 -0.0100
v -21.6600 2.5400 35.8500
v 0.0000 0.0000 -0.1300
v -0.0100 -0.0100 -7.6100
v -1.0700 6.0800 -39.9000
v 0.0000 6.0000 0.0000
v 20.5100 3.1200 33.2900
v -0.9400 23.0300 -32.8000
v 18.7600 -13.3100 -0.0100
v -0.0100 -3.4900 -0.0100
v -0.2500 -0.0100 -0.2100
v 0.0000 0.0000 1.4600
v -7.3700 -0.0100 -0.2900
v -1.5700 -14.0000 -0.1300
v 0.0000 0.0000 -2.2400
v 23.4700 18.5500 -28.0500
v 4.0600 -0.0100 -29.8600
v -0.0100 -10.5700 -0.1300
v -0.0100 -0.0100 -6.9900
v -0.5200 0.0000 0.0000
v -13.6700 -5.8200 -4.0300
v -0.0100 -0.2300 -0.0100
v 0.0000 0.0000 -0.1300
v 0.0000 6.0000 0.0000
v 21.9600 -0.0100 -0.4500
v 0.0000 2.5500 -32.7800
v 0.0000 6.0000 0.0000
v 0.0000 0.0000 2.5500
v 0.0000 2.5500 -32.8000
v 0.0000 6.0000 0.0000
v 6.0000 0.0000 0.0000
v -9.0400 0.0000 3.1500
v 0.3200 0.3200 0.3200
v 0.3200 0.3200 0.3200
v 0.3200 0.3200 0.3200
v 0.3200 0.3200 0.3200
v 0.3200 0.3200 0.3200
v 0.6800 15.6900 31.8400
v 23.1900 13.3200 18.7100
v -11.3400 -0.0100 -0.0600
v 0.0000 1.6000 17.4500
v 3.8400 0.5900 35.2800
v -3.1700 -0.0100 -0.0100
v -9.6200 -28.5200 31.2600
v 0.0000 0.0000 2.5500
v 0.0000 2.5500 -32.7800
v 0.0000 6.0000 0.0000
v -3.2700 19.7500 -34.6800
v -0.0100 -0.0100 -0.0100
v -33.6100 -7.2900 9.0900
v 30.7200 2.5500 -32.8000
v 0.0000 0.0000 -0.1300
v 0.0000 6.0000 0.0000
v 6.0000 0.0000 0.0000
v 0.0000 0.0000 2.5500
v 0.0000 2.5500 -32.8000
v 6.0000 0.0000 0.0000
v 0.0000 7.3500 -6.3900
v 0.0000 0.0000 2.5500
v 31.4500 0.0000 0.0000
v 0.0000 2.5500 -32.7800
v 33.3100 23.0300 -32.8000
v 0.0000 6.0000 0.0000
v 0.0000 0.0000 2.5500
v 0.0000 2.5500 -32.8000
v 0.0000 6.0000 0.0000
v 6.0000 0.0000 0.0000
v 0.0000 0.0000 -0.1300
v 0.0000 2.5500 -32.8000
v 0.0000 0.0000 0.0200
v -0.0100 -0.2200 -0.1300
v 25.0900 30.7700 1.0500
v 23.7400 21.3900 31.2700
v -11.8600 27.6200 26.9700
v -33.1900 2.6600 13.8200
v -7.0500 3.0000 27.8600
v 5.8300 15.8600 -8.4600
v 0.0000 0.0000 2.5500
v 0.0000 2.5500 -32.8000
v 0.0000 0.0000 0.1300
v 0.0000 0.0000 20.5600
v 0.0000 0.0000 -0.1300
v 0.0000 2.5500 -32.8000
v 6.0000 0.0000 0.0000
v 13.5600 -21.9600 16.8400
v -10.6100 -33.9800 -0.0100
v -36.3100 38.1300 -32.0100
v -0.0800 -28.1600 -7.3600
v 0.0000 20.5600 15.3600
v 0.0000 0.0000 2.5500
v 0.0000 2.5500 -32.7800
v 0.0000 6.0000 0.0000
v 6.0000 0.0000 0.0000
v 0.0000 0.0000 -0.1300
v 8.9600 -18.0100 -16.7100
v -6.7200 0.0000 0.0000
v -0.8600 -0.0100 -0.1500
v -18.2700 0.3700 34.9800
v 0.3500 -35.8100 7.4600
v 2.2400 15.0300 -18.8000
v 37.1200 -29.9000 0.3600
v -39.0200 1.5600 1.3000
v 0.0000 6.0000 0.0000
v 0.0000 3.2000 0.0000
v 0.3200 0.3200 0.3200
v 0.3200 0.3200 0.3200
v 0.3200 0.3200 0.3200
v 0.3200 0.3200 0.3200
v 0.0000 5.4400 0.3200
v 0.3200 0.3200 0.3200
v 0.3200 0.3200 0.3200
v 0.3200 0.3200 0.3200
v -0.0100 -11.8300 2.1600
v -0.0100 -30.7300 -32.8000
v -17.6900 -2.2700 -17.5500
v 14.1900 1.2800 2.3600
v 27.1200 -17.0600 -5.7900
v -0.0100 -11.9300 -9.9600
v 36.7100 -25.6100 -3.2500
v -16.3300 -0.0100 -32.7800
v 33.6100 1.9600 35.9700
v -0.0100 -16.6900 18.3300
v -0.0100 -0.0100 -0.0100
v -38.2200 -27.8500 -38.2100
v -38.8600 -20.6500 -12.9800
v -39.6500 -21.4900 -3.2300
v 29.6600 -12.6800 7.5700
v -19.1700 -17.9000 15.2100
v -9.5300 38.5900 -29.4400
v 33.0000 -15.5700 -21.9900
v -0.0100 -0.0400 -31.2600
v -18.5100 29.5200 33.4300
v 29.0100 -0.0100 -32.7800
v -26.9600 2.1600 20.7500
v -3.3100 25.5900 -32.8000
v 25.9700 -31.5700 26.2300
v 0.0000 0.0000 -0.1300
v 0.0000 2.5500 -32.8000
v 6.0000 0.0000 0.0000
v 0.0000 0.0000 -0.1300
v 0.0000 0.0000 2.5500
v 0.0000 0.0000 -0.1300
v 0.0000 6.0000 0.0000
v 0.1500 -6.1600 -8.7300
v -22.9000 -9.6000 -0.1300
v -6.0900 -3.2900 -38.5900
v 0.3200 0.3200 0.3200
v 0.3200 0.3200 0.3200
v 0.3200 0.3200 0.3200
v 0.3200 0.3200 0.3200
v -1.8500 -6.8100 -0.1300
v -15.9400 -0.0500 -0.7400
v 38.1700 -23.3800 -19.5400
v 38.1800 -19.6000 0.0000
v -0.0100 -5.6500 -3.7400
v -0.1100 -37.0500 1.9200
v 36.4100 27.5100 -8.7400
v -25.4500 0.0800 36.0300
v -21.2600 6.0200 2.3000
v 12.8100 15.6800 5.1800
v 6.0000 0.0000 0.0000
v 0.3700 0.3100 30.4900
v -1.0500 39.9300 20.4700
v 1.3600 0.0000 17.5700
v -4.2400 -34.5600 32.2500
v -33.7400 -2.5300 -0.1300
v -13.3600 -0.0100 -10.2500
v -9.2800 -0.2700 4.5500
v -14.6000 11.7700 11.9300
v 33.2900 6.2400 21.2500
v -0.0100 -0.0100 -0.0400
v 35.8300 -2.7300 -10.0400
v -0.0200 -20.4900 -0.0100
v 8.7100 -2.4600 -4.2100
v -0.2400 -4.8800 6.4000
v -31.6800 0.2300 -11.3500
v 39.9900 -5.4500 -2.8400
v -12.4200 2.5500 -32.8000
v -7.0200 -27.3100 34.1500
v 26.5200 -15.9600 -0.4700
v -11.0400 -32.9600 7.0400
v 0.0900 -18.3700 -10.5600
v 21.5300 5.9100 -0.0100
v 0.3200 0.3200 0.3200
v 0.3200 0.3200 0.3200
v 0.3200 0.3200 0.3200
v 0.3200 0.3200 0.3200
v 0.3200 0.3200 0.3200
v 0.3200 0.3200 0.3200
v -2.5600 0.0000 0.0000
v 18.3000 10.2300 -32.8000
v -14.6700 -7.0800 -20.2700
v -2.3500 0.0000 0.0000
v -38.3700 -0.0100 -13.6900
v -0.8800 -0.6400 1.4900
v 7.7000 6.2600 -3.2900
v -0.0100 -38.4100 -32.8000
v -5.4900 -31.0900 -1.1100
v 9.5000 -23.5400 -21.5000
v 2.8700 -1.1300 29.4700
v -26.3300 -0.0100 -0.1300
v -28.2800 2.5000 0.0900
v -34.2000 -35.2700 -31.0500
v 0.3200 0.3200 0.3200
v 0.3200 0.3200 0.3200
v 0.3200 0.3200 0.3200
v 0.3200 0.3200 0.3200
v 3.8900 6.2000 -3.9700
v 23.5000 2.1500 -23.0300
v -0.0100 -39.9100 -0.0100
v -5.7700 -0.0100 -0.2700
v -3.6400 0.3200 20.4800
v -12.8000 8.3100 -2.7800
v 0.3200 0.3200 0.3200
v 0.3200 0.3200 0.3200
v 0.3200 0.3200 0.3200
v 0.3200 0.3200 0.3200
v 0.3200 0.3200 0.3200
v 0.3200 0.3200 0.3200
v 0.3200 0.3200 0.3200
v 0.3200 0.3200 0.3200
v 0.3200 0.3200 0.3200
v 0.3200 0.3200 0.3200
v -11.6700 -15.3700 24.3400
v -7.0500 -13.4500 -3.1100
v -11.7800 -0.0100 -0.0100
v -35.6800 1.1800 -3.0700
v 0.0000 0.3200 0.3200
v 0.3200 0.3200 0.3200
v 0.3200 0.3200 0.3200
v 0.3200 0.3200 0.3200
v 0.3200 0.3200 0.3200
v 0.3200 0.3200 0.3200
v 0.3200 0.3200 0.3200
v 0.3200 0.3200 0.3200
v -2.5600 0.0000 0.0000
v -0.0100 -0.0100 -0.0100
v 30.2400 -38.4100 -13.9000
v -39.8200 2.5500 -32.7800
v 11.2700 26.1900 11.7500
v -0.0100 -0.0100 -0.0100
v -30.2400 -0.0100 -1.6900
v -16.6400 -11.8300 0.0400
v -7.6100 9.6800 39.3400
v -19.8800 -20.4900 -32.8000
v -0.0100 -0.0100 -0.0300
v 0.1600 20.7600 0.0000
v 15.9000 -30.4300 -19.4400
v 32.9800 -39.8600 2.1300
v -26.4000 26.8800 16.1000
v 24.6600 16.2300 -0.1100
v 0.3200 0.3200 0.3200
v 0.3200 0.3200 0.3200
v 0.3200 0.3200 0.3200
v 0.3200 0.3200 0.3200
v -2.2000 36.0600 33.4700
v -22.1500 -0.6900 -13.2500
v 12.9300 -1.5100 -17.2900
v -24.5900 2.5500 -32.8000
v 5.4600 -15.8500 15.9200
v 0.3200 0.3200 0.3200
v 0.3200 0.3200 0.3200
v 0.3200 0.3200 0.3200
v 0.3200 0.3200 0.3200
v 0.3200 0.3200 0.3200
v 0.3200 0.3200 0.3200
v 30.7600 -3.0500 -2.2200
v 34.5500 -33.6600 -26.5000
v -0.0100 -0.0100 -6.4100
v -5.1600 31.0700 24.8000
v -0.0100 -32.9700 29.0900
v -0.4200 -15.3400 -8.4000
v 33.4800 -32.3700 -14.4500
v 31.6700 -0.0100 -0.0400
v -0.4300 -0.0400 -0.1300
v 18.8900 -9.7100 30.3600
v -7.4300 -0.4100 -0.0400
v -0.7500 33.1500 3.1300
v -1.8100 -9.4800 33.3100
v 0.3200 0.3200 0.3200
v 0.3200 0.3200 0.3200
v 0.3200 0.3200 0.3200
v 0.3200 0.3200 0.3200
v 0.3200 0.3200 0.3200
v 0.3200 0.3200 0.3200
v 0.3200 0.3200 0.3200
v 0.3200 0.3200 0.0000
v -2.0100 -1.2400 -0.6600
v 14.3700 -23.6900 -4.1000
v -30.1500 -0.0100 -2.1800
v -24.9700 15.9900 -12.5100
v 33.2700 7.6800 4.6100
v 0.0500 37.1800 -26.6500
v 0.3200 0.3200 0.3200
v 0.3200 0.3200 0.3200
v 0.3200 0.3200 -0.1300
v 0.3200 0.3200 0.3200
v 0.3200 0.3200 0.3200
v 0.3200 0.3200 0.3200
v 0.3200 0.3200 0.3200
v -1.2200 29.1100 35.4100
v 28.6100 -15.6300 -28.4200
v 23.8100 -8.9600 -10.4600
v -1.1300 -39.8300 -0.1300
v -8.6600 -1.1300 -31.9500
v 0.0000 0.0000 2.5500
v 0.0000 0.0000 -0.1300
v 0.0000 6.0000 0.0000
v 0.0000 0.0000 2.5500
v 0.0000 2.5500 -32.7800
v -0.0100 -0.0100 -0.0100
v 0.0000 6.0000 0.0000
v -31.8600 22.4000 1.0400
v 1.9800 20.4700 -0.2800
v -0.0100 -0.0200 13.4400
v -0.6500 -0.0700 21.5900
v 13.4400 13.8700 34.5600
v -2.9900 0.3400 34.5500
v -5.6000 24.9600 -5.2500
v 30.7200 0.0000 2.5400
v -5.1300 -0.0200 -0.1300
v -28.1700 -0.5800 -6.2800
v 27.4200 -27.1100 2.8600
v 0.0000 2.5500 -32.8000
v 6.0000 0.0000 0.0000
v 0.0000 0.0000 2.5500
v 0.0000 0.0000 -0.1300
v 0.0000 0.0000 2.5500
v 0.0000 0.0000 -0.1300
v 0.0000 6.0000 0.0000
v 0.0000 0.0000 2.5500
v 0.0000 2.5500 -32.7800
v 0.0000 6.0000 0.0000
v 6.0000 0.0000 0.0000
v 0.0000 0.0000 2.5500
v 0.0000 2.5500 -32.8000
v 0.0000 6.0000 0.0000
v 6.0000 0.0000 0.0000
v 0.0000 0.0000 -0.1300
v 0.0000 2.5500 -32.8000
v 10.2400 5.4400 -16.9600
v 25.6400 16.8000 37.1200
v 0.3200 0.3200 0.3200
v 0.3200 0.3200 0.3200
v 0.3200 0.3200 0.3200
v 0.3200 0.3200 0.3200
v 0.3200 0.3200 0.3200
v 0.3200 0.3200 0.3200
v 0.3200 0.3200 0.3200
v 0.3200 0.3200 0.3200
v -8.7100 9.6000 7.6900
v -4.1300 -30.1200 -0.1300
v 29.5400 22.4800 11.2400
v 5.4400 0.3200 0.3200
v 0.3200 0.3200 0.3200
v 0.3200 0.3200 0.3200
v 0.3200 0.3200 0.3200
v 0.3200 0.3200 0.3200
v 0.3200 0.3200 0.3200
v 0.3200 0.3200 0.3200
v 0.3200 0.3200 0.3200
v 0.3200 0.3200 0.3200
v 0.3200 0.3200 0.2100
v 0.3200 0.3200 0.3200
v 0.3200 0.3200 0.3200
v 0.3200 0.3200 0.3200
v 0.5600 16.3500 -1.8800
v 1.8000 7.6700 -32.7800
v -34.4900 -3.7100 -23.0500
v 31.2600 4.2000 -11.4600
v -29.1200 26.7500 26.2000
v -0.3200 -3.8500 -39.4900
v 21.3400 -8.8200 -12.3500
v 25.0200 5.9100 21.0800
v 32.0700 -1.6700 2.0000
v 0.0000 2.1800 5.7600
v 1.9200 2.1900 -5.0600
v -0.0100 -13.3300 20.4700
v 38.4600 -0.0100 -1.6500
v 1.4100 0.7800 25.1900
v 0.0000 0.0000 0.8800
v -0.5800 -0.0100 -0.8400
v -30.4300 -0.0100 -2.3200
v -20.4800 0.0000 0.0000
v 0.0000 0.0000 -0.1300
v 0.0000 2.5500 -32.8000
v 0.0000 0.0000 0.4300
v 0.0000 0.4300 -33.6800
v 1.7600 13.8800 2.4800
v 13.8800 2.4800 0.0000
v -0.0100 -0.0100 -0.0600
v -0.8100 -33.2900 -32.7800
v -34.9400 1.2800 21.3800
v 8.9500 -25.6100 -14.0900
v 0.0000 0.0000 1.7700
v 0.0000 0.6500 3.8600
v 10.9600 32.2400 10.3900
v 5.3600 15.2200 -0.1800
v 38.0100 -23.8000 5.3800
v 20.4500 17.6400 20.9700
v 31.8400 9.2700 -0.0200
v -0.0600 10.3600 30.7700
v 28.8200 12.9000 30.3500
v -0.0100 -0.2400 -0.1300
v 0.4300 -33.6800 0.0000
v -33.6800 0.0000 0.0000
v 2.4800 0.0000 0.0000
v 0.0000 0.0000 2.5500
v 0.0000 2.5500 -32.7800
v 16.4900 30.5700 3.4200
v -1.9100 0.1600 13.0100
v 26.9300 -9.4400 -6.0800
v 0.0000 0.0000 -17.7600
v 39.9300 17.7400 -19.7300
v -2.3200 28.6500 16.9700
v 0.3200 0.3200 0.3200
v 0.3200 0.3200 0.3200
v 0.3200 0.3200 0.3200
v 0.3200 0.3200 0.3200
v 0.0000 0.0000 0.3200
v 0.3200 0.3200 0.3200
v 0.3200 0.3200 0.3200
v 0.3200 0.3200 0.3200
v 0.3200 0.3200 0.3200
v -31.6800 -10.2400 0.0300
v -38.8300 -29.7500 2.1600
v 4.1600 1.0400 -16.4600
v -23.7700 -0.0100 -0.1700
v 36.5200 -0.0100 -1.8000
v 0.0000 0.0000 1.1600
v -31.5400 30.1800 22.2100
v 0.3800 13.5500 -35.9500
v -6.1700 -0.0100 -0.0100
v 7.4600 28.5400 35.0500
v 0.0000 0.0000 1.3700
v 35.9800 32.0100 0.0000
v 0.0000 1.6900 0.0000
v 1.7600 13.8800 2.4800
v -33.6800 0.0000 0.0000
v -20.4800 0.0000 0.0000
v 0.0000 0.0000 2.5500
v 0.0000 2.5500 -32.8000
v 0.0000 0.0000 0.4300
v 0.0000 0.4300 -33.6800
v 1.7600 13.8800 2.4800
v 13.8800 2.4800 0.0000
v -20.4800 0.0000 0.0000
v 0.0000 0.0000 -0.1300
v 0.0000 2.5500 -32.8000
v 0.0000 0.0000 0.4300
v 0.0000 0.4300 -33.6800
v 0.4300 -33.6800 0.0000
v 1.7600 13.8800 2.4800
v 13.8800 2.4800 0.0000
v 2.4800 0.0000 0.0000
v -20.4800 0.0000 0.0000
v 0.0000 0.0000 -0.1300
v 33.3200 1.6500 0.3000
v -24.1100 33.4000 21.3100
v -16.2800 0.3100 -10.5100
v -8.4400 -6.5700 -0.0100
v 0.0000 0.0000 14.1600
v 0.4300 -33.6800 0.0000
v -33.6800 0.0000 0.0000
v 2.4800 0.0000 0.0000
v 0.0000 0.0000 2.5500
v 0.0000 2.5500 -32.7800
v 0.0000 0.0000 0.4300
v 0.0000 0.4300 -33.6800
v 1.7600 13.8800 2.4800
v 13.8800 2.4800 0.0000
v -0.8900 -25.6100 -0.0100
v -0.0100 -3.5200 -39.6800
v 28.1600 -24.4000 1.8200
v -25.6400 -1.2100 -0.1300
v 18.3900 -0.0100 -0.0100
v -22.7900 -11.3200 -0.1300
v 29.8500 4.1200 -0.1300
v 0.0000 0.0000 -0.1300
v 0.0000 2.5500 -32.8000
v 0.0000 0.0000 0.4300
v 0.0000 0.4300 -33.6800
v 0.4300 -33.6800 0.0000
v 1.7600 13.8800 2.4800
v 13.8800 2.4800 0.0000
v -0.0900 -35.2000 7.3000
v 0.0000 0.0000 2.5500
v 0.0000 2.5500 -32.8000
v 0.0000 0.0000 0.4300
v 0.0000 0.4300 -33.6800
v 0.4300 -33.6800 0.0000
v 1.7600 13.8800 2.4800
v 13.8800 2.4800 0.0000
v 1.1100 -0.0100 -0.2300
v 1.6000 20.5000 1.2800
v 12.8200 3.8400 0.1800
v -30.7300 -35.5200 2.2800
v 23.4100 -0.0100 -0.0700
v 0.0000 0.0000 -0.1300
v 0.4300 -33.6800 0.0000
v -33.6800 0.0000 0.0000
v 2.4800 0.0000 0.0000
v 0.0000 0.0000 2.5500
v 1.7600 13.8800 2.4800
v 13.8800 2.4800 0.0000
v -0.0800 -29.2800 4.2000
v 0.3200 0.3200 0.3200
v 0.3200 0.3200 0.3200
v 0.3200 0.3200 0.3200
v 0.3200 0.3200 1.9500
v 19.5100 -23.7100 -19.8300
v 8.2200 -19.9300 31.3600
v 12.1800 0.2800 30.6800
v -25.1900 9.6400 0.0800
v 37.1800 0.0100 8.6200
v 1.1700 -10.8900 -23.7900
v -33.9600 7.0800 34.6800
v -36.7800 -25.6300 12.0700
v 0.3200 0.3200 0.3200
v 0.3200 0.3200 0.3200
v 0.3200 0.3200 0.3200
v 0.3200 0.3200 0.3200
v 0.0000 6.0000 0.0000
v 0.3200 0.3200 0.3200
v 0.3200 0.3200 0.3200
v 0.3200 0.3200 0.3200
v 0.3200 0.3200 0.3200
v -32.6500 -1.6700 -15.6100
v -29.0100 -0.9700 -38.6200
v 35.5300 -24.6800 36.1200
v -0.0100 -0.0100 -29.0800
v -0.0100 -0.0100 -27.1600
v -0.2500 -0.0100 -0.0200
v 0.0000 3.2900 20.5200
v 0.0000 0.0000 2.2400
v -1.2800 0.0000 0.0000
v 30.2400 0.0000 0.0000
v 0.0000 2.4000 17.9100
v 0.0000 0.0000 1.4000
v 0.0000 0.8000 0.4100
v 0.0000 0.0000 1.9200
v 8.0300 -23.2300 -32.3700
v -0.0100 -10.3800 10.4000
v 0.0000 1.8100 0.0000
v -35.8500 -0.0100 -0.0100
v 0.0000 0.0000 1.4100
v 29.0000 1.4900 1.6900
v -0.9800 -38.5100 -0.1300
v 21.2100 22.6000 -2.7800
v 28.3500 -0.0100 -3.9900
v -0.0100 -0.0100 -0.0100
v 28.3000 35.9100 2.6000
v -0.0100 -0.0100 -10.5900
v 18.7800 -0.0100 -0.0100
v -0.0100 -0.0300 -35.4600
v 7.5300 0.7600 -37.6000
v 38.4900 1.6700 0.0000
v 0.0000 0.0000 2.2000
v 6.1100 19.8800 -25.6800
v -0.0100 -6.5800 32.4400
v 2.4000 0.0000 0.4400
v 0.0000 2.4400 0.0000
v 33.3600 39.9100 -31.2700
v -0.8400 -27.2900 -0.1300
v -14.0800 -7.5200 0.1300
v -13.8600 -30.3800 -16.2700
v -39.1300 38.2500 -35.6200
v 1.2800 0.0000 0.1500
v 2.0800 0.0000 13.5000
v -1.7700 -0.2300 -30.1500
v 16.0700 22.8100 21.8400
v 0.0000 1.4400 0.0900
v 0.0000 0.0000 1.4800
v -1.4100 -0.5300 -26.8400
v -19.8000 -9.7300 -30.2100
v -0.0100 -0.0100 -0.1300
v 32.2900 18.0700 -2.3800
v -0.0100 -0.0100 -0.0100
v 1.6800 0.0000 2.1500
v 0.0000 2.0800 0.0500
v 0.0000 2.2900 0.0500
v 0.0000 0.0000 2.2400
v -11.1400 0.0000 0.0000
v 0.0000 0.0000 1.9600
v 0.0000 1.4400 0.1600
v 4.0100 20.7700 -20.6500
v -15.7100 -26.7400 -3.8400
v 0.0000 2.0800 0.0100
v 0.0000 0.0000 1.6000
v 1.2800 13.9600 0.3600
v 0.0000 2.2800 0.2500
v 0.0000 0.0000 1.9200
v 1.0000 0.8900 -0.2200
v 0.0000 0.0000 1.2800
v -0.0100 -0.0100 -6.3100
v -15.7400 38.4400 29.6700
v -0.0100 -0.9900 21.1400
v 0.0000 0.6300 25.6300
v 2.2400 0.0100 -19.6300
v 0.0000 1.6000 0.0600
v -0.0100 -0.7000 26.7500
v -0.0100 -0.0100 -0.0100
v -3.8500 1.4000 0.0000
v -24.7800 -1.4700 2.2800
v 11.6100 9.2300 -21.1400
v -19.7300 -17.9900 -29.2400
v 32.6900 31.7700 -26.0400
v -0.0100 -0.2300 11.6500
v 21.1400 24.4700 -0.1300
v 0.1600 16.6400 8.3000
v -6.7700 -0.0100 -0.7800
v 0.0000 0.0000 2.4900
v 2.4400 5.7600 1.9100
v 0.0000 2.0800 0.0000
v 0.0000 0.0000 1.7200
v 31.0600 32.3300 -0.1300
v 0.0000 0.0000 1.2800
v -30.7200 0.0000 2.2800
v -25.3100 -14.5500 -5.8600
v -32.0600 -25.9500 -17.7300
v 21.5700 -16.9100 38.0900
v -0.0100 -0.0100 -14.9400
v -0.0100 -0.0100 -0.0100
v -0.0100 -0.0100 -0.0100
v -0.0100 -0.0100 -0.0100
v -0.0100 -0.0100 -0.0900
v 1.4800 1.0500 10.5000
v 0.0000 0.8000 1.0000
v 0.0000 0.0000 1.6400
v 1.4400 1.6900 13.9100
v 20.5200 2.8700 -0.0600
v -0.4100 -23.0800 -17.8900
v -2.8300 38.9200 5.1000
v 0.3200 0.3200 0.3200
v 0.3200 0.3200 0.3200
v 0.3200 0.3200 0.3200
v 0.3200 0.3200 0.3200
v 0.3200 0.3200 0.3200
v 0.3200 0.3200 0.3200
v 0.3200 0.3200 0.3200
v 0.3200 0.3200 0.3200
v 0.3200 0.3200 0.0000
v 0.0000 0.8800 5.1200
v 0.3200 0.3200 0.3200
v 0.3200 0.3200 0.3200
v 0.3200 0.3200 0.3200
v 0.3200 0.3200 0.3200
v 0.3200 0.3200 0.3200
v 0.3200 0.3200 0.3200
v 0.3200 0.3200 0.3200
v 0.0000 0.0000 0.8800
v 0.0000 0.0000 2.4400
v 1.2700 -3.8000 36.1000
v 36.8100 5.3700 2.8700
v -28.9800 -6.0300 -25.6000
v 35.1500 -30.9100 -5.5600
v 36.4300 31.0000 -0.1300
v -0.0100 -0.0100 -0.1300
v 9.8700 14.7200 23.0300
v -0.0100 -0.0100 -0.0100
v -3.3600 12.2500 6.3400
v 0.3200 0.3200 0.3200
v 0.3200 0.3200 0.3200
v 0.3200 0.3200 0.3200
v 0.3200 0.3200 0.3200
v 0.3200 0.3200 0.3200
v 14.8400 -0.0700 -1.8000
v -13.9300 -8.8800 0.6600
v 19.0000 -5.3600 17.5800
v -17.1600 -12.5500 -14.9300
v 39.4200 30.0000 3.3300
v -12.1700 -5.8100 -29.1500
v 0.3200 0.3200 0.3200
v 0.3200 0.3200 0.3200
v 0.3200 0.3200 0.3200
v 0.3200 0.3200 0.3200
v 0.3200 0.3200 0.3200
v 0.3200 0.3200 0.3200
v 0.3200 0.3200 0.3200
v 0.3200 0.3200 0.3200
v -16.4700 2.8900 4.0000
v 0.3200 0.3200 0.3200
v 0.3200 0.3200 0.3200
v 0.3200 0.3200 0.3200
v 0.3200 0.3200 0.3200
v 0.3200 0.3200 0.3200
v 0.8000 31.2600 0.0000
v 33.2400 21.5600 9.3100
v -10.2500 -28.1700 -20.4900
v 0.3200 0.3200 0.3200
v 0.3200 0.3200 0.3200
v 0.3200 0.3200 0.3200
v 0.3200 0.3200 0.3200
v -2.4000 10.9700 25.8500
v 2.3800 -19.1200 0.6600
v -0.0700 -3.8000 -0.1100
v -0.0100 -2.5700 -6.7500
v 38.5000 17.7000 -39.7300
v 0.3200 0.3200 0.3200
v 0.3200 0.3200 0.3200
v 0.3200 0.3200 0.3200
v 0.3200 0.3200 0.3200
v 0.0000 6.0000 0.0000
v 6.0000 0.0000 0.0000
v 0.0000 0.0000 -0.1300
v 0.0000 2.5500 -32.8000
v 0.0000 6.0000 0.0000
v 11.5200 -14.1200 -2.3300
v 30.8000 17.9500 0.0000
v -10.1200 -28.1700 -32.8000
v -33.3500 -0.0100 -28.5700
v -36.9900 35.8300 -32.7800
v 0.0100 -4.9600 0.6100
v -8.5400 -0.0100 -31.0100
v 0.0000 0.0000 -0.1300
v 38.4000 0.0000 0.0000
v -29.1000 38.8900 -0.1300
v 6.0000 0.0000 0.0000
v 0.0000 0.0000 -0.1300
v -0.0100 -27.8100 -11.8100
v -1.6100 -3.0500 -0.0100
v 34.1200 -1.8700 -0.0100
v 0.0000 6.0000 0.0000
v 6.0000 0.0000 0.0000
v 0.0000 0.0000 -0.1300
v 0.0000 2.5500 -32.8000
v 6.0000 0.0000 0.0000
v 0.0000 0.0000 2.5500
v 0.0000 0.0000 -0.1300
v 0.0000 0.0000 35.1000
v -18.4400 19.0600 9.2500
v 2.6000 24.3300 20.0400
v 0.0300 7.7800 16.6900
v 38.2200 -12.8100 -7.4200
v 6.0000 0.0000 0.0000
v 0.0000 0.0000 -0.1300
v 0.0000 2.5500 -32.8000
v 0.0000 6.0000 0.0000
v 6.0000 0.0000 0.0000
v 0.0000 0.0000 -0.1300
v 0.0000 2.5500 -32.8000
v -24.6900 -27.6800 23.7000
v 34.1800 29.9500 39.1500
v -17.4400 -15.3700 -32.8000
v -11.0500 -0.0100 -7.6700
v -0.0100 -1.0400 -0.1300
v -9.1700 -22.7300 -8.6000
v 0.0000 0.0000 2.5500
v 0.0000 2.5500 -32.8000
v 0.0000 6.0000 0.0000
v 6.0000 0.0000 0.0000
v 0.0000 0.0000 -0.1300
v 0.0000 2.5500 -32.8000
v 0.0000 6.0000 0.0000
v 6.0000 0.0000 0.0000
v 0.0000 0.0000 -0.1300
v 6.0000 0.0000 0.0000
v 0.0000 0.0000 2.5500
v 0.0000 0.0000 -0.1300
v -26.3900 5.0900 -0.1300
v 23.8200 -0.2800 -34.7800
v -14.3900 -29.0900 -4.9500
v 0.0000 0.0000 -0.1300
v -4.8100 2.5500 -32.8000
v 0.0000 0.0000 2.5500
v 0.0000 0.0000 -0.1300
v 30.7200 0.0000 0.0000
v 0.0000 0.0000 1.3000
v -5.1300 -0.0100 -1.0400
v -28.3600 -27.6100 7.6100
v -0.0100 -0.0100 -0.2900
v -21.3800 -31.5000 -7.4300
v -16.8900 -7.3200 -1.4400
v 0.0000 0.0000 2.5500
v 0.0000 2.5500 -32.7800
v 0.0000 6.0000 0.0000
v 6.0000 0.0000 0.0000
v 0.0000 0.0000 -0.1300
v 0.0000 2.5500 -32.8000
v 0.0000 6.0000 0.0000
v 6.0000 0.0000 0.0000
v 0.0000 0.0000 -0.1300
v 0.0000 2.5500 -32.8000
v 6.0000 0.0000 0.0000
v 0.0000 0.0000 2.5500
v 0.0000 0.0000 -0.1300
v 0.0000 0.0000 2.5500
v 0.0000 0.0000 -0.1300
v 0.0000 6.0000 0.0000
v 0.0000 0.0000 2.5500
v 0.0000 2.5500 -32.7800
v 0.0000 6.0000 0.0000
v 6.0000 0.0000 0.0000
v 0.0000 0.0000 -0.1300
v 0.0000 2.5500 -32.8000
v 13.1400 12.5900 -0.0100
v 0.0000 2.5500 -32.8000
v 0.3200 0.3200 0.3200
v 0.3200 0.3200 0.3200
v 0.3200 0.3200 0.3200
v 0.3200 0.3200 0.3200
v 0.3200 0.3200 0.3200
v 0.3200 0.3200 0.3200
v 0.3200 0.3200 0.3200
v -0.0100 -35.8400 4.7100
v 21.1800 0.4000 0.0000
v 0.0000 0.0000 0.0600
v 0.0000 0.0000 -0.1300
v 0.0000 2.5500 -32.8000
v 0.0000 6.0000 0.0000
v 6.0000 0.0000 0.0000
v -0.0100 -0.0700 -0.1300
v 0.0000 6.0000 3.2000
v 0.0000 0.0000 -0.1300
v 2.5600 0.0000 0.0000
v 0.0000 2.5500 -32.8000
v 0.0000 6.0000 0.0000
v 6.0000 0.0000 0.0000
v 0.0000 0.0000 2.5500
v 0.0000 2.5500 -32.7800
v 0.0000 0.0000 -1.3000
v 0.0000 6.0000 3.2000
v 29.4300 -3.3100 16.6400
v 38.9500 -1.0400 37.1200
v 0.0000 0.0000 2.5500
v 0.0000 2.5500 -32.7800
v 0.0000 6.0000 0.0000
v 0.0000 0.0000 2.5500
v 0.0000 2.5500 -32.8000
v 0.0000 6.0000 0.0000
v 6.0000 0.0000 0.0000
v 0.0000 0.0000 -0.1300
v 0.0000 2.5500 -32.8000
v 0.0000 6.0000 0.0000
v 6.0000 0.0000 0.0000
v 0.0000 0.0000 -0.1300
v 6.0000 0.0000 0.0000
v 0.0000 0.0000 2.5500
v 0.0000 0.0000 -0.1300
v 0.0000 0.0000 2.5500
v 0.0000 2.5500 -32.7800
v 0.0000 6.0000 0.0000
v 0.0000 0.0000 2.5500
v 0.0000 2.5500 -32.8000
v 0.0000 6.0000 0.0000
v 6.0000 0.0000 0.0000
v 0.0000 0.0000 -0.1300
v 0.0000 2.5500 -32.8000
v 0.0000 6.0000 0.0000
v 6.0000 0.0000 0.0000
v 6.0000 0.0000 0.0000
v -33.1900 0.0600 1.6600
v 0.3200 0.3200 0.3200
v 0.3200 0.3200 0.3200
v 0.3200 0.3200 0.3200
v 0.3200 0.3200 0.3200
v 0.3200 0.3200 0.3200
v 0.3200 0.3200 0.3200
v 0.3200 0.3200 0.3200
v 0.3200 0.3200 0.3200
v 9.0200 23.8000 36.4000
v 0.0000 0.0000 -0.1300
v -5.1800 18.3400 31.8900
v 0.3200 0.3200 0.3200
v 0.3200 0.3200 0.3200
v 0.3200 0.3200 0.3200
v 0.3200 0.3200 0.3200
v -0.0100 -0.0100 -5.8200
v 23.1800 -0.0100 -0.8800
v 21.2500 17.5400 25.6500
v -25.6100 -0.0100 -18.1600
v -0.0100 -27.6600 -3.4000
v 0.0000 -2.8800 0.7500
v 0.0000 0.0000 1.5100
v 0.3200 0.3200 0.3200
v 0.3200 0.3200 0.3200
v 0.3200 0.3200 0.3200
v 0.3200 0.3200 0.3200
v 0.3200 0.3200 0.3200
v 0.3200 0.3200 0.3200
v 0.3200 0.3200 0.3200
v 0.3200 0.3200 0.3200
v 32.6400 -39.0100 24.8200
v -0.0100 -14.4600 16.1600
v -0.0100 -23.6500 15.3600
v 0.3200 0.3200 0.3200
v 0.3200 0.3200 0.3200
v 0.3200 0.3200 0.3200
v 0.3200 0.3200 0.3200
v 0.3200 0.3200 0.3200
v 0.3200 0.3200 0.3200
v 0.3200 0.3200 0.3200
v 0.3200 0.3200 0.3200
v -10.9200 -16.3500 -0.0100
v -31.6500 8.3200 3.3300
v 12.2400 31.7200 5.6600
v 8.0200 4.1700 -39.0200
v 0.0000 6.0000 3.2000
v -13.0400 -16.6500 -4.7200
v -0.0100 -0.2800 0.0000
v -13.4400 15.3500 -0.1300
v -0.1300 10.1900 -8.5600
v 8.3100 -27.2900 35.8400
v 0.3200 0.3200 0.3200
v 0.3200 0.3200 0.3200
v 0.3200 0.3200 0.3200
v 0.3200 0.3200 0.3200
v 0.0000 6.0000 0.0000
v 0.3200 0.3200 0.3200
v 0.3200 0.3200 0.3200
v 0.3200 0.3200 0.3200
v 0.3200 0.3200 0.3200
v 6.0000 0.0000 0.0000
v 0.0000 0.0000 2.5500
v 0.0000 2.5500 -32.8000
v 0.0000 6.0000 0.0000
v 6.0000 0.0000 0.0000
v 34.6200 -2.0900 -30.4300
v -0.4700 39.6800 0.0000
v -3.2600 -0.0100 -3.3700
v 0.0000 0.0000 1.0300
v 0.3200 0.3200 0.3200
v 0.3200 0.3200 0.3200
v 0.3200 0.3200 0.3200
v 0.3200 0.3200 0.3200
v 0.3200 0.3200 0.3200
v 0.3200 0.3200 0.3200
v 0.3200 0.3200 0.3200
v 0.3200 0.3200 0.3200
v -0.0100 -1.2900 -7.6900
v 0.0000 2.5500 -32.8000
v 0.0000 6.0000 0.0000
v 6.0000 0.0000 0.0000
v 0.0000 0.0000 -20.4800
v -13.0400 -38.4000 4.4300
v -0.0100 -0.0100 -3.5300
v -2.3200 0.0000 1.7000
v 5.7500 -0.8600 -0.1300
v -8.7100 -32.0100 -0.2200
v 27.2300 28.0600 -12.5800
v -5.3000 -4.5900 24.6400
v 0.0000 2.5500 -32.8000
v 0.0000 0.0000 0.3900
v 0.0000 15.3900 21.8600
v 31.4800 15.8400 -9.2400
v 0.3200 0.3200 0.3200
v 0.3200 0.3200 0.3200
v 0.3200 0.3200 0.3200
v 0.3200 0.3200 0.3200
v 0.0000 0.3200 0.3200
v 0.3200 0.3200 0.3200
v 0.3200 0.3200 0.3200
v 0.3200 0.3200 0.3200
v 0.3200 0.0000 -38.8200
v 0.3200 0.3200 0.3200
v 0.3200 0.3200 0.3200
v 0.3200 0.3200 0.3200
v 0.3200 0.3200 0.3200
v 2.5700 18.5400 -15.9200
v 0.0000 0.0000 1.4900
v 0.0000 1.6400 5.1400
v 0.3200 0.3200 0.3200
v 0.3200 0.3200 0.3200
v 0.3200 0.3200 0.3200
v 0.3200 0.3200 0.3200
v 0.0000 6.0000 0.0000
v -17.0700 -37.1300 -3.2600
v 0.9700 -39.7000 -33.0200
v 18.1400 -10.8900 -26.2900
v 21.4000 10.9700 -18.0400
v 0.3200 0.3200 0.3200
v 0.3200 0.3200 0.3200
v 0.3200 0.3200 0.3200
v 0.3200 2.5500 -32.7800
v 15.3900 0.3200 -0.0100
v 0.0900 15.3600 12.5400
v 4.8600 24.5000 -0.1300
v 33.8700 26.0600 -7.6800
v -16.7200 -26.6200 12.1000
v -0.0900 -0.0100 -0.2000
v -0.1200 -5.1500 -27.4400
v -0.0100 -0.0100 -0.5100
v 17.9200 6.7200 6.5100
v -0.0100 -0.0100 -4.2700
v -0.0100 -0.3200 -31.6900
v 20.4800 25.6400 2.5700
v -19.6300 -6.6900 0.2000
v 0.3200 0.3200 0.3200
v 0.3200 0.3200 0.3200
v 0.3200 0.3200 0.3200
v 0.3200 0.3200 0.3200
v 0.3200 0.3200 0.3200
v 0.3200 0.3200 0.3200
v 0.3200 0.3200 0.3200
v 0.3200 0.3200 0.3200
v 6.0000 0.0000 0.0000
v -4.9600 -16.5600 7.9100
v -12.8100 -0.0100 -13.2300
v -22.1400 -3.4200 25.0700
v 21.3400 10.2800 18.2700
v -12.0700 -2.5700 -32.7800
v -0.0100 -2.0500 -1.4700
v 19.2900 0.0500 -20.4300
v 30.0500 33.6800 31.3200
v -0.1500 -0.0100 -0.4900
v -17.5400 33.7000 32.4800
v 0.0000 0.0000 36.5400
v -33.8500 1.3500 36.9300
v -0.0100 -0.0100 -0.0200
v 0.3200 0.3200 0.3200
v 0.3200 0.3200 0.3200
v 0.3200 2.5500 -32.8000
v 0.3200 0.3200 0.3200
v 0.3200 0.3200 0.3200
v 0.3200 0.3200 0.3200
v 0.3200 0.3200 0.3200
v -0.0100 -0.0100 -0.0500
v -1.5500 31.9000 -7.2300
v -35.5600 -1.4900 -19.7900
v 0.7000 38.5600 21.1200
v 0.3200 0.3200 0.3200
v 0.3200 0.3200 0.3200
v 0.3200 0.3200 0.3200
v 0.3200 0.3200 0.3200
v 0.3200 0.3200 0.3200
v 0.3200 0.3200 0.3200
v 0.3200 0.3200 0.3200
v 0.3200 0.3200 0.3200
v -4.2500 -0.0100 -1.9700
v -0.0100 -0.0100 -4.1300
v 28.2000 16.9500 -38.6500
v 0.3200 0.3200 0.3200
v 0.3200 0.3200 0.3200
v 0.3200 0.3200 0.3200
v 0.3200 0.3200 0.3200
v 10.5600 0.0800 0.0000
v 0.0000 0.0000 0.3200
v 0.3200 0.3200 0.3200
v 0.3200 0.3200 0.3200
v 0.3200 0.3200 0.3200
v 0.3200 0.3200 0.0000
v 11.2600 -0.0100 -32.7800
v 0.6400 7.4900 -2.8600
v -13.4500 -0.0100 -0.7500
v 0.0000 0.0000 2.5500
v 0.0000 2.5500 -32.7800
v 21.1800 5.0900 -0.1500
v 0.0000 0.0000 2.5500
v 0.0000 0.0000 26.8800
v 6.0000 0.0000 0.0000
v -8.6300 -0.5200 -7.5900
v -10.2400 0.9800 6.9200
v -7.6100 -7.6900 -32.7800
v -0.0100 -22.0900 -0.1400
v -0.0300 9.1100 28.6600
v -26.9400 1.2800 5.8000
v -0.0100 -18.3800 -0.1300
v 0.0000 0.0000 2.5500
v 0.0000 0.0000 -0.1300
v 0.0000 6.0000 0.0000
v -0.0100 -0.3300 -33.3700
v -1.0100 -1.7400 30.3000
v 22.4500 22.8100 -39.0600
v -16.7900 -27.6800 6.4000
v 0.0100 -0.0100 -0.0100
v -2.1000 26.4200 6.7400
v -20.8600 21.2100 -14.1100
v 17.1000 24.4200 -0.1300
v 15.4000 37.2000 9.6200
v 5.8500 15.4400 28.1500
v -20.8000 -5.4000 35.3500
v 6.1200 32.9700 16.5700
v -0.0500 -10.2400 1.1800
v 33.7100 -29.0100 -2.8800
v 0.3200 0.3200 0.3200
v 0.3200 0.3200 0.3200
v 0.3200 0.3200 0.3200
v 0.3200 0.3200 0.3200
v 0.3200 0.3200 0.3200
v 0.3200 0.3200 0.3200
v 0.3200 0.3200 0.3200
v 0.3200 0.3200 0.3200
v 37.1100 -19.2400 10.9400
v -14.7900 22.4000 4.3900
v -24.9700 -6.5400 -32.4500
v 0.0400 12.8600 11.8500
v 0.3200 0.3200 0.3200
v 0.3200 0.3200 0.3200
v 0.3200 0.3200 0.3200
v 0.3200 0.3200 0.3200
v 0.3200 0.3200 0.3200
v 0.3200 0.3200 0.3200
v 0.3200 0.3200 0.3200
v 0.3200 0.3200 0.6500
v -20.6300 -17.7600 18.2300
v -8.1200 27.9200 -39.4000
v 3.9300 -11.9900 -6.9800
v -0.7300 -0.0300 -13.8300
v 36.7600 28.9900 15.7600
v -25.3200 0.7200 -0.1300
v 18.8000 0.0000 1.2900
v -0.0100 -0.0100 -13.9100
v -4.6000 35.0300 -17.3000
v 28.4400 -9.2500 20.6400
v 0.0000 0.0000 1.7000
v 9.0500 -3.0300 -35.7300
v -0.0100 -31.6500 2.0800
v 1.7200 -34.3300 22.8300
v -0.0100 -0.0100 -7.5500
v -2.7300 -0.1200 28.6800
v -27.9800 11.0400 8.6600
v 0.3200 0.3200 0.3200
v 0.3200 0.3200 0.3200
v 0.3200 0.3200 0.3200
v 0.3200 0.3200 0.3200
v -23.6900 -0.0100 -1.3800
v -1.3000 30.1800 17.7400
v -39.2000 -26.8100 -16.8000
v -38.7100 30.7200 -4.5400
v 15.3900 15.4000 0.4900
v 7.7100 -27.0800 -34.2200
v -3.8500 -0.4900 -0.2400
v 5.1200 32.4800 -35.8600
v -34.5600 15.3500 -32.7800
v -0.4600 14.8300 6.1400
v -0.0100 -0.0100 -0.2000
v -31.4100 -17.9200 0.5700
v 38.9500 -13.0500 -3.7200
v -15.6800 37.0400 2.7300
v -5.2500 -0.0100 -36.7100
v 8.2700 -1.9400 35.5200
v 29.9800 22.4400 0.0700
v 23.1600 0.0000 15.6800
v 1.3300 -20.5200 -11.5400
v -0.0100 -0.0100 -0.2500
v 11.0700 20.9100 23.4400
v -14.5700 -30.3800 -0.1300
v 17.2000 -16.0400 -13.1700
v -25.6100 -0.0100 -2.1200
v -0.8200 -6.3100 32.0600
v 0.0000 1.2900 10.5600
v -0.0100 -0.0100 -0.0100
v -0.0100 -0.0100 -5.3100
v -0.0100 -0.0100 -18.0400
v 1.5600 27.8500 28.8400
v 27.5800 13.5900 11.9100
v 0.3200 0.3200 0.3200
v 0.3200 0.3200 0.3200
v 0.3200 0.3200 0.3200
v 0.3200 0.3200 0.3200
v 0.3200 0.3200 0.3200
v 0.3200 0.3200 0.3200
v 0.3200 0.3200 0.3200
v 0.3200 0.3200 0.3200
v 20.9900 -0.6500 -0.1300
v -0.0100 -0.0100 -2.2600
v -15.4600 32.2800 31.6000
v 5.1100 -25.7900 -0.1100
v 30.0700 -14.9200 -39.3800
v 25.8700 6.6800 -2.7100
v 36.9500 -29.4900 -36.9600
v -31.3700 -26.4700 2.0300
v -12.7100 33.6400 -1.8300
v 0.0000 0.0000 2.5500
v 0.0000 2.5500 -32.7800
v 0.0000 6.0000 0.0000
v 0.0000 0.0000 2.5500
v 0.0000 2.5500 -32.8000
v 0.0000 6.0000 0.0000
v 6.0000 0.0000 0.0000
v 0.0000 0.0000 -0.1300
v 0.0000 2.5500 -32.8000
v -20.5900 -0.1400 -35.0100
v -5.4600 -34.1900 -23.3200
v -35.5500 34.8700 -0.1900
v 0.3200 0.3200 0.3200
v 0.3200 0.3200 0.3200
v 0.3200 0.3200 0.3200
v 0.3200 0.3200 0.3200
v 0.3200 0.3200 2.5500
v -8.2100 -0.0100 -32.7800
v -26.8800 15.3500 -32.8000
v 34.1100 -0.1200 0.6800
v 0.5300 -16.6400 0.0000
v -0.3500 -0.0100 -0.0400
v -0.0100 -0.0100 -0.0100
v -30.5000 -33.2900 -32.8000
v -17.1700 -1.3900 -0.1300
v 11.9800 16.2000 -37.5700
v -3.9200 26.5700 2.0400
v 27.5400 -31.3700 -15.7300
v -3.4400 -28.0400 -20.3700
v 0.3200 0.3200 0.3200
v 0.3200 0.3200 0.3200
v 0.3200 0.3200 0.3200
v 0.3200 0.3200 0.3200
v 0.3200 0.3200 0.3200
v 0.3200 0.3200 0.3200
v 6.0000 0.0000 0.0000
v -0.0100 -0.0100 -32.8000
v -0.8300 0.5300 3.4200
v -16.7500 -0.1800 -0.0300
v 14.3600 1.3600 27.0500
v -27.5300 -32.2400 -18.3800
v 0.3200 0.3200 0.3200
v 0.3200 0.3200 0.3200
v 0.3200 0.3200 0.3200
v 0.3200 0.3200 0.3200
v 0.3200 0.3200 0.3200
v 0.3200 0.3200 0.3200
v 0.0000 6.0000 0.0000
v -0.0100 -0.0100 -4.8000
v 0.0000 0.0000 0.3200
v 13.5100 23.4800 -35.8600
v 0.3200 0.3200 0.3200
v 0.3200 0.3200 0.3200
v 0.3200 0.3200 0.3200
v 0.3200 0.3200 0.3200
v 0.3200 0.3200 0.3200
v -30.7300 0.0000 0.0000
v 0.3200 0.3200 0.3200
v 0.3200 0.3200 0.3200
v 0.3200 0.3200 0.3200
v 0.3200 0.3200 0.3200
v 3.9900 -13.6400 -0.0100
v 0.3200 0.3200 0.3200
v 0.3200 0.3200 0.3200
v 0.3200 0.3200 0.3200
v 0.3200 0.3200 0.3200
v 25.6500 15.5400 10.6800
v 11.4000 -0.0200 22.5200
v -2.5600 0.0000 0.0000
v -28.6500 -5.5300 -12.2900
v -0.0500 -31.1400 -11.7600
v 0.3200 0.3200 0.3200
v 0.3200 0.3200 0.3200
v 0.3200 0.3200 0.3200
v 0.3200 0.3200 0.3200
v 0.3200 0.3200 0.3200
v 0.3200 0.3200 0.3200
v 0.3200 0.3200 0.3200
v 0.3200 0.3200 0.0000
v 11.9300 -21.7400 -32.4500
v 11.0200 17.2500 -12.7900
v 3.2400 -0.0100 -0.0600
v 24.8100 15.4900 5.6300
v 17.9800 34.2700 27.9800
v 0.3200 0.3200 0.3200
v 0.3200 0.3200 0.3200
v 0.3200 0.3200 0.3200
v 0.3200 0.3200 0.3200
v 25.6100 4.1300 -0.0100
v 25.0000 -5.8500 -25.6300
v -39.2000 13.8500 -27.6800
v -7.5800 18.4700 -9.8800
v 25.4000 10.1600 23.0300
v -0.5600 2.3600 -37.3700
v 1.4800 0.0800 26.7400
v 19.2800 10.9100 -0.4400
v -2.4100 5.5800 -0.8200
v -0.0200 0.9500 -10.2400
v -26.1000 0.0000 18.3600
v 23.4400 30.7000 26.4900
v -0.8700 15.0300 -0.0800
v -26.6500 33.2700 -0.0200
v -0.0100 -0.0100 -0.1200
v -0.0100 21.7900 -37.4400
v 0.0000 0.0000 2.5500
v 0.0000 2.5500 -32.7800
v 0.1000 0.3100 -15.7800
v 0.0000 6.0000 0.0000
v -1.6000 -4.6000 13.7800
v 0.0900 27.7700 8.9000
v 0.0000 6.0000 0.0000
v 0.0000 2.5300 -0.0100
v -0.0100 -5.4900 -7.2300
v -22.7700 -20.0400 -3.9600
v 9.9000 26.3000 10.6800
v -0.0100 -0.0100 -0.2300
v 6.0000 0.0000 0.0000
v 0.0000 0.0000 2.5500
v 0.0000 0.0000 -0.1300
v 0.4700 -0.0100 -0.0100
v 37.7500 -3.3600 -3.1900
v 0.0000 0.0000 1.5700
v 0.0000 0.9600 13.1800
v -5.8300 6.3000 21.8900
v 8.7500 26.0200 3.0000
v 25.7700 -0.7500 -0.1300
v -7.4100 -14.0900 -35.3400
v 30.8000 2.5700 1.9200
v -27.5700 -26.8900 -0.5600
v -0.0100 -0.0100 -0.1300
v -8.3100 -24.4400 -10.9800
v -30.9700 10.5600 -35.8400
v -2.5700 -0.0100 4.5000
v -3.3100 -0.0100 -0.0100
v -21.6700 -26.2500 28.2500
v -1.2900 -7.1100 38.2600
v -3.8400 0.0000 1.6400
v -0.3400 28.2000 13.1500
v -22.0900 -34.2200 16.7800
v 0.0000 0.0000 2.9200
v 2.1600 -31.1200 -33.0000
v -0.0100 -0.0100 -16.0000
v -2.5900 -8.6100 -29.9700
v 1.7000 0.0000 0.1000
v -26.7400 -0.1200 35.8700
v -36.5600 -37.9300 -8.1600
v 0.0000 0.0000 -0.1300
v 6.0000 0.0000 0.0000
v -0.0100 -1.7200 -0.1300
v 0.0000 0.0000 2.5500
v 0.0000 2.5500 -32.8000
v 0.0000 6.0000 0.0000
v 6.0000 0.0000 0.0000
v 0.0000 0.0000 -0.1300
v 31.5100 -0.2000 -0.0100
v 0.0000 0.0000 2.5500
v 0.0000 0.0000 -0.1300
v -0.0100 -3.3900 -0.7300
v 23.0400 36.4900 -0.1200
v -16.2000 -25.6100 -32.7800
v 4.2700 -38.4100 -32.8000
v -2.6700 -5.2900 -4.0700
v -2.6600 1.5300 -14.3300
v -0.8100 -12.2500 -0.0100
v -0.0300 -19.8200 -17.4300
v -5.2900 24.9900 -19.5800
v 16.8000 8.5800 -0.1300
v 38.3300 -13.6700 -24.1100
v -0.0100 -0.0100 -23.0500
v -30.7100 12.4000 -38.3100
v 0.0000 6.0000 0.0000
v 6.0000 0.0000 0.0000
v 0.0000 0.0000 -0.1300
v 0.0000 1.2800 0.0100
v -31.3700 -5.9500 -0.0200
v -0.0100 -0.0100 -16.5200
v 1.2700 -0.7700 -23.0700
v 24.3300 33.3600 -0.1300
v -0.0100 -0.0100 -11.4100
v -0.1700 -35.2100 -0.1300
v 4.3000 -26.7900 22.1400
v -3.2100 -0.0100 -0.1100
v 4.4700 -20.0400 33.3100
v 0.3200 -23.0500 -32.8000
v 35.8800 25.5200 -35.1200
v 5.4700 0.1700 -23.1000
v -11.5300 -27.3600 -29.9200
v 2.3400 -0.0100 -4.3000
v -5.3200 -14.3300 -29.5300
v -5.9100 8.0400 25.1800
v 34.4200 26.0600 29.9300
v -22.1100 -2.5700 -32.7800
v -0.0100 -0.0100 -32.8000
v -0.0100 -27.5300 -0.0100
v -0.0100 -0.0100 -17.0700
v 5.2600 2.8800 9.0400
v 0.3200 0.3200 0.3200
v 0.3200 0.3200 0.3200
v 0.3200 0.3200 0.3200
v 0.3200 0.3200 0.3200
v 0.3200 0.3200 0.1200
v 7.6700 -30.7200 -16.7200
v 0.3200 2.5500 -32.8000
v 0.3200 0.3200 0.3200
v 0.3200 0.3200 0.3200
v 0.3200 0.3200 0.3200
v 0.3200 0.3200 0.3200
v 0.4800 1.3700 10.2400
v 0.3200 0.3200 0.3200
v 0.3200 0.3200 0.3200
v 0.3200 0.3200 0.3200
v 0.3200 0.3200 0.3200
v 0.3200 0.3200 0.3200
v 0.3200 0.3200 0.3200
v 0.3200 0.3200 0.3200
v 0.3200 0.3200 0.3200
v 34.9900 -12.4100 -5.9200
v 24.7200 16.9200 36.2800
v 0.3200 0.3200 0.3200
v 0.3200 0.3200 0.3200
v 0.3200 0.3200 0.3200
v 0.3200 0.3200 0.3200
v 0.0000 0.3200 0.3200
v 0.3200 0.3200 0.3200
v 0.3200 0.3200 0.3200
v 0.3200 0.3200 0.3200
v -33.2000 15.6400 -31.8600
v 0.0000 0.0000 2.5500
v 10.7800 -0.0100 -1.2300
v 0.0000 2.5100 -12.2000
v -0.0100 -0.0100 -0.9100
v 31.6500 10.2400 7.1200
v 0.0000 30.7200 0.0000
v -0.3300 -0.0100 -0.2600
v 1.2400 0.0000 21.7400
v 0.3200 0.3200 0.3200
v 0.3200 0.3200 0.3200
v 0.3200 0.3200 0.3200
v 0.3200 0.3200 0.3200
v 0.3200 0.3200 0.3200
v 0.3200 0.3200 0.3200
v 0.3200 0.3200 0.3200
v 0.3200 0.3200 0.3200
v 6.4000 3.1000 12.0500
v 10.0900 -9.0600 19.2100
v 21.5100 21.5500 -0.2100
v 25.2500 14.7200 27.9000
v 12.9200 21.0600 19.3300
v 0.3200 0.3200 0.3200
v 0.3200 2.5500 -32.8000
v 0.3200 0.3200 0.3200
v 0.3200 0.3200 0.3200
v 0.3200 0.3200 0.3200
v 0.3200 0.3200 0.3200
v -30.7300 5.1800 12.1000
v -0.0100 -0.0100 -0.1300
v 39.0500 -0.2900 -5.1400
v -10.7400 2.5500 -32.8000
v -17.8900 -14.4700 10.6300
v 32.0300 38.8900 -0.0300
v 0.3200 0.3200 0.3200
v 0.3200 0.3200 0.3200
v 0.3200 0.3200 0.3200
v 0.3200 0.3200 0.3200
v 0.3200 0.3200 0.3200
v 0.3200 0.3200 0.3200
v 0.3200 0.3200 0.3200
v 0.0500 -15.3700 -32.8000
v -0.0100 -0.0100 -0.0600
v -0.1200 -14.1400 15.6100
v -2.0100 -0.0100 -0.1200
v 24.8400 27.4600 13.1900
v 30.0300 -33.4500 -8.6300
v -0.0100 -0.0100 -27.4900
v -15.7000 -3.5400 -3.6900
v 16.6100 -21.2300 11.4900
v 0.3200 2.5500 -32.7800
v 0.3200 0.3200 0.3200
v 0.3200 0.3200 0.3200
v 0.3200 0.3200 0.3200
v 0.3200 0.3200 0.3200
v 38.4500 11.3500 -4.0000
v 2.2200 25.7100 -0.6200
v -39.4100 -32.5400 17.9100
v 37.7500 -6.2900 24.2400
v 16.5800 0.0000 19.2000
v -7.5700 21.5800 -10.2600
v -11.0000 17.2900 -36.4200
v -27.7700 19.2000 11.5800
v -15.4400 -18.0000 -32.5900
v -31.4600 -21.4100 28.6900
v 16.4800 36.1600 7.8000
v -26.7900 0.4200 -39.0700
v 0.0000 6.0000 0.0000
v 0.3200 0.3200 0.3200
v 0.3200 0.3200 0.3200
v 0.3200 0.3200 0.3200
v 0.3200 0.3200 2.5500
v 0.4400 8.1500 -0.0300
v 0.0000 6.0000 0.0000
v 6.0000 0.0000 0.0000
v 0.0000 0.0700 -5.1100
v 0.0000 2.5500 -32.7800
v 0.0000 6.0000 0.0000
v 6.0000 0.0000 0.0000
v -0.2500 -13.9800 -7.2700
v 6.0000 0.0000 0.0000
v 0.0000 0.0000 2.5500
v 0.0000 0.0000 -0.1300
v 32.8000 0.5200 9.5900
v 0.3200 0.3200 0.3200
v 0.3200 0.3200 0.3200
v 0.3200 0.3200 0.3200
v 0.3200 0.3200 -0.1300
v -0.0100 -0.0100 -0.0700
v -0.1000 1.8000 25.0700
v 0.3200 0.3200 0.3200
v 0.3200 0.3200 0.3200
v 0.3200 0.3200 0.3200
v 0.3200 0.3200 0.3200
v 0.3200 0.3200 0.3200
v 0.3200 0.3200 0.3200
v 0.3200 2.5500 -32.7800
v 27.1700 16.9900 -19.0000
v 7.0700 -27.8200 0.9400
v -0.0100 -0.4700 -5.1500
v -16.3300 -38.4100 -32.8000
v 2.8800 0.3200 0.3200
v 0.3200 0.3200 0.3200
v 0.3200 0.3200 0.3200
v 0.3200 0.3200 0.3200
v 0.3200 2.5500 -32.8000
v 0.3200 0.3200 0.3200
v 0.3200 0.3200 0.3200
v 0.3200 0.3200 0.3200
v 0.3200 0.3200 0.3200
v 20.9600 0.1200 1.2800
v 15.2500 10.2300 -32.8000
v 0.3200 0.3200 0.3200
v 0.3200 0.3200 0.3200
v 0.3200 0.3200 0.3200
v 0.3200 0.3200 2.5500
v 0.3200 0.3200 0.3200
v 0.3200 0.3200 0.3200
v 0.3200 0.3200 0.3200
v 0.3200 0.3200 0.3200
v 0.0000 0.0000 1.3600
v 0.0000 0.0000 -0.1300
v 0.3200 0.3200 0.3200
v 0.3200 0.3200 0.3200
v 0.3200 0.3200 0.3200
v 0.3200 0.3200 0.3200
v 0.3200 0.3200 0.3200
v 0.3200 0.3200 0.3200
v 0.3200 0.3200 0.3200
v 0.3200 0.3200 0.3200
v -0.0300 -26.1000 -0.1300
v 28.5600 23.9900 -7.6900
v -0.2000 -0.0100 -32.7800
v -27.7500 -0.4000 -0.2800
v 15.3600 -39.3500 -8.5100
v -0.0100 -3.8500 -9.2600
v -0.1100 -10.9700 -0.1300
v 0.0000 2.5500 -32.8000
v 0.3200 0.3200 0.3200
v 0.3200 0.3200 0.3200
v 0.3200 0.3200 0.3200
v 0.3200 0.3200 0.3200
v 0.3200 0.3200 0.3200
v 0.3200 0.3200 0.3200
v 0.3200 0.3200 0.3200
v 0.3200 0.3200 0.3200
v 0.1500 17.5400 20.8100
v 3.4600 39.4000 27.0300
v -1.6600 4.0400 -20.4900
v -14.7300 -1.9700 -0.0100
v 22.1600 17.1700 -0.1300
v 1.2400 -0.0100 -7.9300
v -0.3300 -0.9000 -32.3200
v -4.8700 18.5500 -2.5000
v -33.9900 28.1400 -23.9400
v 39.4700 38.5100 35.2000
v -38.7200 -30.7300 -32.8000
v -9.4100 -9.4900 37.7800
v -0.1900 -7.4000 0.0000
v -25.6100 -7.6900 -32.8000
v 10.8100 3.3900 2.8900
v 3.7500 -13.4500 -12.5100
v -5.4500 -0.0100 -7.1100
v -0.0100 -0.0600 2.1800
v 38.1700 -15.1700 8.8100
v -26.8900 -7.0300 -0.0100
v -0.2200 -0.0100 -10.9100
v 0.3200 0.3200 0.3200
v 0.3200 0.3200 0.3200
v 0.3200 0.3200 0.3200
v 0.3200 0.3200 0.3200
v 0.0000 0.3200 0.3200
v 0.3200 0.3200 0.3200
v 0.3200 0.3200 0.3200
v 0.3200 0.3200 0.3200
v -32.2600 36.3500 -3.8900
v 39.0300 -0.0100 -0.0100
v -12.3000 -23.5100 -1.8300
v 24.9200 10.2100 -0.1300
v 0.0000 0.0000 0.0800
v 0.0000 0.2600 0.1000
v -3.1700 -5.9200 -0.1300
v 6.0000 0.0000 0.0000
v 0.0000 0.0000 2.5500
v 0.0000 0.0000 -0.1300
v -14.1200 3.2300 -0.1300
v 35.9400 2.5500 -32.7800
v 13.7700 -25.6300 -34.2900
v 5.9900 10.2300 -32.8000
v 20.4800 23.1400 19.2300
v 24.3200 3.1600 23.9200
v 30.1400 20.5800 30.2000
v -31.5400 30.1800 0.1400
v 35.9400 1.8500 4.7400
v -0.0500 -7.6900 -32.8000
v 25.9800 -19.6000 -0.1300
v 36.0500 29.5400 10.2400
v 21.1900 -0.0400 -39.1400
v -0.0100 -3.2400 31.3200
v -21.3900 -34.3100 -15.3700
v 18.6000 -10.2500 -32.7800
v 13.6500 -1.5300 -11.5500
v -3.2100 -0.0200 -25.2600
v 0.0000 -27.5200 1.4000
v -28.1700 -7.0000 -0.1300
v 13.0900 -37.6000 -0.1300
v 28.9900 -4.9800 18.2000
v 28.8900 -25.8000 -34.8400
v 0.3200 0.3200 0.3200
v 0.3200 0.3200 0.3200
v 0.3200 0.3200 0.3200
v 0.3200 0.3200 0.3200
v 0.3200 0.3200 0.3200
v 0.3200 0.3200 0.3200
v 0.3200 0.3200 0.3200
v 0.3200 0.3200 0.3200
v 25.8400 23.0300 -32.7800
v -3.4600 -0.0100 -0.6600
v 10.3500 14.7600 36.8000
v -13.2600 37.9600 -24.3400
v -2.5600 0.3200 1.0100
v 4.1600 -10.7000 14.7600
v 0.4800 0.0600 -35.8400
v -33.1000 4.3000 -0.1300
v 17.8300 -0.0100 -4.2600
v -10.2500 -0.0100 -0.0100
v -0.7400 -22.8900 6.0100
v -23.0500 -0.1900 -29.2000
v -20.8200 36.0000 1.0100
v 13.6300 -25.0400 -21.7900
v 32.2700 18.8400 24.4800
v -14.4600 22.4600 0.6700
v 38.6000 6.6900 -0.1300
v -1.5900 7.9900 -0.3700
v -26.9100 -28.1700 -32.7800
v -0.0100 -0.0100 -3.9600
v 0.0000 0.0000 -0.1300
v 0.0000 2.5500 -32.8000
v 0.0000 0.0000 1.2900
v -24.6500 -25.6100 -3.5400
v 0.3200 0.3200 0.3200
v 0.3200 0.3200 0.3200
v 0.3200 0.3200 0.3200
v 0.3200 0.3200 0.3200
v 0.3200 0.3200 0.3200
v 0.3200 0.3200 0.3200
v 0.3200 0.3200 0.3200
v 0.3200 0.3200 0.3200
v 0.0000 0.0000 -0.1300
v 6.0000 0.0000 0.0000
v -0.0100 -0.0100 -0.0100
v 0.0000 0.0000 -0.1300
v 0.0000 2.5500 -32.8000
v 0.0000 0.0000 0.6700
v -31.0600 -27.0100 23.5200
v -0.9300 -0.2200 -14.0400
v -35.2100 30.7100 -32.7800
v 0.3200 0.3200 0.3200
v 0.3200 0.3200 0.3200
v 0.3200 0.3200 0.3200
v 0.3200 0.3200 0.3200
v -2.5600 0.0000 0.0000
v -24.1200 31.6100 -29.1500
v 0.0000 0.0000 2.5500
v 0.0000 2.5500 -32.7800
v 0.0000 0.0000 0.1700
v 0.0000 0.0000 2.5500
v 0.0000 2.5500 -32.8000
v 0.0000 6.0000 0.0000
v 6.0000 0.0000 0.0000
v 0.0000 0.0000 -0.1300
v 0.0000 2.5500 -32.8000
v 6.0000 0.0000 0.0000
v 0.3200 0.3200 0.3200
v 0.3200 0.3200 0.3200
v 0.3200 0.3200 0.3200
v 0.3200 0.3200 0.3200
v 0.3200 0.3200 0.3200
v 33.6000 0.3200 0.3200
v 0.3200 0.3200 0.3200
v 0.3200 0.3200 0.3200
v 0.3200 0.3200 0.3200
v -0.5400 0.0200 0.6400
v 0.3200 0.3200 0.3200
v 0.3200 0.3200 0.3200
v 0.3200 0.3200 0.3200
v 0.3200 0.3200 0.3200
v 0.3200 0.3200 0.3200
v 0.3200 0.3200 0.3200
v 0.3200 0.3200 0.3200
v 0.3200 0.3200 0.3200
v 0.3200 0.3200 0.3200
v 0.3200 0.3200 0.3200
v 0.3200 0.3200 0.3200
v 0.3200 0.3200 0.3200
v 0.3200 0.3200 0.3200
v 30.7500 0.1600 20.6100
v -6.2300 -32.2000 -38.6400
v -33.5300 18.9300 19.9300
v 0.3200 0.3200 0.3200
v 0.3200 0.3200 0.3200
v 0.3200 0.3200 0.3200
v 0.3200 0.3200 0.3200
v 0.3200 0.3200 0.3200
v 0.3200 0.3200 0.3200
v 0.3200 0.3200 -0.1300
v 0.3200 0.3200 0.3200
v 0.3200 0.3200 0.3200
v 0.3200 0.3200 0.3200
v 0.3200 0.3200 0.3200
v 0.3200 0.3200 0.3200
v 0.3200 0.3200 0.3200
v 0.3200 0.3200 0.3200
v 0.3200 0.3200 0.3200
v 0.3200 0.3200 0.3200
v 0.3200 0.3200 0.3200
v 0.3200 0.3200 0.3200
v 23.9100 15.6400 34.6100
v 37.9300 7.5800 -20.1800
v 0.0000 0.0000 0.0500
v 0.3200 0.3200 0.3200
v 0.3200 0.3200 0.3200
v 0.3200 0.3200 0.3200
v 0.3200 0.3200 0.3200
v 1.8800 0.0000 0.0100
v 0.0000 0.0000 0.3200
v 0.3200 0.3200 0.3200
v 0.3200 0.3200 0.3200
v 0.3200 0.3200 0.3200
v 0.3200 0.3200 0.0000
v 0.0000 0.0000 12.6900
v 16.8000 -2.5700 -32.7800
v -29.9700 -2.7100 -28.3200
v 0.3200 0.3200 0.3200
v 0.3200 0.3200 0.3200
v 0.3200 0.3200 0.3200
v 0.3200 0.3200 -0.1300
v 0.3200 0.3200 0.3200
v 0.3200 0.3200 0.3200
v 0.3200 0.3200 0.3200
v 0.3200 0.3200 0.3200
v 0.3200 0.3200 0.3200
v 0.3200 0.3200 0.3200
v 0.3200 0.3200 0.3200
v 0.3200 2.5500 -32.8000
v 0.3200 0.3200 0.3200
v 0.3200 0.3200 0.3200
v 0.3200 0.3200 0.3200
v 0.3200 0.3200 0.3200
v 0.3200 0.3200 0.3200
v 0.3200 0.3200 0.3200
v 0.3200 0.3200 0.3200
v 0.3200 0.3200 0.3200
v 24.5000 20.8000 0.3200
v 0.3200 0.3200 0.3200
v 0.3200 0.3200 0.3200
v 0.3200 0.3200 0.3200
v 0.3200 0.3200 -0.1300
v 0.0000 0.0000 -3.7400
v 0.1600 5.1100 -32.7800
v 0.3200 0.3200 0.3200
v 0.3200 0.3200 0.3200
v 0.3200 0.3200 -0.1300
v 0.3200 0.3200 0.3200
v 0.3200 0.3200 0.3200
v 0.3200 0.3200 0.3200
v 0.3200 0.3200 0.3200
v -2.5600 0.0000 0.0000
v -1.7100 -5.1300 -32.7800
v 0.0000 2.3900 -18.6000
v 30.1400 9.1000 35.7400
v 36.8300 24.3400 -0.1300
v 0.3200 0.3200 0.3200
v 0.3200 0.3200 0.3200
v 0.3200 0.3200 0.3200
v 0.3200 0.3200 0.3200
v 0.0000 0.3200 0.3200
v 0.3200 0.3200 0.3200
v 0.3200 0.3200 0.3200
v 0.3200 0.3200 0.3200
v 0.3200 0.3200 0.3200
v 0.3200 0.3200 0.3200
v 0.3200 0.3200 0.3200
v 0.3200 0.3200 0.3200
v 0.3200 0.3200 0.3200
v 0.3200 0.3200 0.3200
v -1.9200 33.6000 -29.0400
v 0.3200 0.3200 0.3200
v 0.3200 0.3200 0.3200
v 0.3200 0.3200 0.3200
v 0.3200 0.3200 0.3200
v 0.3200 0.3200 0.3200
v 0.3200 0.3200 0.3200
v 0.3200 0.3200 0.3200
v 0.3200 0.3200 0.0000
v -1.2900 -0.0100 -14.1000
v -14.6500 -0.0100 -7.1000
v -0.0100 -9.6200 6.1700
v -0.0100 -0.2200 -0.1300
v -16.6900 -1.8000 -5.2900
v -0.0100 -0.0100 -29.6900
v 12.7900 -0.0100 -0.0100
v 19.5100 -0.0100 -0.1300
v 21.8300 -0.0100 -0.3800
v -0.0100 -6.0300 25.9100
v 31.6300 -0.0100 -0.0300
v 0.0000 -26.6800 0.0200
v 18.7900 -0.0100 -0.0100
v 0.1900 1.6800 16.9900
v -21.7000 26.3000 16.0300
v 24.4500 34.9500 -0.0100
v 1.1300 -11.2100 -0.1300
v 13.5600 2.6400 29.4300
v -0.0100 -5.5300 -0.1300
v -0.0100 -0.0100 -12.9000
v -7.6800 -16.3000 -0.1300
v 25.3000 -38.3500 -9.1000
v -1.8500 -14.0600 5.0000
v -34.2200 28.0700 -0.0100
v -5.8900 -0.4900 -17.8400
v -3.0700 39.9200 -0.1300
v -8.4600 3.8700 -2.7800
v 29.9100 -31.1200 -0.1300
v -0.0100 -7.4100 -0.0100
v -0.0100 -1.0200 0.0000
v -0.0100 -7.8500 -0.0500
v -0.0100 -2.4100 0.0000
v -28.4900 -10.0700 35.1900
v -34.9600 11.0700 17.3800
v -0.0700 -0.0100 -0.0100
v 0.3200 0.3200 0.3200
v 0.3200 0.3200 0.3200
v 0.3200 0.3200 0.3200
v 0.3200 0.3200 0.3200
v 0.0000 0.3200 0.3200
v 0.3200 0.3200 0.3200
v 0.3200 0.3200 0.3200
v 0.3200 0.3200 0.3200
v 30.7200 0.0000 0.0000
v 29.1400 -32.0000 -17.6300
v 2.8700 -0.3100 -24.1300
v -0.0200 -21.0800 -34.6000
v -5.5300 -0.0100 -0.0100
v -0.8100 -0.0100 -0.1300
v 8.2100 -1.7400 32.5600
v -16.5900 3.3500 8.5000
v -9.8300 -29.9900 -27.4800
v 26.0800 -39.0200 1.4800
v 35.9200 13.5600 38.0000
v -24.8900 -7.3700 -29.5500
v -10.9000 1.4400 0.0900
v -14.7600 -29.3100 -3.4700
v -23.3300 20.4700 -32.8000
v 0.3600 28.1500 -32.8000
v 23.8400 17.9100 -4.2300
v 4.3600 -29.4400 29.8200
v 16.5700 -6.2700 0.8000
v 5.1600 7.8100 34.7700
v 2.2400 15.2900 -0.1300
v -6.8100 -27.3100 -19.3100
v -21.7300 16.5300 28.7800
v -0.8100 -0.0100 -8.1700
v 0.0000 37.6400 17.2400
v -20.7800 32.7100 -23.8000
v 2.8700 23.8900 -4.6300
v -4.2700 -11.0500 -2.2000
v -13.6300 -1.7800 -24.7000
v 20.8200 15.3600 1.9800
v 0.0400 3.5100 -17.7400
v -0.0100 -0.0100 -0.2500
v 6.7800 -10.2600 23.6700
v -0.0100 -24.2700 25.5900
v -0.0100 -5.1300 -0.0600
v -4.9400 37.8500 24.1600
v -32.0100 -0.2300 -2.1400
v -22.6300 -1.6100 -6.3000
v -30.7000 1.7300 -12.1600
v 6.3000 12.7900 -32.8000
v -14.5500 -19.9600 5.4900
v -0.0100 -7.6900 -32.8000
v -1.9600 -21.9800 -0.8400
v 22.1400 4.0900 -23.5000
v 0.7500 1.5500 -1.6600
v 4.5700 -6.4100 -0.1900
v 26.1600 9.9700 -31.5700
v -34.2300 5.7400 -0.1300
v 12.9800 -16.6800 11.6000
v -3.8500 -5.9400 -22.6300
v -1.4100 -19.0100 37.0000
v 27.4000 31.2200 -0.1300
v 1.8300 -2.0700 35.9500
v -33.4500 -32.6500 -34.2800
v 1.8000 10.2400 7.5100
v 2.0400 0.1600 9.3200
v -0.6500 -5.7700 -0.6800
v -0.0100 -0.0100 -0.1300
v 3.4400 0.4400 31.6500
v -0.0100 -0.0100 -2.3900
v 16.6300 -0.0100 -0.0400
v -2.4200 -36.3700 9.3400
v -3.8900 -0.0100 -3.8600
v 1.8500 -32.1800 -2.2000
v 9.8100 23.0000 -22.0600
v -33.7500 -38.6500 -0.1300
v -21.1300 -20.4900 -3.6100
v 29.4400 1.8600 36.3700
v 20.8000 -7.6800 25.2300
v 8.2400 12.8000 8.6600
v -0.0100 -27.2600 8.0000
v 26.5000 -39.9500 31.8700
v -8.5700 -12.7700 -33.5500
v 36.8400 -28.1500 21.8100
v -35.3100 14.3300 -0.1300
vt 18.6992 -13.4229
vt -13.5156 21.3838
vt 2.1953 -24.0869
vt 0.0000 2.8516
vt 15.9971 20.6846
vt 3.8154 -16.2549
vt 0.0000 0.3828
vt -8.7646 -23.0488
vt -8.1982 4.1035
vt -8.0566 30.6445
vt 0.0000 1.6953
vt -1.8027 -13.3369
vt 0.0000 2.2109
vt 25.4912 2.4434
vt 0.0000 0.7109
vt -19.1709 -15.6729
vt -0.4580 -30.2500
vt -6.8584 17.2627
vt -6.1650 -26.6055
vt -3.7656 19.8799
vt -0.5303 -3.7227
vt -19.8828 -13.6982
vt 0.0000 4.0078
vt 16.0273 -21.0977
vt 0.0000 1.3516
vt 23.9414 26.8691
vt 16.9033 28.2510
vt 0.0000 1.0859
vt 18.8193 -26.3154
vt 0.0000 3.4297
vt 23.9463 22.6240
vt 31.7510 17.2803
vt 1.1885 8.8154
vt 0.0000 4.7422
vt 0.0000 2.1641
vt 0.0000 1.1172
vt 0.0000 1.2422
vt 15.2334 -4.0176
vt 0.0000 3.4297
vt -24.2109 -30.2383
vt -24.6182 10.6855
vt -16.2051 31.7129
vt 31.0723 -9.3818
vt 0.0000 1.4766
vt -19.9072 16.5898
vt 0.0000 2.8984
vt 0.0000 3.8984
vt 1.1240 -11.8887
vt 0.0000 2.8359
vt 30.4355 -15.6836
vt 13.9209 -20.1846
vt 0.0000 0.6328
vt 27.6504 27.5439
vt 0.0000 1.9141
vt 14.5029 0.9561
vt 10.5264 -26.6123
vt 0.0000 0.8594
vt 25.6006 24.8477
vt -25.6426 16.7227
vt 0.0000 0.2969
vt 0.0000 0.2969
vt 5.0674 9.2891
vt -19.0752 12.8086
vt 0.0000 1.8828
vt 6.2734 5.0674
vt 1.7656 -8.0039
vt -26.6074 -21.1777
vt 0.0000 0.7578
vt -9.3838 -0.5098
vt 0.3555 7.5771
vt -27.9434 23.1182
vt 0.0000 1.6172
vt 0.0000 0.5234
vt -17.5957 -4.2861
vt -25.3184 24.8145
vt -12.2656 23.5713
vt 24.4023 -23.6484
vt -11.2695 16.2090
vt 19.5088 -24.2227
vt 9.3115 9.2393
vt -24.5107 -21.6895
vt 20.1631 -15.2217
vt -20.5244 7.4551
vt 0.0000 0.8359
vt 15.1836 5.1650
vt -30.7627 0.1270
vt 22.7227 -16.2100
vt -9.4932 3.5615
vt -3.9229 0.4297
vt -22.7881 -31.5820
vt 0.0000 0.9297
vt 0.0000 1.0859
vt 2.9746 31.8779
vt 0.0000 8.0859
vt 0.0000 2.3203
vt 2.0654 -21.7168
vt 0.0000 2.1641
vt 10.7969 10.9766
vt 3.1543 -13.3018
vt -5.3057 -16.2490
vt -18.6426 25.2471
vt 0.0000 0.6641
vt -10.7344 5.7188
vt -12.6406 16.7354
vt 7.4424 24.2451
vt 2.4951 -26.6602
vt 20.0830 -16.4971
vt 1.6562 5.7744
vt 20.8086 -23.0762
vt 0.0000 0.8984
vt 0.0000 0.6328
vt -27.8438 -6.9893
vt -21.1484 10.1211
vt -25.4268 -22.9854
vt 0.3320 30.4873
vt -15.8789 -21.7529
vt 0.0000 0.5859
vt 12.6758 10.7930
vt -18.6514 -27.3604
vt 12.3359 10.0615
vt 15.8486 26.3994
vt 5.6406 -21.2178
vt -2.6523 -30.5361
vt 10.1816 -31.7568
vt -6.5166 20.4805
vt -5.5947 -21.3369
vt -29.3135 21.1895
vt 0.0000 0.5234
vt -26.7900 10.1240
vt 2.9697 12.9219
vt -26.8691 -27.8008
vt 0.7373 -23.5098
vt -29.8115 20.6025
vt 15.5049 -18.2754
vt -24.4678 -15.9580
vt -3.0254 3.2910
vt -8.9473 -26.5244
vt 0.0000 2.1875
vt -2.8076 -27.5537
vt 19.5723 -0.6504
vt 0.0000 1.5469
vt -17.3779 -27.8291
vt 0.0000 0.4297
vt -0.0166 24.7578
vt 0.0000 0.4297
vt 5.0039 -0.2510
vt -2.9775 1.3760
vt 9.5312 9.1895
vt 30.8809 20.0361
vt -22.5635 10.0078
vt 5.2031 -4.6553
vt 0.0000 0.4297
vt -22.5635 10.0078
vt -2.4883 -23.6777
vt -0.0166 -1.0322
vt 0.0039 3.3203
vt 0.0000 0.1172
vt 0.0000 2.1562
vt 0.0000 3.3828
vt 0.0000 28.0000
vt 0.0098 0.0156
vt 0.0098 0.0156
vt 1.0830 0.1475
vt -0.2588 -15.5703
vt -15.5703 0.5000
vt 0.5000 -31.9678
vt 0.3594 0.6172
vt 0.5664 -0.0273
vt 0.0156 0.2041
vt 0.2461 -0.2168
vt -0.2109 -15.5703
vt -15.5703 0.5000
vt 0.5000 -31.9639
vt 0.5264 0.2207
vt 0.1895 0.0605
vt -0.2529 0.5303
vt 0.5879 -0.1631
vt -0.1875 -15.5674
vt -15.5674 -4.2549
vt 2.7520 -15.8281
vt 0.9072 0.1426
vt 0.1250 0.1377
vt -0.0166 -0.3887
vt -0.2158 -0.1240
vt -0.0732 0.0381
vt 0.1377 -15.5664
vt -15.5664 12.2617
vt 10.2598 16.6406
vt 0.6025 1.0391
vt 1.4883 0.9961
vt 0.9658 0.0029
vt 0.0830 0.7148
vt 0.9727 0.3799
vt 0.4014 -15.5664
vt 2.6621 0.8252
vt 0.8945 0.1846
vt 0.4160 -15.5703
vt 0.3164 1.9463
vt 2.0566 0.7773
vt 0.5869 0.3721
vt 0.3975 -15.5703
vt 0.5469 2.5010
vt 0.9561 0.6758
vt 0.5059 0.7383
vt 0.3164 -15.5703
vt 0.7939 2.3779
vt 0.6689 0.7334
vt 0.3477 1.5605
vt 0.2432 -15.5703
vt 0.9961 1.4365
vt 1.1094 0.8721
vt -0.0859 2.3818
vt 0.1787 -15.5703
vt 1.1055 0.4844
vt 1.5273 0.8652
vt -0.4043 2.1494
vt 0.1641 -15.5703
vt 0.7930 0.3232
vt 2.1768 0.8623
vt -0.5762 1.1016
vt 0.2607 -15.5703
vt 0.5283 0.6592
vt 2.8203 0.8672
vt -0.5977 0.1523
vt 0.4463 -15.5703
vt 0.4502 1.1836
vt 2.5127 0.7949
vt 0.0205 0.4424
vt 0.4648 -15.5703
vt 0.1064 1.9648
vt 1.4521 0.6484
vt -0.0225 0.7842
vt 0.4707 -15.5703
vt -0.0859 2.4395
vt 0.5576 0.5576
vt 0.1484 1.4199
vt 0.4229 -15.5703
vt -0.3223 1.8369
vt 0.6836 0.7334
vt 0.5205 2.2119
vt 0.3223 -15.5703
vt -0.5781 0.8232
vt 1.2119 0.8008
vt 0.8564 2.5049
vt 0.2725 -15.5703
vt -0.5537 0.2295
vt 1.8457 0.8115
vt 0.9971 1.4932
vt 0.4707 -15.5703
vt 0.0928 0.7168
vt 2.3926 0.8193
vt 1.0713 0.3525
vt 0.4414 -15.5703
vt 0.1748 1.2578
vt 0.0000 28.0000
vt 0.0098 0.0156
vt 0.0098 0.0156
vt 1.0830 0.1475
vt 0.5469 -15.5664
vt -15.5664 0.2500
vt 0.2500 16.0156
vt -0.5264 1.3467
vt 0.9492 0.5869
vt 0.5186 0.7451
vt 0.7783 2.4316
vt 2.3027 0.3066
vt 0.3076 -15.5664
vt -15.5664 4.2539
vt 4.7539 -15.7031
vt 2.1650 0.7842
vt 0.7803 0.8994
vt -15.5664 11.2607
vt 12.2617 16.7656
vt 4.3223 0.6953
vt 0.6846 1.0439
vt 1.0889 0.3096
vt 0.3682 -0.2383
vt -0.2949 -15.5664
vt -15.5664 17.2666
vt 17.2666 17.0791
vt 0.0654 0.4375
vt 0.3867 1.1426
vt 1.0361 1.1816
vt 1.3174 -0.5771
vt -0.5762 -15.5664
vt -15.5664 16.7656
vt 16.2656 17.0156
vt 0.0244 -0.0928
vt -0.0752 1.1602
vt 0.9463 -0.0088
vt -0.1025 -0.1904
vt -0.1934 -15.5664
vt -15.5664 6.2559
vt 3.7529 -15.7676
vt 0.7119 -0.0713
vt -0.0713 0.8281
vt 0.8301 0.4844
vt 0.4863 -0.2656
vt -0.2666 -15.5703
vt -15.5703 0.5000
vt 0.5000 -31.9688
vt -0.3086 0.6475
vt 0.6504 -0.0713
vt -0.0713 0.8262
vt 0.8242 0.4678
vt 0.4658 -0.2607
vt -0.2607 -15.5703
vt 2.6621 0.8252
vt 1.0127 0.8164
vt 0.5703 -5.1562
vt -0.0703 1.8379
vt 1.8535 0.6582
vt 1.0938 2.3447
vt 0.5742 -5.1562
vt -0.2686 2.7666
vt 1.3359 0.7461
vt 1.1250 4.1514
vt 0.5742 -5.1562
vt -0.3447 4.0732
vt 0.5742 -5.1562
vt -0.3691 4.4297
vt 0.5928 -5.1562
vt -0.3525 3.6406
vt 0.4775 0.8252
vt 1.0361 2.9102
vt 0.6123 -5.1562
vt -0.3125 2.4658
vt 0.9297 0.8223
vt 0.9717 1.5889
vt 0.5723 -5.1562
vt -0.2686 1.6113
vt 2.1709 0.7471
vt 0.8535 1.1855
vt 0.2188 -5.1562
vt -0.2207 1.4268
vt 3.4707 0.6719
vt 0.9043 0.8184
vt 4.6211 0.6777
vt 0.8564 0.3369
vt 4.8652 0.6846
vt 0.8037 -0.0156
vt 4.0947 0.6846
vt 0.9248 0.1602
vt 0.4814 -5.1562
vt -0.0898 0.6006
vt 2.9463 0.6836
vt 1.0635 0.9297
vt 0.4805 -5.1562
vt -0.1025 1.4883
vt 2.0000 0.6807
vt 1.1455 2.5771
vt 0.4844 -5.1562
vt -0.2949 2.7783
vt 1.5059 0.7100
vt 1.2051 3.8809
vt 0.4863 -5.1562
vt -0.4932 3.9648
vt 0.4883 -5.1562
vt -0.6367 4.7646
vt 0.4902 -5.1562
vt -0.5928 4.3818
vt 1.1758 3.7969
vt 0.4980 -5.1562
vt -0.4414 3.3096
vt 0.6943 0.7578
vt 1.0820 2.0771
vt 0.4961 -5.1562
vt -0.2754 2.1689
vt 1.6074 0.6807
vt 1.0264 1.0898
vt 0.4180 -5.1562
vt -0.1768 1.6045
vt 2.5410 0.6816
vt 0.9688 0.8096
vt 0.4004 -5.1562
vt -0.1621 1.0430
vt 3.5049 0.7109
vt 0.8965 0.7256
vt 4.3213 0.7471
vt 0.8369 0.5547
vt 4.2197 0.7822
vt 0.8799 0.2871
vt 0.4893 -5.1562
vt 0.0596 1.0742
vt 2.9521 0.8164
vt 0.0000 0.0156
vt 0.0156 7.8838
vt 0.6279 28.0020
vt -7.7812 -31.0225
vt -0.0020 -0.0576
vt 7.0674 0.6279
vt 0.0000 0.3359
vt 0.0000 0.5312
vt 0.0000 0.6641
vt 0.0000 0.9453
vt 0.0000 1.4062
vt 0.0000 2.9844
vt 0.0000 0.0000
vt 2.0703 0.0049
vt -0.9316 -4.6797
vt 0.7500 0.0000
vt -3.2119 -2.6494
vt -0.7754 0.0000
vt 0.0000 0.0000
vt 0.0049 0.0049
vt 0.0000 -0.6514
vt -20.0000 -30.0000
vt 0.0059 -3.0859
vt 0.0000 0.0000
vt 0.0000 0.0000
vt 0.0000 -5.2422
vt 0.0000 0.0000
vt -1.0244 -8.9600
vt 3.1328 -0.1494
vt -1.6504 -3.2734
vt 0.0000 0.1328
vt 0.7598 0.0156
vt 0.7500 0.0156
vt 0.0156 8.0098
vt 0.0000 0.1484
vt 0.0000 0.1875
vt 0.0000 0.4688
vt 0.7051 -0.1992
vt 0.7500 0.0000
vt 1.1924 -1.2520
vt 1.7295 -1.8154
vt 1.7383 -1.8232
vt 1.7402 -1.8252
vt 1.7383 -1.8232
vt 1.7295 -1.8145
vt 1.3838 -1.4531
vt 0.0000 0.0000
vt -22.5479 26.3125
vt 28.5127 31.1250
vt -3.1768 31.1875
vt -11.1162 21.1875
vt 0.0000 0.1719
vt 0.0000 0.3594
vt 0.0000 0.7422
vt 0.0000 0.8672
vt 0.0000 0.9219
vt 0.0000 1.0781
vt 0.0000 1.3672
vt 0.7500 0.0000
vt 0.0156 0.7598
vt -0.1494 0.0000
vt 0.0000 0.0000
vt -0.8389 0.0000
vt 0.0000 -0.7109
vt 0.0156 1.5088
vt 0.0000 0.0000
vt -5.8867 14.5000
vt 0.7500 3.3750
vt 0.0078 -0.0645
vt 0.0000 -0.0645
vt 0.0000 0.0000
vt -23.9980 -26.0000
vt 8.0020 -26.0000
vt 0.7500 0.0000
vt 0.0000 0.0000
vt 0.0000 0.0000
vt 0.0000 0.6719
vt 0.0000 0.9375
vt 0.0000 1.1250
vt -1.6797 -0.2119
vt 0.0000 0.0000
vt 16.1953 12.8486
vt 2.5312 1.1709
vt -24.5518 25.7861
vt 16.1973 -19.1514
vt 0.0000 0.0000
vt 19.2080 30.0508
vt -20.4287 25.2871
vt 21.3779 3.3418
vt -1.0869 -0.0918
vt -17.7354 0.4219
vt 3.5205 -31.9922
vt 0.3574 7.4844
vt 8.9111 -2.9932
vt 0.6875 0.4062
vt -4.1104 8.0117
vt 0.0000 0.1172
vt 0.0000 1.2578
vt 0.0000 2.2656
vt 0.7500 0.0156
vt 0.0000 0.0000
vt 0.0625 4.0049
vt 0.0000 0.0000
vt -8.5850 -8.7119
vt 1.3633 -15.3418
vt 1.4258 -31.3418
vt -30.5742 -31.3105
vt 1.4258 -31.3105
vt 1.3633 -31.2803
vt -30.6992 -15.2490
vt 1.2383 -15.2178
vt 1.1758 -15.2188
vt -30.8867 -15.1875
vt 1.0518 0.8438
vt 0.9893 0.8438
vt -31.0107 0.8750
vt 1.0508 -15.1250
vt 1.1133 -15.0938
vt -30.7617 -31.0938
vt 1.4258 16.9062
vt -30.3252 -15.0928
vt 1.9873 -31.0928
vt 2.4238 -15.1230
vt 8.6680 0.1084
vt -31.9521 19.4453
vt -18.2109 6.9736
vt -8.9209 24.3604
vt -6.3086 -23.0068
vt 26.2510 25.2451
vt -5.5625 9.3389
vt 26.3125 -22.6924
vt 26.0635 -6.7861
vt 25.7529 25.1191
vt 25.5039 -23.0068
vt 25.3799 24.9619
vt 0.0000 0.0000
vt -3.1172 0.0000
vt 0.0000 0.1016
vt 0.0000 0.2344
vt 0.0000 1.0938
vt 0.0000 1.5078
vt 0.7500 0.0156
vt 0.0000 0.0000
vt 0.7500 20.0000
vt -14.1934 -25.6367
vt -12.0264 -14.1816
vt -0.0029 -12.0264
vt 0.0010 -0.0039
vt -14.0918 -16.1152
vt -12.0264 -14.0762
vt -0.0107 -12.0264
vt 0.0039 -0.0117
vt -14.0059 -8.0996
vt -12.0264 -14.0020
vt -0.0146 -12.0264
vt 0.0049 -0.0146
vt -14.0449 -11.6074
vt -12.0264 -14.0645
vt -0.0088 -12.0264
vt 0.0020 -0.0068
vt -15.5977 -26.9180
vt -12.0264 -15.8789
vt 0.1230 -12.0264
vt -0.0439 0.1240
vt 0.0684 -0.0439
vt -15.8125 17.5391
vt -0.0391 0.1123
vt 7.8232 -6.3994
vt 0.1123 -28.1436
vt 0.0625 -0.0391
vt -31.0234 -19.5742
vt -0.0391 0.1123
vt 0.7500 0.0000
vt 0.0000 0.1172
vt 0.0000 0.3359
vt 0.0000 0.4375
vt 0.0000 0.5234
vt 0.0000 0.0000
vt 0.7500 2.0000
vt -0.0244 0.0000
vt 9.2490 -2.7500
vt -0.0010 23.5029
vt 2.0000 -3.7510
vt 0.7500 2.0000
vt -0.3096 0.4971
vt 0.1367 -0.9346
vt 0.4482 0.2275
vt 0.0059 0.0205
vt 0.0000 0.0000
vt 0.2324 -0.1748
vt 0.9102 0.2324
vt 0.0879 -3.5518
vt 0.7500 2.0000
vt -6.8984 0.2217
vt 2.2734 0.3672
vt 10.8857 2.1797
vt -2.8594 0.2373
vt 21.2969 1.7148
vt 4.3750 -0.0977
vt 0.0000 0.0156
vt 0.0000 0.0000
vt 0.0000 0.1797
vt 0.0000 0.5547
vt 0.0000 0.7344
vt 0.0000 0.8516
vt 0.7500 -10.1719
vt 10.8828 0.0000
vt 0.1885 0.0000
vt 0.0000 -0.4121
vt 0.0000 23.0020
vt 0.0000 -1.9561
vt 0.0000 0.0000
vt 0.9463 0.0000
vt 0.0000 0.0000
vt 0.0000 0.0000
vt 0.0000 0.8525
vt 0.7500 -10.6719
vt 13.8770 0.0000
vt 13.8770 0.0000
vt 16.0020 0.0000
vt 20.7520 0.0000
vt 20.7520 0.0000
vt 20.7520 0.0000
vt 0.0000 -0.0518
vt 0.0000 0.0000
vt 2.1865 0.0000
vt 0.0000 -1.5039
vt 0.0000 0.0000
vt 0.0000 0.0000
vt 0.7500 -10.6328
vt 13.8818 0.0000
vt 0.0000 0.0000
vt 2.1865 0.0000
vt 0.0000 0.0000
vt -1.5039 0.0000
vt 0.0000 0.0000
vt 0.0000 -15.9375
vt -1.9775 0.0000
vt 0.0000 0.8525
vt 0.0059 0.0000
vt 1.0000 -25.9961
vt 0.0000 -1.9775
vt -0.0078 0.0000
vt 0.8730 -0.0088
vt 0.0000 0.0000
vt 2.1865 0.0000
vt 0.0000 0.0000
vt -1.1982 -0.0273
vt 0.0000 -0.0039
vt 0.0029 -15.9375
vt 2.2002 0.4102
vt 0.1309 0.8164
vt -0.0781 0.0000
vt -19.1016 30.6523
vt -0.3779 1.8525
vt 0.0840 0.0000
vt 1.1299 0.0645
vt 0.4795 0.0000
vt 0.9023 0.0000
vt 0.0000 0.0000
vt 0.1328 -0.0684
vt 0.0000 0.0068
vt 0.0186 -15.8105
vt -0.0264 -0.0225
vt -0.0117 -0.0264
vt -0.0029 0.0000
vt -30.2656 1.6738
vt 0.0000 0.0000
vt 0.0000 0.0000
vt 0.0000 0.0000
vt 0.0000 6.6670
vt 0.0000 0.0000
vt 0.0000 0.0000
vt 0.0000 0.0000
vt 0.0000 0.0000
vt 0.0000 -13.1826
vt 0.0000 0.0000
vt 0.0000 3.8281
vt 0.0000 3.8906
vt 0.0000 -2.9062
vt 0.0000 -2.1797
vt 0.0000 -2.1172
vt 0.0000 -1.2891
vt 0.0000 -0.4844
vt 0.0010 0.8125
vt 0.0010 1.8594
vt 0.0010 2.2031
vt 0.0010 2.5625
vt 0.0010 2.9219
vt 0.0010 3.0938
vt 0.0010 3.2734
vt 0.0010 3.4453
vt 0.0010 3.6172
vt 0.0010 3.8438
vt 0.7500 0.0000
vt 0.7500 0.0000
vt -0.4648 -0.4648
vt 0.7500 0.0000
vt -0.4375 -0.4375
vt 0.7500 0.0000
vt -0.5264 0.0049
vt -1.1797 2.1250
vt -18.2412 3.4717
vt -4.6953 0.0098
vt 0.0000 0.0000
vt -0.7109 -15.1475
vt 0.7500 0.3438
vt -1.4316 1.7236
vt -5.9287 -0.8047
vt -7.0547 -7.2715
vt -1.0586 1.8154
vt -3.1494 -1.6191
vt -0.7441 -12.7715
vt -13.0879 12.9180
vt 0.7500 0.0000
vt -5.8047 -8.2100
vt -0.2158 -0.5264
vt 0.0078 0.0068
vt 0.0088 -11.3652
vt 0.7500 0.0000
vt 0.0000 0.0000
vt 0.0000 0.0000
vt -5.6787 0.0000
vt 0.7500 0.0000
vt -6.0859 -1.0254
vt -1.5850 -0.8076
vt -0.4326 -1.5850
vt 0.7500 0.0000
vt 0.0039 0.0059
vt -0.0234 0.0000
vt -9.3662 -4.3984
vt -1.9629 0.0000
vt 0.0049 0.0088
vt -11.7725 -3.3047
vt 0.0020 -6.1797
vt 0.7500 0.0000
vt 0.0059 -0.8076
vt 0.7500 0.0000
vt 0.0000 0.0000
vt 0.0088 0.0068
vt 0.7500 0.0000
vt 0.0000 0.0000
vt 0.7500 0.0000
vt 0.0000 0.0000
vt -5.9600 -7.3037
vt -0.5225 0.0059
vt -11.3350 -9.0537
vt 0.7500 0.0000
vt -0.0303 -0.0303
vt 0.7500 0.0000
vt -10.5850 0.0000
vt 31.1875 3.9766
vt 0.7188 7.3750
vt 0.7188 7.3750
vt -2.6328 0.0098
vt 0.7500 0.0000
vt -5.1484 0.0068
vt -18.8438 0.1367
vt 0.7500 0.0000
vt 0.0000 0.0000
vt -12.4287 -6.1162
vt 0.0078 0.0000
vt 0.0029 -8.4287
vt -14.2021 3.7979
vt 0.0107 -13.1777
vt -1.9316 -6.1465
vt 0.7500 0.0000
vt 0.0000 0.0000
vt -8.5225 0.0088
vt 0.0000 -8.3037
vt 0.7500 0.0000
vt 0.0059 -1.0566
vt 8.6660 -14.0234
vt 0.7500 0.0000
vt 3.2812 -15.6562
vt 0.7500 0.0000
vt 3.2812 -15.6562
vt -4.6475 0.0078
vt -4.6172 -3.6152
vt 0.7500 0.0000
vt -0.8076 -0.3398
vt -1.6172 -3.9922
vt -8.7686 -26.0918
vt 0.7500 0.0000
vt -0.0889 -0.0283
vt -0.2109 -1.2129
vt 11.0000 -27.9453
vt 0.7500 16.0000
vt -3.5547 0.0049
vt -0.0029 0.0059
vt 0.0059 -15.3291
vt 5.8770 8.1592
vt 7.2949 11.0771
vt -12.3086 21.1035
vt -28.8398 -10.9600
vt 2.0049 -11.2129
vt -15.3691 12.6611
vt 16.0361 -27.0889
vt -15.8076 -19.1514
vt 7.4541 2.2920
vt -0.6182 0.0000
vt -13.8027 4.9922
vt -15.6553 12.4883
vt -2.7422 0.0000
vt 5.0557 2.7402
vt -24.8887 28.8926
vt 17.4756 -30.6680
vt 24.7852 -19.0557
vt 0.7500 0.0000
vt -7.0234 0.0000
vt -9.8750 -3.1875
vt 4.1875 0.3438
vt -0.5938 1.6250
vt -10.4912 -10.2109
vt 2.1934 -5.5547
vt -11.2100 -12.8662
vt 0.8516 -2.4941
vt 1.1309 -3.3350
vt -8.0537 -10.1162
vt 0.8213 -3.0566
vt 21.9268 -25.7871
vt -10.8350 -9.7109
vt 2.7266 -3.1162
vt 3.7979 27.1465
vt -13.9922 -11.4287
vt 2.8750 -2.7461
vt 0.0000 0.0000
vt -0.0029 0.0059
vt -0.0029 0.0059
vt -0.0029 0.0059
vt -0.0029 0.0059
vt 0.0098 0.0889
vt 0.0000 0.0000
vt 0.0215 0.0098
vt -9.9541 16.0605
vt 7.2451 -9.8037
vt -0.0068 2.2363
vt 0.0410 -0.0068
vt -17.1094 5.5469
vt 7.2061 -17.2295
vt -0.0068 8.2061
vt 0.0410 -0.0068
vt -17.1904 18.1309
vt 11.7090 -16.8164
vt -0.0068 11.2090
vt 0.7500 0.0000
vt -1.2480 0.1914
vt 1.0391 9.6875
vt 0.7500 0.1250
vt -2.3438 -1.2178
vt 0.1875 1.5625
vt 2.5332 4.0000
vt 0.7500 16.1250
vt -1.0000 -2.5625
vt -2.1875 -1.1562
vt 0.1562 1.0000
vt -0.0029 0.0059
vt 10.5430 -22.8125
vt 4.3496 0.5859
vt -0.0078 8.5752
vt 0.0469 -0.0078
vt -24.6709 7.8750
vt 0.8594 -25.2207
vt -0.0078 14.6318
vt 0.0469 -0.0078
vt 0.0996 -1.8994
vt -0.8652 0.0000
vt 0.0469 -0.0078
vt -31.3213 -26.7441
vt 8.0010 -31.7725
vt -0.0078 16.5254
vt 12.2490 -1.9082
vt 0.0469 -0.0078
vt 16.2500 0.3945
vt 0.8838 -15.8750
vt -0.0078 -31.8408
vt 0.7500 16.1250
vt -8.1484 -1.3408
vt -0.0029 0.0059
vt -21.9941 -5.2500
vt 0.0098 0.0205
vt 0.0000 -6.4033
vt 0.0957 0.0439
vt 0.0957 0.0439
vt 0.0957 0.0439
vt 0.7500 0.1250
vt -4.9609 -3.9307
vt -8.1475 -2.6494
vt -7.5000 3.4277
vt 14.1572 3.6895
vt -10.9854 3.6895
vt -9.8994 -11.0547
vt 1.2891 -2.7734
vt 2.7246 -4.7109
vt 0.2764 1.4766
vt 0.7500 0.0000
vt -1.1494 -0.0879
vt 0.7500 0.0000
vt -9.8984 -14.3350
vt -0.7725 -2.4961
vt 1.2246 -6.1494
vt 0.1201 17.2998
vt 0.0000 0.0029
vt 0.0098 0.2412
vt -1.6484 -4.6797
vt 11.8994 -17.7041
vt 14.2344 -30.4824
vt -10.8701 -27.8359
vt -23.0791 -27.4365
vt -31.9688 -20.8652
vt 5.2109 17.1885
vt 4.6650 -13.5225
vt 8.6436 2.3525
vt -17.3418 -15.1641
vt 13.7266 26.0264
vt -1.6494 -12.3740
vt 0.0000 -1.4609
vt -0.5254 -1.6191
vt -30.6543 0.0996
vt 7.0156 4.2070
vt 20.8760 13.7051
vt -7.3311 -8.9893
vt 25.2607 -13.4404
vt -14.4541 -26.0000
vt 14.4375 2.2500
vt -1.3994 -0.1494
vt 0.0049 0.0000
vt 0.8457 1.5391
vt 17.2969 0.9482
vt -16.4277 -7.9287
vt 0.0078 0.0068
vt 0.3174 1.5371
vt -31.7734 -20.2871
vt -6.7119 -2.8047
vt -23.7715 -9.8662
vt -0.7188 3.0625
vt -14.3438 -5.9688
vt -0.7188 3.0625
vt 22.3223 -12.3672
vt -9.2627 16.3457
vt 0.7500 0.0000
vt -1.2490 -0.4326
vt -8.2412 -3.4600
vt -4.2109 -0.7412
vt 31.6689 -25.0977
vt 0.7500 0.0000
vt -1.2441 -0.3711
vt 0.7500 0.0000
vt -0.0566 -3.3047
vt 0.0000 -1.1816
vt 0.7500 0.0000
vt -1.2139 0.1904
vt 4.6895 5.1641
vt 0.7500 0.0000
vt 1.2500 6.4688
vt 0.0000 0.0000
vt 0.7500 0.0000
vt -1.2188 0.4062
vt 4.6875 9.6875
vt 24.3496 -12.4297
vt 1.4688 1.8164
vt -28.9141 -1.0000
vt 0.7500 0.0000
vt -1.2188 0.1602
vt 2.8809 -0.8350
vt 0.0107 -7.9912
vt -3.5244 -13.6152
vt -6.6123 -23.8740
vt 0.7500 0.0000
vt -1.4326 0.0664
vt 0.7500 0.0000
vt 0.7500 0.0000
vt 1.2500 6.4688
vt 0.0000 0.0000
vt 0.7500 0.0000
vt 0.4736 0.5703
vt 0.0000 0.0000
vt 0.7500 0.0000
vt -1.2773 0.0039
vt 2.9756 -4.9600
vt 0.7500 0.0000
vt -1.2139 0.3174
vt 0.7500 0.0000
vt 0.0039 0.0059
vt 1.9131 -0.8037
vt 0.7500 0.0000
vt 0.0000 0.0000
vt 0.1328 3.6016
vt 0.7500 0.0000
vt -0.0576 -0.1221
vt 0.2520 3.1631
vt -7.3975 -5.2422
vt 0.7500 0.0000
vt 4.8594 0.7354
vt 3.7656 0.9053
vt 16.6729 17.5273
vt 18.6396 18.3047
vt 21.0938 2.6523
vt -0.0029 0.0059
vt 21.1250 2.6543
vt 20.9375 2.6289
vt 20.8438 2.6172
vt -11.0195 28.6211
vt 3.6094 0.5830
vt 27.2100 -13.1904
vt 2.1406 0.5439
vt 27.6172 -12.9355
vt 1.7969 0.5361
vt 27.7129 2.8115
vt 1.4844 0.5303
vt 19.6826 2.5557
vt 1.2656 0.5283
vt 11.5889 -29.9502
vt 1.2344 0.5303
vt 11.4639 18.0479
vt 1.4531 0.5342
vt 19.4316 2.5537
vt 2.0469 0.5420
vt -12.3252 -11.4072
vt 6.8281 0.5947
vt 7.8281 0.6494
vt 6.2656 0.6826
vt 6.7656 0.6455
vt 8.5469 0.4814
vt 4.5312 0.1875
vt 1.2500 1.3496
vt 0.7500 16.0000
vt -11.0850 -1.2783
vt -0.0029 0.0059
vt 22.8281 28.0732
vt 19.5156 28.0732
vt -26.0469 -19.7998
vt -26.3906 -19.6738
vt 28.1992 25.7734
vt 19.0742 6.7812
vt 0.7500 0.0000
vt 0.0000 0.0000
vt 4.7256 3.6006
vt 0.7500 0.0000
vt -0.1191 -0.0889
vt 4.7188 -8.6787
vt 0.0000 -24.6768
vt -1.1191 -3.7783
vt 16.2500 3.6855
vt 0.1250 -3.7812
vt 0.0107 -13.5225
vt -3.4463 -11.9287
vt -12.5850 -3.1797
vt -20.4395 -31.8877
vt 0.7500 0.0000
vt 0.0059 -0.1221
vt -5.3037 -6.6162
vt 0.7500 0.0000
vt -1.2812 9.3438
vt -0.4922 -7.5225
vt -0.8984 -6.4277
vt 4.1172 -16.7051
vt 0.7500 0.0000
vt -15.7812 12.5684
vt 0.0000 0.0000
vt -0.5254 -0.1826
vt 0.4766 -0.7451
vt -0.6201 0.5703
vt 17.2168 22.2988
vt 0.0098 0.1074
vt -9.1318 16.0039
vt 0.7500 0.0000
vt -11.7881 15.8799
vt 0.1562 7.2822
vt -5.4297 -5.2441
vt 8.1250 -1.5264
vt -6.3184 0.0098
vt -8.4912 -3.2744
vt -0.1562 -8.9316
vt -11.4062 -2.6250
vt 1.6875 -1.2188
vt -13.8965 -12.3350
vt 0.0059 -1.2129
vt -2.2432 -4.9922
vt 27.8604 26.7334
vt 0.0098 0.0400
vt -11.3975 -12.1787
vt -2.2422 -4.9922
vt 0.0742 -25.0879
vt -29.9375 -32.0000
vt 0.7500 0.0000
vt 0.0049 -0.8711
vt -5.5547 -3.8672
vt 0.0059 -0.3086
vt -0.0918 0.0068
vt 0.0020 -13.5137
vt -12.0840 -16.0840
vt -0.8994 -6.9912
vt 21.5898 18.3145
vt 0.7500 0.0000
vt -9.6934 0.0098
vt 0.2393 -18.0967
vt 0.7500 0.0000
vt -20.0312 7.9062
vt -0.8828 0.0098
vt -8.2715 -0.0273
vt 17.6572 8.8750
vt 0.7500 0.0000
vt -0.6201 0.0049
vt 0.0068 -3.3057
vt -3.1484 0.0078
vt 0.7500 0.0000
vt -2.3682 0.0059
vt 0.0068 -4.5537
vt 0.7500 0.0000
vt -0.7451 -0.5918
vt 3.1641 24.3535
vt -2.1338 0.0098
vt -0.5889 0.0078
vt -17.9590 0.0088
vt 3.5049 3.5430
vt 0.7500 0.0000
vt -1.0557 -0.8379
vt -2.7402 -5.7100
vt 0.7500 0.0000
vt -2.5840 -10.8037
vt 0.7500 0.0000
vt 0.0039 -0.3389
vt 0.7500 0.0000
vt 0.0000 0.0000
vt 0.0049 -10.1475
vt 0.7500 0.0000
vt -2.9766 0.0098
vt -0.3438 3.1875
vt -2.7109 -2.6807
vt -1.4062 8.3750
vt 0.7500 0.0000
vt 0.0957 0.0645
vt -5.1172 -3.2734
vt -0.3691 -7.1162
vt -13.6475 -11.0840
vt -1.9619 -7.5850
vt 23.1250 -7.3232
vt -8.2412 0.0088
vt -1.2119 -1.3037
vt -31.0000 0.8359
vt 0.7500 0.0000
vt -0.1504 -0.2129
vt -30.7334 -7.9824
vt 0.7500 0.0000
vt -0.9004 0.8174
vt 0.7500 0.0000
vt -0.4336 0.0059
vt 4.0000 -31.4043
vt -10.0000 1.7812
vt -11.4600 -5.0850
vt -1.9932 -2.2100
vt -31.3242 -14.8750
vt -2.7734 -7.8350
vt 1.1943 -7.1475
vt 0.1455 8.1436
vt 0.7500 0.0000
vt -0.9629 -1.7754
vt 0.7500 0.0000
vt -1.1201 -1.9014
vt 0.7500 0.0000
vt -1.6504 -1.8701
vt 0.7500 0.0000
vt 0.0000 0.0000
vt 0.0088 0.0078
vt 0.7500 0.0000
vt 0.0000 0.0000
vt 0.7500 0.0000
vt -2.2734 -9.1787
vt 0.0000 0.0000
vt 0.7500 0.0000
vt 0.0000 0.0000
vt -3.8350 4.3506
vt 28.0840 12.5029
vt -9.8350 -5.9287
vt -0.0596 -2.8682
vt 28.8330 17.5801
vt 10.0312 20.8359
vt -6.3369 -0.3994
vt 0.0000 -2.1494
vt -20.6113 0.7100
vt 0.7500 0.0000
vt 0.0000 0.0000
vt 0.7500 0.0000
vt 0.0000 0.0000
vt 16.8770 -19.4355
vt -11.0527 -11.3965
vt -0.7129 -5.4912
vt 1.0869 -25.5205
vt 0.7500 0.0000
vt -0.7139 -8.4297
vt 0.0186 19.7812
vt 19.7812 14.2207
vt 14.2207 22.1387
vt -9.0850 0.0088
vt -2.0557 -6.6465
vt 0.7500 0.0000
vt -0.2139 -2.0918
vt 0.0000 0.0000
vt 0.5010 0.2500
vt 3.0156 6.0361
vt -8.2725 -1.6162
vt -0.1494 -1.5557
vt -30.8623 10.4961
vt -18.7090 -3.8672
vt 30.2520 25.0234
vt 0.7500 0.0000
vt -3.3057 -0.4619
vt 0.7500 0.0000
vt 0.7500 0.0000
vt 0.0000 0.0000
vt -3.3340 -5.3662
vt 0.7500 0.0000
vt 16.2656 -23.4736
vt 0.7500 0.0000
vt 0.0000 0.0000
vt 0.0000 -3.2734
vt 0.7500 0.0000
vt 0.0078 0.0088
vt 0.7500 0.0000
vt 0.0000 -6.5547
vt 0.0000 0.0000
vt 0.7500 0.0000
vt -0.0605 -0.0918
vt 0.7500 0.0000
vt 0.0000 3.8818
vt 0.0000 0.0000
vt -2.5625 -0.3721
vt 3.2871 -0.1562
vt 0.7500 0.0000
vt 0.7500 0.0000
vt 0.0000 6.6562
vt -7.0547 -0.4297
vt -3.4004 -2.0869
vt 0.7500 0.0000
vt -4.6172 -1.5254
vt -3.0234 1.1328
vt 0.7500 0.0000
vt 0.7500 0.0000
vt -1.6523 4.2246
vt -27.6436 7.7314
vt 0.7500 0.0000
vt 0.0000 0.0000
vt 0.6631 4.4062
vt 0.2188 -2.0938
vt 1.9375 1.7500
vt 0.0000 3.1562
vt 0.0996 -6.3047
vt 0.0000 2.3174
vt 4.5293 22.8789
vt -2.0244 -8.6807
vt 0.0000 2.3438
vt -30.7344 0.1299
vt -1.8691 -8.5850
vt 0.0000 2.3516
vt 0.0010 -28.0000
vt 1.5078 -13.4092
vt 0.7500 0.0000
vt 0.0000 0.0000
vt 1.3750 -3.5625
vt 0.7500 0.0000
vt 0.0000 0.0000
vt 0.7500 0.0000
vt 6.8438 -2.1875
vt 0.0107 -15.5215
vt -3.8984 -11.0840
vt -2.8975 -3.2734
vt -3.6797 -3.7090
vt -11.3037 -11.2412
vt -1.5557 -10.4287
vt 0.0107 -10.7715
vt -2.0537 -0.7432
vt -1.1514 -5.1152
vt 16.9395 -29.5322
vt -18.4902 -12.4287
vt 0.0068 -1.3066
vt -5.7109 -4.1787
vt -17.1465 -12.3350
vt -0.8359 -1.3057
vt -5.3984 -2.2734
vt -6.8037 -6.8057
vt -5.3359 -2.9922
vt 26.6064 26.0420
vt -17.1465 -12.3350
vt -0.8359 -1.3057
vt -5.3984 -2.2734
vt -4.5859 -7.7109
vt -1.1484 0.1943
vt -6.7422 -1.6484
vt 1.5713 1.1328
vt 4.6875 0.3438
vt 0.7500 0.0000
vt -0.0283 -0.0283
vt -7.3662 -8.0537
vt 0.0059 0.0049
vt 0.0049 0.0078
vt 29.5625 -25.9375
vt -28.1562 0.0000
vt 0.0703 2.0283
vt 2.0283 -5.0938
vt -5.0938 0.0000
vt 0.0000 0.0938
vt 0.0703 2.0283
vt 2.0283 -5.0938
vt -5.0938 0.0000
vt 0.0000 0.0938
vt 0.0098 0.0400
vt -2.9287 -3.7734
vt 5.6250 -0.0625
vt -8.4287 -4.3047
vt -1.0244 -3.4287
vt 1.1250 0.0000
vt 9.7188 1.1250
vt 0.0098 0.2334
vt -5.2256 1.1338
vt 0.0000 0.0078
vt -13.4746 2.5088
vt 0.0000 0.0713
vt -7.9912 -2.0547
vt 0.7500 0.0000
vt -1.1191 -5.2734
vt 0.0000 0.0000
vt 0.0059 -5.8662
vt 0.7500 0.0000
vt 0.0000 0.0000
vt 24.0205 17.6064
vt -2.5869 -4.6484
vt 0.0000 -3.8682
vt -3.2100 -0.3682
vt 0.0000 -3.8750
vt 0.7500 0.0000
vt 6.8438 -2.1875
vt 0.0000 16.0000
vt 4.3750 0.5938
vt 0.0000 0.0000
vt -18.0850 -6.5547
vt 2.0312 1.0625
vt 0.7500 0.0000
vt 0.0000 0.0000
vt 0.7500 0.0000
vt -2.0889 -12.5244
vt 0.0000 0.0000
vt -14.9443 0.0098
vt -5.8037 0.0000
vt 22.5889 -26.6240
vt 0.7500 0.0000
vt 1.0020 0.1895
vt 0.0000 25.0088
vt 2.8643 8.0996
vt 0.7500 0.0000
vt -1.8389 -11.4932
vt 0.0000 0.0000
vt -1.0547 -0.1494
vt -8.8662 -11.5527
vt 0.7500 0.0000
vt -1.3057 -3.4297
vt 0.0000 0.0000
vt -8.7100 -1.1172
vt 0.0039 -0.3379
vt 0.0059 0.0078
vt -29.1074 8.8281
vt 20.0000 0.0000
vt 0.7500 0.0000
vt 0.0078 -4.6475
vt -1.2129 -0.1816
vt 0.0088 -9.3975
vt 19.4883 -30.3848
vt 0.7500 0.0000
vt 0.0000 0.0000
vt 0.7500 0.0000
vt -3.4619 -4.2412
vt 0.7500 0.0000
vt -1.5859 -0.1533
vt -7.0898 11.3779
vt 0.7500 0.0000
vt 0.0000 0.0000
vt 0.7500 0.0000
vt 0.0000 0.0000
vt 0.7500 0.0000
vt 0.0000 0.0000
vt -11.2715 -15.9590
vt 0.0000 -4.7422
vt 21.6377 25.6484
vt 0.7500 0.0000
vt 0.0000 0.0000
vt 0.7500 0.0000
vt -2.8057 -0.1221
vt -2.5869 0.0049
vt -17.2500 17.0625
vt -7.0693 0.0098
vt -13.5312 29.6162
vt -8.7217 -21.5781
vt 0.7500 0.0000
vt 0.0000 6.6562
vt 0.7500 0.0000
vt 0.0000 6.6562
vt -0.8672 -1.6172
vt 0.7500 0.0000
vt -5.9375 -0.7500
vt 0.0000 -0.5889
vt -0.0303 0.0039
vt -14.3516 6.0186
vt -5.9307 -4.4307
vt -0.1221 0.0049
vt -0.1221 -3.0244
vt 0.4639 8.9268
vt -3.2744 -3.8369
vt -0.1221 0.0049
vt -0.1221 -2.9307
vt 0.0029 -0.1250
vt 0.0000 3.8281
vt 0.0000 3.9453
vt 0.0000 -2.1406
vt 0.0000 -1.7969
vt 0.0000 -1.3047
vt 0.0000 -0.9453
vt 0.0000 -0.7812
vt 0.0000 -0.6094
vt 0.0000 -0.4375
vt 0.0000 -0.2656
vt 0.0000 -0.0391
vt 0.0010 0.3281
vt 0.0010 1.5234
vt 0.0010 2.7031
vt 0.0010 2.9766
vt 0.0010 4.0078
vt 0.0000 0.0000
vt -0.8750 0.0000
vt 3.4443 4.9688
vt -1.5908 0.4746
vt 13.0039 -2.8506
vt 0.7500 0.0000
vt 5.3750 1.2188
vt 0.7500 0.0000
vt -0.2754 -0.3057
vt -4.7109 0.0000
vt 0.7500 0.0000
vt 0.7500 0.0000
vt 0.7500 0.0000
vt 0.7500 0.0000
vt -0.3047 -1.9004
vt 0.7500 0.0000
vt -2.0234 -3.4941
vt -3.9307 -3.7119
vt 24.1680 28.5996
vt 0.7500 0.0000
vt 0.0059 0.0088
vt -5.1172 -4.7109
vt 1.1328 -5.4707
vt 0.0107 -30.8652
vt 0.7500 0.0000
vt 0.7500 0.0000
vt 0.0000 0.0000
vt -4.7422 0.0068
vt 0.0039 -0.8359
vt 0.7500 0.0000
vt -6.8984 -2.9297
vt -6.4297 -5.1484
vt -1.3691 -2.2725
vt 0.7500 0.0000
vt 0.0000 0.0000
vt -4.3984 0.0059
vt 0.7500 0.0000
vt -7.7734 0.0068
vt 0.7500 0.0000
vt -6.2422 0.0078
vt -11.3975 -8.3965
vt -0.6504 -4.8721
vt -0.4307 0.0068
vt -0.1533 -4.9600
vt 0.7500 0.0000
vt -10.1162 -2.7422
vt -5.1484 0.0078
vt -1.1191 -0.5547
vt -11.0234 -8.2100
vt -1.1250 -0.2744
vt -30.9600 16.2998
vt -3.9307 -4.3672
vt -4.3672 0.0000
vt -11.0850 -1.8359
vt -8.3350 -0.0586
vt 0.7500 0.0000
vt -5.6807 1.3818
vt 0.7500 0.0000
vt -4.6484 -4.4922
vt 0.7500 0.0000
vt 0.7500 0.0000
vt -7.5234 -0.4297
vt -11.5225 -8.9287
vt -1.5244 -1.5576
vt 0.0000 -5.0000
vt 0.7500 0.0000
vt 20.7178 -23.1934
vt 13.7393 16.0312
vt 0.7500 0.0000
vt -1.0312 2.3125
vt 12.5703 -7.9375
vt -9.3340 0.0078
vt 0.7500 0.0000
vt -2.9922 -12.2402
vt 13.0762 17.5361
vt 2.5127 25.5410
vt 17.5352 -7.0781
vt -30.1777 18.6924
vt 8.0664 16.8145
vt -0.2119 -0.1816
vt -5.4297 0.0000
vt 2.7139 -17.3906
vt -15.9297 19.0996
vt 9.7490 31.1357
vt 18.6416 11.5859
vt 1.6924 -2.9092
vt 6.2100 -14.3867
vt -17.3906 1.2432
vt 0.7500 16.0000
vt -11.1475 -0.0918
vt 0.0049 0.0059
vt -26.7461 4.0781
vt 5.4375 11.9131
vt -14.4316 24.2852
vt 23.5967 26.6855
vt 10.9375 0.0723
vt 0.0049 0.0059
vt -21.3105 2.0713
vt 12.0059 17.0693
vt 0.0000 0.0000
vt 4.0020 11.9365
vt 0.0059 -24.9883
vt 31.5020 28.3711
vt 19.8711 8.5273
vt 6.5234 0.0049
vt -5.5234 -6.2422
vt -8.8037 0.0000
vt 0.7500 0.0000
vt -3.2744 0.4121
vt 0.7500 16.0000
vt -0.9639 0.0342
vt 0.0000 -7.5547
vt 9.4883 -15.1543
vt -24.7471 -2.6191
vt 10.4014 5.5273
vt 27.4785 29.2109
vt 7.2285 -27.2148
vt 30.7979 -27.8125
vt 3.7500 -25.7920
vt 18.7939 -27.6123
vt 3.5986 7.1240
vt 0.7500 16.0000
vt -0.7119 -2.1816
vt -0.6855 -11.1787
vt 0.0049 0.0059
vt 0.0068 -27.5439
vt 18.5918 7.2910
vt 0.0049 -6.3672
vt 16.2891 13.3193
vt 3.8750 9.3984
vt 27.1328 16.1484
vt 9.7959 19.6699
vt 17.5791 0.8701
vt 12.0645 -25.9668
vt 0.0000 -1.6562
vt 3.0938 1.8438
vt 0.0078 0.0000
vt -15.0303 -22.7500
vt -11.0996 28.0625
vt -19.1768 13.8799
vt -24.4844 3.1816
vt 13.3066 10.6455
vt 0.0000 0.0000
vt 0.0049 0.0059
vt 0.0049 0.0059
vt 0.0049 0.0059
vt 0.0049 0.0059
vt 0.0098 0.0889
vt 0.0000 0.0000
vt -24.4922 11.1797
vt 1.5293 -19.9824
vt -31.2051 -19.9824
vt 0.7500 16.0000
vt 2.7578 0.0049
vt -29.7773 0.0049
vt 0.0049 0.0059
vt 0.0000 0.0000
vt 0.0049 0.0059
vt 0.0049 0.0059
vt 0.0049 0.0059
vt 0.0049 0.0059
vt 0.0098 0.0479
vt 0.0000 0.0000
vt 0.0049 0.0059
vt 0.0049 0.0059
vt 0.0049 0.0059
vt 0.0049 0.0059
vt 0.0049 0.0059
vt 0.0049 0.0059
vt 0.0098 0.1182
vt 0.0000 0.0000
vt 7.0156 0.0049
vt 9.1719 0.0049
vt 0.0049 0.0059
vt 24.6738 0.0049
vt 0.0049 0.0059
vt 16.6670 0.0049
vt 0.0049 0.0059
vt 0.0000 0.0000
vt 0.0049 0.0059
vt 0.0049 0.0059
vt 0.0049 0.0059
vt 0.0098 0.0195
vt 0.0000 0.0000
vt 0.0049 0.0059
vt 0.0049 0.0059
vt 0.0049 0.0059
vt 0.7500 16.0000
vt -14.5625 6.0078
vt 25.5557 -7.8340
vt -18.1504 -30.5283
vt 13.8936 -3.1768
vt 5.0283 -22.9531
vt 25.8633 13.0830
vt 16.7939 7.4863
vt 1.6328 -16.1934
vt 11.1504 20.7725
vt -16.7412 2.2979
vt -0.5576 -7.2422
vt -3.2168 29.0078
vt -0.8193 4.0176
vt -2.4629 -0.3682
vt -9.0234 0.3818
vt -2.3691 0.8809
vt -1.6562 2.9688
vt 1.8438 2.9688
vt 0.7500 0.0000
vt 0.7500 0.0000
vt -0.0879 -1.8057
vt -11.9600 -7.1787
vt 0.7500 0.0000
vt 0.7500 0.0000
vt -8.5225 -1.3047
vt -2.1807 0.0068
vt 0.0000 -2.0254
vt -12.8994 -6.9932
vt 0.7500 0.0000
vt 0.0000 0.0000
vt 0.0000 -4.1562
vt -15.8047 1.1953
vt 0.7500 0.0000
vt 1.0068 0.6650
vt -3.8047 -5.7109
vt 0.0107 3.2900
vt -4.4609 -0.2129
vt -5.2109 -3.7100
vt -2.2119 -1.0254
vt -6.0547 -1.7422
vt 0.7500 0.0000
vt 0.0000 5.3184
vt 0.0000 0.0000
vt 0.0000 0.0000
vt 0.7500 0.0000
vt 0.0000 0.0000
vt 0.0010 -4.1562
vt -15.8398 1.9463
vt -10.1162 0.5068
vt -14.2754 -6.9902
vt 0.7500 0.0000
vt -0.2168 -0.1240
vt -2.4961 -1.1562
vt 0.0107 3.2578
vt -0.5908 1.8809
vt 0.7500 0.0000
vt -3.9297 -4.2129
vt -14.6484 5.5391
vt -5.0566 1.3477
vt -7.1475 -4.9922
vt 0.0000 0.1875
vt 0.0000 3.6562
vt 0.7500 0.0000
vt 0.7500 0.0000
vt -13.3975 -2.8350
vt -10.8340 12.0400
vt -4.0889 1.6562
vt -14.6484 5.5391
vt -5.0566 1.3477
vt -1.7119 -4.5264
vt -0.0273 -1.7725
vt 0.7500 0.0000
vt 31.6387 2.8906
vt 13.8906 5.8359
vt 0.7500 0.0000
vt 1.7812 -0.5000
vt -8.0625 3.2500
vt 0.7500 0.0000
vt 0.0000 0.0000
vt -4.0312 0.0078
vt -11.4590 -5.2725
vt 0.0000 0.1875
vt 0.0000 3.6562
vt 0.7500 16.0000
vt -3.8398 -0.4619
vt 2.6328 0.1328
vt 2.0078 0.1387
vt 3.0859 0.4062
vt -24.6396 -6.5068
vt 2.3887 -16.8418
vt 0.7422 0.3086
vt 0.0059 9.2188
vt -5.0566 1.3477
vt -31.8965 2.6025
vt -5.7119 1.5068
vt -3.8047 -5.5557
vt -0.2139 -4.8037
vt 0.7500 0.0000
vt 0.0000 0.0000
vt -4.0312 -1.7129
vt -15.4600 8.0703
vt -5.1484 -0.1182
vt -15.4590 1.5400
vt -9.3975 -1.5547
vt 6.4766 -5.5225
vt 0.0439 -23.9238
vt -2.9932 -8.3994
vt 0.5137 10.8379
vt 0.7500 0.0000
vt 2.2207 -18.1230
vt 0.7500 0.0000
vt 0.0000 0.0000
vt -9.8672 0.0059
vt -4.1484 -0.7812
vt 0.5312 -2.3369
vt 0.0098 0.1377
vt -4.8662 -2.3369
vt -4.5859 0.0049
vt -7.9912 -7.0225
vt 0.7500 0.0000
vt 0.0098 0.0586
vt -0.8369 3.0977
vt -4.0547 0.4775
vt 0.7500 0.0000
vt -9.2266 16.0029
vt 1.7188 -4.2812
vt -5.0625 -1.2188
vt -4.4375 0.2842
vt 0.7500 0.0000
vt 0.7500 0.0000
vt -0.4375 0.1562
vt -0.9062 0.4375
vt 0.7500 0.0000
vt -5.1562 0.0000
vt 0.7500 0.0000
vt 0.7500 0.0000
vt -5.1562 0.0000
vt 0.7500 0.0000
vt -7.8350 -1.4922
vt -2.6797 0.0068
vt -2.2119 -3.2109
vt -10.7725 -9.6777
vt -4.5547 0.9453
vt 0.7500 0.0000
vt -1.8066 -7.0234
vt 0.0000 0.0000
vt 0.7500 0.0000
vt -6.3438 18.5000
vt 0.7500 0.0000
vt 0.0156 0.0010
vt -3.8662 -7.8350
vt 0.0000 0.0068
vt 27.2500 24.9492
vt 0.7500 0.0000
vt -1.3672 -5.4922
vt -6.8359 -11.0547
vt 0.7500 0.0000
vt -8.8350 -8.8965
vt -8.3975 -2.1475
vt 0.7500 0.0000
vt -1.8066 -3.8369
vt 0.7500 0.0000
vt -7.8301 -30.9883
vt 0.7500 0.0000
vt -3.3994 -5.1172
vt 0.0039 0.0059
vt 0.7500 0.0000
vt -0.1797 -1.3994
vt -1.6562 -0.0244
vt -6.0000 -15.9238
vt -10.7461 20.7949
vt 1.8809 -0.4922
vt 0.7500 0.0000
vt -8.7109 -2.3340
vt 0.7500 0.0000
vt -1.1816 -1.0566
vt -6.2109 -9.7412
vt 0.7500 0.0000
vt -14.8027 -3.5850
vt 0.7500 0.0000
vt 0.0000 0.0000
vt -18.0215 -4.5215
vt -10.7402 -7.9287
vt -0.0244 -2.9922
vt 0.7500 0.0000
vt 1.2188 2.0312
vt -8.0537 -4.3037
vt -8.3662 -7.3047
vt -7.4922 0.8193
vt 0.7500 0.0000
vt -12.3975 -13.0215
vt -7.9912 -1.7432
vt -7.5557 -3.2734
vt -3.9629 -3.0254
vt -8.6172 0.2842
vt -3.8662 -14.3350
vt -7.7734 0.0059
vt 0.7500 0.0000
vt 0.0000 0.0000
vt 0.7500 0.0000
vt 0.9766 -3.3994
vt -3.3369 0.0000
vt -8.7100 -8.7432
vt -10.2422 0.0000
vt -13.4297 -7.8047
vt -13.8848 -29.4355
vt -8.1807 -2.3994
vt -13.0000 22.5625
vt 0.7500 0.0000
vt -6.6484 -2.0850
vt -16.4277 -7.5215
vt -9.7725 -0.1494
vt 0.7500 0.0000
vt 0.0098 0.0518
vt -4.6182 2.3818
vt -3.4307 -0.1514
vt 3.8984 0.0166
vt 0.7500 0.0000
vt -10.8350 1.1016
vt 0.7500 0.0000
vt 0.0000 0.0000
vt -2.7744 0.0078
vt 1.1621 -31.9766
vt 3.0371 -31.7500
vt -9.7412 -4.2100
vt -2.3438 1.7197
vt -8.6172 0.5078
vt -5.3994 1.2246
vt 0.7500 0.0000
vt 1.0938 -1.0000
vt -5.0244 -2.4375
vt 0.7500 0.0000
vt -5.2109 -2.4297
vt 0.7500 0.0000
vt -10.5225 -6.2100
vt -17.2100 -10.3975
vt -3.0244 -2.1182
vt -15.2334 20.2109
vt -14.4277 -2.9922
vt -2.7744 -1.2441
vt 0.7500 0.0000
vt -5.4609 0.0078
vt 0.0098 0.2090
vt -7.1475 -9.2402
vt -1.3379 -7.0879
vt 0.7500 0.0000
vt -2.3086 -8.3418
vt 0.7500 0.0000
vt 0.7500 0.0000
vt 0.7500 0.0000
vt 0.7500 0.0000
vt -2.8975 -4.8984
vt 0.7500 0.0000
vt -1.7725 -6.9912
vt 0.7500 0.0000
vt 0.0000 -8.3057
vt 0.7500 0.0000
vt 0.0010 -6.5566
vt 1.0586 -31.9336
vt 0.7500 0.0000
vt 0.0352 -4.6191
vt 0.1904 -23.9932
vt -1.2744 0.5068
vt 2.0684 -1.2432
vt -1.7500 -2.2500
vt 0.6250 -5.4375
vt 0.4756 -1.0547
vt 0.0098 0.0488
vt -12.0938 2.9062
vt 0.0000 0.0000
vt 0.0098 0.0566
vt -12.0889 2.9131
vt -4.9619 0.8809
vt -2.5537 -8.8662
vt -2.6797 -6.4600
vt 0.0098 0.1963
vt -11.2402 -0.0225
vt -3.0244 -0.3672
vt 0.7500 0.0000
vt -1.2744 -4.9297
vt -11.8350 -3.8037
vt -0.8994 -0.5879
vt -1.5234 -2.5537
vt 0.7500 0.0000
vt -27.9404 9.0195
vt -17.1777 0.3213
vt -19.9902 -2.2100
vt -6.7109 -3.3672
vt -3.2734 2.7266
vt -2.6484 -2.1484
vt -19.9902 -2.2100
vt 20.0225 19.3467
vt -11.0527 -3.6787
vt -3.2734 0.7266
vt 0.0107 0.1338
vt -2.5244 -0.9922
vt -0.5557 -2.5859
vt 0.0107 -6.7090
vt -4.7734 -1.0557
vt -0.0566 -4.2412
vt 0.7500 0.0000
vt 0.0020 0.0068
vt -1.4629 0.0068
vt 0.7500 0.0000
vt -14.8662 0.0088
vt 0.7500 0.0000
vt 20.4141 -19.0312
vt 0.7500 0.0000
vt 0.7500 0.0000
vt -3.3037 -5.5225
vt 0.0000 0.0000
vt -2.8682 -5.2422
vt -24.9824 16.0186
vt 0.7500 0.0000
vt -5.5850 0.0078
vt 0.0000 -0.0303
vt 0.7500 0.0000
vt 0.0000 0.0000
vt -1.8057 -2.9922
vt -0.8438 5.1250
vt -1.2812 3.0625
vt 0.0000 16.0000
vt -10.1250 0.7812
vt 0.0176 0.0342
vt 0.0342 0.0000
vt 0.0098 0.0205
vt -5.1816 1.1943
vt 0.7500 0.0000
vt -3.6172 -2.4297
vt 0.0000 0.0000
vt 0.7500 0.0000
vt -3.6250 -2.0625
vt 0.0000 0.0000
vt 0.7500 0.0000
vt 0.7500 0.0000
vt -4.9922 -6.4277
vt -10.5420 -7.4785
vt -11.8545 -14.5596
vt 28.0791 -11.8467
vt -11.8506 -6.5420
vt 0.7500 0.0000
vt 0.0039 0.0049
vt -28.0000 0.2939
vt 0.0000 12.1875
vt -1.9600 -3.4297
vt -6.3359 -3.8984
vt -4.8975 -1.0547
vt 0.7500 0.0000
vt 0.0000 0.0000
vt -5.8047 -8.2100
vt -0.0244 -3.5244
vt 4.0166 -5.9922
vt -1.3691 0.0068
vt 0.7500 0.0000
vt 0.0078 0.0088
vt 0.0000 0.0000
vt -6.2109 0.0059
vt -11.5117 0.0000
vt 0.7500 0.0000
vt 0.0000 0.0000
vt -5.9688 1.0938
vt -2.8438 0.0000
vt 0.0000 -1.3438
vt -7.8125 -23.8750
vt -7.5566 0.0684
vt -3.6182 0.0000
vt 0.0000 -2.7109
vt -12.4834 28.2578
vt -7.4941 1.5381
vt -2.8369 0.0000
vt 0.0000 -1.3359
vt 0.7500 0.0000
vt 0.0000 0.0000
vt -5.8672 -0.2461
vt -7.6191 1.4121
vt -5.3057 -0.1816
vt 0.7500 0.0000
vt 0.0000 0.0000
vt -3.2432 0.0039
vt -0.3711 -0.4648
vt 0.0000 0.0068
vt 0.0000 0.0000
vt 11.0098 -13.2695
vt -4.3047 -8.3350
vt -4.3066 4.9092
vt 0.7500 0.0000
vt -2.6807 -1.5234
vt -20.9033 5.0020
vt 0.7500 0.0000
vt 0.0000 0.0000
vt -1.2754 2.7812
vt -2.6816 1.9102
vt -0.6250 0.0000
vt 0.0000 -0.9062
vt 0.9131 4.8467
vt 0.7500 0.0000
vt 0.0000 0.0000
vt -1.1816 0.0068
vt 0.0146 28.2666
vt 0.0000 0.1250
vt 0.0000 0.1953
vt 0.0000 0.5156
vt 0.0000 0.5859
vt 0.0000 0.0000
vt 0.7500 -32.0000
vt 14.4844 0.0684
vt -11.5283 14.2236
vt 0.0000 0.0000
vt 27.1807 14.6611
vt 0.7500 2.7500
vt 0.0000 0.4219
vt 0.0000 0.5547
vt 0.0000 0.6484
vt 0.0000 0.7188
vt 0.0000 0.7734
vt 0.0000 1.2734
vt 0.0000 1.3906
vt 0.0000 1.4844
vt 0.0000 1.6875
vt 0.0000 2.0625
vt 0.0000 2.2188
vt 0.0000 2.3125
vt 0.0000 2.7109
vt 0.0000 3.1797
vt 0.0000 3.2344
vt 0.0000 3.3984
vt 0.0000 3.7812
vt 0.0000 3.8828
vt 0.5713 -0.3623
vt -0.0791 0.5713
vt 0.0059 0.0234
vt 4.0625 0.0000
vt -0.4600 0.2275
vt 0.0088 0.3584
vt -0.4160 -0.0947
vt -0.4600 0.2275
vt 0.0088 0.3584
vt 0.7500 -32.0000
vt 0.0000 0.0000
vt -0.0723 -0.4023
vt -0.1396 -0.0723
vt -0.4023 0.0000
vt 0.0000 -32.0000
vt 0.0000 0.0000
vt -0.1348 -0.3193
vt 0.0059 0.0010
vt 0.7500 -2.0000
vt 0.0000 0.0000
vt -0.0596 0.0674
vt 0.0352 -0.0596
vt 0.0195 0.0352
vt -0.0176 0.0195
vt 0.0625 -0.0176
vt -5.7510 28.7490
vt 0.0352 0.0625
vt -24.1992 -11.7510
vt -0.0312 0.0352
vt 0.1182 -15.2061
vt 0.7500 -32.0000
vt -0.0557 -0.3223
vt -0.4814 -0.0557
vt -0.3223 -0.4814
vt -0.0557 -0.3223
vt 0.0059 0.0283
vt -0.2773 -0.4678
vt -0.2012 -0.2773
vt 0.0059 0.0078
vt -0.0449 -20.1250
vt 0.0068 -0.1416
vt -0.0332 -0.0088
vt -0.0361 0.0010
vt 0.3945 -0.0605
vt -0.0449 -20.1250
vt 0.0068 -0.1416
vt -0.0332 -0.0088
vt -0.0361 0.0010
vt 0.0059 0.0400
vt 2.7812 0.0000
vt 0.0625 -0.0176
vt 0.1045 -0.5742
vt -0.0176 0.0195
vt -0.5742 -0.0195
vt 0.0195 0.0352
vt -0.0195 0.0215
vt 0.0352 -0.0596
vt 0.0215 0.0391
vt -0.0596 0.0674
vt 0.0391 -0.0312
vt 0.0674 0.1182
vt -0.0312 0.0352
vt 0.1182 0.0498
vt 0.0352 0.0625
vt 0.0498 0.1045
vt 0.0625 -0.0176
vt 0.1045 -0.5742
vt -0.0176 0.0195
vt -0.5742 -0.0195
vt 0.0195 0.0352
vt 0.0059 0.0537
vt 13.5000 26.7471
vt -0.2900 -0.4248
vt 0.0244 -0.2900
vt 0.0059 0.0312
vt 0.8135 -7.9600
vt 0.0049 0.0010
vt 0.3154 -0.0439
vt 0.0000 0.0000
vt -0.0869 0.0000
vt 19.7295 2.5254
vt -0.0361 -0.0234
vt -0.1992 0.0547
vt -0.3613 -0.0957
vt 10.1523 -3.3838
vt -0.0205 -0.0254
vt -0.0459 0.0225
vt -0.0674 -0.1113
vt -31.9297 -23.2627
vt -0.0537 0.0000
vt 0.0615 -0.0088
vt 0.7500 -2.0000
vt 0.0000 0.0000
vt 0.0000 0.0000
vt 0.0146 -0.0020
vt -0.0029 0.1123
vt 2.0078 2.2188
vt 0.0312 0.0039
vt -0.1738 1.2578
vt 0.1943 0.0918
vt -0.0537 -0.1182
vt 0.0459 -0.0127
vt 0.0088 0.2510
vt -17.6318 -10.5312
vt -0.0029 -0.0010
vt -0.0986 1.6758
vt 0.0859 0.0381
vt -0.1201 -0.0566
vt 0.0137 -0.0029
vt 0.0010 0.0400
vt 29.8477 -3.8125
vt 0.0000 0.0000
vt 0.7500 -32.0000
vt 0.0059 0.0049
vt 0.0000 0.0000
vt 0.0000 0.0020
vt -0.0459 -0.1328
vt 0.0039 -0.0332
vt 0.0000 0.0020
vt -0.0459 -0.1328
vt 0.0000 0.0000
vt 0.0000 -32.0000
vt 0.0000 0.0000
vt -7.0938 -0.6680
vt -0.5283 -0.2012
vt -13.5312 -0.1631
vt 16.0000 -0.2295
vt 18.6719 -0.3730
vt 24.2031 -0.7148
vt -0.3242 0.1211
vt -0.3721 -0.3242
vt 0.1211 -0.3721
vt 0.7500 -32.0000
vt 16.2490 4.0000
vt 24.2490 4.0000
vt -0.0107 1.5020
vt 8.2490 4.0000
vt 0.0000 0.0000
vt 0.7500 -32.0000
vt 0.0000 0.0000
vt 0.0000 0.0156
vt 0.0000 0.0000
vt 0.0000 0.0781
vt 0.0000 0.0000
vt 0.0684 24.8223
vt 1.5000 0.0000
vt -6.6162 0.0000
vt -2.3076 -0.2139
vt 0.0000 0.0859
vt 0.7500 -32.0000
vt -3.7734 0.3486
vt -0.8076 -1.0557
vt 0.0000 -0.8701
vt 0.0000 -0.1523
vt 20.4385 -11.8711
vt 5.1602 -21.1104
vt -11.1455 23.9775
vt 30.0000 0.0205
vt 0.0000 0.0938
vt 0.0000 0.1172
vt -1.8027 0.0000
vt -1.8125 0.0000
vt 0.7500 0.0000
vt 0.0000 -31.3125
vt 0.0000 0.0859
vt 0.7500 0.0000
vt 0.0000 0.0000
vt 0.0000 0.3047
vt 0.0000 0.3438
vt 0.0000 0.4766
vt 0.0000 0.5469
vt 0.0000 1.3359
vt 0.0000 2.4609
vt 0.0000 3.2031
vt 0.7500 0.0000
vt 0.0098 0.0156
vt 0.0098 0.0000
vt 0.0156 3.1338
vt -12.3994 12.8750
vt 0.0723 -2.6982
vt -2.7031 4.0469
vt 4.0469 -31.9971
vt -31.9971 -16.2500
vt -19.7500 -10.7520
vt -8.5020 24.5000
vt 0.2422 0.0156
vt 0.0195 -2.7812
vt -2.7607 1.0000
vt 2.0156 -31.9971
vt -31.9971 30.7510
vt -0.2070 -0.6357
vt -0.5889 25.6797
vt 23.7266 -31.9971
vt -31.9971 24.7510
vt -0.2812 -0.3301
vt -0.2871 27.4902
vt 0.7500 -16.0000
vt 0.0156 0.0098
vt 0.8477 0.2744
vt -7.9922 0.5000
vt -0.2764 2.0010
vt -29.9980 -23.9922
vt -0.3057 -0.2461
vt 10.0010 14.0020
vt -0.1553 18.0000
vt -17.9990 -23.9922
vt -0.3428 -0.0898
vt 26.0000 26.0010
vt 0.0156 -30.0000
vt 6.0000 -23.9922
vt -0.3789 0.0654
vt -26.0000 2.0000
vt 0.1025 -22.0000
vt 30.0000 24.0078
vt -0.3926 0.0840
vt -17.9990 14.0000
vt -0.0342 -17.9980
vt -21.9990 24.0078
vt -0.3623 -0.1719
vt -25.9971 2.0010
vt -2.4258 30.0020
vt -1.9990 -23.9922
vt 0.0186 -2.5977
vt 18.0020 -1.9990
vt -2.5947 10.0020
vt 0.7500 -16.0000
vt 0.8555 0.2725
vt 0.2725 -0.4414
vt -0.4414 -0.0781
vt 0.0127 -2.5518
vt -2.5400 -7.2500
vt -9.2500 0.8545
vt 0.8545 0.2725
vt 0.0000 -2.4639
vt -2.4531 -17.2500
vt -19.2500 0.8535
vt 0.8535 0.2725
vt -0.0117 -2.3770
vt -2.3662 -27.5000
vt -29.5000 0.8525
vt 0.8525 0.2715
vt -0.0244 -2.2900
vt -2.2793 26.2500
vt 24.2500 0.8516
vt 0.8516 0.2715
vt -0.0361 -2.2031
vt -2.1914 16.2500
vt 14.2500 0.8506
vt 0.8506 0.2715
vt -0.0488 -2.1152
vt -2.1045 6.0000
vt 6.0000 0.8496
vt 0.8496 0.2715
vt 0.2715 -0.4414
vt -0.4414 0.0107
vt 0.0029 0.2256
vt 0.0156 0.0098
vt -0.0576 -2.0527
vt 8.0117 0.1250
vt -1.9854 5.0010
vt 0.0312 -0.0752
vt 4.0010 0.0117
vt 8.0078 0.5029
vt -0.0859 -1.8545
vt 0.0117 0.1250
vt -1.7764 8.0010
vt 0.0664 -0.1045
vt 14.0010 16.0098
vt -0.1133 -1.6689
vt 16.0098 0.1250
vt -1.6289 24.0010
vt 0.0859 -0.1201
vt 30.5000 -27.9971
vt -0.0605 -0.9131
vt -27.9971 0.0625
vt -0.8955 -23.5000
vt 0.2539 -0.2676
vt -0.3691 -0.8516
vt 18.2510 6.4980
vt -0.9072 12.0029
vt 12.0029 22.0010
vt -0.0137 -0.8057
vt 24.2510 5.2480
vt -0.5371 4.0029
vt 0.0029 26.5010
vt 0.1475 -2.8496
vt 27.0010 4.4980
vt -2.9082 0.0029
vt 4.4980 15.7500
vt 0.0029 26.7510
vt 0.0586 -2.9297
vt 26.5010 4.7480
vt -2.9268 0.0029
vt 0.0029 0.2451
vt 1.0566 0.1240
vt 1.0566 0.1240
vt 1.0566 0.1240
vt 1.0566 0.1240
vt 1.0566 0.1240
vt 1.0566 0.1240
vt 1.0566 0.1240
vt 1.0566 0.1240
vt 1.0566 0.1240
vt 1.0566 0.1240
vt 1.0566 0.1240
vt 1.0566 0.1240
vt 1.0566 0.1240
vt 1.0566 0.1240
vt 1.0566 0.1240
vt 1.0566 0.1240
vt 1.0566 0.1240
vt 1.0566 0.1240
vt 1.0566 0.1240
vt 1.0566 0.1240
vt 1.0566 0.1240
vt 1.0566 0.1240
vt 1.0566 0.1240
vt 1.0566 0.1240
vt 1.0566 0.1240
vt 1.0566 0.1240
vt 1.0566 0.1240
vt 1.0566 0.1240
vt 1.0566 0.1240
vt 1.0566 0.1240
vt 1.0566 0.1240
vt 1.0566 0.1240
vt 4.0020 0.4365
vt -5.0010 0.2295
vt 0.7500 -32.0000
vt 2.5088 0.0000
vt 1.0566 0.1240
vt 1.0566 0.1240
vt 1.0566 0.1240
vt 1.0566 0.1240
vt 1.0566 0.1240
vt 1.0566 0.1240
vt 1.0566 0.1240
vt 1.0566 0.1240
vt 1.0566 0.1240
vt 1.0566 0.1240
vt 1.0566 0.1240
vt 1.0566 0.1240
vt 1.0566 0.1240
vt 1.0566 0.1240
vt 1.0566 0.1240
vt 1.0566 0.1240
vt 1.0566 0.1240
vt 1.0566 0.1240
vt 1.0566 0.1240
vt 1.0566 0.1240
vt 1.0566 0.1240
vt 1.0566 0.1240
vt 1.0566 0.1240
vt 1.0566 0.1240
vt 1.0566 0.1240
vt 1.0566 0.1240
vt 1.0566 0.1240
vt 1.0566 0.1240
vt 1.0566 0.1240
vt 1.0566 0.1240
vt 1.0566 0.1240
vt 1.0566 0.1240
vt 0.7500 -32.0000
vt 1.8838 0.0000
vt 6.2500 1.0566
vt 22.3545 0.3750
vt 31.2500 1.0566
vt -7.5000 1.0566
vt 1.0566 0.1240
vt -7.5000 1.0566
vt 1.0566 0.1240
vt -7.5000 1.0566
vt 1.0566 0.1240
vt -7.5000 1.0566
vt 1.0566 0.1240
vt -7.5000 1.0566
vt 1.0566 0.1240
vt 0.7500 -32.0000
vt 3.2588 0.0000
vt 1.0566 0.1240
vt 1.0566 0.1240
vt 1.0566 0.1240
vt 1.0566 0.1240
vt 1.0566 0.1240
vt 1.0566 0.1240
vt 1.0566 0.1240
vt 1.0566 0.1240
vt 1.0566 0.1240
vt 1.0566 0.1240
vt 1.0566 0.1240
vt 1.0566 0.1240
vt 1.0566 0.1240
vt 1.0566 0.1240
vt 1.0566 0.1240
vt 1.0566 0.1240
vt 1.0566 0.1240
vt 1.0566 0.1240
vt 1.0566 0.1240
vt 1.0566 0.1240
vt 1.0566 0.1240
vt 1.0566 0.1240
vt 1.0566 0.1240
vt 1.0566 0.1240
vt 1.0566 0.1240
vt 1.0566 0.1240
vt 1.0566 0.1240
vt 1.0566 0.1240
vt 1.0566 0.1240
vt 1.0566 0.1240
vt 1.0566 0.1240
vt 1.0566 0.1240
vt 0.7500 -32.0000
vt 4.8760 0.0000
vt 14.5000 31.9980
vt 14.5000 31.9980
vt 14.5000 31.9980
vt 14.5000 31.9980
vt 3.8799 0.0000
vt 20.0000 1.0566
vt 20.1875 1.0566
vt 20.3750 1.0566
vt 20.5000 1.0566
vt 20.6875 1.0566
vt 20.8750 1.0566
vt 21.0000 1.0566
vt 21.1875 1.0566
vt 0.7500 -32.0000
vt 3.3838 0.0000
vt 1.0566 0.1240
vt 1.0566 0.1240
vt 1.0566 0.1240
vt 1.0566 0.1240
vt 1.0566 0.1240
vt 1.0566 0.1240
vt 1.0566 0.1240
vt 1.0566 0.1240
vt 1.0566 0.1240
vt 1.0566 0.1240
vt 1.0566 0.1240
vt 1.0566 0.1240
vt 1.0566 0.1240
vt 1.0566 0.1240
vt 1.0566 0.1240
vt 1.0566 0.1240
vt 1.0566 0.1240
vt 1.0566 0.1240
vt 1.0566 0.1240
vt 1.0566 0.1240
vt 1.0566 0.1240
vt 1.0566 0.1240
vt 1.0566 0.1240
vt 1.0566 0.1240
vt 1.0566 0.1240
vt 1.0566 0.1240
vt 1.0566 0.1240
vt 1.0566 0.1240
vt 1.0566 0.1240
vt 1.0566 0.1240
vt 1.0566 0.1240
vt 1.0566 0.1240
vt 0.7500 -32.0000
vt 1.0566 0.1240
vt -0.3096 1.0566
vt 0.1240 -0.3096
vt 1.0566 0.1240
vt -0.3096 1.0566
vt 0.1240 -0.3096
vt 1.0566 0.1240
vt -0.3096 1.0566
vt 0.1240 -0.3096
vt 1.0566 0.1240
vt -0.3096 1.0566
vt 0.1240 -0.3096
vt 1.0566 0.1240
vt -0.3096 1.0566
vt 0.7500 -32.0000
vt -0.3096 1.0566
vt 0.1240 -0.3096
vt 1.0566 0.1240
vt -0.3096 1.0566
vt 0.1240 -0.3096
vt 1.0566 0.1240
vt -0.3096 1.0566
vt 0.1240 -0.3096
vt 1.0566 0.1240
vt -0.3096 1.0566
vt 0.1240 -0.3096
vt 1.0566 0.1240
vt -0.3096 1.0566
vt 0.1240 -0.3096
vt 0.0000 0.1406
vt 0.0000 0.1562
vt 0.0000 0.2812
vt 0.0000 0.3750
vt 0.0000 0.4688
vt 0.0000 0.5000
vt 0.0000 0.6094
vt 0.0000 0.8594
vt 0.0000 0.9766
vt 0.0020 0.0332
vt 4.0039 0.0049
vt 0.0049 -0.2998
vt -29.9688 0.0049
vt -0.3936 0.3682
vt 0.0049 -0.3936
vt 0.3682 0.0049
vt -0.3936 0.3682
vt 0.0020 0.0400
vt -0.2227 0.3037
vt -0.3340 -0.2227
vt 0.3037 -0.3340
vt -0.2227 0.3037
vt 0.0020 0.0010
vt 0.0020 0.0498
vt -0.3369 0.0410
vt 0.0312 -0.3369
vt 0.0410 0.0312
vt -0.3369 0.0410
vt 0.0312 -0.3369
vt 0.0020 0.1436
vt 0.5781 0.2988
vt 0.4971 0.5781
vt 0.2988 0.4971
vt 0.5781 0.2988
vt 0.4971 0.5781
vt 0.2988 0.4971
vt 0.5781 0.2988
vt 0.4971 0.5781
vt 0.2988 0.4971
vt 0.5781 0.2988
vt 0.4971 0.5781
vt 0.2988 0.4971
vt 0.5781 0.2988
vt 0.4971 0.5781
vt 0.0020 0.0557
vt 0.5781 0.2988
vt 0.4971 0.5781
vt 0.2988 0.4971
vt 0.5781 0.2988
vt 0.4971 0.5781
vt 0.2988 0.0000
vt 0.7500 -32.0000
vt -21.5010 17.2490
vt 0.0000 0.0938
vt 0.0000 0.1172
vt 0.0000 0.2578
vt 0.0000 0.3516
vt 0.0000 0.5703
vt 0.7500 0.0000
vt 0.7500 -32.0000
vt 0.0000 -0.2129
vt -26.2490 -30.5000
vt 4.2490 -14.9922
vt 0.0000 -27.5000
vt 0.7500 -32.0000
vt 0.6416 -0.8906
vt -0.9443 0.6416
vt -0.8906 -0.9443
vt 0.6416 0.0000
vt 0.7500 -32.0000
vt 0.3223 0.6172
vt 0.7178 0.3223
vt 0.6172 0.7178
vt 0.3223 0.6172
vt 0.7178 0.3223
vt 0.6172 0.7178
vt 0.3223 0.6172
vt 0.7178 0.3223
vt 0.6172 0.7178
vt 0.3223 0.6172
vt 0.7178 0.3223
vt 0.6172 0.7178
vt 0.7500 -32.0000
vt 0.3271 0.4336
vt 0.9775 0.3271
vt 0.4336 0.9775
vt 0.3271 0.4336
vt 0.9775 0.3271
vt 0.4336 0.9775
vt 0.3271 0.4336
vt 0.9775 0.3271
vt 0.4336 0.9775
vt 0.3271 0.4336
vt 0.9775 0.3271
vt 0.0000 0.0938
vt 0.0000 0.1406
vt 0.0000 0.2969
vt 0.0000 0.4531
vt 0.0000 0.6406
vt 0.0000 0.7969
vt -0.6484 0.0000
vt 0.0029 0.0400
vt -0.5850 -0.0020
vt -0.0322 -1.3604
vt 0.1855 0.0000
vt -0.5850 -0.0020
vt -0.0322 -1.3604
vt 0.1855 0.0000
vt -0.5850 -0.0020
vt -0.0322 -1.3604
vt 0.0029 0.0400
vt -0.5400 0.0000
vt -0.3672 -0.1133
vt 0.7920 0.0000
vt -0.1191 0.0000
vt -0.3672 -0.1133
vt 0.7920 0.0000
vt -0.7969 0.0000
vt -0.3672 -0.1133
vt 0.0029 0.0498
vt -0.5771 0.0000
vt 0.0381 -1.3232
vt 0.1729 0.0000
vt -0.5771 0.0000
vt 0.0381 -1.3232
vt 0.1729 0.0000
vt -0.5771 0.0000
vt 0.0381 -1.3232
vt 0.1729 0.0000
vt -0.5771 0.0000
vt 0.0029 0.0391
vt -0.5898 -0.0127
vt -0.4023 -0.1143
vt 0.7930 0.0010
vt -0.5898 -0.0127
vt -0.4023 -0.1143
vt 0.7930 0.0010
vt -0.5898 -0.0127
vt -0.4023 -0.1143
vt 0.0029 0.1250
vt -0.6094 0.0000
vt -0.3291 -0.0996
vt 0.8740 0.0000
vt -0.6094 0.0000
vt -0.3291 -0.0996
vt 0.8740 0.0000
vt -0.6094 0.0000
vt -0.3291 -0.0996
vt 0.8740 0.0000
vt -0.6094 0.0000
vt -0.3291 -0.0996
vt 0.8740 0.0000
vt -0.6094 0.0000
vt -0.3291 -0.0996
vt 0.8740 0.0000
vt -0.6094 0.0000
vt -0.3291 -0.0996
vt 0.8740 0.0000
vt -0.6094 0.0000
vt -0.3291 -0.0996
vt 0.8740 0.0000
vt -0.6094 0.0000
vt -0.3291 -0.0996
vt 0.8740 0.0000
vt -0.6094 0.0000
vt 0.0000 0.0938
vt 0.0000 0.1172
vt 0.0000 0.3203
vt 0.0000 0.4375
vt 0.0000 0.5547
vt 0.7500 0.0000
vt 0.7500 -32.0000
vt -0.4668 -0.4482
vt -23.7520 13.7480
vt 0.7500 -32.0000
vt -0.3340 -0.3428
vt 0.5107 -0.3340
vt -0.3428 0.5107
vt -0.3340 -0.3428
vt 0.5107 -0.3340
vt -0.3428 0.5107
vt 0.0020 0.0596
vt -0.2510 0.4199
vt -0.3037 -0.2510
vt 0.4199 -0.3037
vt -0.2510 0.4199
vt -0.3037 -0.2510
vt 0.4199 -0.3037
vt 0.7500 -32.0000
vt -0.3037 -0.2510
vt 0.4199 -0.3037
vt -0.2510 0.4199
vt -0.3037 -0.2510
vt 0.4199 -0.3037
vt -0.2510 0.4199
vt -0.3037 -0.2510
vt 0.4199 -0.3037
vt -0.2510 0.4199
vt -0.3037 -0.2510
vt 0.4199 -0.3037
vt -0.2510 0.4199
vt -0.3037 -0.2510
vt 0.4199 -0.3037
vt -0.2510 0.4199
vt -0.3037 -0.2510
vt 0.4199 -0.3037
vt -0.2510 0.4199
vt -0.3037 -0.2510
vt 0.4199 -0.3037
vt -0.2510 0.4199
vt 0.0000 0.5391
vt 0.0000 1.5859
vt 0.0000 1.9531
vt 0.0000 2.6094
vt 0.0000 3.5859
vt 0.0000 3.8516
vt -0.0244 20.7559
vt 25.6875 -22.9688
vt 0.0000 1.7344
vt 3.1387 8.0059
vt -6.5244 31.2559
vt -14.8447 -11.2383
vt 16.1260 31.2529
vt 15.6289 8.3857
vt -14.1377 -26.2490
vt 0.0000 0.0781
vt -15.1406 -29.1240
vt -24.5420 -29.7490
vt -25.4385 -26.7490
vt -6.5186 6.2559
vt -15.5850 -15.2500
vt -13.0322 -14.2266
vt 1.5498 2.8945
vt -25.7646 1.9658
vt 26.1250 -11.7266
vt -0.2256 -12.0000
vt -6.6650 13.2529
vt -13.4180 -16.0000
vt 0.0000 4.5078
vt 0.0010 3.7891
vt 0.0020 1.1797
vt 0.0020 5.3672
vt 0.0029 5.5547
vt 0.0000 0.0938
vt 0.0000 1.3438
vt 0.0000 3.6094
vt 0.0000 3.6875
vt 0.0000 3.9062
vt 15.8750 0.0000
vt 0.0000 0.0000
vt 0.0000 0.0000
vt 0.0000 0.0000
vt 0.0293 0.0000
vt 0.0000 0.0000
vt 2.4404 0.0000
vt 15.8750 0.0000
vt 0.0000 0.0000
vt 0.0000 0.0000
vt 0.0000 0.0000
vt 0.0293 0.0000
vt 0.0000 0.0000
vt -2.2930 0.0000
vt 0.0000 0.0498
vt 0.0000 0.0000
vt 0.0000 0.0000
vt 0.0420 0.0000
vt 0.0000 0.0000
vt 0.0000 0.0000
vt 1.2803 0.0879
vt 0.0000 0.0498
vt 0.0000 0.0000
vt 0.0000 0.0000
vt 0.3379 0.0000
vt 0.0000 0.0000
vt 0.0000 0.0000
vt -2.1533 0.2627
vt 8.0010 12.0010
vt 8.0029 12.0029
vt 8.0049 12.0049
vt 8.0068 12.0068
vt 8.0088 0.0000
vt 8.0107 0.0000
vt 8.0127 0.0000
vt 8.0146 0.0000
vt 16.7842 -12.7998
vt 0.0000 0.0000
vt 0.0000 0.0000
vt 0.0000 0.0000
vt 0.3213 0.0674
vt 0.8467 0.1123
vt 16.9180 0.0000
vt 0.0000 0.0000
vt 0.0000 0.0000
vt 3.5264 0.0977
vt 0.0000 0.0000
vt -3.2832 0.4717
vt 0.0000 0.0000
vt 16.7568 0.0010
vt 0.0000 0.0000
vt 0.0000 0.0000
vt 0.0000 0.0000
vt 2.7549 0.0977
vt -2.1309 0.9072
vt 0.0000 0.0000
vt 16.8418 -25.5996
vt 0.0000 0.0000
vt 0.0000 1.5029
vt 1.9277 0.6455
vt 0.0000 0.0000
vt -1.0215 0.1152
vt 0.0000 0.0000
vt 15.5742 -13.9795
vt 0.0000 0.0781
vt 0.2695 0.0977
vt 1.3105 0.1807
vt 0.0000 0.0000
vt 0.9150 0.7432
vt 1.4834 0.2051
vt 15.7744 -25.5996
vt 0.0000 0.0000
vt 0.9150 0.4541
vt -1.5684 0.7617
vt 0.0000 0.0000
vt 0.0000 0.0000
vt 0.8740 0.1270
vt -1.4883 0.5771
vt 16.9033 0.0010
vt 0.0000 0.0000
vt 0.0000 0.0000
vt 0.7539 0.1816
vt 1.5049 0.2783
vt 16.9180 0.0000
vt 0.0000 0.0000
vt -15.4531 0.0000
vt 0.0000 1.5029
vt 0.0000 1.0332
vt 1.3018 -31.7217
vt 0.0654 0.0000
vt 0.0000 0.0938
vt 0.0000 1.1875
vt 0.0000 5.3125
vt 0.0000 5.5000
vt 15.8750 0.0000
vt 0.0000 0.0000
vt 0.0000 0.0000
vt 0.0000 0.0000
vt 0.0293 0.0000
vt 0.0000 0.0000
vt -0.9551 0.0000
vt 15.8750 0.0000
vt 0.0000 0.0000
vt 0.0000 0.0000
vt 0.0000 0.0000
vt 0.0293 0.0000
vt 0.0000 0.0000
vt -3.8760 0.0000
vt 0.0000 0.0000
vt 0.0000 0.0000
vt 0.0000 0.0000
vt 0.0000 0.0000
vt -1.5361 0.0879
vt 0.0000 0.0498
vt 8.0010 12.0010
vt 8.0029 12.0029
vt 8.0049 12.0049
vt 8.0098 12.0078
vt 8.0078 0.0000
vt 8.0107 0.0000
vt 16.9248 -19.2002
vt 0.0000 0.0146
vt 0.0000 0.0000
vt 0.0000 0.0000
vt 0.4346 0.1748
vt 0.0000 0.0000
vt -0.0742 0.2656
vt 0.0000 0.0000
vt 0.0000 0.0000
vt 0.0000 0.0000
vt 0.0000 0.0000
vt 0.7578 0.3125
vt 0.0000 0.0000
vt 0.0000 0.0000
vt -0.1514 0.2412
vt 0.0000 0.0000
vt 0.0000 0.0000
vt 0.0000 0.0000
vt 0.4717 0.7393
vt 0.0000 0.0000
vt 0.0000 0.0000
vt -1.6709 0.1533
vt 0.0000 0.0000
vt 0.0000 0.0000
vt 0.0000 0.0000
vt 0.4717 0.0596
vt 0.0000 0.0000
vt 0.0000 0.0000
vt -1.7441 0.1152
vt 0.0000 0.0000
vt 0.0000 0.0000
vt 0.1172 0.0420
vt 0.0000 0.0000
vt 0.0000 0.0000
vt -1.7666 1.7422
vt 16.8809 -0.0020
vt 0.0000 0.0000
vt 0.0000 0.0000
vt 0.4717 0.1631
vt 0.0000 0.0000
vt -0.9609 0.1523
vt 0.0000 0.0000
vt 0.0000 0.0039
vt 0.0000 0.0000
vt 0.0000 1.0029
vt 1.4316 0.3525
vt 0.0000 0.0049
vt 0.0000 0.0000
vt -3.2734 0.1484
vt 0.0000 0.0000
vt 16.8545 12.7998
vt 0.0000 0.0039
vt 0.0000 0.0000
vt 0.0000 0.9434
vt 0.8574 0.7041
vt 0.0000 0.0078
vt 0.0000 0.0000
vt -1.7852 0.6787
vt 0.0000 0.0000
vt 16.9248 -19.2002
vt 0.0000 0.0146
vt 0.0000 0.0000
vt 0.0000 0.1641
vt 0.5410 0.7041
vt 0.0000 0.0000
vt -0.9551 0.1875
vt 16.6738 25.5977
vt 0.0000 0.0000
vt 0.3330 -30.6201
vt 0.8828 1.1904
vt 0.0000 0.0000
vt -1.5771 0.2139
vt 0.0000 0.0146
vt 15.8242 -12.5049
vt 0.0000 0.0000
vt 0.8574 0.7041
vt -0.9375 2.1650
vt 16.9248 -19.2002
vt 0.0000 0.0000
vt 0.0000 0.0000
vt 0.5264 0.5059
vt -1.8896 0.2129
vt 0.0000 0.0000
vt 16.9248 -19.2002
vt 0.0000 0.0303
vt 0.0000 0.0000
vt 0.0000 8.5000
vt 0.8574 0.7041
vt 0.0000 0.0000
vt -0.9375 0.0674
vt 16.9248 -19.2002
vt 0.0000 0.0293
vt 0.0000 0.0000
vt 0.0000 7.5000
vt 0.5068 0.6367
vt 0.0000 0.0000
vt -4.2256 0.0674
vt 16.9248 -19.2002
vt 0.0000 0.0000
vt 0.0000 0.0000
vt 0.4609 0.6367
vt -1.9229 0.2139
vt 15.5742 -12.7998
vt 0.0000 0.0000
vt 0.0000 0.0000
vt -4.2002 0.3643
vt 0.0000 0.0039
vt 0.0000 0.0000
vt 0.0000 0.1211
vt 0.8574 0.6367
vt 0.0000 0.0000
vt -0.9561 1.9170
vt 16.9248 -19.2002
vt 0.0000 0.0000
vt 0.0000 0.0000
vt 0.8877 1.8379
vt 0.0000 0.0000
vt -3.1914 0.8008
vt 0.0000 0.0000
vt 0.0000 0.0000
vt 0.0000 0.0000
vt 0.0000 0.0000
vt 0.4268 0.2031
vt -14.8516 8.0000
vt -15.1172 0.0000
vt 0.0000 0.7812
vt 0.0000 0.5107
vt 0.0000 0.7646
vt 0.0000 1.0029
vt 0.0000 0.5107
vt 0.0000 0.7812
vt 0.0000 0.7812
vt 0.0000 0.7812
vt 0.0000 0.0000
vt 0.0000 0.0938
vt 0.0000 1.6094
vt 0.0000 7.6094
vt 0.0000 7.8750
vt 0.0000 0.0000
vt 0.0000 0.0000
vt 0.0000 0.0000
vt 0.0000 0.0000
vt 0.0000 0.0000
vt 0.4521 0.0000
vt 15.9023 -12.7998
vt 0.0000 0.0000
vt 0.0000 0.0000
vt 0.0000 0.0000
vt 0.0195 0.0000
vt 0.0000 0.0000
vt -1.3486 0.0000
vt 15.8750 0.0000
vt 0.0000 0.0000
vt 0.0000 0.0000
vt 0.0195 0.0000
vt 0.0000 0.0000
vt 15.8750 0.0000
vt 0.0000 0.0000
vt 0.0000 0.0000
vt 0.0195 0.0000
vt 0.0000 0.0000
vt 0.0000 0.0498
vt 8.0010 12.0010
vt 8.0029 12.0029
vt 8.0049 12.0049
vt 8.0068 12.0068
vt 8.0088 12.0088
vt 8.0107 12.0107
vt 8.0127 12.0127
vt 8.0146 12.0146
vt 0.0000 0.0000
vt 0.0000 0.0000
vt 0.0000 0.4404
vt 0.7100 1.7686
vt 0.0000 0.4688
vt 0.0000 0.0000
vt 0.0010 0.1572
vt 0.0000 0.0000
vt 16.6797 0.0000
vt 0.0000 0.0000
vt 0.0000 0.0000
vt 0.0000 0.1514
vt 0.0000 0.4941
vt 0.0000 0.0000
vt 0.0000 0.0000
vt 0.0000 0.0000
vt 0.0000 0.0000
vt 0.0000 0.0000
vt 0.0000 0.0000
vt 0.0000 0.0000
vt 0.0000 0.0010
vt 0.0000 0.0000
vt 0.0000 0.0000
vt 0.0000 0.0000
vt 0.0000 0.0000
vt 0.0000 0.0010
vt 0.0000 0.0000
vt 15.8242 -12.6035
vt 0.0000 0.0000
vt 0.1152 0.2002
vt -0.7969 0.4277
vt 0.0000 0.0000
vt 0.0000 0.0000
vt 0.0000 0.0000
vt 0.1475 0.7520
vt 0.0000 1.3672
vt 0.0000 0.0000
vt 0.0000 0.0000
vt 0.0000 0.0000
vt 0.0000 0.0000
vt 0.0811 0.8789
vt 0.0000 5.7227
vt 0.0000 0.0000
vt 0.0146 0.2744
vt 0.0000 0.0000
vt 0.0000 0.0000
vt 0.0000 0.0000
vt 0.0000 0.0000
vt 0.0000 0.0000
vt 0.0000 0.0000
vt 0.0000 0.0000
vt 0.0000 0.0000
vt 0.0000 0.0000
vt 0.0000 0.0000
vt 0.0000 0.0000
vt 0.0000 0.0000
vt 0.0000 0.0000
vt 0.0000 0.0000
vt 0.0000 0.0000
vt 0.7100 0.0977
vt 0.0000 0.0010
vt 1.0703 0.4092
vt 0.0000 0.0000
vt 0.0000 0.0000
vt 0.0000 0.0000
vt 0.0000 0.0000
vt 0.8164 1.0645
vt 0.0000 0.0000
vt 0.0000 0.0000
vt 0.0000 0.0146
vt 16.9209 -32.0000
vt 0.0000 0.9766
vt 0.7100 0.0977
vt 0.0957 24.0947
vt 0.0156 1.2295
vt 0.0000 0.0000
vt 0.0000 0.0000
vt 0.0000 0.0000
vt 0.0000 0.0000
vt 0.0000 0.0000
vt 0.0000 0.0000
vt 0.0000 0.0000
vt 0.0000 0.0010
vt 0.0000 0.0000
vt 0.0000 0.0000
vt 0.0000 13.0000
vt 0.6826 0.0977
vt 0.7490 17.7744
vt 0.0039 0.0459
vt 0.0000 0.0000
vt 0.0000 0.0000
vt 0.0000 0.0000
vt 0.0000 0.0000
vt 0.0000 0.0010
vt 0.0000 0.0000
vt 0.0000 0.0000
vt 0.0000 0.0000
vt 0.0000 0.0000
vt 0.0000 0.0010
vt 0.0000 0.0000
vt 0.0000 0.0000
vt 0.0000 0.0000
vt 0.0000 0.0000
vt 0.0000 0.0000
vt 0.0000 0.0000
vt 0.0000 0.0000
vt 16.6836 -12.7969
vt 0.0000 0.0000
vt 0.0000 0.0000
vt 15.7744 -26.0098
vt 0.0000 0.0000
vt 1.3535 0.0977
vt 0.0156 0.3730
vt 16.6748 12.7998
vt 0.0000 0.0000
vt 16.6758 -12.7998
vt 0.0000 0.0000
vt 2.6104 0.0977
vt -0.8545 0.6670
vt 0.0000 0.0000
vt 0.0000 0.1123
vt 0.0000 0.0000
vt 0.0000 0.4062
vt 0.0000 0.0000
vt 0.0000 0.0000
vt 15.7744 -27.2061
vt 0.0000 0.8398
vt 1.9229 0.0977
vt -0.0674 1.0176
vt 0.0000 0.0000
vt 0.0000 0.0000
vt 0.0000 0.0000
vt 0.0000 0.0000
vt 16.9248 -6.3975
vt 0.0000 0.0000
vt 0.0000 0.0000
vt 16.9209 6.4004
vt 0.0000 0.0000
vt 0.0000 0.0000
vt 0.0000 0.8613
vt -14.9570 -28.4258
vt 17.3320 17.9326
vt 0.0000 0.6836
vt 0.0000 1.9531
vt 0.0000 1.9531
vt 0.0000 1.9531
vt 0.0000 0.7334
vt 0.0000 0.1270
vt 0.0000 0.0000
vt 1.5215 -3.5146
vt -3.5410 1.0811
vt 9.5469 -1.7295
vt 7.0293 1.3564
vt 0.0000 0.0938
vt 0.0000 0.0938
vt 0.0000 0.0938
vt 0.0000 0.0938
vt 0.0000 0.1562
vt 0.0000 0.0938
vt 0.0000 1.2812
vt 0.0000 4.8594
vt 0.0000 4.9375
vt 0.0000 5.0625
vt 0.0000 0.0547
vt 0.0000 0.0000
vt 0.0000 0.0000
vt 0.0000 0.0000
vt 4.0967 0.0381
vt 0.0000 0.0527
vt 0.0000 0.0000
vt 0.0000 0.0000
vt 0.0000 0.0000
vt 4.2275 0.0381
vt 0.0000 0.0518
vt 0.0000 0.0000
vt 0.0000 0.0000
vt 0.0000 0.0000
vt 3.7119 0.0000
vt 0.0000 0.0000
vt 0.0000 0.0000
vt 0.0000 0.0000
vt 0.0000 0.0000
vt 0.0000 0.0000
vt 3.7314 0.0000
vt 8.0010 0.0000
vt 8.0029 0.0000
vt 8.0049 0.0000
vt 8.0068 0.0000
vt 8.0088 0.0000
vt 8.0107 12.0000
vt 8.0127 12.0020
vt 8.0146 12.0039
vt 0.0000 0.0020
vt 0.0000 0.0000
vt 8.0459 0.4746
vt 0.0000 0.0000
vt 0.0000 0.0000
vt 0.0000 0.0000
vt 0.2490 0.1250
vt 5.4229 0.2588
vt 0.0000 0.0449
vt 0.0000 0.0000
vt 0.0000 0.0000
vt 2.3223 0.6250
vt 6.9873 2.2275
vt 0.0000 0.0000
vt 0.2539 0.3916
vt 5.4961 0.1660
vt 16.8984 0.0000
vt 0.0000 9.7500
vt 9.8076 0.1660
vt 16.9131 6.4004
vt 0.0000 12.5000
vt 7.4219 0.0684
vt 0.1426 0.1035
vt 0.0000 0.0000
vt 3.8252 0.0420
vt 0.0000 0.0000
vt 3.8916 0.0967
vt 0.0000 0.0000
vt 16.9131 6.4004
vt 0.0000 0.0000
vt 0.0000 17.7500
vt 3.8516 0.2939
vt 16.8809 -6.3994
vt 1.0869 1.0762
vt 0.0000 0.0000
vt 8.6553 0.6172
vt 14.0020 1.4990
vt 0.0000 0.0156
vt 0.0000 0.1211
vt 5.4131 0.8760
vt 0.0000 0.0000
vt 6.9990 0.1846
vt 0.0000 0.0000
vt 4.5576 0.0918
vt 0.0000 0.0000
vt 0.0000 0.0000
vt 0.0000 0.0000
vt 0.2490 0.1250
vt 5.4521 0.3057
vt 0.0000 0.0000
vt 0.2490 0.1250
vt 5.3955 0.3555
vt 0.0000 0.0000
vt 0.0000 0.0000
vt 0.0000 0.0000
vt 0.0000 0.0000
vt 1.1992 2.2949
vt 0.0000 0.0938
vt 0.0000 1.7344
vt 0.0000 9.5469
vt 0.0000 10.1875
vt 0.0000 0.0000
vt 0.0000 0.0000
vt 0.0000 0.0000
vt 0.0000 0.0000
vt -4.0635 0.2637
vt 0.0000 0.0957
vt 0.0000 0.0000
vt 0.0000 0.0000
vt 0.0283 0.0000
vt 0.0000 0.0000
vt 0.0000 0.0000
vt -0.6465 0.0000
vt 15.8750 0.0000
vt 0.0000 0.0000
vt 0.0000 0.0000
vt 0.0000 0.0000
vt 0.0000 0.0000
vt 0.0000 0.0000
vt 1.5605 0.0000
vt 0.0000 0.0000
vt 0.0000 0.0000
vt 0.0000 0.0000
vt 0.0000 0.0000
vt -4.0137 0.0000
vt 0.0000 0.0498
vt 0.0000 0.0000
vt 0.3281 0.0000
vt 0.0000 0.0000
vt 0.0000 0.0000
vt -0.7910 0.2637
vt 0.0000 0.0498
vt 8.0010 12.0010
vt 8.0029 0.0000
vt 8.0049 0.0000
vt 8.0068 12.0020
vt 8.0088 12.0039
vt 8.0107 12.0059
vt 8.0127 12.0068
vt 8.0146 12.0088
vt 8.0166 0.0000
vt 8.0186 0.0000
vt 0.0000 0.0000
vt 0.0000 0.0000
vt 0.0000 0.0000
vt 0.7393 1.0869
vt 0.0000 0.0000
vt 1.7471 0.2354
vt 0.0000 0.0000
vt 0.0000 0.0000
vt 0.0000 0.7256
vt 1.6084 0.0010
vt 1.8320 0.3975
vt 0.0000 0.0000
vt 0.0000 0.0020
vt 0.0000 0.0000
vt 0.0000 0.0000
vt 0.0000 0.0000
vt -4.4365 0.5059
vt 0.0000 0.0000
vt 0.0000 0.0000
vt 0.0000 0.0000
vt 0.0000 0.5771
vt 0.5820 0.0010
vt 0.0000 1.0000
vt 0.0166 0.1602
vt 0.0000 0.0000
vt 0.0000 0.0000
vt 0.0000 0.0000
vt 0.0000 1.0928
vt 1.1191 0.0977
vt 0.0000 0.0000
vt -1.7686 0.2539
vt 0.0000 0.0000
vt 0.0000 0.0000
vt 0.0000 0.0020
vt 0.0000 0.0000
vt 0.0195 1.2529
vt 0.0000 0.0000
vt -4.4521 0.9268
vt 0.0000 0.0000
vt 0.0000 0.0000
vt 0.0000 0.0020
vt 0.0000 0.0000
vt 0.0068 0.3418
vt 0.7578 0.0977
vt 0.0000 0.0000
vt 0.0000 0.0000
vt 0.0205 0.1230
vt 0.0000 0.0000
vt 0.0000 0.0000
vt 0.0000 0.0000
vt 0.0000 1.0928
vt 1.1191 0.0977
vt 0.0000 0.0000
vt -0.6270 0.8516
vt 0.0000 0.0000
vt 0.0000 0.0000
vt 0.0000 0.0000
vt 0.0000 0.7812
vt 1.3926 0.0977
vt 0.0000 0.0000
vt 0.0000 0.0000
vt 0.0000 0.0000
vt 0.0000 0.0000
vt 0.0000 0.0000
vt 0.0000 0.7812
vt 0.0000 0.0000
vt -1.7871 0.5928
vt 0.0000 0.0000
vt 0.0000 0.0000
vt 0.0000 0.0000
vt 0.0000 0.0000
vt 0.6387 0.0977
vt 0.0000 0.0000
vt -0.1406 0.2969
vt 0.0000 0.0000
vt 0.0000 0.0000
vt 0.0000 0.0000
vt 0.3242 0.0977
vt 0.0000 0.0000
vt -2.6934 0.0352
vt 0.0000 0.0000
vt 0.0000 0.0000
vt 0.0000 0.5225
vt 0.4697 0.0977
vt 0.0215 0.3301
vt 0.0000 0.0000
vt 16.9033 -12.7998
vt 0.0000 0.0000
vt 3.8135 1.6855
vt 16.9072 19.1982
vt 0.0000 0.0000
vt 0.0000 0.0000
vt -1.5225 0.4248
vt 0.0000 0.0000
vt 16.8545 25.5996
vt 0.0000 0.0020
vt 16.9111 19.2002
vt 0.0000 0.6260
vt 0.0000 0.0000
vt 0.0361 1.6934
vt 0.0000 0.0000
vt 0.0000 0.0000
vt 0.0000 0.0000
vt 0.0000 0.0000
vt 0.0000 0.0000
vt 0.0000 0.0000
vt 0.2168 0.0977
vt 0.0000 0.0000
vt 0.0000 0.0000
vt 0.0000 0.0000
vt 0.0000 0.0000
vt 16.1992 -12.8086
vt 16.9248 0.0000
vt 0.0000 0.0000
vt 0.8945 0.4229
vt 16.9248 0.0000
vt 0.0000 0.0000
vt 1.1191 0.0977
vt 0.0000 0.0000
vt -2.5850 0.6201
vt 16.4561 12.8008
vt 0.0000 0.0010
vt 0.0000 0.0000
vt 0.0000 0.0000
vt -4.1064 0.4385
vt 16.4727 -12.7998
vt 0.0000 0.0000
vt 0.0000 0.0000
vt -1.4307 1.7383
vt 16.9199 -12.8008
vt 0.0000 0.0000
vt 0.7578 0.0977
vt 0.0000 0.0000
vt 16.5498 -0.0010
vt 0.0000 0.0000
vt 0.0000 0.0000
vt 16.6338 -25.6016
vt 0.0000 0.0000
vt 0.0000 0.0000
vt 2.3838 0.1396
vt 0.0000 0.0000
vt 16.8936 -6.4014
vt 0.0000 0.0000
vt 0.0000 0.0000
vt 0.0000 1.0928
vt 0.2559 0.0977
vt 2.2666 0.4102
vt 0.0000 0.0000
vt 0.0000 0.0000
vt 0.0000 0.0010
vt 0.0000 0.0000
vt 0.0000 0.9688
vt 0.9355 0.0977
vt 0.0000 0.0000
vt 2.2031 0.1396
vt 0.0000 0.0000
vt 0.0000 0.0000
vt 15.8740 -0.0986
vt 0.0000 0.0000
vt 0.4199 0.0977
vt -2.6787 0.3828
vt 16.8105 -25.6016
vt 15.8242 -12.8164
vt 0.0000 0.0000
vt 0.5645 0.0977
vt 0.0000 0.0000
vt -1.3652 0.0527
vt 0.0000 0.0000
vt 0.0098 0.0732
vt 0.0000 0.0000
vt 0.0000 18.0000
vt 0.5645 0.0977
vt 0.9990 -0.0010
vt 0.0000 0.0000
vt 0.0000 0.0000
vt 0.0000 0.0000
vt 0.0000 0.0000
vt -0.0068 0.6670
vt 0.0000 0.0000
vt 0.0000 0.0000
vt 0.0000 0.0000
vt 1.1191 0.0977
vt 0.0000 0.0000
vt 0.0000 0.0000
vt 0.0000 0.0000
vt 0.0000 0.0000
vt 0.0000 0.0000
vt 0.6621 0.0977
vt 0.0000 0.0010
vt 0.0000 0.0000
vt 0.0000 0.0000
vt 0.0000 0.0000
vt 0.0000 0.0000
vt 0.0000 0.0010
vt 0.0000 0.0000
vt 0.0000 0.0000
vt 0.0000 0.4492
vt 0.0000 0.0000
vt 0.0420 0.1787
vt -14.8486 -19.5811
vt -14.6836 25.1318
vt -14.6572 4.0000
vt 17.1484 26.6611
vt 17.0537 -32.0000
vt -14.8369 8.0000
vt -14.6572 4.0000
vt 17.1377 16.0000
vt -14.8643 18.1885
vt 0.0000 0.6045
vt 0.0000 0.7949
vt 0.0000 0.8975
vt 0.0000 1.0088
vt 0.0000 0.8789
vt 0.0000 0.7812
vt 0.0000 0.7812
vt 0.0000 0.8398
vt 0.0000 0.6260
vt 0.0000 0.9688
vt 0.0000 0.9688
vt 0.0000 0.5410
vt 0.0000 0.1172
vt 0.0000 0.0000
vt 0.8516 -0.3711
vt -2.6660 1.2803
vt -4.5693 2.2393
vt 3.8135 -3.0137
vt -30.8574 -3.3105
vt -3.9131 0.8057
vt 0.0137 0.0000
vt 0.0156 0.0000
vt 0.0186 0.0000
vt 0.0000 0.0938
vt 0.0000 1.0156
vt 0.0000 4.9062
vt 0.0000 5.0938
vt 0.0000 0.0449
vt 0.0000 0.0000
vt 0.0000 0.0195
vt 0.0000 0.0000
vt 0.0000 0.0000
vt 0.0000 0.0000
vt 0.0000 0.0000
vt 0.0000 0.0000
vt 0.0000 0.0000
vt 1.6035 0.0000
vt 0.0000 0.0000
vt 0.0000 0.0195
vt 0.0000 0.0000
vt 8.0000 0.0000
vt 8.0020 0.0000
vt 8.0049 12.0010
vt 8.0068 12.0029
vt 8.0088 0.0000
vt 8.0107 0.0000
vt 16.4697 -25.6016
vt 0.0000 0.0000
vt 0.0000 0.1426
vt 0.0000 0.0000
vt 0.0000 0.0000
vt 16.6270 25.5996
vt 0.0000 0.0000
vt 0.0000 0.7822
vt 1.3975 0.0361
vt 2.2910 1.4121
vt 0.0000 0.0000
vt 16.7607 -0.0010
vt 0.0000 0.0000
vt 0.0059 0.5352
vt 2.1641 0.1865
vt 0.0000 1.2148
vt 1.6250 0.8857
vt 0.0000 0.0000
vt 0.0000 0.0000
vt 0.0000 0.0000
vt 0.0000 0.0000
vt 0.0049 1.3330
vt 1.0537 0.1865
vt 0.0000 0.0488
vt 0.0000 0.0000
vt 0.7393 1.0352
vt 16.8926 -12.7998
vt 0.0000 28.0000
vt 0.0000 0.0000
vt 0.0000 0.0029
vt 2.1504 0.1865
vt 2.6367 1.2773
vt 0.0000 0.0000
vt 0.0000 0.7822
vt 0.7822 0.1865
vt 0.9434 0.4443
vt 16.7559 -25.6006
vt 0.0000 0.0000
vt 0.0000 0.0000
vt 0.0000 0.8828
vt 1.3770 1.0566
vt 0.0000 0.0000
vt 0.0000 0.0000
vt 0.0000 0.0146
vt 0.0000 0.0000
vt 0.0000 1.0117
vt 1.3975 1.0850
vt 0.0000 0.0068
vt 0.0000 0.0000
vt 2.9932 0.2139
vt 16.8262 25.6025
vt 0.0000 0.0000
vt 0.0000 0.0000
vt 0.0000 0.5840
vt 0.8447 0.1865
vt 16.7793 12.7979
vt 0.0000 0.0000
vt 0.0000 0.0000
vt 0.0000 0.0000
vt 0.2490 -0.0010
vt 16.3828 0.0000
vt 0.0000 0.0000
vt 0.0000 0.0000
vt 0.0273 0.0000
vt 1.1924 0.1865
vt 16.7197 12.7988
vt 0.0000 0.0000
vt 0.0000 0.0000
vt 2.6084 0.1865
vt 0.9736 0.9062
vt 16.9023 12.7998
vt 0.0000 0.0000
vt 0.0000 0.0000
vt 2.6084 0.2334
vt 16.6162 12.7998
vt 0.0000 0.0000
vt 0.0000 0.0000
vt 1.8906 0.1865
vt 0.5020 0.9082
vt 16.6162 12.7998
vt 0.0000 0.0000
vt 0.0000 0.0000
vt 1.8906 0.1865
vt -0.1201 1.5303
vt 16.8926 -12.7998
vt 0.0000 0.0000
vt 1.8906 0.1865
vt 16.4336 -12.7998
vt 0.0000 0.0000
vt 0.0000 0.0000
vt 0.0000 0.0000
vt 2.7500 0.6777
vt 16.3975 -0.0020
vt 0.0000 0.0000
vt 0.0000 0.0000
vt 0.0000 0.6260
vt 1.5996 0.3613
vt 0.0000 0.0000
vt -14.9873 0.0000
vt -15.0859 -9.1465
vt 0.0000 0.6904
vt 0.0000 1.0117
vt 0.0000 1.0117
vt 0.0000 0.5840
vt 0.0000 0.0762
vt 0.0000 0.1543
vt -0.2607 -2.2910
vt 0.9082 3.3027
vt -2.2910 1.8906
vt -0.0234 0.8838
vt 1.8906 0.3730
vt 5.1729 -2.2910
vt -30.8447 0.0000
vt 0.0527 0.0000
vt 0.0527 0.0000
vt 0.0527 0.0000
vt 0.0000 0.0938
vt 0.0000 0.0938
vt 0.0000 0.0938
vt 0.0000 0.1562
vt 0.0000 0.0938
vt 0.0000 0.2188
vt 0.0000 0.0000
vt 0.0000 0.0000
vt 0.0000 0.0938
vt 0.0000 0.5781
vt 0.0000 3.5156
vt 0.0000 3.6406
vt 15.8750 -23.0479
vt 0.0000 0.0000
vt 0.0000 0.0000
vt 0.0000 0.0000
vt 0.0293 0.0000
vt 0.0000 0.0000
vt 0.3672 0.0000
vt 0.0000 0.0000
vt 0.0000 0.0000
vt 8.0000 12.0000
vt 8.0020 12.0020
vt 8.0049 0.0000
vt 16.8838 6.3994
vt 0.0000 0.0684
vt 0.0000 0.0000
vt 0.0000 0.4883
vt 0.1396 0.0977
vt 0.0000 0.0000
vt 0.0000 0.0000
vt -1.3105 0.1641
vt 16.9248 -19.2002
vt 0.0000 0.0000
vt 0.0000 -31.9316
vt 0.7881 0.1602
vt 0.0000 0.0000
vt 0.0000 1.1934
vt 0.0000 0.0000
vt 0.0000 0.0029
vt 0.0000 0.0000
vt 0.0000 0.3281
vt 0.9951 0.1748
vt -1.3057 0.1709
vt 0.0000 0.0000
vt 16.5908 -25.5996
vt 0.0000 0.0000
vt 0.0000 0.0000
vt 0.0000 0.7314
vt 0.7910 0.1357
vt -1.6201 0.4521
vt 0.0000 0.0000
vt 0.0000 0.0000
vt 0.0000 0.0127
vt 0.0000 0.0000
vt 0.0000 0.1514
vt 1.2500 0.6895
vt 0.0000 0.0000
vt 0.0000 0.0000
vt -1.4570 0.1709
vt 0.0000 0.0000
vt 0.0000 0.0000
vt 0.0000 0.0000
vt 0.0000 0.0000
vt 0.0000 0.7314
vt 0.8340 0.1504
vt 0.0000 0.0029
vt 1.2832 0.1514
vt 0.0000 0.0000
vt 0.0000 0.0000
vt 0.0000 0.0000
vt 0.0000 0.0000
vt 0.0000 -31.9316
vt 0.7520 0.1602
vt 0.0000 0.0000
vt 1.3252 0.1641
vt 16.9248 -19.2002
vt 0.0000 0.0000
vt 0.0000 0.0000
vt 0.0098 0.0098
vt 0.0000 0.0000
vt 1.2793 0.0898
vt 16.9248 -19.2002
vt 0.0000 0.0039
vt 0.0000 0.0000
vt 0.0000 10.2500
vt 0.0742 0.0098
vt 0.0000 0.0000
vt -1.6875 0.0459
vt 0.0000 0.0000
vt 16.9248 -19.2002
vt 0.0000 0.0000
vt 0.0742 0.0098
vt 0.0000 0.0000
vt -2.7695 0.0898
vt 16.5508 -12.7988
vt 0.0000 0.0000
vt 0.0000 -31.9316
vt 0.4209 0.0977
vt 0.0000 0.0000
vt 0.1621 0.0908
vt 16.9229 12.7998
vt 0.0000 0.0684
vt 0.0000 0.0000
vt 0.0000 0.0000
vt 0.3447 0.0977
vt 0.0000 0.0000
vt 0.0000 0.0000
vt 0.8057 0.2520
vt 0.0000 0.0000
vt 0.0000 0.0000
vt 0.0000 -31.9316
vt 0.3008 0.0977
vt 0.1338 0.2236
vt 0.0000 0.0127
vt 0.0000 0.0000
vt 0.0000 12.5000
vt 0.0098 0.0098
vt 0.0000 0.0000
vt 16.8193 5.6504
vt -14.6875 -25.0850
vt 0.0000 0.7383
vt 0.0000 0.7314
vt 0.0000 0.0977
vt 0.0000 0.0977
vt 0.0000 0.0977
vt 0.0000 0.0977
vt 0.0000 0.0977
vt 0.0000 0.5195
vt 0.0000 0.0000
vt 1.1934 -0.7861
vt -0.2070 0.3447
vt -0.7900 -0.7803
vt 0.4209 -31.9092
vt -31.9092 0.0000
vt 0.0000 0.0938
vt 0.0000 0.7031
vt 0.0000 7.0781
vt 0.0000 7.2500
vt 0.0000 0.0498
vt 0.0000 0.0000
vt 0.0439 0.0000
vt 0.0000 0.0000
vt 0.0000 0.0000
vt 1.0742 0.0879
vt 0.0000 0.0498
vt 0.0000 0.0000
vt 0.0000 0.0000
vt 0.0000 0.0000
vt 0.0000 0.0000
vt 1.0479 0.3506
vt 0.0000 0.0498
vt 8.0000 0.0000
vt 8.0020 0.0000
vt 8.0039 0.0000
vt 8.0068 0.0000
vt 0.0000 0.0000
vt 0.0000 0.0156
vt 16.8916 0.0010
vt 0.0000 0.0566
vt 1.0723 0.0977
vt 1.7080 0.6572
vt 0.0000 0.0000
vt 16.5508 -12.7969
vt 0.0000 0.0000
vt 0.0000 0.1396
vt 0.6621 0.3887
vt 1.3066 0.1211
vt 0.0000 0.0000
vt 16.7559 -12.7959
vt 0.0000 0.0000
vt 0.0000 0.3906
vt 0.0615 0.0234
vt 0.0000 0.0000
vt 1.3047 0.0322
vt 0.0000 0.0000
vt 16.9033 19.1992
vt 0.0000 0.0000
vt 0.0000 0.6875
vt 3.8525 0.1377
vt 0.0000 0.0000
vt -0.9980 0.1943
vt 0.0000 0.0000
vt 0.0000 0.0000
vt 0.0000 0.0156
vt 0.0000 0.0000
vt 0.0000 0.0566
vt 1.1572 0.0977
vt 0.0000 0.0029
vt 0.0000 0.0000
vt 2.0801 0.0820
vt 0.0000 0.0000
vt 16.9053 -0.0010
vt 0.0000 0.0000
vt 0.0000 0.0000
vt 0.0000 1.2041
vt 0.9980 0.0977
vt 0.0000 0.0156
vt 1.6582 0.9268
vt 0.0000 0.0000
vt 0.0000 0.0000
vt 0.0000 0.0000
vt 0.0000 0.0000
vt 0.0000 0.0000
vt 0.7354 0.1279
vt 1.6885 0.3574
vt 16.9111 -0.0010
vt 0.0000 0.0000
vt 0.0000 0.0000
vt 0.7764 0.0977
vt 0.0000 0.0225
vt 1.8730 0.2256
vt 0.0000 0.0000
vt 0.0000 0.0000
vt 0.0000 0.0000
vt 0.0000 0.4121
vt 0.8623 0.2109
vt 1.6982 0.4072
vt 0.0000 0.0000
vt 0.0000 0.0000
vt 0.0000 0.0000
vt 0.0000 0.6875
vt 0.4854 0.0977
vt 0.0000 0.0049
vt 0.0000 0.0000
vt 2.1230 0.0791
vt 0.0000 0.0000
vt 0.0000 0.0000
vt 0.0000 0.0000
vt 15.5742 -12.7998
vt 0.0000 1.2676
vt 0.7783 0.0977
vt 1.7344 0.9326
vt 0.0000 0.0000
vt 0.0000 0.0000
vt 15.5742 -12.7998
vt 0.0000 1.2676
vt 5.3486 0.0430
vt 0.0000 0.0000
vt 1.1689 0.4248
vt 0.0000 0.0000
vt 0.0000 0.0000
vt 0.0000 0.0000
vt 0.0000 0.6875
vt 4.6650 0.1377
vt 0.0264 8.0322
vt 1.2949 0.0410
vt 0.0000 8.0000
vt 4.6650 0.1377
vt 0.8643 -10.7510
vt 0.0000 0.0000
vt 2.3506 0.0771
vt 0.0000 0.0000
vt 0.2510 -0.2168
vt 0.0000 -30.2500
vt 4.4600 0.1377
vt 0.9043 8.7217
vt -0.2832 0.0703
vt 0.0000 0.0000
vt 0.0000 9.5000
vt 0.0381 0.1377
vt 0.0000 0.0000
vt 0.7959 0.0537
vt 0.0000 0.0000
vt 0.0000 0.0000
vt 0.0000 2.7500
vt 4.5771 0.1377
vt 0.9580 -0.0117
vt 1.9590 0.0410
vt 0.0000 0.0000
vt 0.0000 -9.7500
vt 4.5771 0.1377
vt 25.9453 -0.0010
vt 1.6748 0.0410
vt 0.0000 0.0000
vt 0.0000 6.2500
vt 4.6650 0.1377
vt 0.8750 -5.2510
vt 0.0000 0.0000
vt 0.9795 0.0410
vt 0.0000 0.0000
vt 0.0000 6.2500
vt 0.8350 -2.2510
vt 0.0000 0.0000
vt 0.0000 0.0000
vt 0.0000 0.0000
vt 0.0000 0.0000
vt 0.0381 0.1377
vt 0.0000 0.0000
vt 1.0430 0.0771
vt 0.0000 0.0000
vt 16.9189 6.4004
vt 0.2510 -0.2158
vt 0.0000 0.0000
vt 0.0000 0.0000
vt 0.0000 0.0000
vt 1.9941 0.0410
vt 0.0000 0.0000
vt 0.0000 0.0000
vt 0.0000 0.0000
vt 16.9238 0.0000
vt 0.0000 0.0000
vt 0.0518 0.1377
vt 1.0381 0.0127
vt 16.9238 0.0000
vt 0.0000 0.0000
vt 0.1162 0.1377
vt 0.0615 1.7930
vt 16.9033 25.5996
vt 0.0000 0.0000
vt 0.0000 0.5508
vt 0.4404 0.1865
vt 0.0000 0.0000
vt 2.5889 0.1191
vt 0.0000 0.0000
vt 0.0000 0.0000
vt 0.0000 0.0000
vt 0.0000 0.2998
vt 0.9883 0.5820
vt 0.0000 0.0000
vt 0.6768 0.1533
vt 0.0000 0.0000
vt 0.0000 0.0000
vt 16.6768 -25.6006
vt 0.0000 0.0000
vt 3.8516 0.0977
vt 1.2451 1.9541
vt 0.0000 0.0000
vt 16.6768 -25.6006
vt 0.0000 0.0000
vt 3.0566 0.0977
vt 2.0049 1.9541
vt 0.0000 0.0000
vt 0.0000 0.0000
vt 0.0000 0.0723
vt 0.0312 0.0977
vt 2.0684 0.0605
vt 16.7559 -25.6016
vt 0.0000 0.0000
vt 0.0000 0.0000
vt 0.0000 0.8828
vt 0.4434 0.0977
vt 2.2832 0.5566
vt 0.0000 0.0000
vt 16.9033 -25.6006
vt 0.0000 0.0049
vt -14.7275 28.0000
vt -14.7549 -8.0000
vt -14.7285 -16.2041
vt 0.0000 0.6875
vt 0.0000 1.3105
vt 0.0000 0.6875
vt 0.0000 0.9258
vt 0.0000 0.9258
vt 0.0000 0.9258
vt 0.0000 0.8613
vt 0.0000 0.8613
vt 0.0000 0.4551
vt 0.0000 0.7979
vt 0.0000 0.4121
vt 0.0000 0.4766
vt 0.0000 1.0117
vt 0.0000 0.6875
vt 0.0000 1.2676
vt 0.0000 1.2676
vt 0.0000 1.2676
vt 0.0000 0.8828
vt 0.0000 0.6260
vt 0.0000 0.6875
vt 0.0000 0.0000
vt 0.3018 -3.5771
vt 0.0000 0.0938
vt 0.0000 1.3438
vt 0.0000 6.0469
vt 0.0000 6.2656
vt 15.8750 0.0000
vt 0.0000 0.0000
vt 0.0000 0.0000
vt 0.0000 0.0000
vt 0.0098 0.0000
vt 0.0000 0.0000
vt -0.9824 0.0000
vt 15.8750 0.0000
vt 0.0000 0.0000
vt 0.0000 0.0000
vt 0.0098 0.0000
vt 0.0000 0.0000
vt -1.5947 0.0000
vt 15.8750 0.0000
vt 0.0000 0.0000
vt 0.0000 0.0000
vt 0.0000 0.0000
vt 0.0098 0.0000
vt 0.0000 0.0000
vt -2.9600 0.0000
vt 15.8750 0.0000
vt 0.0000 0.0000
vt 8.0010 12.0010
vt 8.0029 12.0029
vt 8.0049 12.0049
vt 8.0068 12.0068
vt 8.0088 12.0088
vt 8.0107 12.0107
vt 8.0127 0.0000
vt 16.8086 -0.0020
vt 0.0000 0.0000
vt 0.0000 0.0000
vt 0.0000 0.0000
vt 0.2119 0.0977
vt -5.9219 1.1543
vt 0.0000 0.0000
vt 0.0000 0.0176
vt 0.0000 0.0000
vt 0.0000 0.0586
vt 0.7061 0.0977
vt 0.0000 0.0000
vt 0.2871 1.0000
vt 0.0000 0.0000
vt 0.0000 0.0000
vt 15.8242 -12.6035
vt 0.0000 0.0000
vt 0.2803 0.0977
vt -0.7266 0.7471
vt 0.0000 0.0000
vt 0.0000 0.0000
vt 0.0000 0.0000
vt 0.0000 0.0000
vt 0.0000 0.8789
vt 0.6260 0.5225
vt 0.0000 0.0000
vt -0.4678 0.3525
vt 0.0000 0.0000
vt 0.0000 0.0254
vt 16.9238 25.6016
vt 0.0000 0.5859
vt 0.2383 0.0977
vt 0.0000 0.0000
vt -1.6465 0.7559
vt 0.0000 0.0000
vt 0.0000 0.0000
vt 0.0000 0.0000
vt 0.0000 0.9766
vt 0.4355 0.0977
vt 0.0000 0.0000
vt -2.5957 0.9609
vt 0.0000 0.0000
vt 0.0000 0.0020
vt 16.9248 -12.7988
vt 0.0000 0.0000
vt 8.2070 1.7227
vt 0.0000 0.0000
vt -0.6924 0.9980
vt 15.8242 -12.1123
vt 0.0000 0.0000
vt 1.2734 1.7227
vt 0.0000 0.0000
vt 0.0000 0.0000
vt 0.0000 0.0000
vt 0.2490 -0.0010
vt -3.2578 1.3486
vt 15.6992 -13.1934
vt 0.0000 0.0000
vt 0.0000 0.0000
vt 0.2441 0.6396
vt 16.6006 12.8008
vt 0.0000 0.0000
vt 0.0000 0.0000
vt 0.8418 0.0010
vt -0.8242 0.5312
vt 0.0000 0.0000
vt 0.0000 0.0000
vt 0.0000 0.0000
vt 0.0000 0.0000
vt 0.0000 0.0000
vt 0.4268 0.0010
vt 0.0000 0.0000
vt -0.6934 0.0654
vt 0.0000 0.0000
vt 0.0000 0.0000
vt 0.0000 0.7979
vt 0.3965 0.1045
vt 0.0000 0.0000
vt -3.0283 0.0410
vt 15.5742 -15.9453
vt 0.0000 0.0000
vt 0.0000 0.0000
vt 0.4316 0.0010
vt -1.2969 0.6885
vt 16.6299 -0.0029
vt 0.0000 0.0000
vt 0.0000 1.0537
vt 0.9121 0.0010
vt -3.1621 0.8496
vt 0.0000 0.0000
vt 0.0000 0.0020
vt 0.0000 0.0000
vt 0.0000 0.5186
vt 0.6074 0.1709
vt -1.0566 0.2529
vt 0.0000 0.0000
vt 16.6826 12.7979
vt 0.0000 0.0000
vt 15.9248 12.7998
vt 0.0000 0.0000
vt 0.5654 0.1104
vt 16.8086 -0.0020
vt 0.0000 0.0000
vt 0.0000 0.0000
vt 0.0000 0.0000
vt 0.7197 0.3594
vt -0.4736 0.1562
vt 0.0000 0.0000
vt 0.0000 0.0039
vt 0.0840 0.0117
vt 0.0000 0.0049
vt -0.1270 0.0127
vt 0.0000 0.0000
vt 15.6992 -8.8027
vt 0.0000 0.0000
vt 0.2510 0.0010
vt -0.0127 1.6201
vt 0.0000 0.0000
vt 0.0000 0.0000
vt 0.7959 0.2285
vt 0.0000 0.0000
vt -0.2754 0.2285
vt 0.0000 0.0000
vt 0.0000 0.0000
vt 0.0000 0.0000
vt -15.1416 0.0000
vt 17.0869 16.0000
vt -14.8125 -24.0000
vt 0.0000 0.7812
vt 0.0000 0.8789
vt 0.0000 0.8789
vt 0.0000 0.9766
vt 0.0000 0.7812
vt 0.0000 0.8789
vt 0.0000 1.0537
vt 0.0000 0.8789
vt 0.0000 0.8789
vt 0.0000 0.8789
vt 0.0000 0.0605
vt 0.6074 0.6885
vt -1.5723 -0.1904
vt 0.0000 0.0000
vt 0.0000 0.0938
vt 0.0000 0.0938
vt 0.0000 0.0938
vt 0.0000 0.0938
vt 0.0000 0.1562
vt 0.0000 0.0938
vt 0.0000 0.8750
vt 0.0000 6.1250
vt 0.0000 6.2188
vt 0.0000 6.2656
vt 0.0000 0.0000
vt 0.0000 0.0000
vt 0.0000 0.0000
vt 0.8828 0.0869
vt 0.0000 0.0498
vt 0.0000 0.0000
vt 0.0000 0.0000
vt 0.1338 0.0000
vt 0.0000 0.0000
vt 0.0000 0.0000
vt 1.4326 0.0869
vt 0.2539 0.0000
vt 0.0000 0.0000
vt 0.0000 0.0000
vt 8.0010 12.0010
vt 8.0029 0.0000
vt 8.0049 0.0000
vt 8.0068 0.0000
vt 8.0088 0.0000
vt 0.0000 0.0000
vt 0.0000 0.0000
vt 0.0000 0.0000
vt 0.2334 0.3018
vt 0.0000 0.0000
vt 0.9355 0.0840
vt 0.0000 0.0000
vt 0.0000 0.0000
vt 1.3467 0.5107
vt 2.0498 0.9473
vt 16.9248 -6.3984
vt 0.0000 0.0000
vt 1.3467 0.5107
vt 2.6201 0.3203
vt 16.9248 -6.3984
vt 0.0000 0.0000
vt 1.3467 0.5107
vt 2.3984 0.3203
vt 16.9248 -6.3984
vt 0.0000 0.0000
vt 1.3467 0.5107
vt -0.4912 0.3203
vt 16.9248 -6.3984
vt 0.0000 0.0000
vt 1.3467 0.5107
vt -0.9111 0.3203
vt 16.9248 -6.3984
vt 0.0000 0.0000
vt 0.7070 0.1768
vt 4.5889 0.0098
vt 16.9248 -6.3984
vt 0.0000 0.0000
vt 0.5469 0.1592
vt -0.0234 0.0928
vt 0.0000 0.0000
vt 0.0000 0.0000
vt 0.0000 17.7500
vt 0.0000 0.0000
vt 15.5742 -6.7705
vt 0.0000 29.0000
vt 0.0654 0.1768
vt -0.3506 0.0400
vt 0.0000 0.0000
vt 15.5742 -6.7705
vt 0.0000 8.5000
vt 7.4678 0.0400
vt 0.0000 0.0000
vt 16.9238 12.7998
vt 0.0000 0.0000
vt 0.9199 0.3018
vt 0.6602 0.0703
vt 16.8945 -6.4014
vt 0.0000 0.0000
vt 0.3369 0.3018
vt 1.1758 0.0303
vt 15.6992 -9.7852
vt 0.0000 0.0000
vt -3.6074 0.3369
vt 0.0000 0.0000
vt 15.6992 -9.7852
vt 0.0000 0.0000
vt 0.0820 0.3018
vt -1.6201 0.1025
vt 15.6992 -9.7852
vt 0.0000 -29.0000
vt 0.9082 0.4873
vt 0.0000 0.0000
vt 0.0000 0.0000
vt 1.6914 2.7383
vt 0.0000 0.0000
vt 2.8682 0.5312
vt 0.0000 0.0000
vt 0.0000 0.0000
vt 0.0000 0.0000
vt 0.8906 0.2422
vt 0.0000 0.0000
vt 0.4248 0.5312
vt 0.0000 0.0000
vt 0.0000 0.0000
vt 0.0000 0.0000
vt 0.8906 0.2422
vt 0.0000 0.0000
vt 0.1768 0.5312
vt 16.9209 0.0000
vt 0.0000 0.0000
vt 1.4229 0.3613
vt 0.0000 0.0000
vt 2.5605 0.6064
vt 0.0000 0.0000
vt 0.0000 0.0000
vt 0.0000 0.0000
vt 1.4229 0.3613
vt 0.0000 0.0000
vt 0.9668 0.5557
vt 16.9248 -6.3984
vt 0.0000 0.0000
vt 1.3477 0.2168
vt 0.0049 0.1572
vt 0.0000 0.0000
vt 0.0000 0.0000
vt 0.0000 0.0000
vt 0.0000 0.0000
vt 0.6045 2.7383
vt 0.0000 0.0010
vt 0.9697 0.3633
vt 0.0000 0.0000
vt 0.0000 0.0000
vt 0.0000 0.0000
vt 7.0713 0.5225
vt 0.0000 0.0000
vt 0.0000 0.6045
vt 0.0000 0.0938
vt 0.0000 0.0938
vt 0.0000 0.0938
vt 0.0000 0.0938
vt 0.0000 0.1250
vt 0.0000 0.0938
vt 0.0000 0.6406
vt 0.0000 3.7344
vt 0.0000 3.8281
vt 15.8750 0.0000
vt 0.0000 0.0000
vt 0.0000 0.0000
vt 0.0000 0.0000
vt 0.0293 0.0000
vt 0.0000 0.0000
vt 2.2871 0.0000
vt 15.8750 0.0000
vt 0.0000 0.0000
vt 0.0000 0.0000
vt 8.0010 12.0010
vt 8.0029 12.0029
vt 8.0049 12.0049
vt 0.0000 0.0000
vt 0.0000 0.0000
vt 0.0000 0.0000
vt 0.5693 0.0977
vt 0.0000 0.0000
vt 1.6260 0.5488
vt 0.0000 0.0000
vt 0.0000 0.0000
vt 0.0000 0.0000
vt 0.0000 0.0000
vt 0.9189 0.0977
vt 0.0000 0.0059
vt -0.0742 0.2988
vt 0.0000 0.0000
vt 0.0000 0.0000
vt 0.0000 0.0000
vt 0.9062 0.0977
vt 0.0000 0.0000
vt -2.2422 0.4932
vt 0.0000 0.0000
vt 0.0000 0.0000
vt 0.0000 0.0000
vt 0.9062 0.0977
vt 0.0000 0.0000
vt 1.2852 0.4932
vt 0.0000 0.0000
vt 0.0000 0.0000
vt 0.0000 0.0000
vt 0.9062 0.0977
vt 0.0000 0.0000
vt 1.0469 0.4932
vt 0.0000 0.0000
vt 0.0000 0.0000
vt 0.0000 0.4814
vt 0.6602 0.3711
vt 0.3896 0.4131
vt 16.4854 -25.5996
vt 0.0000 0.0000
vt 0.0000 0.0000
vt 0.5654 0.2510
vt -1.2979 0.2705
vt 16.6738 0.0000
vt 0.0000 0.0000
vt 0.0000 0.0000
vt 0.0000 0.0000
vt 1.5791 0.2139
vt 0.0635 0.0830
vt 16.6777 0.0000
vt 0.0000 0.0000
vt 0.0000 17.2500
vt 0.3232 0.0977
vt 0.0000 0.0000
vt -1.4268 0.0967
vt 0.0000 0.0000
vt 1.3965 0.0391
vt -1.1377 0.0586
vt 0.0000 0.0000
vt 15.6992 -12.8330
vt 0.0000 0.0000
vt 0.5811 0.4590
vt -0.4062 0.1553
vt 0.0000 0.0000
vt 0.0000 0.0000
vt 0.0000 0.0000
vt 1.6240 0.0977
vt 0.0000 0.0000
vt -0.0400 3.2461
vt 0.0000 0.0000
vt 0.0000 0.0000
vt 0.0000 0.3887
vt 0.0000 0.0000
vt 0.0000 0.0000
vt 1.4326 0.0010
vt 0.0000 0.0000
vt 1.8770 0.4980
vt 15.5742 -12.0137
vt 0.0000 0.0000
vt 3.8945 0.0293
vt -0.0166 0.5049
vt 0.0000 0.0000
vt 0.0000 0.0000
vt 0.0000 2.9111
vt 0.0000 2.7871
vt 0.0000 2.7871
vt 0.0000 0.0000
vt 0.0000 0.0938
vt 0.0000 0.0938
vt 0.0000 0.2031
vt 0.0000 0.0938
vt 0.0000 0.2500
vt 0.0000 0.0000
vt 0.0000 0.0000
vt 0.0000 0.0000
vt 0.0000 0.0000
vt -14.9023 0.0000
vt 0.0000 0.0938
vt 0.0000 0.5625
vt 0.0000 1.8594
vt 0.0000 1.9844
vt 0.0000 2.0781
vt 0.0000 0.0000
vt 0.0000 0.0000
vt 0.0000 0.0000
vt 0.0000 0.0000
vt 0.0000 0.0000
vt -0.8320 0.0000
vt 0.0000 0.0498
vt 0.0000 0.0000
vt 0.2627 0.0000
vt 0.0000 0.0000
vt 0.0000 0.0000
vt 8.0029 0.0000
vt 8.0020 0.0000
vt 8.0049 0.0000
vt 0.0000 0.0000
vt 0.0000 0.0000
vt 0.0000 0.0000
vt 0.1738 0.1064
vt -0.1777 0.2832
vt 0.0000 0.0000
vt 0.0000 0.0000
vt 0.0000 0.0000
vt 1.0449 0.0566
vt 0.9990 -0.0010
vt 0.0000 0.0000
vt 0.0000 0.0000
vt 0.0000 0.7334
vt 0.8955 0.3662
vt 0.0000 0.0000
vt 0.0000 0.0000
vt -0.8281 0.1230
vt 0.0000 0.0000
vt 0.0000 0.0000
vt 0.0000 0.0000
vt 0.1699 0.0566
vt 0.0000 0.0000
vt -2.6514 0.3027
vt 0.0000 0.0000
vt 0.0000 0.0000
vt 0.0000 0.0000
vt 0.0000 0.0000
vt 0.0000 0.5840
vt 0.8955 0.3750
vt 0.0000 0.0000
vt 0.0000 0.0000
vt -2.0918 1.9873
vt 0.0000 0.0000
vt 0.0000 0.0000
vt 0.0000 0.1465
vt 16.8418 0.0000
vt 16.7090 0.0000
vt 0.0000 0.7334
vt 0.0000 0.6475
vt 0.0000 0.0938
vt 0.0000 1.2500
vt 0.0000 6.6406
vt 0.0000 6.7188
vt 15.8750 0.0078
vt 0.0000 0.0000
vt 0.0000 0.0000
vt 0.0293 0.0000
vt 0.0000 0.0000
vt -4.0693 0.0000
vt 15.8750 0.0078
vt 0.0000 0.0000
vt 0.0000 0.0000
vt 0.0000 0.0000
vt 0.0293 0.0000
vt 0.0000 0.0000
vt 1.9834 0.0000
vt 15.8750 0.0000
vt 0.0000 0.0000
vt 0.0000 0.0000
vt 0.0000 0.0000
vt 0.0293 0.0000
vt 0.0000 0.0000
vt 3.0537 0.0000
vt 0.0000 0.0498
vt 8.0010 12.0010
vt 8.0029 12.0029
vt 8.0049 12.0049
vt 8.0068 12.0068
vt 8.0088 12.0088
vt 8.0107 12.0107
vt 0.0000 0.0000
vt 0.0000 0.0000
vt 0.5811 0.2852
vt -2.5332 0.1562
vt 15.7744 -25.0918
vt 0.0000 0.0000
vt 0.2637 0.3457
vt -2.3145 0.4316
vt 0.0000 0.0000
vt 0.0000 0.0000
vt 0.0000 0.0000
vt 0.0000 0.0000
vt -0.1865 0.4316
vt 0.0000 0.0000
vt 0.0000 0.0000
vt 0.0000 0.0000
vt 0.8076 0.0977
vt 0.0000 0.0000
vt -3.3574 0.0840
vt 0.0000 0.0000
vt 0.0000 0.0000
vt 0.0000 0.0000
vt 0.6279 0.0977
vt 0.0000 0.0000
vt 0.0000 0.0000
vt 0.0000 0.0000
vt 0.0000 0.0000
vt 0.8125 0.0977
vt 0.0000 0.0000
vt 2.5361 0.0977
vt 0.0000 0.0000
vt 0.0000 0.0000
vt 0.0000 0.0000
vt -4.5010 0.5449
vt 0.0000 0.0000
vt 16.8652 25.5986
vt 0.0000 0.0000
vt 15.7744 -25.0918
vt 0.0000 0.0000
vt 0.2637 0.4951
vt -5.0127 0.2783
vt 0.0000 0.0000
vt 0.0000 0.0000
vt 0.0000 0.0000
vt 0.4795 0.0977
vt 0.0000 0.0000
vt -2.7500 0.7559
vt 16.6172 0.0010
vt 15.8750 0.0000
vt 0.0000 0.0000
vt 0.4795 0.0977
vt 0.0000 0.0000
vt 1.7617 0.1055
vt 15.8750 0.0000
vt 0.0000 0.0000
vt 0.4795 0.0977
vt -31.1074 -0.0010
vt 0.0000 0.0000
vt -0.3945 0.0293
vt 0.0000 0.0000
vt 15.8750 0.0000
vt 0.4795 0.0977
vt -31.0771 -0.0010
vt 0.0000 0.0000
vt 1.6201 0.0293
vt 15.8750 0.0000
vt 0.4795 0.0977
vt -31.0771 -0.0010
vt 0.0000 0.0000
vt -4.3242 0.0293
vt 0.0000 0.0000
vt 0.0000 0.0000
vt 0.4795 0.0977
vt 0.9229 -0.0010
vt -1.4883 0.0293
vt 15.8750 0.0000
vt 0.4795 0.0977
vt -31.1357 22.7451
vt 1.2842 0.0547
vt 16.8398 0.0000
vt 0.0000 0.0000
vt 0.0000 0.0000
vt 1.2363 0.0977
vt 0.0000 0.0000
vt 0.3691 1.5254
vt 0.0000 0.0000
vt 0.0000 0.0000
vt 1.7061 2.0801
vt 0.0000 0.0000
vt -0.6074 2.5508
vt 0.0000 0.0000
vt 0.0000 0.0000
vt 0.0000 0.0000
vt 0.0000 0.0000
vt 0.4287 0.0977
vt 0.0000 0.0000
vt 0.0000 0.0000
vt -1.0156 0.4619
vt 0.0000 0.0000
vt 0.0000 0.0000
vt 0.0000 0.0000
vt 1.1094 0.0977
vt 0.0000 0.0000
vt 1.9150 2.5020
vt 0.0000 0.0000
vt 16.9248 12.7998
vt 0.0000 0.0146
vt 0.0000 0.6045
vt 0.3047 0.0977
vt 15.4697 -0.0215
vt 0.2598 0.9688
vt 0.0000 0.0000
vt 0.0000 0.0000
vt 0.0000 0.0000
vt 0.0000 0.0000
vt 0.0000 0.0693
vt 0.3984 0.9551
vt 0.0000 0.0029
vt -1.5283 1.0684
vt 16.8496 0.0010
vt 0.3760 0.4795
vt 0.8262 5.7451
vt 0.0000 0.0000
vt 0.0000 0.0000
vt 0.0000 0.0000
vt 1.2754 0.0977
vt 0.0000 0.0000
vt -5.0225 0.2031
vt 0.0000 0.0000
vt 0.0000 0.4980
vt -4.8691 0.7266
vt 0.0000 0.0000
vt 16.4180 -12.8008
vt 0.0000 0.0000
vt 0.0000 0.0000
vt 0.0000 0.9902
vt 1.6562 0.7373
vt 0.0000 0.0000
vt -4.7227 0.1133
vt 0.0000 0.0000
vt 16.7891 0.0000
vt 0.0000 0.9902
vt 0.0000 0.9902
vt 0.0000 0.0703
vt 1.1670 1.5254
vt -2.5420 1.0908
vt 0.0000 0.0938
vt 0.0000 1.1719
vt 0.0000 2.6719
vt 0.0000 0.0938
vt 0.0000 2.9062
vt 15.8750 0.0000
vt 0.0000 0.0000
vt 0.0000 0.0000
vt 0.0000 0.0000
vt 0.0146 0.0000
vt 0.0000 0.0000
vt 1.6973 0.0000
vt 15.8750 0.0000
vt 0.0000 0.0000
vt 0.0000 0.0000
vt 0.0000 0.0000
vt 0.0146 0.0000
vt 0.0000 0.0000
vt 1.7275 0.0000
vt 15.8750 0.0000
vt 0.0000 0.0000
vt 0.0000 0.0000
vt 0.0000 0.0000
vt 0.0146 0.0000
vt 0.0000 0.0000
vt -3.4883 0.0000
vt 8.0010 12.0010
vt 8.0029 12.0029
vt 8.0049 12.0049
vt 8.0068 12.0068
vt 8.0088 12.0088
vt 8.0107 12.0107
vt 0.0000 0.0000
vt 0.0000 0.0088
vt 0.0000 0.0000
vt 0.0000 0.0000
vt 1.4141 0.0977
vt 0.0000 0.0166
vt 0.0010 0.1328
vt 0.0000 0.0000
vt 0.0000 0.0000
vt 0.0000 0.0000
vt 0.0000 0.0000
vt 1.0449 0.0977
vt 0.0000 0.0156
vt 2.6494 1.5977
vt 0.0000 0.0000
vt 0.0000 0.0000
vt 0.0000 0.0000
vt 2.1973 0.0977
vt 0.0000 0.0000
vt -2.9121 0.0811
vt 16.8877 -19.2002
vt 0.0000 0.0000
vt 0.0000 0.0000
vt 0.0000 0.0000
vt 16.8799 -25.6006
vt 0.0000 0.0000
vt 0.0000 0.0000
vt 0.0000 0.0000
vt 15.8242 -12.7021
vt 0.0000 0.0000
vt 0.0000 0.0000
vt 0.0000 0.1035
vt 1.0449 0.0977
vt 0.0000 0.0000
vt 17.1250 8.0000
vt 0.0000 0.0000
vt 3.4580 -0.0029
vt 0.0000 0.0938
vt 0.0000 0.0938
vt 0.0000 0.0938
vt 0.0000 0.0938
vt 0.0000 0.1562
vt 0.0000 0.0938
vt 0.0000 0.0938
vt 0.0000 0.2969
vt 0.0000 0.0938
vt 0.0000 0.3594
vt 0.0000 0.0000
vt 0.0000 0.0000
vt 0.0000 0.2500
vt 0.0098 0.0977
vt 0.0000 0.0000
vt -2.7373 0.0098
vt 0.0000 0.0000
vt 0.0000 0.0938
vt 0.0000 0.0938
vt 0.0000 4.1094
vt 0.0000 4.1562
vt 0.0000 4.4219
vt 0.0000 0.0000
vt 0.0000 0.0000
vt 0.0000 0.0000
vt 1.4395 0.0977
vt 0.0000 0.0000
vt -4.4980 1.0781
vt 0.0000 0.0000
vt 0.0000 0.0000
vt 0.0000 11.2500
vt 0.7988 0.0977
vt 0.7500 3.2490
vt 0.0000 0.0000
vt 2.2217 0.1504
vt 0.0000 0.0000
vt 0.0000 17.0000
vt 0.7500 -17.0010
vt 0.0000 0.0000
vt -4.0225 0.1504
vt 0.0000 0.0000
vt 0.0000 0.0146
vt 0.0000 0.0000
vt 0.0000 -31.5000
vt 0.7988 0.0977
vt 0.7500 -0.0645
vt 0.0000 0.0000
vt 0.0000 0.0000
vt 0.0000 0.0000
vt 0.0000 -26.2500
vt 0.7988 0.0977
vt 0.7500 3.2490
vt 0.0000 0.0000
vt 2.5234 0.1504
vt 0.0000 0.0000
vt 0.0000 15.2500
vt -4.5186 0.2129
vt 0.0000 0.0000
vt 15.8242 -12.8818
vt -4.8623 0.1973
vt 0.0000 0.0000
vt 0.3320 0.0977
vt 2.5488 0.2139
vt 0.0000 0.0000
vt -1.5117 0.1211
vt 0.0000 0.0000
vt 0.0000 0.0146
vt 0.0000 -6.7500
vt 0.7500 -28.0010
vt 0.0000 0.0000
vt -3.5918 0.3115
vt 0.0000 0.0000
vt 0.0000 0.0664
vt 0.0000 0.0000
vt 0.0000 0.0000
vt 0.7988 0.0977
vt 0.0000 0.2432
vt 0.0000 0.0000
vt -0.3506 0.3115
vt 0.0000 0.0000
vt 0.0000 0.0664
vt 0.0000 0.0000
vt 0.0000 0.0000
vt 0.7988 0.0977
vt 0.0000 0.2432
vt 0.0000 0.0000
vt -2.0400 0.3115
vt 0.0000 0.0000
vt 0.0000 0.0664
vt 0.0000 0.0000
vt 0.0000 0.0000
vt 0.7988 0.0977
vt 0.0000 0.2432
vt 0.0000 0.0000
vt 0.0000 0.0000
vt 0.0000 0.0664
vt 0.0000 0.0000
vt 0.0000 0.0000
vt 0.9209 0.8516
vt 0.0000 0.0000
vt -2.4062 0.4775
vt 16.8643 12.7969
vt 0.0000 0.0664
vt 0.0000 0.0000
vt 0.0000 0.0000
vt 2.5127 1.0059
vt 0.0000 0.0000
vt 0.0000 0.0000
vt 0.0000 0.0000
vt 0.0000 0.0000
vt 0.0000 1.2256
vt 0.4844 0.2744
vt 0.0000 0.0029
vt 3.1895 0.4258
vt 0.0000 0.0000
vt 16.5137 25.5938
vt 0.0000 0.0000
vt 0.5879 0.0977
vt -1.9561 0.2832
vt 16.5664 -12.7998
vt 0.0000 0.0000
vt 0.0000 1.2256
vt -4.9590 0.4258
vt 0.0000 0.0000
vt 0.0000 0.0000
vt 0.0000 0.0234
vt 0.0000 0.0000
vt 0.0000 0.1641
vt 0.0000 0.0000
vt -4.3994 1.9883
vt 0.0000 0.0000
vt 0.0000 0.0000
vt 0.0000 0.0000
vt 0.0000 0.0000
vt 0.0000 0.0977
vt 0.0000 0.0938
vt 0.0000 0.2031
vt 0.0000 1.3594
vt 0.0000 0.0938
vt 0.0000 1.4219
vt 0.0000 0.0000
vt 0.0000 0.0000
vt 0.0000 0.0000
vt 0.1582 0.0977
vt 0.0000 0.0029
vt 2.2822 0.0400
vt 0.0000 0.0000
vt 0.0000 0.0000
vt 0.0000 0.0000
vt 0.0000 0.0000
vt 0.1885 0.0977
vt 0.1055 25.6006
vt 2.2061 0.0273
vt 0.0000 0.0000
vt 0.0000 0.0000
vt 0.0000 12.5000
vt 0.1914 0.0977
vt 0.0000 0.0029
vt -0.3184 0.0273
vt 0.0000 0.0000
vt 0.0000 0.0000
vt 0.0000 0.0000
vt 0.0000 5.0000
vt 0.1885 0.0977
vt 0.9990 -0.0010
vt 0.0000 0.0000
vt 2.2090 0.0273
vt 0.0000 0.0000
vt 0.0000 0.0000
vt 0.1885 0.0977
vt 0.8291 -20.7510
vt 0.0000 0.0000
vt 0.4258 0.0146
vt 0.0000 0.0000
vt 0.0000 0.0000
vt 0.0000 0.0000
vt 0.0000 12.5000
vt 0.0000 0.0938
vt 0.0000 0.1719
vt 0.0000 2.4375
vt 0.0000 2.6562
vt 0.0000 2.7812
vt 0.0000 0.0498
vt 16.7383 0.0010
vt 0.0000 0.0000
vt 0.0000 0.0000
vt 0.0000 0.0000
vt 0.0830 1.3027
vt 0.0000 0.0000
vt 0.0000 0.0020
vt 15.6992 -12.0137
vt 0.0000 0.0000
vt 0.1533 0.1602
vt -1.7861 0.1133
vt 0.0000 0.0000
vt 0.0000 0.0000
vt 0.0000 -0.2500
vt 0.1533 0.1602
vt 1.3535 0.1133
vt 0.0000 0.0000
vt 15.6992 -12.0137
vt 0.0000 15.7500
vt 0.4336 0.1602
vt 0.0000 0.0000
vt 0.4561 0.1797
vt 16.8945 -32.0000
vt 0.0000 0.0000
vt 15.5742 -12.0137
vt 0.0000 0.0000
vt 0.1875 0.0977
vt 0.2314 0.0869
vt 0.0000 0.0000
vt 16.6758 0.0010
vt 0.0000 0.0000
vt 0.7168 0.1299
vt 0.0000 0.0000
vt -0.0996 0.0557
vt 16.7383 0.0010
vt 0.0000 0.0000
vt 0.0000 0.0000
vt 0.0342 0.2295
vt 0.2041 0.1729
vt 0.0000 0.0000
vt 15.8242 -12.5869
vt 0.0000 0.0947
vt 0.2305 3.2734
vt 16.7383 0.0010
vt 0.0000 0.0000
vt 0.0000 0.0000
vt 0.5020 0.0977
vt 0.1455 0.4053
vt 16.7383 0.0010
vt 0.0000 0.0000
vt 0.0811 1.2695
vt 2.0156 0.0977
vt -1.4180 2.0518
vt 0.0000 0.0000
vt 0.0000 0.0000
vt 0.0811 3.9629
vt 1.7705 0.4971
vt 0.0000 0.0000
vt -14.7402 4.0000
vt -14.7539 -24.5518
vt -14.6934 -8.0000
vt 16.8945 -5.9082
vt 0.0000 0.7549
vt 0.0000 0.0938
vt 0.0000 0.9688
vt 0.0000 4.7344
vt 0.0000 5.4844
vt 0.0000 5.5781
vt 0.0000 0.0000
vt 0.0000 0.0000
vt 0.0000 0.0000
vt 0.0000 0.0000
vt -1.7822 0.0000
vt 0.0000 0.0000
vt 0.0000 0.0000
vt 0.0000 0.0000
vt 0.0000 0.0000
vt 0.0000 0.0000
vt 0.0000 0.0000
vt 0.3936 0.0000
vt 0.0000 0.0000
vt 0.0000 0.0000
vt 0.0000 0.0000
vt 0.0000 0.0000
vt 2.3145 0.0000
vt 8.0000 0.0000
vt 8.0020 0.0000
vt 8.0039 0.0000
vt 8.0059 0.0000
vt 8.0078 0.0000
vt 8.0107 0.0000
vt 0.0000 0.0000
vt 0.0000 0.0000
vt 0.0000 0.0000
vt 0.0000 0.0000
vt 4.1123 0.2617
vt 16.9229 12.7998
vt 0.0000 0.0000
vt 0.0000 0.0000
vt 0.2236 0.0977
vt 16.9229 12.7998
vt 0.0000 0.0000
vt 0.0000 24.5000
vt 0.2236 0.0977
vt 16.9229 12.7998
vt 0.0000 0.0195
vt 0.0000 0.0000
vt 0.0000 6.5000
vt 0.2236 0.0977
vt -1.6602 0.0439
vt 16.9229 12.7998
vt 0.0000 0.0078
vt 0.0000 0.0000
vt 0.0000 15.5000
vt 0.0000 0.0000
vt 1.3408 0.0439
vt 16.9229 12.7998
vt 0.0000 0.0000
vt 0.0000 0.0000
vt 0.0000 12.7500
vt 0.0000 0.0000
vt 16.9229 12.7998
vt 0.0000 0.0000
vt 0.0000 3.7500
vt 0.0000 0.0000
vt -4.6279 0.0439
vt 16.9229 12.7998
vt 0.0000 0.0000
vt 0.0000 0.0000
vt 0.0000 17.7500
vt 0.2236 0.0977
vt 3.1201 0.0439
vt 16.9229 12.7998
vt 0.0000 0.0000
vt 0.0000 3.7500
vt 0.0000 0.0000
vt -1.0840 0.0439
vt 15.8994 -25.5020
vt 0.0000 0.0000
vt 0.0000 0.0000
vt 1.1094 1.9258
vt 15.8994 -25.5020
vt 0.0000 0.0000
vt 0.0000 0.0000
vt 0.4229 1.9258
vt 0.5234 0.3535
vt 16.2559 25.6123
vt 0.0000 0.0000
vt 0.0000 0.0000
vt 0.0000 0.0000
vt 1.8750 0.5762
vt 16.6709 12.8008
vt 0.0000 0.0000
vt 0.0000 0.0000
vt 1.8750 0.6377
vt -0.1416 1.0117
vt 0.0000 0.0000
vt 0.0000 0.0000
vt 0.0000 0.0000
vt 1.0898 0.7783
vt 0.0000 0.8818
vt 0.0000 0.0000
vt 0.0000 0.0000
vt 0.0000 0.0000
vt 0.0000 0.0000
vt 1.3096 0.0977
vt 0.0000 0.0000
vt 16.9229 12.7998
vt 0.0000 0.0000
vt 0.0000 0.0000
vt 0.0000 17.5000
vt -0.1484 0.1123
vt 16.6758 -12.7998
vt 0.0000 0.1768
vt 0.0000 0.0000
vt -3.2842 0.6113
vt 0.0000 0.0000
vt -14.7246 -15.5029
vt -14.8994 -22.3066
vt -14.6543 -21.4834
vt 17.2764 4.9766
vt -15.0977 -6.0996
vt -15.0879 -4.1602
vt -14.9629 -24.0361
vt 17.0439 -4.3662
vt 16.6748 3.3008
vt 0.0000 0.0977
vt 16.8799 -16.7178
vt 0.0000 0.0977
vt 0.0000 0.0938
vt 0.0000 1.0156
vt 0.0000 6.9688
vt 0.0000 7.1406
vt 0.0000 7.1719
vt 0.0000 0.0000
vt 0.0000 0.0000
vt 0.0000 0.0000
vt 0.0000 0.0000
vt 0.0000 0.0000
vt 3.3311 0.0000
vt 0.0000 0.0000
vt 0.0000 0.0000
vt 0.0000 0.0000
vt 0.0000 0.0000
vt 0.0000 0.0000
vt -1.5010 0.0000
vt 0.0000 0.0000
vt 0.0000 0.0000
vt 0.3418 0.0000
vt 0.0000 0.0000
vt 0.0000 0.0000
vt 8.0010 12.0010
vt 8.0029 12.0029
vt 8.0049 12.0049
vt 8.0068 12.0068
vt 8.0088 0.0000
vt 0.0000 0.0000
vt 0.0000 0.0000
vt 0.0000 6.7500
vt 0.0098 0.0977
vt 0.9229 -3.7510
vt 0.0000 0.0000
vt -0.1689 0.0098
vt 0.0000 0.0000
vt 0.0000 0.0000
vt 0.0000 0.0166
vt 0.0000 0.0000
vt 0.0000 6.0000
vt 0.0098 0.0977
vt 0.9229 -3.7510
vt 0.0000 0.0000
vt 7.2588 0.0098
vt 0.0000 0.0000
vt 0.0000 0.0000
vt 0.0000 0.0215
vt 0.0000 0.0000
vt 0.0000 6.0000
vt 0.0000 0.0000
vt -3.1221 0.0098
vt 16.6768 12.7998
vt 0.0000 2.7500
vt 0.7500 30.4570
vt 0.0000 0.0000
vt -0.7891 0.0098
vt 0.0000 0.0000
vt 0.0000 0.0000
vt 0.0000 0.0000
vt 0.0000 0.0000
vt 3.4336 1.1748
vt 0.0000 0.0000
vt 0.0000 0.0000
vt 0.0000 0.0000
vt 0.0361 0.7002
vt 0.0000 0.0000
vt 6.4053 0.9531
vt 16.9131 6.4004
vt 0.0000 0.0000
vt 0.0000 0.0000
vt 2.5938 0.4033
vt 0.0000 0.0000
vt 0.0000 0.0000
vt 0.0000 0.0000
vt 0.4775 0.2480
vt 0.2148 0.3154
vt 15.5742 -9.9824
vt 0.0000 0.0000
vt 0.0000 0.0000
vt 0.4775 0.1338
vt 7.5068 0.3213
vt 0.0000 0.0000
vt 0.0000 0.0000
vt 0.0000 0.0000
vt 0.0000 0.0000
vt 0.3379 0.3027
vt 0.0000 0.0000
vt 2.9248 0.2939
vt 16.9121 6.4004
vt 0.0000 0.0000
vt 0.0000 0.0000
vt 0.3379 0.4961
vt -2.4180 0.3066
vt 14.0020 1.4990
vt 0.0000 0.0000
vt 0.0000 0.0000
vt 15.4697 -0.0215
vt 5.5547 0.1367
vt 0.0000 0.0000
vt 0.0000 0.0000
vt 0.0000 0.2490
vt 4.8730 0.1406
vt 0.0000 0.0000
vt 16.8809 -0.0049
vt 0.0000 0.2490
vt 0.3438 0.0977
vt 2.7910 0.1406
vt 0.0000 0.0000
vt 0.0000 0.0000
vt 16.8877 6.3955
vt 0.0000 0.2490
vt 0.4551 0.0977
vt 4.3779 0.2539
vt 0.0000 0.0000
vt 0.0000 0.0000
vt 0.0000 0.0000
vt 16.8809 -6.4053
vt 0.0000 0.2490
vt 0.4551 0.0977
vt -0.1689 0.1367
vt 0.0000 0.0000
vt 0.0000 0.0000
vt 16.8721 -0.0137
vt 0.0000 0.2490
vt 0.5322 0.0977
vt 1.0254 0.1367
vt 0.0000 0.0000
vt 16.8008 12.7861
vt 0.0000 0.2490
vt 0.4551 0.0977
vt 1.2041 0.1367
vt 0.0000 0.0000
vt 16.8008 12.7861
vt 0.0000 0.2490
vt 0.4551 0.0977
vt -0.5020 0.1367
vt 0.0000 0.0000
vt 16.8008 12.7861
vt 0.0000 0.2490
vt 0.4551 0.0977
vt 1.1035 0.1367
vt 0.0000 0.0000
vt 16.8809 -0.0088
vt 0.0000 0.2490
vt 0.4551 0.0977
vt 3.4209 0.1211
vt 0.0000 0.0000
vt 0.0000 0.0000
vt 16.8809 31.9932
vt 0.0000 0.2490
vt 0.3047 0.0977
vt 4.0146 0.1211
vt 0.0000 0.0000
vt 0.0000 0.0000
vt 0.0000 0.2490
vt 4.0137 0.1211
vt 0.0000 0.0000
vt 0.0000 0.0000
vt 7.5371 0.0713
vt 0.0000 0.0000
vt 15.7744 -28.4014
vt 0.0000 0.0000
vt 0.4697 0.0977
vt 0.0000 0.0000
vt 7.6758 0.2314
vt 0.0000 0.0000
vt 16.9102 25.5986
vt 0.0000 0.0000
vt 0.0000 0.0000
vt 0.0000 0.0156
vt 5.6455 0.3066
vt 16.0996 25.6533
vt 0.0000 0.0000
vt 0.0000 0.0000
vt 1.8340 0.5176
vt 0.0000 0.0000
vt 0.0000 0.0000
vt 0.0000 0.4551
vt 0.0000 0.0000
vt 4.1406 0.4346
vt 17.0732 -16.0000
vt 17.0928 -15.6973
vt 0.0000 0.0000
vt 0.0000 0.0938
vt 0.0000 0.4375
vt 0.0000 4.6250
vt 0.0000 4.7031
vt 0.0000 0.0498
vt 0.0000 0.0000
vt 0.0000 0.0000
vt 0.3096 0.2539
vt 0.0000 0.0498
vt 8.0010 0.0000
vt 8.0029 0.0000
vt 16.9160 6.4004
vt 0.0000 0.0000
vt 0.0000 0.0000
vt 0.0000 0.0000
vt 0.9688 0.5361
vt 3.0986 1.0635
vt 0.0000 0.0000
vt 0.0000 0.0000
vt 0.8027 0.2441
vt 15.5742 -9.9824
vt 0.0000 0.0000
vt 0.0000 9.5000
vt 0.0293 0.0889
vt -0.2979 0.0439
vt 15.5742 -9.9824
vt 0.0000 0.0000
vt 0.0000 9.5000
vt 0.0293 0.0889
vt 5.7656 0.0439
vt 15.5742 -9.9824
vt 0.0000 0.0000
vt 0.0000 0.0000
vt 0.5859 0.0889
vt -1.5820 0.5557
vt 16.6504 25.6074
vt 0.0000 0.0000
vt 0.0000 0.0000
vt 0.5586 0.6270
vt -2.6143 2.2246
vt 15.5742 -9.9824
vt 0.0000 0.0000
vt -7.1455 0.2070
vt 15.5742 -9.9824
vt 0.0000 9.5000
vt 2.6680 2.3604
vt 0.0000 0.0000
vt 15.5742 -11.6201
vt 0.0000 0.0000
vt 0.0000 0.0000
vt -7.0078 0.0371
vt 0.0000 0.0000
vt 0.0000 0.0029
vt -7.0078 0.0371
vt 0.0000 0.0000
vt 0.0000 3.7500
vt 1.1689 0.6270
vt -2.3408 1.2354
vt 16.9160 6.4004
vt 0.0000 0.0000
vt 5.4189 0.1436
vt 15.5742 -9.9824
vt 0.0000 9.5000
vt 0.1328 0.0889
vt 0.0000 0.0000
vt 5.5820 0.4121
vt 16.6738 0.0010
vt 0.0000 0.0000
vt 0.0000 0.0000
vt 0.0000 0.0000
vt 2.3711 0.0488
vt 0.0000 0.0000
vt 16.8809 -12.8027
vt 15.5742 -12.0137
vt 0.0000 0.0000
vt 0.0488 0.6270
vt 0.0000 0.0000
vt -1.2188 0.0488
vt 0.0000 0.0000
vt 15.6992 -8.4092
vt 0.0000 0.0117
vt 0.0000 0.0000
vt -6.0781 0.0488
vt 0.0000 0.0000
vt 16.9160 6.4004
vt 0.0000 0.0000
vt 0.0000 0.0000
vt -3.9248 0.6055
vt 0.0000 0.0000
vt 16.8750 6.4004
vt 0.0000 0.0020
vt 0.0000 0.0000
vt 5.8223 0.2588
vt 15.5742 -11.1611
vt 0.0000 0.0000
vt -2.9541 0.3467
vt 16.7998 -0.0010
vt 0.0000 1.2891
vt 3.2305 0.6182
vt 0.0000 0.0000
vt -1.4521 1.0254
vt 0.0000 0.0000
vt 0.0000 0.9473
vt 0.0000 0.0938
vt 0.0000 0.8281
vt 0.0000 2.5156
vt 0.0000 0.0938
vt 0.0000 2.5469
vt 15.8750 0.0000
vt 0.0000 0.0000
vt 0.0000 0.0000
vt 0.3506 0.0000
vt 0.0029 0.0098
vt 0.0000 0.0000
vt -0.3467 0.0000
vt 15.8750 0.0000
vt 0.0000 0.0000
vt 0.0000 0.0000
vt 0.0000 0.0000
vt 0.0059 0.0098
vt 0.0000 0.0000
vt 1.5498 0.0000
vt 15.8750 0.0000
vt 0.0000 0.0000
vt 0.0000 0.0000
vt 0.0000 0.0000
vt 0.0000 0.0000
vt 0.0000 0.0000
vt 8.0010 0.0000
vt 8.0029 0.0000
vt 8.0039 0.0000
vt 8.0068 0.0000
vt 8.0088 0.0000
vt 0.0000 0.0000
vt 0.0000 0.0000
vt 0.0000 0.0000
vt 0.0977 0.0977
vt 0.7500 -21.5010
vt 0.0000 0.0000
vt 0.6982 0.0352
vt 0.0000 0.0000
vt 0.0000 0.0000
vt 0.0010 0.0205
vt 0.0000 0.0000
vt 0.0000 11.5000
vt 0.0977 0.0977
vt -31.1367 -11.2510
vt 0.0000 0.0000
vt -2.7363 0.0352
vt 0.0000 0.0000
vt 0.0000 0.0000
vt 0.0000 0.0000
vt 0.0977 0.0977
vt -31.0771 -12.7510
vt 0.0000 0.0000
vt -0.3037 0.0264
vt 0.0000 0.0000
vt 0.0000 0.0000
vt 0.0000 0.0000
vt 0.0488 0.0977
vt 0.0000 0.0000
vt -0.0869 0.0400
vt 0.0000 0.0000
vt 0.0000 0.0000
vt 0.0000 0.0000
vt 0.1807 0.1387
vt 0.0000 0.0000
vt 1.6201 0.0352
vt 0.0000 0.0000
vt 0.0000 0.0000
vt 0.0000 0.0000
vt 0.1807 0.1387
vt -31.1211 -9.5010
vt 0.0000 0.0000
vt 0.6074 0.0977
vt 0.0000 0.0000
vt 0.0010 0.0205
vt 0.0000 0.0000
vt 0.0000 0.0000
vt 0.0977 0.0977
vt 0.9990 -0.0156
vt 0.0000 0.0000
vt -0.0459 0.0352
vt 0.0000 0.0000
vt 0.0000 0.0938
vt 0.0000 1.1719
vt 0.0000 4.9688
vt 0.0000 0.0938
vt 0.0000 5.0469
vt 0.0000 0.0000
vt 0.0000 0.0000
vt 0.0000 0.0000
vt 0.0000 0.0000
vt 0.0000 0.0000
vt -5.0391 0.0000
vt 0.0000 0.0000
vt 0.0000 0.0000
vt 0.0000 0.0000
vt 0.0000 0.0000
vt 0.0000 0.0000
vt -0.4893 0.0000
vt 0.0000 0.0000
vt 0.0000 0.0000
vt 0.0000 0.0000
vt 0.0000 0.0000
vt 0.0000 0.0000
vt -3.4023 0.0000
vt 8.0010 12.0010
vt 8.0029 12.0029
vt 8.0049 12.0049
vt 8.0068 12.0068
vt 8.0088 12.0088
vt 8.0107 12.0107
vt 0.0000 0.0000
vt 0.0000 0.0000
vt 0.0000 3.5000
vt 0.0977 0.0977
vt 0.9229 -3.7510
vt -0.6719 0.0977
vt 0.0000 0.0000
vt 0.0000 0.0000
vt 0.0000 0.0000
vt 0.0000 3.5000
vt 0.0977 0.0977
vt 0.9229 -3.7510
vt 1.9639 0.0977
vt 0.0000 0.0000
vt 0.0000 0.0000
vt 0.0000 0.0000
vt 0.0000 3.5000
vt 0.2686 0.1260
vt 1.3477 0.1807
vt 15.8242 -12.4072
vt 0.0000 0.0000
vt 0.0000 3.5000
vt 0.0977 0.0977
vt 0.7500 -28.2510
vt 0.0000 0.0000
vt -3.1113 0.0977
vt 0.0000 0.0000
vt 0.0000 0.0000
vt 0.0000 0.0000
vt 0.4678 0.0977
vt -0.3467 0.3975
vt 16.8457 25.5986
vt 0.0000 0.0000
vt 0.0000 0.0000
vt 0.4678 0.0977
vt -2.7734 0.2646
vt 16.8818 12.7988
vt 0.0000 0.0000
vt 0.0000 0.0000
vt 0.4678 0.0977
vt -0.5898 0.2646
vt 16.8008 12.7998
vt 0.0000 0.0000
vt 0.0000 0.0000
vt 0.4678 0.0977
vt -3.0859 0.2646
vt 16.8008 12.8018
vt 0.0000 0.0000
vt 0.4678 0.0977
vt 0.7256 0.0947
vt 0.0000 0.0000
vt 0.0000 0.0010
vt 16.7998 -12.8037
vt 0.0000 0.2490
vt 0.3809 0.0977
vt -1.7822 0.0625
vt 0.0000 0.0000
vt 0.0000 0.0000
vt 16.6787 12.7930
vt 0.0000 0.2490
vt 0.3799 0.0977
vt -2.8779 0.0879
vt 0.0000 0.0000
vt 0.0000 0.2490
vt -5.0605 0.1055
vt 0.0000 0.0000
vt 15.8740 -0.3936
vt 0.0000 0.0000
vt 0.2451 0.0977
vt -0.4570 0.0547
vt 0.0000 0.0000
vt 15.8740 -0.3936
vt 0.0000 0.0029
vt 0.3809 0.4082
vt -3.2285 0.0576
vt 0.0000 0.0000
vt 15.8740 -0.3936
vt 0.0000 0.0000
vt -0.5664 0.1816
vt 0.0000 0.0000
vt 0.0000 0.0000
vt 0.0000 0.0000
vt 0.4150 0.0977
vt 0.0000 0.0000
vt -3.1748 0.1816
vt 0.0000 0.0000
vt 15.8740 -0.3936
vt 0.0000 0.0000
vt 0.5225 0.0977
vt 0.0000 0.0000
vt -0.0332 0.3975
vt 0.0000 0.0000
vt 0.0000 0.0938
vt 0.0000 0.1719
vt 0.0000 0.3594
vt 0.0000 0.0938
vt 0.0000 0.4219
vt 0.0000 0.0000
vt 0.0000 0.0000
vt 0.0000 0.5000
vt 0.0977 0.0977
vt 25.7490 -0.0010
vt 0.0000 0.0938
vt 0.0000 0.0938
vt 0.0000 0.5000
vt 0.0000 0.0938
vt 0.0000 0.5625
vt 0.0000 0.0000
vt 0.0000 0.0000
vt 0.0977 0.0977
vt 0.9990 -6.8008
vt 0.0000 0.0000
vt -0.4043 0.0332
vt 0.0000 0.0000
vt 0.0000 0.0000
vt 0.0000 0.0000
vt 0.0000 0.0029
vt 0.1035 0.0977
vt 0.0000 0.0088
vt -0.0098 0.6885
vt 0.0000 0.0938
vt 0.0000 0.4375
vt 0.0000 3.5781
vt 0.0000 0.0938
vt 0.0000 3.7969
vt 0.0000 0.0000
vt 0.0000 0.0000
vt 0.0000 0.0000
vt 0.0146 0.0000
vt 0.0000 0.0000
vt -2.1865 0.0000
vt 8.0010 12.0000
vt 8.0029 12.0020
vt 0.0000 0.0000
vt 0.0000 0.0000
vt 0.0000 14.7500
vt 0.0977 0.0977
vt 0.7500 -0.2500
vt 0.0000 0.0000
vt -0.0098 0.4336
vt 0.0000 0.0000
vt 0.0000 0.0000
vt 0.0000 0.0000
vt 0.5400 0.2881
vt -0.0029 0.2432
vt 0.0000 0.0000
vt 0.0000 0.0371
vt 0.0000 0.0000
vt 0.0000 0.0000
vt 2.8809 0.0977
vt 0.0000 0.0000
vt -1.4551 0.0977
vt 0.0000 0.0000
vt 0.0000 0.0000
vt 0.0000 0.0000
vt 0.0977 0.0977
vt 0.0000 0.0000
vt 0.0020 0.6992
vt 0.0000 0.0000
vt 0.0000 0.0000
vt 0.0000 0.0000
vt 0.0000 -0.2500
vt 0.0000 0.0000
vt 16.9248 25.5996
vt 0.0000 0.0000
vt 0.0000 0.0000
vt 0.0000 8.5000
vt 0.0977 0.0977
vt 0.0000 0.0000
vt 2.2568 0.0498
vt 16.9248 25.5996
vt 0.0000 0.0000
vt 0.0000 0.0000
vt 0.0791 0.0977
vt -0.1650 0.0967
vt 0.0000 0.0000
vt 0.2510 -8.9844
vt 0.0000 0.0000
vt 0.0000 0.0000
vt 0.0791 0.0977
vt 2.5254 1.1094
vt 0.0000 0.0000
vt 0.0000 0.0000
vt 0.7480 0.0977
vt 0.0000 0.0117
vt 0.0801 0.4688
vt 16.9248 25.5996
vt 0.0000 0.0000
vt 0.0000 0.0000
vt 0.0000 -0.2500
vt 3.6055 0.0293
vt 16.9131 6.4004
vt 0.0000 0.0000
vt 0.0000 0.0000
vt 0.0850 0.4092
vt 0.0000 0.0000
vt 0.0000 0.0000
vt 4.9668 0.0977
vt 0.0000 0.0000
vt -2.1787 1.0381
vt 0.0000 0.0000
vt 0.0000 0.2158
vt 0.6279 0.0977
vt -2.1523 0.5654
vt 0.0000 0.0000
vt 16.1309 25.5996
vt 0.0000 0.0000
vt 7.9893 0.0977
vt 0.0000 0.0000
vt -0.0293 2.8467
vt 16.8652 -25.6016
vt 0.0000 0.0000
vt 0.0000 0.0000
vt 1.1133 0.7334
vt 0.1260 4.6816
vt 17.3223 26.1250
vt 0.0000 0.0664
vt 0.0000 0.1152
vt 2.8809 3.0312
vt -30.9912 -0.0010
vt -1.5762 5.5762
vt 0.0000 0.0938
vt 0.0000 1.8281
vt 0.0000 4.1719
vt 0.0000 0.0938
vt 0.0000 4.6406
vt 0.0000 0.0000
vt 0.0000 0.0000
vt 0.0000 0.0000
vt 0.0000 0.0000
vt 0.0000 0.0000
vt -6.6416 0.0000
vt 0.0000 0.0000
vt 0.0000 0.0000
vt 0.0000 0.0000
vt 0.0000 0.0000
vt 0.0000 0.0000
vt 0.0000 0.0000
vt -0.1963 0.0000
vt 0.0000 0.0000
vt 0.0000 0.0000
vt 0.0000 0.0000
vt 0.0098 0.0010
vt 0.0000 0.0000
vt 1.7529 0.0000
vt 15.7500 0.0000
vt 0.0000 0.0000
vt 0.0000 0.0000
vt 0.0000 0.0000
vt 0.0000 0.0000
vt 0.0098 0.0010
vt 0.0000 0.0000
vt 1.7529 0.0000
vt 15.7500 0.0000
vt 0.0000 0.0000
vt 0.0000 0.0000
vt 0.0000 0.0000
vt 0.0000 0.0000
vt 0.0098 0.0010
vt 0.0000 0.0000
vt 1.7529 0.0000
vt 15.7500 0.0000
vt 0.0000 0.0000
vt 0.0000 0.0000
vt 0.0000 0.0000
vt 0.0000 0.0000
vt 0.0098 0.0010
vt 0.0000 0.0000
vt 1.7529 0.0000
vt 15.7500 0.0000
vt 0.0000 0.0000
vt 0.0000 0.0000
vt 0.0000 0.0000
vt 8.0000 0.0000
vt 8.0029 0.0000
vt 8.0010 0.0000
vt 8.0059 0.0000
vt 8.0088 0.0000
vt 8.0107 0.0000
vt 8.0127 0.0000
vt 8.0146 0.0000
vt 8.0166 0.0000
vt 8.0186 0.0000
vt 8.0205 0.0000
vt 8.0225 0.0000
vt 8.0244 0.0000
vt 0.0000 0.0000
vt 0.0000 -16.5000
vt 0.7500 0.2295
vt -5.0850 0.0645
vt 0.0000 0.0000
vt 0.0000 0.0000
vt 0.0000 0.0000
vt 0.0000 23.7500
vt 0.7500 9.2490
vt 0.3994 0.0645
vt 0.0000 0.0000
vt 0.0000 0.0000
vt 0.0000 0.0000
vt 0.0000 26.5000
vt 0.7500 0.2490
vt 7.4385 0.0645
vt 0.0000 0.0000
vt 0.0000 0.0000
vt 0.0000 5.0000
vt 0.9990 -0.0010
vt 0.0000 0.0000
vt 0.0000 0.0000
vt 0.0000 0.0000
vt 0.0000 0.0000
vt 6.8652 0.3848
vt 0.0000 0.0000
vt 0.0000 0.0000
vt 0.0000 0.0000
vt 0.0000 0.3027
vt 0.0000 0.0000
vt 0.0000 0.0000
vt 0.0000 0.0000
vt 0.0000 0.0205
vt 0.0000 0.1553
vt 0.0000 0.0000
vt 4.3018 0.9775
vt 0.0000 0.0000
vt 0.0000 0.0000
vt 0.0000 0.0000
vt 0.0000 0.0000
vt -4.3125 0.9775
vt 0.0000 0.0000
vt 0.0000 0.0000
vt 0.0000 0.0000
vt -14.7334 -16.7949
vt 0.0000 0.0938
vt 0.0000 0.0938
vt 0.0000 0.0938
vt 0.0000 0.0938
vt 0.0000 0.1562
vt 0.0000 0.0938
vt 0.0000 0.3750
vt 0.0000 3.7656
vt 0.0000 3.8594
vt 0.0000 3.9062
vt 15.8750 0.0000
vt 0.0000 0.0000
vt 0.0000 0.0000
vt 0.0000 0.0000
vt 0.0146 0.0000
vt 0.0000 0.0000
vt 8.0010 12.0010
vt 15.6992 -12.7998
vt 0.0000 0.0000
vt 0.5342 0.4150
vt -0.0029 0.0391
vt 16.9248 -25.6006
vt 0.0000 0.0000
vt 0.7549 0.3154
vt 0.0068 0.3379
vt 0.0000 0.0264
vt 16.9248 -25.6006
vt 0.0195 0.4150
vt 0.0000 0.0000
vt -0.0020 0.0332
vt 15.6992 -12.7998
vt 0.0000 7.2500
vt 0.0195 0.4150
vt 0.0000 0.0000
vt 5.0352 0.0332
vt 0.0000 26.2500
vt 0.5830 0.4150
vt 3.2910 0.0332
vt 15.6992 -12.7998
vt 0.0000 0.0000
vt 0.0742 0.2979
vt 0.0000 0.0000
vt 5.0146 0.9463
vt 15.6992 -12.7998
vt 0.0000 0.0000
vt 0.1416 0.1357
vt 0.4600 0.3174
vt 15.6992 -12.7998
vt 0.0000 0.0000
vt 0.1719 0.1152
vt 2.2812 0.3613
vt 15.6992 -12.7998
vt 0.0000 0.0000
vt -0.0059 0.4199
vt 0.0000 0.0000
vt 15.6992 -12.7998
vt 0.0000 0.0000
vt 0.7217 0.1074
vt 1.2646 0.2051
vt 15.6992 -12.7998
vt 0.0000 0.0000
vt 0.7217 0.1074
vt 0.4287 0.2812
vt 15.6992 -12.7998
vt 0.0000 0.1123
vt 0.2959 0.6738
vt 5.0127 1.1299
vt 0.0000 0.0000
vt 0.0000 0.0000
vt 0.0000 0.7549
vt 3.4521 0.1904
vt 0.0000 0.0000
vt 0.0000 0.0000
vt 15.6992 -12.7998
vt 0.0000 0.1123
vt 0.3105 0.4307
vt 2.5195 0.1904
vt 0.0000 0.0000
vt 0.0000 0.0000
vt 0.0000 0.0430
vt 5.1895 0.9688
vt 15.6992 -12.7998
vt 0.0000 0.0000
vt 1.2764 0.4150
vt 0.0000 0.0000
vt 4.9102 0.4912
vt -14.8516 -32.0000
vt 0.0000 0.0938
vt 0.0000 0.0938
vt 0.0000 0.4531
vt 0.0000 0.0938
vt 0.0000 0.5312
vt 0.0000 0.0000
vt 0.0000 0.0000
vt 0.0000 0.0000
vt 0.0000 0.0000
vt 0.8213 0.0977
vt -0.1514 1.5645
vt 0.0000 0.0000
vt 0.0000 0.0000
vt 0.0000 0.0000
vt 0.0000 0.0000
vt 0.5518 0.0977
vt 0.0000 0.0000
vt -15.2051 0.0000
vt 0.0000 0.0938
vt 0.0000 0.2344
vt 0.0000 2.1094
vt 0.0000 2.1406
vt 0.0000 2.2188
vt 0.0000 0.0498
vt 0.0000 0.0000
vt 8.0010 0.0000
vt 0.0000 0.0000
vt 0.0000 0.0000
vt 0.0000 8.5000
vt 0.0977 0.0977
vt 0.7744 -0.2217
vt 0.0000 0.0000
vt -0.0078 0.0410
vt 0.0000 0.0000
vt 0.0000 0.0625
vt 0.0000 0.0000
vt 0.0000 15.5000
vt 0.0977 0.0977
vt 0.7500 8.4990
vt 0.0000 0.0000
vt -2.0166 0.0410
vt 0.0000 0.0000
vt 0.0000 0.0625
vt 0.0000 0.0000
vt 0.0000 8.5000
vt 0.8281 0.0977
vt 0.0000 0.0000
vt 1.9951 0.1963
vt 15.8242 -12.7998
vt 0.0000 0.0000
vt 0.0977 0.0977
vt 0.0000 0.0000
vt -1.3008 0.1758
vt 16.9229 -12.7998
vt 0.0000 0.0000
vt 0.0000 0.0000
vt 0.0977 0.0977
vt -31.2500 20.2490
vt 0.0000 0.0000
vt 0.5000 0.0410
vt 0.0000 0.0000
vt 0.0000 0.0000
vt 0.0977 0.0977
vt -31.2500 20.2490
vt 0.0000 0.0000
vt 1.5557 0.2207
vt 16.7979 25.5996
vt 0.0000 0.0000
vt 0.0000 0.0000
vt 0.9766 0.1621
vt -0.0615 3.2295
vt 0.0000 0.0000
vt 16.5645 25.5996
vt 0.0000 0.0000
vt 0.0000 0.0000
vt 0.1377 0.1553
vt -2.0098 0.0996
vt 16.8857 6.4023
vt 0.0000 0.0000
vt 0.0000 0.4766
vt 0.3008 0.2402
vt 0.0000 0.0010
vt 0.0000 0.0000
vt -1.7920 0.6787
vt 0.0000 0.0977
vt 0.0000 0.0938
vt 0.0000 0.2969
vt 0.0000 3.7812
vt 0.0000 4.0469
vt 0.0000 0.0498
vt 0.0000 0.0000
vt 0.0000 0.0000
vt 0.0000 0.0000
vt 0.0000 0.0000
vt 0.0000 0.0000
vt 8.0010 0.0000
vt 0.0000 0.0000
vt 0.4619 0.0977
vt -5.6484 0.6777
vt 0.0000 0.0000
vt 0.0000 0.0000
vt 0.0000 0.0000
vt 0.0000 0.0000
vt -2.7803 0.4932
vt 0.0000 0.0000
vt 0.0000 0.0000
vt 0.0000 0.0000
vt -5.7285 0.4932
vt 0.0000 0.0000
vt 16.6855 25.5957
vt 0.0000 0.0000
vt 7.0244 1.2949
vt 0.0000 0.0000
vt -2.6113 0.2451
vt 15.9492 -12.7998
vt 0.0000 0.0000
vt 0.0000 0.0000
vt 0.0000 0.0000
vt 0.4453 0.6094
vt 1.6299 0.0225
vt 0.0000 0.0000
vt 15.9492 -12.7998
vt 0.0000 0.0000
vt 0.0000 0.0000
vt 0.0000 0.0000
vt 2.2461 0.0977
vt -2.8340 1.5635
vt 0.0000 0.0000
vt 0.0000 0.0020
vt 0.0000 0.0000
vt 0.0049 2.1279
vt 0.8936 0.0977
vt -0.3809 0.8340
vt 16.8125 -25.5986
vt 0.0000 0.0000
vt 0.0000 0.0000
vt 2.3672 0.0977
vt -2.8340 1.8896
vt 0.0000 0.0000
vt 16.8125 -25.5986
vt 0.0000 0.0000
vt 0.0752 0.0732
vt 0.8936 0.0977
vt -2.6113 0.2451
vt 0.0000 0.0000
vt 0.0000 0.0000
vt 0.0000 0.0000
vt 1.1162 0.0977
vt 0.0000 0.0000
vt -2.7676 0.4932
vt 0.0000 0.0000
vt 15.5742 -12.7998
vt 15.7744 -25.5996
vt 0.0000 0.0000
vt 0.4004 0.0977
vt -4.3301 2.4570
vt 0.0000 0.0000
vt 0.0000 0.0000
vt 0.0000 0.0000
vt 0.0000 0.0000
vt 0.5762 0.0977
vt -2.3389 0.5225
vt 0.0000 0.0000
vt 0.0000 0.0000
vt 0.3555 0.0977
vt -2.8350 0.2617
vt 0.0000 0.0000
vt 0.0000 0.0000
vt 0.0000 0.0000
vt 2.1523 0.0977
vt 0.5283 1.3965
vt 0.0000 0.0000
vt 0.0000 0.0000
vt -3.0732 0.9707
vt 0.0000 0.0000
vt 0.0000 0.0000
vt -3.3975 0.9707
vt 16.2900 -25.5996
vt 0.0000 0.0000
vt 0.0000 0.8398
vt 7.0244 0.0977
vt 0.0000 0.0000
vt -14.9160 -16.0000
vt 17.1553 24.0000
vt 17.2295 24.0000
vt 16.5312 -12.6758
vt 0.0000 0.7764
vt 16.6953 -1.1895
vt 0.0000 0.6904
vt 0.0527 0.0000
vt 0.0352 0.0000
vt 0.0000 0.0000
vt 0.0000 0.0938
vt 0.0000 0.0938
vt 0.0000 0.2969
vt 0.0000 0.0938
vt 0.0000 0.4688
vt 0.0000 0.0000
vt 0.0000 0.0000
vt 0.0000 0.0000
vt 1.3350 2.5889
vt 0.0000 0.0000
vt 1.8896 2.1982
vt -14.8887 -32.0000
vt 17.0166 -32.0000
vt 0.0000 0.0000
vt 2.1982 0.0078
vt 0.0000 0.0000
vt 0.0000 0.0938
vt 0.0000 0.2344
vt 0.0000 4.0469
vt 0.0000 4.3281
vt 0.0000 0.0000
vt 0.0000 0.0000
vt 8.0010 0.0000
vt 16.5537 12.8008
vt 0.0000 0.0000
vt 0.0000 0.0000
vt 0.3203 0.0977
vt -3.9795 0.2510
vt 14.3115 -7.0781
vt 0.0000 0.0000
vt 1.3223 0.0977
vt -3.6387 0.3662
vt 0.0000 0.0000
vt -3.2695 0.6387
vt 0.0000 0.0000
vt 0.0000 0.0000
vt 0.4121 0.1484
vt -0.3018 0.9424
vt 16.6797 -12.7988
vt 0.0000 0.0000
vt 0.0000 0.0000
vt 0.0000 0.0000
vt 1.9561 0.0977
vt -4.0674 0.6045
vt 16.5537 12.8008
vt 0.0000 0.0000
vt 0.0000 0.0000
vt 0.0000 0.0000
vt 0.5371 0.0977
vt -3.6318 0.2510
vt 16.7578 -25.5986
vt 0.3203 0.0977
vt 0.0000 0.0000
vt -3.6230 0.0400
vt 16.7578 -25.5986
vt 0.0000 0.0479
vt 0.0000 12.5000
vt 0.6807 4.0723
vt 0.0000 0.0000
vt -3.7451 0.6699
vt 3.3203 5.1064
vt -3.6807 1.3535
vt 0.0000 0.0000
vt 15.5742 -12.0137
vt 0.0000 0.0000
vt 0.0000 0.0000
vt 0.0000 0.0000
vt 7.8945 1.1982
vt 0.0000 0.0000
vt 16.6797 -12.7988
vt 0.0000 0.0000
vt -3.0645 0.4336
vt 16.4180 -12.7988
vt 0.0000 0.0000
vt 0.5918 0.6953
vt 16.2998 12.8750
vt 0.0000 0.0000
vt 0.9219 0.5322
vt 3.2363 0.0791
vt 15.6992 -10.0146
vt 0.0000 0.0000
vt 0.9219 0.5322
vt 2.2900 0.0996
vt 15.6992 -10.0146
vt 0.0000 0.0000
vt 0.5146 0.7129
vt -0.2695 0.0322
vt 14.2490 -9.4375
vt 0.0000 0.0000
vt 0.5908 0.7129
vt 1.8252 0.3555
vt 0.0000 0.0000
vt 7.0293 0.0732
vt 14.2490 -9.4375
vt 0.0000 0.8184
vt 1.9561 0.0977
vt -3.7031 0.7188
vt 0.0000 0.0000
vt 16.9102 -19.2012
vt 0.0000 0.0000
vt 0.0000 0.0000
vt 17.2930 -8.0000
vt -14.7588 16.0000
vt 0.0000 0.8828
vt 0.0000 0.8828
vt 0.3887 0.3662
vt -4.6299 -0.5400
vt 1.2051 0.4854
vt 0.0000 0.0938
vt 0.0000 1.3750
vt 0.0000 5.0938
vt 0.0000 5.2344
vt 0.0000 5.4688
vt 15.8750 0.0000
vt 0.0000 0.0000
vt 0.0000 0.0000
vt 0.0000 0.0000
vt 0.0293 0.0000
vt 0.0000 0.0000
vt -2.3330 0.0000
vt 15.8750 0.0000
vt 0.0000 0.0000
vt 0.0000 0.0000
vt 0.0000 0.0000
vt 0.0293 0.0000
vt 0.0000 0.0000
vt -1.9688 0.0000
vt 15.8750 0.0000
vt 0.0000 0.0000
vt 0.0000 0.0000
vt 0.0000 0.0000
vt 0.0293 0.0000
vt 0.0000 0.0000
vt -1.5381 0.0000
vt 0.0000 0.0498
vt 0.0000 0.0000
vt 0.0000 0.0000
vt 0.1729 0.0000
vt 0.0000 0.0000
vt 0.0000 0.0000
vt 8.0010 12.0010
vt 8.0029 12.0029
vt 8.0049 12.0049
vt 8.0068 12.0068
vt 8.0088 12.0088
vt 8.0107 12.0107
vt 8.0127 0.0000
vt 0.0000 0.0000
vt 0.0000 0.0000
vt 15.8242 -12.7998
vt 0.0000 0.0000
vt 0.7842 0.0840
vt 0.0000 0.0000
vt 1.5723 0.1582
vt 0.0000 0.0000
vt 0.0000 0.0000
vt 0.0000 0.0000
vt 0.0000 0.0000
vt 1.1035 0.1309
vt 0.0000 0.0029
vt -1.4258 0.0605
vt 0.0000 0.0000
vt 0.0000 0.0000
vt 0.0000 0.0000
vt 0.0000 0.0000
vt 0.4697 0.1309
vt 0.0000 0.0000
vt 16.7988 -0.0020
vt 0.0000 0.0000
vt 0.0000 0.2510
vt 0.6279 0.1309
vt 0.0000 0.0020
vt -1.0146 0.3379
vt 0.0000 0.0000
vt 0.0000 0.0000
vt 0.0000 0.1211
vt 4.7002 0.7021
vt 0.0000 0.0000
vt 1.5732 0.4492
vt 0.0000 0.0000
vt 0.0000 0.0000
vt 0.0000 0.0332
vt 0.0000 0.0000
vt 0.0000 0.5410
vt 0.3545 0.1543
vt -1.7188 0.5205
vt 16.9023 25.6006
vt 0.0000 0.0000
vt 0.0000 0.0000
vt 0.7803 0.9492
vt 1.7070 0.5742
vt 15.6992 -12.0137
vt 0.0000 0.0000
vt 0.0000 0.0000
vt 0.4912 0.0840
vt 0.0000 0.0000
vt -1.5723 0.4648
vt 0.0000 0.0000
vt 0.0000 0.0000
vt 0.0000 0.0000
vt 0.0000 0.0000
vt 0.4395 0.3672
vt 0.9268 0.1309
vt 0.0000 0.2969
vt -1.5996 0.2979
vt 0.0000 0.0000
vt 0.0000 0.0000
vt 16.6416 -25.6006
vt 0.4395 0.7344
vt 0.5439 0.1309
vt 0.0000 0.0000
vt -1.1152 0.1074
vt 0.0000 0.0000
vt 0.0000 0.0000
vt 0.0000 2.5000
vt 0.0645 0.1309
vt 0.8047 -14.0010
vt 0.0000 0.0000
vt 1.9473 0.0264
vt 0.0000 0.0000
vt 0.0000 0.0000
vt 0.0000 0.0000
vt 0.0000 11.5000
vt 0.0645 0.1309
vt 0.9990 -0.0010
vt -1.0361 0.0264
vt 0.0000 0.0000
vt 0.0000 0.0000
vt 0.0000 0.0000
vt 0.0000 11.7500
vt 0.0645 0.1309
vt 0.9990 -0.0010
vt 1.6299 0.3906
vt 0.0000 0.0000
vt 0.0000 0.7119
vt 0.5146 0.7021
vt 0.0000 0.0000
vt 1.5732 0.1611
vt 0.0000 0.0000
vt 0.0000 0.0166
vt 13.7881 -14.5820
vt 0.0000 0.5195
vt 0.5029 0.7930
vt 0.0000 0.0049
vt -2.7617 0.1045
vt 0.0000 0.0000
vt 0.0000 0.0000
vt 0.0000 0.0000
vt 0.0000 0.5625
vt 0.3076 0.1865
vt 0.0000 0.0078
vt 0.0000 0.0000
vt 1.6416 0.4492
vt 0.0000 0.0000
vt 0.0000 0.0000
vt 0.0000 0.0000
vt 0.0000 0.5195
vt -14.7441 -20.0000
vt -14.7158 -3.9648
vt 16.8730 0.0000
vt 0.0000 0.5410
vt 0.0000 0.5410
vt 0.0000 0.5410
vt 0.0000 3.9844
vt 0.0000 3.9844
vt 0.0000 0.0938
vt 0.0000 2.3594
vt 0.0000 7.7344
vt 0.0000 0.0938
vt 0.0000 8.2031
vt 0.0000 0.0000
vt 0.0000 0.0000
vt 0.0000 0.0000
vt -6.5469 0.0000
vt 0.0000 0.0000
vt 0.0000 0.0000
vt 0.0000 0.0000
vt 0.0000 0.0000
vt 0.0000 0.0000
vt 2.5479 0.0000
vt 0.0000 0.0000
vt 0.0000 0.0000
vt 0.0000 0.0000
vt -5.4287 0.0000
vt 0.0000 0.0000
vt 0.0000 0.0000
vt 0.0000 0.0000
vt 0.0000 0.0000
vt 0.0000 0.0000
vt 0.0000 0.0000
vt 0.0000 0.0000
vt 0.0000 0.0000
vt 6.3809 0.0000
vt 0.0000 0.0000
vt 0.0000 0.0000
vt 0.0000 0.0000
vt 0.0000 0.0000
vt -6.2324 0.0000
vt 0.0000 0.0000
vt 0.0000 0.0000
vt 0.0000 0.0000
vt 0.0000 0.0000
vt -7.4297 0.0000
vt 0.0000 0.0498
vt 0.0000 0.0000
vt 0.0479 0.0000
vt 0.0000 0.0000
vt 0.0000 0.0000
vt 0.2373 0.2627
vt 0.0000 0.0498
vt 0.0000 0.0000
vt 8.0186 0.0000
vt 8.0215 0.0000
vt 8.0254 0.0000
vt 8.0049 0.0000
vt 8.0068 0.0000
vt 8.0176 0.0000
vt 8.0195 0.0000
vt 8.0234 0.0000
vt 8.0264 0.0000
vt 8.0088 0.0000
vt 8.0107 0.0000
vt 8.0127 0.0000
vt 8.0146 0.0000
vt 8.0244 0.0000
vt 8.0283 0.0000
vt 8.0303 0.0000
vt 8.0322 0.0000
vt 16.7207 -12.8008
vt 14.1240 -9.4375
vt 0.0000 0.0000
vt 0.2803 0.1299
vt 3.7861 0.1279
vt 0.0000 0.0000
vt 0.0000 0.0000
vt 0.0000 0.0000
vt 0.1045 1.0645
vt 1.0186 1.9502
vt 15.7744 -26.1895
vt 0.0000 0.0000
vt -0.2236 0.0303
vt 15.7744 -26.1895
vt 0.0000 0.0391
vt 0.0000 0.0000
vt 0.0000 18.5000
vt 2.2002 1.2793
vt 2.5586 0.0303
vt 15.7744 -26.1895
vt 0.0000 4.5000
vt -3.0430 0.0303
vt 15.7744 -26.1895
vt 0.0000 0.0000
vt 2.2207 1.4902
vt 5.5713 0.7666
vt 15.7744 -26.1895
vt 0.0000 0.0000
vt 3.2197 0.2461
vt 15.7744 -26.1895
vt 0.0000 0.0000
vt -0.0781 0.8418
vt 15.7744 -26.1895
vt 0.0000 0.0000
vt 4.6357 0.2266
vt 15.7744 -26.1895
vt 0.0000 0.0000
vt 2.2002 1.2793
vt 15.7744 -26.1895
vt 0.0000 0.0000
vt 0.0000 0.0000
vt 0.0000 12.5000
vt 0.0000 0.0000
vt 7.2949 0.0303
vt 15.7744 -26.1895
vt 0.0000 0.0000
vt 5.1299 0.0859
vt 16.6748 -0.0078
vt 0.0000 0.0000
vt -5.3096 0.1133
vt 16.9189 -12.8008
vt 0.0000 0.0000
vt 0.2686 0.3809
vt -2.7744 0.1318
vt 16.9209 0.0000
vt 0.0000 0.0000
vt 0.3242 0.7822
vt 3.8652 0.1182
vt 0.0000 0.0000
vt 0.7900 0.4238
vt 2.6074 0.3008
vt 16.7334 12.7920
vt 0.0000 0.0000
vt 0.0000 0.0000
vt 0.6650 0.9248
vt -1.3994 0.2559
vt 16.9014 -25.6035
vt 0.0000 0.0000
vt 0.0000 0.0000
vt 0.7393 0.6113
vt -3.0322 0.3320
vt 16.7988 -0.0068
vt 0.0000 0.0000
vt 0.7393 0.3945
vt -1.2246 0.7207
vt 0.0000 0.0000
vt 1.1357 0.1074
vt -1.1709 0.6865
vt 16.7227 25.6016
vt 0.0000 0.0000
vt 0.0000 0.0000
vt 0.4395 1.0645
vt 0.0000 0.0000
vt -1.0977 0.2354
vt 16.6240 12.8008
vt 0.0000 0.0000
vt 0.0000 0.0000
vt 0.8467 0.3799
vt -4.0088 0.1621
vt 16.7207 -12.8008
vt 0.0000 0.0000
vt 0.0000 0.0000
vt -14.8955 0.0000
vt 17.0420 -16.0000
vt -14.6631 -32.0000
vt 0.0000 0.0938
vt 0.0000 0.0938
vt 0.0000 0.8125
vt 0.0000 0.8594
vt 0.0000 0.9531
vt 16.5498 12.8008
vt 0.0000 0.0000
vt 0.0000 0.0000
vt 0.0000 0.0000
vt 0.4150 0.0977
vt 0.1025 1.3467
vt 0.0000 0.0000
vt 16.8428 25.5977
vt 0.0000 0.0000
vt 0.0000 0.0000
vt 0.0000 0.0000
vt 0.4150 0.0977
vt 0.8535 0.2207
vt 0.0000 0.0000
vt 16.8535 -12.8008
vt 0.0000 0.0000
vt 0.0000 0.0000
vt 1.2178 0.0977
vt 0.5801 0.0420
vt 16.8535 -12.8008
vt 0.0000 0.0000
vt 0.0000 6.5000
vt 16.8994 -32.0000
vt 0.4150 -31.8379
vt 0.0342 0.0000
vt 0.0000 0.0938
vt 0.0000 0.1719
vt 0.0000 2.3438
vt 0.0000 2.4219
vt 0.0000 2.4531
vt 0.0000 0.0498
vt 0.0000 0.0000
vt 0.0000 0.0000
vt 0.0000 0.0000
vt 0.0000 0.0000
vt 0.0000 0.0000
vt 0.0000 0.0000
vt 0.0000 0.0000
vt 0.9297 0.0977
vt 0.0000 0.0000
vt -0.2715 0.1865
vt 0.0000 0.0000
vt 0.0000 0.0000
vt 0.0000 0.0000
vt 0.9297 0.4316
vt 0.0000 0.0000
vt 0.0000 0.0000
vt 0.0000 0.0000
vt 0.0000 0.6455
vt 0.0000 0.0059
vt 0.8340 0.0742
vt 0.0000 0.0000
vt 0.0000 0.0000
vt 0.0000 0.0000
vt 0.0000 0.0000
vt 0.0000 0.0000
vt 0.0312 0.4316
vt 0.0205 5.0195
vt 0.7881 0.0322
vt 0.0000 0.0000
vt 0.0000 0.0742
vt 0.0000 0.0000
vt 0.0000 1.7500
vt 0.0439 0.4316
vt 0.9990 -0.0010
vt 0.0020 0.0322
vt 0.0000 0.0000
vt 0.0000 0.0000
vt 0.0000 2.7500
vt 0.9297 0.9082
vt 0.0000 0.0000
vt -0.0166 0.2148
vt 0.0000 0.0000
vt 0.0000 0.0000
vt 0.0000 0.0000
vt 0.6729 0.4316
vt 0.0000 0.0000
vt -0.1084 0.1162
vt 0.0000 0.0000
vt 0.0000 0.0000
vt 0.0000 0.0000
vt 25.2490 -0.0010
vt 0.0020 0.0322
vt 0.0000 0.0000
vt 0.0000 0.0000
vt 0.0000 0.0000
vt 0.9297 0.0977
vt 0.0000 0.0000
vt -0.9834 0.3818
vt 0.0000 0.0000
vt 0.0000 0.0000
vt 0.0000 0.0000
vt 0.0000 0.0000
vt 17.2559 24.0000
vt 0.0000 0.0938
vt 0.0000 1.3594
vt 0.0000 5.3750
vt 0.0000 0.0938
vt 0.0000 5.9688
vt 0.0000 0.0000
vt 0.0000 0.0000
vt 0.0000 0.0000
vt 0.0000 0.0000
vt 0.0000 0.0000
vt 5.4688 0.0000
vt 0.0000 0.0000
vt 0.0000 0.0000
vt 0.0000 0.0000
vt -3.7334 0.0000
vt 0.0000 0.0000
vt 0.0000 0.0000
vt 0.0000 0.0000
vt 1.5566 0.0000
vt 0.0000 0.0000
vt 0.0000 0.0000
vt 0.0000 0.0000
vt 0.0000 0.0000
vt 8.4111 0.0000
vt 0.0000 0.0000
vt 0.0000 0.0000
vt 0.0000 0.0000
vt 0.0000 0.0000
vt 0.0000 0.0000
vt 8.0010 0.0000
vt 8.0029 0.0000
vt 8.0049 0.0000
vt 8.0068 0.0000
vt 8.0088 0.0000
vt 8.0156 0.0000
vt 8.0117 0.0000
vt 8.0137 0.0000
vt 8.0166 0.0000
vt 0.0000 0.0000
vt 0.0000 0.0000
vt 0.2461 0.0879
vt -0.2949 0.2354
vt 16.6133 -12.7988
vt 0.0000 0.0000
vt 0.0000 0.0000
vt -4.0547 0.2354
vt 16.8564 -25.5996
vt 0.0000 0.0000
vt 0.0000 0.0000
vt 6.3535 0.2354
vt 0.0000 0.0000
vt 0.0000 0.0000
vt 9.0205 2.9131
vt 0.0000 0.0000
vt 0.0000 0.0000
vt -0.4111 0.8672
vt 0.0000 0.0000
vt 0.0000 19.7500
vt 0.9990 -0.0010
vt 0.0000 0.0000
vt -4.3193 0.1074
vt 0.0000 0.0000
vt 0.0000 0.0605
vt 0.0000 21.2500
vt 0.7500 6.7490
vt 0.0000 0.0000
vt -3.5225 0.1074
vt 0.0000 0.0000
vt 0.0000 -31.0000
vt 0.7500 6.7490
vt 0.0000 0.0000
vt 6.8145 0.1074
vt 0.0000 0.0000
vt 0.0000 0.0605
vt 0.0000 20.5000
vt 0.9990 -0.0010
vt 0.0000 0.0000
vt 8.0947 0.1074
vt 0.0000 0.0000
vt 0.0000 0.0615
vt 0.0000 0.0000
vt 0.3682 0.0977
vt 0.0000 0.0000
vt -3.3574 0.4287
vt 0.0000 0.0000
vt 0.0000 0.0000
vt 0.5635 0.0977
vt 0.0000 0.0000
vt -1.5459 0.9014
vt 0.0000 0.0000
vt 0.0000 0.0000
vt 0.0000 0.0000
vt 0.8135 0.0977
vt 0.0000 0.0000
vt 1.9727 0.3730
vt 16.9229 -19.2002
vt 0.0000 0.0000
vt 0.8135 0.5088
vt 3.4385 0.0693
vt 16.9229 -19.2002
vt 0.0000 0.0000
vt 0.8135 0.6768
vt 1.0947 0.1631
vt 0.0000 0.0000
vt 0.0000 0.0000
vt 0.0000 0.0000
vt -6.6689 0.4473
vt 0.0000 0.0000
vt 0.0000 0.0000
vt 0.0000 0.0000
vt -6.1309 0.4473
vt 0.0000 0.0000
vt 0.0000 0.0000
vt 4.4385 0.4814
vt 0.0000 0.0000
vt -14.7607 -32.0000
vt 17.1953 -8.0000
vt 17.2109 -32.0000
vt -14.7275 28.0000
vt 0.0000 0.0938
vt 0.0000 0.7031
vt 0.0000 3.3750
vt 0.0000 3.5000
vt 0.0000 3.6875
vt 0.0000 0.0000
vt 0.0000 0.0000
vt 0.0000 0.0000
vt 0.0000 0.0000
vt 0.0000 0.0000
vt -0.4795 0.0000
vt 0.0000 0.0000
vt 0.0000 0.0000
vt 0.0000 0.0000
vt 0.0000 0.0000
vt 0.0000 0.0000
vt 8.0010 12.0000
vt 8.0029 12.0020
vt 8.0049 12.0039
vt 0.0000 0.0000
vt 0.0000 0.0000
vt -26.7500 0.0000
vt 0.0977 0.0977
vt 19.4590 -29.7305
vt -1.7490 0.0977
vt 0.0000 0.0000
vt 0.0000 0.0000
vt 0.0000 12.2500
vt 3.1162 0.0977
vt 0.9111 0.4453
vt 15.5742 -9.9824
vt 0.0000 0.0000
vt 0.1650 0.0742
vt -0.3818 0.0762
vt 0.0000 0.0000
vt 0.0000 0.0000
vt 0.0000 0.0000
vt 0.3174 0.1699
vt 0.0000 0.0000
vt 0.8135 0.2695
vt 16.0000 0.0039
vt 0.0000 0.0000
vt 0.0000 0.0000
vt 0.7432 0.3242
vt -1.2051 0.0146
vt 15.5742 -9.9824
vt 0.0000 0.0000
vt 1.2461 0.0977
vt 0.0000 0.0000
vt -1.9307 0.1904
vt 0.0000 0.0000
vt 0.0000 0.0000
vt 0.0000 0.0000
vt 0.8203 0.5127
vt 0.0000 0.6436
vt 1.0449 0.0479
vt 0.0000 0.0000
vt 0.0000 0.0000
vt 0.0000 0.0000
vt 0.8467 0.0977
vt 0.0000 0.0000
vt 1.5186 0.2305
vt 16.6123 12.7998
vt 0.0000 0.0000
vt 15.5742 -9.9824
vt 0.0000 0.0000
vt 0.3457 0.0977
vt 0.0000 0.0000
vt 0.0469 0.8076
vt 0.0000 0.0000
vt 0.0000 0.0000
vt 0.0000 0.0000
vt 0.5625 0.3262
vt 1.5918 0.2158
vt 0.0000 0.0000
vt 0.0000 0.0000
vt 0.0000 0.0000
vt 0.0000 0.0000
vt 0.5684 0.0977
vt 0.0000 0.0000
vt -0.9609 0.4238
vt 0.0000 0.0000
vt 16.9062 0.0000
vt 0.0000 0.0000
vt 0.0000 0.1816
vt 0.5625 0.3262
vt 1.1836 0.3252
vt 0.0000 0.0000
vt 0.0000 0.0000
vt -15.4805 0.0000
vt 16.3281 0.0000
vt 0.0000 0.0977
vt 0.0000 0.7764
vt 0.0000 0.7764
vt 0.0000 0.0977
vt 0.0000 0.0938
vt 0.0000 0.9062
vt 0.0000 4.1250
vt 0.0000 4.2500
vt 0.0000 0.0000
vt 0.0000 0.0000
vt 0.0000 0.0000
vt 0.0000 0.0000
vt 0.0000 0.0000
vt 0.0000 0.0000
vt 0.0000 0.0000
vt 0.0000 0.0000
vt 0.0000 0.0000
vt 0.0000 0.0000
vt 5.2764 0.0879
vt 15.9990 -0.0078
vt 0.0000 0.0000
vt 0.0000 0.0000
vt 0.0000 0.0000
vt 0.0000 0.0000
vt 8.0010 0.0000
vt 8.0029 0.0000
vt 8.0049 0.0000
vt 8.0068 0.0000
vt 8.0088 12.0010
vt 16.9131 -25.6006
vt 0.0000 0.0000
vt 0.4189 0.0977
vt 3.1611 0.1406
vt 16.9043 6.3984
vt 0.0000 0.0000
vt 16.9043 6.3984
vt 0.0000 0.0000
vt 16.9043 6.3984
vt 0.0000 0.0000
vt 0.0000 0.0000
vt 0.9609 0.0518
vt 6.6797 0.3193
vt 16.8125 12.7979
vt 0.0000 0.0000
vt 7.8506 0.6006
vt 16.9043 6.3984
vt 0.0000 0.0000
vt 0.0000 0.0000
vt 16.8457 25.5967
vt 0.0000 0.0000
vt 0.0000 0.0000
vt 16.9043 6.3984
vt 0.0000 0.0000
vt 0.0000 0.0000
vt 0.5234 0.0928
vt 4.1426 1.3447
vt 0.0000 0.0000
vt 16.9199 25.5996
vt 0.0000 0.0000
vt 0.0000 0.0000
vt 6.2695 0.6660
vt 0.0000 0.0000
vt 16.9053 -12.7998
vt 0.0000 0.0000
vt 0.0000 0.7119
vt 0.0000 0.0000
vt 0.0000 0.0693
vt 16.9043 -32.0000
vt 0.0000 0.0000
vt 16.9131 -25.6006
vt 0.0000 0.0000
vt 0.0000 0.0000
vt 16.9131 -25.6006
vt 0.0000 0.0000
vt 0.0000 0.0000
vt 0.0000 0.0000
vt -3.7363 1.7109
vt 16.9131 -25.6006
vt 0.0000 0.0000
vt 0.0000 0.0000
vt 17.3174 -28.0000
vt 0.0000 0.7119
vt 0.0000 0.0938
vt 0.0000 0.5625
vt 0.0000 1.5469
vt 0.0000 0.0938
vt 0.0000 1.9531
vt 0.0000 0.0000
vt 0.0000 0.0000
vt 0.0000 0.0000
vt 0.0000 0.0000
vt 0.0000 0.0000
vt 0.0000 0.0000
vt 0.0000 0.0000
vt 0.0000 0.0000
vt 8.0010 0.0000
vt 8.0029 0.0000
vt 8.0049 0.0000
vt 16.9170 12.7998
vt 0.0000 0.0000
vt -8.0908 0.4238
vt 0.0000 0.0000
vt 0.2510 -18.6523
vt 0.0000 0.0068
vt -6.8252 0.4238
vt 0.0000 0.0000
vt 0.2510 -18.6523
vt -0.1895 20.8633
vt 1.9355 0.0977
vt 0.0000 0.0000
vt 0.0000 0.0938
vt 0.0000 1.4219
vt 0.0000 7.5781
vt 0.0000 0.0938
vt 0.0000 7.8594
vt 0.0000 0.0000
vt 0.0000 0.0000
vt 0.0000 0.0000
vt 0.0000 0.0000
vt 0.0000 0.0000
vt -0.8330 0.0000
vt 0.0000 0.0000
vt 0.0000 0.0000
vt 0.0000 0.0000
vt 0.0000 0.0000
vt 4.1699 0.0000
vt 0.0000 0.0000
vt 0.0000 0.0000
vt 0.0000 0.0000
vt 0.0000 0.0000
vt 4.1875 0.0000
vt 0.0000 0.0000
vt 0.0000 0.0000
vt 0.0000 0.0000
vt 0.0000 0.0000
vt 0.0000 0.0000
vt 2.8799 0.0000
vt 0.0000 0.0498
vt 0.0000 0.0000
vt 0.3301 0.0000
vt 0.0000 0.0000
vt 0.0000 0.0000
vt -0.8359 0.0000
vt 8.0010 0.0000
vt 8.0029 0.0000
vt 8.0049 0.0000
vt 8.0059 0.0000
vt 8.0078 0.0000
vt 8.0098 0.0000
vt 8.0127 0.0000
vt 8.0146 0.0000
vt 8.0166 0.0000
vt 8.0176 0.0000
vt 0.0000 0.0000
vt 0.0000 0.0000
vt 0.0000 0.0000
vt 0.2812 0.1377
vt -1.7158 0.1816
vt 16.2959 -0.0068
vt 0.0000 0.0000
vt 0.0000 0.0000
vt 0.2812 0.1377
vt 0.4512 0.1445
vt 16.2959 -0.0068
vt 0.0000 0.0000
vt 0.0000 0.0000
vt 0.2812 0.1377
vt 2.7754 0.1445
vt 16.2959 -0.0068
vt 0.0000 0.0000
vt 0.0000 0.0000
vt -4.6143 0.2090
vt 16.2959 -0.0068
vt 0.0000 0.0000
vt 0.0000 0.0000
vt 0.4258 0.2227
vt 0.0000 0.0000
vt -1.4961 0.2246
vt 0.0000 0.0000
vt 0.0000 0.0000
vt 0.0000 0.0000
vt 0.5166 0.1318
vt 0.0000 0.0000
vt -1.1689 0.7139
vt 0.0000 0.0000
vt 0.0000 0.0000
vt 0.4463 0.2314
vt 0.0000 0.0000
vt 3.1807 0.0664
vt 0.0000 0.0000
vt 0.0000 0.0010
vt 0.0000 0.0000
vt 0.0000 0.0020
vt 0.0000 0.0039
vt 4.0449 0.0664
vt 0.0000 0.0000
vt 0.0000 0.0000
vt 0.0000 0.0000
vt 0.0000 0.0000
vt 0.0000 0.0059
vt 0.3047 0.2314
vt 0.0000 0.0039
vt 0.0000 0.0000
vt -2.9443 0.0664
vt 0.0000 0.0000
vt 0.0000 0.0000
vt 0.0000 0.0000
vt 0.0000 0.0098
vt 0.0000 0.0039
vt -3.7793 0.0664
vt 0.0000 0.0000
vt 0.0000 0.0000
vt 0.0000 0.0000
vt 0.0000 0.0000
vt 0.0000 0.0000
vt 2.5625 0.9609
vt 0.0000 0.0000
vt 0.0000 0.0000
vt 0.0000 0.0000
vt 0.0000 10.2500
vt 0.5000 23.9990
vt 0.0000 0.0000
vt -0.7422 0.0215
vt 0.0000 0.0000
vt 0.0000 0.0000
vt 0.0000 0.0000
vt 0.0176 0.2686
vt 0.7490 -0.0010
vt -2.6035 0.0215
vt 0.0000 0.0000
vt 0.0000 0.0000
vt 0.0000 0.0000
vt 0.0000 6.5000
vt 0.7676 9.9990
vt 1.1562 0.0215
vt 0.2500 -21.8359
vt 15.8242 -12.9473
vt 0.0000 0.0000
vt 0.1094 0.1992
vt 2.4932 0.0098
vt 0.0000 0.0000
vt 0.0000 0.0127
vt 0.0000 0.0039
vt -1.6172 0.0664
vt 0.0000 0.0000
vt 0.0000 0.0000
vt 0.0000 0.0010
vt 0.0000 0.0000
vt 0.0000 0.0166
vt 0.3115 0.2314
vt 0.0000 0.0039
vt -3.5781 0.0664
vt 0.0000 0.0000
vt 0.0000 0.0000
vt 0.0000 0.0000
vt 0.0000 0.0000
vt 0.0000 0.0205
vt 0.3145 0.2314
vt 0.0000 0.0039
vt 0.0000 0.0000
vt 0.4600 0.0664
vt 0.0000 0.0000
vt 0.0000 0.0000
vt 0.0000 0.0000
vt 0.0000 0.0000
vt 0.0000 0.0244
vt 0.3037 0.2314
vt 0.0000 0.0039
vt -2.0039 0.0312
vt 0.0000 0.0000
vt 0.0000 0.0000
vt 0.0000 0.0000
vt 0.0000 0.0000
vt 0.0000 0.0049
vt -3.5742 0.0312
vt 0.0000 0.0000
vt 0.0000 0.0000
vt 0.0000 0.0000
vt 0.0000 0.0000
vt 0.0791 0.5078
vt -1.0850 0.0215
vt 0.0000 0.0000
vt 0.0000 0.0000
vt 0.0000 3.7500
vt 0.0176 0.2686
vt 0.9990 -0.0010
vt 0.5400 0.0215
vt 0.0000 0.0000
vt 0.0000 0.0000
vt 0.0000 0.0000
vt 0.0000 3.7500
vt 0.0176 0.2686
vt 0.8867 -16.5000
vt 4.0430 0.0215
vt 0.0000 0.0000
vt 15.6992 -8.8027
vt 0.0000 22.0000
vt 0.0176 0.2686
vt 0.7490 -0.0029
vt -0.6133 0.7197
vt 0.0000 0.0000
vt 0.0000 0.0000
vt 0.0000 5.2500
vt 0.2812 0.1377
vt -0.3398 0.1650
vt 16.9131 6.3994
vt 0.0000 0.0000
vt 0.0000 0.0000
vt -2.9473 0.1348
vt 16.9131 6.3994
vt 0.0000 0.0000
vt 0.0000 4.2500
vt 0.5068 1.0127
vt 0.0000 0.0000
vt 3.8691 0.1445
vt 0.0000 0.0000
vt 0.0000 0.0000
vt 0.0000 0.0000
vt 0.5068 0.4043
vt 0.0000 0.0000
vt -4.5928 0.4346
vt -15.0557 -32.0000
vt -14.7607 0.0000
vt 17.2520 -12.0000
vt 17.3174 24.0000
vt -14.9844 16.0000
vt -15.3555 0.0000
vt 0.0000 0.0938
vt 0.0000 0.9844
vt 0.0000 5.1875
vt 0.0000 5.2812
vt 0.0000 0.0000
vt 0.0000 0.0000
vt 0.0000 0.0000
vt 0.0000 0.0000
vt 0.0000 0.0000
vt -2.4170 0.0000
vt 0.0000 0.0000
vt 0.0000 0.0000
vt 0.0000 0.0000
vt 0.0000 0.0000
vt 0.0000 0.0000
vt -0.1572 0.0000
vt 8.0010 12.0010
vt 8.0029 12.0029
vt 8.0049 12.0049
vt 8.0068 12.0068
vt 8.0088 0.0000
vt 0.0000 0.0000
vt 0.0000 0.0000
vt 0.0000 0.0000
vt 0.8633 0.0977
vt 1.6592 0.5547
vt 16.4277 25.6006
vt 0.0000 0.0000
vt 0.0000 0.0000
vt 0.0000 0.0000
vt 1.0957 0.0977
vt -2.3652 0.6211
vt 16.4277 25.6006
vt 0.0000 0.0000
vt 0.0000 0.0000
vt 0.0000 0.0000
vt 1.1914 0.0977
vt 1.2168 0.5586
vt 16.4277 25.6006
vt 0.0000 0.0000
vt 0.0000 0.0000
vt 0.0000 0.0000
vt 1.1914 0.5488
vt 0.8975 0.4717
vt 16.4277 25.6006
vt 0.0000 0.0000
vt 0.0000 0.0000
vt 0.5762 0.0977
vt 1.8340 0.6787
vt 16.4277 25.6006
vt 0.0000 0.0000
vt 0.0000 0.0000
vt 0.4404 0.0977
vt 0.0000 0.0000
vt -2.0430 0.1426
vt 0.0000 0.0000
vt 0.0000 0.0000
vt 0.9766 0.0977
vt 0.0000 0.6377
vt 0.0000 0.0000
vt -2.2852 1.5381
vt 0.0000 0.0000
vt 0.0000 0.0000
vt 0.0000 0.0010
vt 0.0000 0.0000
vt 0.0000 0.0000
vt 1.0059 0.0977
vt 0.5645 0.6963
vt 0.0000 0.0000
vt 0.0000 0.0000
vt 0.0000 0.0000
vt 0.0000 0.0000
vt 1.9980 0.0977
vt 0.0000 0.0000
vt -0.8438 1.1152
vt 15.8994 -25.5996
vt 0.0000 0.0049
vt 0.2725 0.0977
vt -3.3750 0.0508
vt 0.0000 0.0000
vt 0.0000 0.0000
vt 15.8994 -25.5996
vt 0.0000 0.0049
vt 0.2725 0.0977
vt 3.1885 0.0508
vt 15.8994 -25.5996
vt 0.0000 -22.7500
vt 0.2725 0.0977
vt 0.0000 0.0000
vt 1.9775 0.0586
vt 15.8994 -25.5996
vt 0.0000 -22.7500
vt 0.2725 0.0977
vt 0.0000 0.0000
vt -4.4365 0.0586
vt 0.0000 0.0000
vt 15.8994 -25.5996
vt 0.0000 0.0000
vt 0.1982 0.0977
vt -3.3633 0.1592
vt 0.0000 0.0000
vt 15.8994 -25.5996
vt 0.0000 0.0000
vt 0.1982 0.0977
vt 1.1572 0.7354
vt 0.0000 0.0000
vt 0.0000 0.0000
vt 0.0000 0.8232
vt 1.8398 0.0977
vt 0.0000 0.0059
vt 0.0000 0.0000
vt 0.9248 1.3740
vt 0.0000 0.0000
vt 16.8965 0.0000
vt 0.0000 0.0000
vt 0.4941 0.0977
vt 0.9990 -0.0010
vt 0.6611 0.1309
vt 0.0000 0.0000
vt 3.5264 0.5488
vt 2.8848 0.0654
vt 15.5742 -12.0137
vt 0.0000 0.0000
vt 0.1494 0.5488
vt -1.6660 0.0654
vt 0.0000 0.8184
vt -14.7832 -12.1123
vt 0.0000 0.0977
vt 0.0000 0.1289
vt 0.8418 0.5547
vt 0.6787 -1.1221
vt 0.0273 0.9697
vt -0.9551 -2.3096
vt 1.2168 0.0273
vt -31.5430 2.0000
vt 0.0000 0.0000
vt 0.0000 0.0938
vt 0.0000 0.7031
vt 0.0000 4.5781
vt 0.0000 4.6250
vt 0.0000 4.6562
vt 0.0000 0.0000
vt 0.0000 0.0000
vt 0.0000 0.0000
vt 0.0000 0.0000
vt 0.0000 0.0000
vt -2.8779 0.0879
vt 0.0000 0.1016
vt 0.0000 0.0000
vt 0.0000 0.0000
vt -4.1074 0.1758
vt 8.0010 0.0000
vt 8.0029 0.0000
vt 8.0049 0.0000
vt 8.0068 0.0000
vt 0.0000 0.0000
vt 16.9033 25.5977
vt 0.0000 0.0000
vt 0.2129 3.4990
vt 0.0000 0.0000
vt 0.0000 0.0000
vt 0.0000 0.0000
vt 0.0000 0.0000
vt 0.0000 0.0000
vt 2.1504 0.1064
vt -0.3418 0.0264
vt 16.6758 0.0000
vt 2.1504 0.1064
vt -1.1963 0.0264
vt 16.6758 0.0000
vt 2.1504 0.1064
vt -2.0410 0.0264
vt 16.6758 0.0000
vt 2.1504 0.1064
vt -2.8584 0.0264
vt 16.6758 0.0000
vt 2.1504 0.1064
vt -0.0439 0.0264
vt 0.0000 0.0566
vt 16.6758 0.0000
vt 0.0000 6.0000
vt 2.1504 0.1064
vt 0.0000 0.0000
vt 2.0264 0.0264
vt 0.0000 0.0000
vt 16.6758 0.0000
vt 0.0000 11.5000
vt 1.3760 0.0713
vt -1.2207 0.8838
vt 0.0000 0.0000
vt 15.5742 -11.6201
vt 0.0000 0.0000
vt 0.2891 0.0957
vt -2.6328 0.1270
vt 0.0000 0.0000
vt 0.0000 0.0000
vt 15.5742 -11.6201
vt 0.0000 0.0059
vt 0.2891 0.0957
vt -0.9717 0.1270
vt 0.0000 0.0000
vt 0.0000 0.0000
vt 15.5742 -11.6201
vt 0.0000 0.0039
vt 0.2891 0.0645
vt -0.1494 0.0830
vt 15.5742 -11.6201
vt 0.0000 0.0000
vt 0.2891 0.0645
vt -1.8096 0.0830
vt 15.5742 -11.6201
vt 0.0000 0.0000
vt 0.2891 0.0957
vt -2.7695 0.0811
vt 0.0000 0.0000
vt 15.5742 -11.6201
vt 0.0000 0.0000
vt 0.2891 0.0957
vt -1.1094 0.0811
vt 15.5742 -11.6201
vt 0.0000 0.0000
vt 1.0977 3.4990
vt 1.9922 0.2402
vt 0.0000 0.0000
vt 16.7998 12.7988
vt 15.6992 -10.8008
vt 0.0000 0.0000
vt 0.5059 0.1064
vt 3.4697 0.7666
vt 0.0000 0.0000
vt 15.5742 -12.0137
vt 0.0000 0.0000
vt 0.5039 0.1006
vt -2.9629 0.1963
vt 15.5742 -12.0137
vt 0.0000 0.0000
vt 0.5039 0.1006
vt -0.4209 0.1611
vt -15.6562 0.0000
vt 16.7988 -27.4678
vt 0.0000 0.0938
vt 0.0000 0.6250
vt 0.0000 4.3281
vt 0.0000 4.4688
vt 0.0000 4.5625
vt 0.0000 0.0498
vt 0.0000 0.0000
vt 0.0000 0.0000
vt 0.0000 0.0000
vt 0.0098 0.0000
vt 0.0000 0.0000
vt 0.9355 0.0000
vt 15.8730 -17.9531
vt 0.0000 0.0000
vt 0.0000 0.0000
vt 8.0010 12.0000
vt 8.0029 12.0020
vt 8.0049 12.0039
vt 15.6992 -12.8330
vt 0.0000 0.0000
vt 0.3037 0.0342
vt 0.8193 1.7559
vt 0.0000 0.0000
vt 15.6992 -12.8330
vt 0.0000 0.1035
vt 0.5195 0.5195
vt 0.0000 0.0000
vt 0.9922 0.2891
vt 0.0000 0.0000
vt 0.0000 0.0645
vt 15.6992 -12.8330
vt 0.0000 0.0000
vt 0.4658 0.0342
vt 1.1318 0.1191
vt 15.6992 -12.8330
vt 0.0000 0.0000
vt 0.3691 0.0342
vt 0.6172 1.8486
vt 15.6992 -12.8330
vt 0.0000 0.0000
vt 1.0098 0.0342
vt 0.7119 0.2051
vt 15.8740 -0.0986
vt 0.0000 -0.2500
vt 1.0098 0.0342
vt 0.6807 0.0928
vt 0.0000 0.0000
vt 15.8740 -0.0986
vt 0.0000 5.0000
vt 1.0098 0.0342
vt -0.4482 0.0928
vt 0.0000 0.0000
vt 15.8740 -0.0986
vt 0.0000 -32.0000
vt 1.0098 0.0342
vt -0.3887 0.0928
vt 0.0000 0.0000
vt 15.8740 -0.0986
vt 0.0000 0.0244
vt 1.1123 0.0342
vt 0.7354 0.4570
vt 0.0000 0.0000
vt 0.0000 0.0000
vt 15.8740 -0.0986
vt 0.0000 0.0059
vt 1.1123 0.0342
vt 0.6895 1.1191
vt 0.0000 0.0000
vt 0.0000 0.0000
vt 16.9248 -6.3994
vt 0.0000 0.0000
vt 0.0957 0.0342
vt 1.1719 0.1445
vt 15.6992 -12.8330
vt 0.0000 0.0000
vt 0.0957 0.0342
vt 0.5029 0.1250
vt 15.6992 -12.8330
vt 0.0000 0.0000
vt 0.0957 0.0342
vt 0.4971 0.1250
vt 15.6992 -12.8330
vt 0.0000 0.0000
vt 0.1846 0.3086
vt 0.8857 0.8086
vt 0.0000 0.0000
vt 0.0000 0.0000
vt 15.6992 -12.8330
vt 1.5371 0.5137
vt 0.1846 0.3086
vt 0.7129 0.8086
vt 0.0000 0.0000
vt 0.0000 0.0020
vt 15.6992 -12.8330
vt 0.0000 0.4502
vt 0.3643 0.0342
vt -0.8203 0.3350
vt 15.8740 -0.0986
vt 0.0000 0.0000
vt 1.4004 0.0342
vt 0.6660 0.6904
vt 15.6992 -12.8330
vt 0.0000 0.0000
vt -14.7266 -27.7051
vt 17.2725 4.0000
vt 17.1582 -24.0000
vt 0.0000 0.7979
vt 0.0000 0.7979
vt 0.0000 0.0938
vt 0.0000 0.2344
vt 0.0000 0.6406
vt 0.0000 0.0938
vt 0.0000 0.6719
vt 0.0000 0.0000
vt 0.0000 0.0000
vt 8.0010 0.0000
vt 0.0000 0.0000
vt 4.2754 0.0977
vt 24.9990 -0.0010
vt 0.0000 0.0840
vt 0.0000 -23.5000
vt 4.2754 0.0977
vt 0.9990 -0.0010
vt 0.0000 0.0000
vt 0.0000 0.0938
vt 0.0000 0.2969
vt 0.0000 1.9062
vt 0.0000 2.0000
vt 0.0000 2.0781
vt 0.0000 0.0498
vt 0.0000 0.0000
vt 0.0879 0.0000
vt 0.0000 0.0000
vt 0.0000 0.0000
vt 8.0010 0.0000
vt 0.0000 0.0000
vt 0.0000 0.0000
vt 0.0000 0.0000
vt 0.9238 0.3926
vt 0.0000 0.0000
vt 0.5059 0.4805
vt 0.0000 0.0000
vt 0.0000 0.0000
vt 0.0000 0.0000
vt 0.0000 0.0000
vt 0.1768 0.3926
vt -31.2510 -0.0010
vt 0.5576 0.0645
vt 0.0000 0.0000
vt 0.0000 0.0000
vt 0.0000 0.0000
vt 0.0000 11.2500
vt 0.9990 -0.0010
vt -1.1777 0.1045
vt 15.6992 -11.7842
vt 0.0000 0.0000
vt 1.0801 0.3828
vt -0.0361 0.4248
vt 16.8809 -6.4023
vt 0.0000 0.0000
vt 0.0000 0.0000
vt 0.0000 0.0000
vt 0.2500 -0.0010
vt 0.0000 0.0000
vt 0.0000 0.0000
vt 2.8164 0.3926
vt 0.0000 0.0000
vt 0.0156 0.6064
vt 0.0000 0.0000
vt 0.0000 0.0000
vt 0.0000 0.0000
vt 1.3809 0.3926
vt 0.0000 0.0010
vt -1.2500 0.0645
vt 0.0000 0.0000
vt 0.0000 0.0000
vt 0.0000 0.0000
vt 0.0000 0.8828
vt -14.7217 -16.0000
vt -14.7207 20.0000
vt 0.0000 0.6260
vt 0.0117 0.0000
vt 0.0000 0.0938
vt 0.0000 0.2344
vt 0.0000 1.9062
vt 0.0000 0.0938
vt 0.0000 1.9531
vt 0.0000 0.0000
vt 8.0010 0.0000
vt 0.0000 0.0000
vt 0.0000 0.0000
vt 0.0000 0.0000
vt 0.4326 0.0977
vt 2.0322 0.0615
vt 16.8018 -0.0020
vt 0.0000 0.0000
vt 0.0000 0.0000
vt 0.0000 22.0000
vt 1.5566 0.0977
vt 0.3926 0.1621
vt 0.0000 0.0000
vt 16.6748 12.7998
vt 1.5566 0.0977
vt 1.0156 0.1621
vt 0.0000 0.0000
vt 16.8018 25.6035
vt 1.5566 0.0977
vt 1.2578 0.1621
vt 0.0000 0.0000
vt 16.7363 -12.7930
vt 1.5566 0.0977
vt 1.7686 0.1621
vt 0.0000 0.0000
vt 16.8662 12.8018
vt 1.5566 0.0977
vt 0.0859 0.0615
vt 16.8018 -0.0020
vt 0.0000 0.0000
vt 0.0000 17.5000
vt 0.4326 0.0977
vt 0.0000 0.0000
vt -0.2744 0.5518
vt 15.9990 -0.1475
vt 0.0000 0.0000
vt 0.0000 0.0000
vt 0.0000 0.0859
vt 1.5566 0.0977
vt 0.2158 0.7793
vt 0.0000 0.0000
vt -16.0791 -8.4209
vt 0.0000 0.0938
vt 0.0000 1.0938
vt 0.0000 6.2344
vt 0.0000 6.8281
vt 0.0000 7.7500
vt 0.0000 0.0000
vt 0.0000 0.0000
vt 0.0000 0.0000
vt 0.0000 0.0000
vt -4.0635 0.2637
vt 0.0000 0.0957
vt 0.0000 0.0000
vt 0.0107 0.0000
vt 0.0000 0.0000
vt -2.5996 0.0000
vt 15.8750 0.0000
vt 0.0000 0.0000
vt 0.3242 0.0000
vt 0.0000 0.0000
vt 0.0000 0.0000
vt -0.4824 0.2617
vt 0.0000 0.0498
vt 8.0010 12.0010
vt 8.0029 0.0000
vt 8.0049 0.0000
vt 8.0068 12.0029
vt 8.0088 0.0000
vt 8.0107 0.0000
vt 0.0000 0.0000
vt 16.3945 -12.8008
vt 0.0000 0.0000
vt 0.7520 1.2979
vt 0.0000 0.0000
vt 1.5107 0.1104
vt 0.0000 0.0000
vt 0.0000 0.0225
vt 0.0000 0.0000
vt 0.0000 0.0000
vt 0.0000 0.0000
vt 1.8320 0.3975
vt 0.0000 0.0000
vt 0.0000 0.0000
vt 0.0000 0.0000
vt 0.0000 1.0928
vt 0.2090 0.0010
vt 0.0098 1.7549
vt 0.0000 0.0000
vt -4.4160 0.4951
vt 0.0000 0.0000
vt 0.0000 0.0010
vt 0.0000 0.0000
vt 0.0068 0.3418
vt 0.7402 0.1836
vt 0.0000 0.0000
vt -1.7871 0.5928
vt 0.0000 0.0000
vt 0.0000 0.0000
vt 0.0000 0.0000
vt 10.6865 30.6182
vt -1.7295 0.6973
vt 0.0000 0.0000
vt 0.0000 0.0000
vt 0.0000 0.0000
vt -1.6240 0.4512
vt 0.0000 0.0000
vt 16.8545 25.5996
vt 0.0000 0.0020
vt 16.9111 19.2002
vt 0.0000 0.6260
vt 0.0000 0.0000
vt -2.5361 0.1162
vt 0.0000 0.0000
vt 0.0000 0.0000
vt 16.1992 -12.8086
vt 16.9248 0.0000
vt 0.0000 0.0000
vt 0.8945 0.4229
vt 16.9248 0.0000
vt 0.0000 0.0000
vt 1.1191 0.0977
vt 0.0000 0.0000
vt -2.9521 0.5996
vt 0.0000 0.0000
vt 16.8291 25.6016
vt 0.0000 0.0000
vt 0.0000 0.0000
vt 16.7822 12.7988
vt 0.0000 0.0000
vt 0.0000 0.0000
vt 0.0000 0.0000
vt 0.4277 2.8076
vt 16.7783 25.6016
vt 0.0000 0.0000
vt 15.6992 -12.7998
vt 0.0000 0.0000
vt 1.8057 1.6680
vt 0.9990 -0.0010
vt 0.0000 0.0000
vt -0.6309 0.0479
vt 0.0000 0.0000
vt 15.6992 -12.7998
vt 0.0000 -22.5000
vt 1.8057 1.6680
vt 0.9990 -0.0010
vt 0.0000 0.0000
vt -1.2832 0.0479
vt 15.6992 -12.7998
vt 0.0000 12.7500
vt 0.6094 0.2402
vt -1.0723 0.4561
vt 0.0000 0.0000
vt 0.0000 0.0000
vt 15.6992 -12.7998
vt 0.0000 0.0000
vt 1.0938 0.2959
vt -0.7861 0.1777
vt 16.8672 12.7979
vt 0.0000 0.0000
vt 0.0000 0.0000
vt 0.0000 0.0000
vt -0.9268 0.5908
vt 0.0000 0.0000
vt 0.0000 0.0010
vt 0.0000 0.0000
vt 0.0000 0.0000
vt 0.3428 0.0977
vt 0.0000 0.0000
vt 2.2793 0.1553
vt 16.8945 -6.4014
vt 0.0000 0.0000
vt 0.0000 0.0000
vt 0.0000 0.0000
vt 0.3281 0.0977
vt 1.9502 0.1514
vt 0.0000 0.0000
vt 16.8955 -19.1992
vt 0.0000 0.7812
vt 1.8369 0.0977
vt 0.0000 0.0000
vt -0.1484 0.3809
vt 0.0000 0.0000
vt 0.0000 0.0020
vt 15.7744 -24.9941
vt 0.0000 0.4336
vt 0.1621 0.1953
vt 0.0000 0.0000
vt 0.0000 0.0000
vt 16.8955 -19.1992
vt 0.0000 0.7812
vt 0.6768 0.2217
vt 0.0000 0.0000
vt -2.8184 0.2051
vt 0.0000 0.0000
vt 0.0000 0.0000
vt 0.0000 0.0010
vt 0.0000 0.0000
vt 0.0000 0.7812
vt 0.9092 0.0977
vt 0.0000 0.0000
vt -0.2578 0.3027
vt 0.0000 0.0000
vt 0.0000 0.0000
vt 0.0000 0.0000
vt -14.8564 30.3477
vt -14.7021 -24.0000
vt -14.6572 4.0000
vt 17.1133 16.0000
vt 17.2871 24.0000
vt 17.2764 -4.0000
vt 17.1436 5.4414
vt -14.8584 -21.4092
vt 0.0000 0.7949
vt 0.0000 0.8975
vt 0.0000 1.0088
vt 0.0000 0.8789
vt 0.0000 0.7812
vt 0.0000 0.7812
vt 0.0000 0.8398
vt 0.0000 0.6260
vt 0.0000 0.6045
vt 0.0000 0.7812
vt 0.0000 0.7812
vt 0.0137 0.0000
vt 0.0156 0.0000
vt 0.0186 0.0000
vt 0.0000 0.0938
vt 0.0000 1.0469
vt 0.0000 7.4531
vt 0.0000 7.6406
vt 0.0000 0.0000
vt 0.0000 0.0000
vt 0.0000 0.0000
vt 0.0000 0.0000
vt 0.0000 0.0000
vt 5.1455 0.0879
vt 0.0000 0.0498
vt 0.0000 0.0000
vt 0.0000 0.0000
vt 4.1953 0.0879
vt 0.0000 0.0000
vt 0.0000 0.0000
vt 0.0000 0.0000
vt 0.0000 0.0000
vt -1.3252 0.2637
vt 0.0000 0.0498
vt 8.0010 12.0010
vt 8.0029 0.0000
vt 8.0049 0.0000
vt 8.0068 0.0000
vt 8.0088 0.0000
vt 8.0107 0.0000
vt 0.0000 0.0000
vt 0.0000 0.0000
vt 0.0977 0.0977
vt 0.9990 -0.0010
vt 0.0000 0.0000
vt 1.7041 0.0557
vt 0.0000 0.0000
vt 0.0000 0.0664
vt 0.0000 0.0000
vt 0.0000 12.5000
vt 0.9990 -0.0010
vt 3.8955 0.0557
vt 0.0000 0.0000
vt 0.0000 0.0000
vt 0.0000 0.0664
vt 0.0000 10.7500
vt 0.0977 0.0977
vt 0.9990 -0.0010
vt 0.0000 0.0000
vt 0.0000 0.0000
vt 0.0000 0.0762
vt 0.0000 0.0000
vt 0.0000 4.7500
vt 0.0977 0.0977
vt 0.9990 -0.0010
vt -0.7705 0.0557
vt 0.0000 0.0000
vt 15.5742 -8.0156
vt 0.0000 0.0000
vt -0.8701 0.0303
vt 0.0000 0.0000
vt 0.0000 0.0000
vt 0.0000 0.1299
vt 2.1729 0.3330
vt 0.0000 0.0000
vt 0.0000 0.0000
vt 0.0000 0.0000
vt 0.0000 0.0000
vt 0.0000 0.1299
vt 0.0791 0.5762
vt 0.0000 0.0000
vt 0.0000 0.0000
vt 0.0000 0.0000
vt 0.0000 0.0000
vt 0.0000 0.1299
vt 0.8867 0.3896
vt 0.6895 0.2959
vt 0.0000 0.0000
vt 16.6680 0.0000
vt 0.0000 0.0000
vt 0.0000 0.0000
vt 0.0000 0.1299
vt 0.4365 0.3896
vt 3.9600 0.4463
vt 0.0000 0.0000
vt 16.6680 0.0000
vt 0.0000 0.0000
vt 0.0000 0.0000
vt -6.5420 1.5225
vt 16.6680 0.0000
vt 0.0000 0.0000
vt 0.0000 0.0000
vt -6.8984 0.3770
vt 16.6982 12.7998
vt 0.0000 0.0000
vt 6.7266 0.3213
vt 16.6982 12.7998
vt 0.0000 0.0000
vt 0.0000 0.0000
vt 0.0977 0.0977
vt 0.0000 0.0000
vt 0.0000 0.0000
vt 0.0000 0.0605
vt 0.8535 1.9004
vt 3.9854 0.6328
vt 0.0000 0.0000
vt 0.0000 0.0000
vt 0.0000 0.0000
vt 0.0000 0.0000
vt 0.9600 3.3125
vt 16.6748 -25.5986
vt 0.0000 0.0000
vt 0.9824 2.1562
vt 5.8398 0.1016
vt 16.6758 25.6006
vt 0.0000 0.0000
vt -3.1689 0.4551
vt 0.0000 0.0000
vt 0.0000 0.0000
vt 0.0000 0.0000
vt 0.0000 0.0039
vt 1.2725 5.0391
vt 0.0000 0.0000
vt 0.0000 3.7500
vt 0.0000 0.0000
vt 0.0000 0.0039
vt 1.2725 5.0391
vt -1.8350 0.5117
vt 0.0000 0.0000
vt 0.0000 0.0000
vt 0.0000 0.0000
vt 0.5088 5.0391
vt -3.7715 1.5205
vt 0.0000 0.0000
vt 0.2188 5.0391
vt 2.1875 0.3936
vt 0.0000 0.0000
vt 0.0000 0.0059
vt 0.0000 0.0000
vt 0.0000 0.0000
vt 0.5605 5.0391
vt 0.0625 1.2871
vt 16.6758 25.6016
vt 0.0000 0.0000
vt 0.0000 0.0000
vt -1.5693 0.5830
vt 0.0000 0.0000
vt 0.0000 0.0000
vt 0.0000 0.0000
vt 0.0000 0.9688
vt 0.0000 0.0000
vt 2.5635 0.8379
vt 0.0000 0.0000
vt 0.0000 0.0000
vt 0.0000 0.0000
vt 0.0000 0.0000
vt 0.0000 0.0000
vt 0.1533 -24.5967
vt 7.3594 0.4053
vt 0.0000 0.0000
vt 0.0000 0.0000
vt 0.0000 0.0000
vt 0.0000 0.6475
vt 0.5059 0.3896
vt -1.7012 0.0889
vt 16.6680 0.0000
vt 0.0000 0.0000
vt 0.0000 0.0000
vt 0.0000 0.0000
vt 0.5703 0.3896
vt 2.0039 0.1523
vt 16.6680 0.0000
vt 0.0000 0.0000
vt 0.0000 0.0000
vt 0.0000 0.0000
vt 0.5703 0.3896
vt 2.0010 0.1123
vt 16.6680 0.0000
vt 0.0000 0.0000
vt 0.0000 0.0000
vt 0.0000 0.0000
vt 0.5703 0.3896
vt -1.6328 0.2207
vt 16.6689 12.7998
vt 0.0000 0.0000
vt 0.0000 0.0000
vt 0.0000 0.0000
vt 2.9033 0.2207
vt -14.9043 -16.0000
vt 17.0225 -12.0869
vt 17.0811 -16.0000
vt 0.0000 0.0977
vt 0.0000 0.0977
vt 0.0000 0.0859
vt 0.0000 0.1738
vt -0.7422 0.2588
vt 6.7266 -1.0049
vt 1.4346 -1.6992
vt -31.8955 -1.0703
vt -1.5342 2.3809
vt -31.7793 3.0762
vt 0.0000 0.0938
vt 0.0000 0.0938
vt 0.0000 1.6250
vt 0.0000 1.7188
vt 0.0000 1.7969
vt 0.0000 0.0000
vt 15.6992 -12.8652
vt 0.0000 0.0000
vt 0.6982 0.0977
vt 1.3535 0.3506
vt 15.6992 -12.8652
vt 0.0000 0.0000
vt 0.6982 0.0977
vt -1.2715 0.3506
vt 0.0000 0.0000
vt 0.6982 0.0977
vt 3.7227 0.0332
vt 15.6992 -12.8652
vt 0.0000 8.5000
vt 0.6982 0.0977
vt -0.3887 0.0332
vt 15.6992 -12.8652
vt 0.0000 8.5000
vt 0.6982 0.0977
vt -3.1367 0.0332
vt 0.0000 0.0000
vt 15.6992 -12.8652
vt 0.0000 0.0000
vt 0.8379 0.0977
vt -2.6260 2.6045
vt 16.9238 25.5996
vt 0.0000 0.0000
vt 0.6846 0.6025
vt 0.0000 0.0000
vt -2.3994 0.5557
vt 0.0000 0.0000
vt 0.0000 0.0000
vt 15.6992 -12.8652
vt 0.0000 0.7764
vt -14.9141 -32.0000
vt -14.9453 17.8027
vt 0.0000 0.7764
vt 0.0000 0.0938
vt 0.0000 2.0938
vt 0.0000 3.2031
vt 0.0000 0.0938
vt 0.0000 3.4844
vt 0.0000 0.0000
vt 0.0000 0.0000
vt 0.0000 0.0000
vt 0.0000 0.0000
vt 0.0000 0.0000
vt 0.0000 0.0000
vt 0.0000 0.0000
vt 0.0000 0.0000
vt 0.0000 0.0000
vt 2.7920 0.0000
vt 0.0000 0.0000
vt 0.0000 0.0000
vt 0.0000 0.0000
vt 0.0000 0.0000
vt 0.0000 0.0000
vt 0.0000 0.0000
vt 0.0000 0.0000
vt 0.0000 0.0000
vt 0.0000 0.0000
vt 1.7725 0.0000
vt 0.0000 0.0000
vt 0.0000 0.0000
vt 0.0000 0.0000
vt 0.0000 0.0000
vt 0.0000 0.0000
vt -6.5986 0.0000
vt 0.0000 0.0000
vt 0.0000 0.0000
vt 0.0000 0.0000
vt 0.0000 0.0000
vt 0.0000 0.0000
vt 3.9277 0.0000
vt 0.0000 0.0000
vt 0.0000 0.0000
vt 0.0000 0.0000
vt 0.0000 0.0000
vt 0.0000 0.0000
vt -6.8672 0.0000
vt 0.0000 0.0000
vt 0.0000 0.0000
vt 0.0000 0.0000
vt 8.0088 0.0000
vt 8.0010 0.0000
vt 8.0117 0.0000
vt 8.0127 0.0000
vt 8.0029 0.0000
vt 8.0156 0.0000
vt 8.0166 0.0000
vt 8.0176 0.0000
vt 8.0195 0.0000
vt 8.0215 0.0000
vt 8.0234 0.0000
vt 8.0254 0.0000
vt 8.0264 0.0000
vt 8.0283 0.0000
vt 8.0078 0.0000
vt 0.0000 0.0000
vt 0.0000 0.0000
vt 2.2578 1.1992
vt 0.0000 0.0000
vt 7.0176 1.5947
vt 0.0000 0.0000
vt 0.0000 0.0000
vt 0.0000 0.0000
vt 3.9170 1.8672
vt 0.0000 0.0000
vt -5.2393 0.7588
vt -14.7012 -24.0000
vt 17.1475 -8.0000
vt -14.8262 -32.0000
vt 0.0000 0.0938
vt 0.0000 1.5000
vt 0.0000 3.4219
vt 0.0000 0.0938
vt 0.0000 3.8438
vt 0.0000 0.0000
vt 0.0000 0.0000
vt 0.0000 0.0000
vt 0.0000 0.0000
vt 0.0000 0.0000
vt 0.0000 0.0000
vt 0.0000 0.0000
vt 0.0000 0.0000
vt 0.0000 0.0000
vt 0.0000 0.0000
vt 0.0000 0.0000
vt 2.3594 0.0000
vt 0.0000 0.0000
vt 0.0000 0.0000
vt 0.0000 0.0000
vt 0.0000 0.0000
vt 0.0000 0.0000
vt 0.0000 0.0000
vt 0.0000 0.0000
vt 0.0000 0.0000
vt 0.0000 0.0000
vt 0.0000 0.0000
vt 0.0000 0.0000
vt 0.0000 0.0000
vt 2.3594 0.0000
vt 0.0000 0.0000
vt 0.0000 0.0000
vt 0.0000 0.0000
vt 0.0000 0.0000
vt 0.0000 0.0000
vt 0.0000 0.0000
vt 0.0986 0.0000
vt 8.0010 0.0000
vt 8.0186 0.0000
vt 8.0107 0.0000
vt 8.0127 0.0000
vt 8.0146 0.0000
vt 8.0166 0.0000
vt 8.0029 0.0000
vt 8.0049 0.0000
vt 8.0068 0.0000
vt 8.0088 0.0000
vt 0.0000 0.0000
vt 0.0000 0.0000
vt 0.0000 0.0000
vt 0.0000 0.0000
vt 16.2246 25.5996
vt 0.0000 0.0000
vt 0.0000 0.0000
vt 0.1836 0.0977
vt 1.2305 0.2080
vt 16.2246 25.5996
vt 0.0000 0.0000
vt 0.0000 0.0000
vt 0.0000 0.0000
vt 0.0000 0.0000
vt 0.0000 0.0000
vt 0.0000 0.0000
vt 2.0410 0.5459
vt 15.5742 -13.9795
vt 0.0000 0.0000
vt 0.7500 0.2773
vt 0.0000 0.0000
vt 16.2246 25.5996
vt 0.0000 0.0000
vt 0.0000 0.0000
vt 1.5000 0.0977
vt -1.1846 0.8457
vt 16.2246 25.5996
vt 0.0000 0.0000
vt 0.0000 0.0000
vt 1.1553 1.7285
vt 0.0000 0.0000
vt 0.0977 0.3887
vt -14.6338 -24.0000
vt -14.6836 8.0000
vt 17.3652 8.0000
vt 17.3115 24.0000
vt 0.0000 0.0000
vt 0.0000 0.0000
vt 0.0000 0.0938
vt 0.0000 0.1719
vt 0.0000 2.5469
vt 0.0000 2.6406
vt 0.0000 2.7656
vt 16.6914 0.0010
vt 0.0000 0.0000
vt 0.0000 0.0000
vt 0.1201 0.0977
vt 0.0000 0.0000
vt -0.1885 0.0820
vt 0.0000 0.0000
vt 0.2510 -0.2500
vt 16.9053 -6.4004
vt 0.0000 0.0186
vt 0.1201 0.0977
vt 0.0000 0.0000
vt 0.2139 0.0283
vt 0.0000 0.0000
vt 14.2490 -9.4375
vt 0.0000 19.5000
vt 0.3809 1.4736
vt -0.1328 0.0820
vt 0.0000 0.0000
vt 0.2510 -0.2500
vt 16.9033 -12.8018
vt 0.0000 0.0186
vt 0.1201 0.0977
vt 0.0000 0.0000
vt -0.0781 0.0820
vt 0.0000 0.0000
vt 0.2510 -0.2500
vt 16.9033 -12.8018
vt 0.0000 0.0186
vt 0.1201 0.0977
vt 0.0000 0.0000
vt 0.5615 0.0820
vt 0.0000 0.0000
vt 0.2510 -0.2500
vt 15.5742 -12.0137
vt 0.0000 13.0000
vt 2.3213 0.0977
vt 0.0000 0.0000
vt 0.1035 1.1621
vt 0.0000 0.0000
vt 0.0000 0.0000
vt 0.0000 0.0000
vt 0.0293 0.0977
vt 2.6709 0.3525
vt 0.0000 0.0000
vt 0.0000 0.0000
vt 0.0000 0.0000
vt 0.0000 0.0000
vt 0.5537 0.0977
vt 1.5625 0.2412
vt 0.0000 0.0000
vt 0.0068 0.0000
vt 15.5742 -12.0137
vt 0.0000 18.0000
vt 0.0312 0.0977
vt 0.0088 0.0479
vt 0.0000 0.0000
vt 0.0000 0.0000
vt 0.0000 0.2656
vt 0.5781 0.0977
vt -1.0801 0.4805
vt 16.6504 0.0010
vt 0.0000 0.0000
vt 0.0000 1.0332
vt 0.5781 0.0977
vt 0.0000 0.0000
vt -0.9561 0.0342
vt 16.6914 0.0010
vt 0.0000 0.0000
vt 0.0000 0.0000
vt 0.0000 0.0000
vt 17.1006 16.0000
vt 16.6455 -20.4688
vt 0.0000 0.0605
vt 1.9248 1.1621
vt -31.5195 -1.5107
vt 0.0000 0.0000
vt 0.0000 0.0938
vt 0.0000 1.5000
vt 0.0000 6.7812
vt 0.0000 7.0000
vt 0.0000 0.0000
vt 0.0000 0.0000
vt 0.0000 0.0000
vt 0.0107 0.0000
vt 0.0000 0.0000
vt 1.3242 0.0000
vt 15.9990 -0.0166
vt 0.0000 0.0000
vt 0.0000 0.0000
vt 0.0107 0.0000
vt 0.0000 0.0000
vt -1.5381 0.0879
vt 0.0000 0.0498
vt 0.0000 0.0000
vt 0.0000 0.0000
vt 0.2998 0.0000
vt 0.0000 0.0000
vt 0.0000 0.0000
vt -2.0889 0.0879
vt 0.0000 0.0498
vt 0.0000 0.0000
vt 0.0000 0.0000
vt 0.0840 0.0000
vt 0.0000 0.0000
vt 0.0000 0.0000
vt 1.1367 0.2637
vt 0.0000 0.0498
vt 0.0039 0.0000
vt 0.0000 0.0000
vt 0.0000 0.0000
vt 8.0010 12.0000
vt 8.0029 12.0020
vt 8.0049 12.0039
vt 8.0068 0.0000
vt 8.0088 0.0000
vt 8.0107 0.0000
vt 8.0127 0.0000
vt 8.0146 0.0000
vt 8.0166 0.0000
vt 16.6729 -0.0029
vt 0.0000 0.0000
vt 0.0000 0.0000
vt 16.8340 0.0000
vt 0.0000 0.0000
vt 0.0000 0.0000
vt 0.5342 0.1426
vt 1.9443 1.3945
vt 16.6982 12.8008
vt 0.0000 0.0000
vt 0.0000 0.0000
vt 2.0391 0.1357
vt 16.8447 12.7998
vt 0.0000 0.0000
vt 0.0000 0.0000
vt 0.0000 0.0000
vt 0.3418 0.0977
vt 2.8623 0.1211
vt 16.8428 -25.5996
vt 0.0000 0.0000
vt 0.0000 0.0000
vt 0.0000 0.0000
vt 16.8428 -25.5996
vt 0.0000 0.0000
vt 0.0000 0.0000
vt 0.0000 0.0000
vt 16.8428 -25.5996
vt 0.0000 0.0000
vt 0.0000 0.0000
vt 0.0000 0.0000
vt 16.5205 -25.6006
vt 0.0000 0.0000
vt 0.0000 0.0000
vt 0.2139 2.1064
vt 16.6465 -12.7959
vt 0.0000 0.0000
vt 0.0000 0.0000
vt 0.5488 0.4463
vt -1.7529 0.0557
vt 16.6465 -12.7959
vt 0.0000 0.0781
vt 0.0000 15.2500
vt 1.5156 0.0557
vt 16.6465 -12.7959
vt 0.0000 0.0801
vt 0.0000 0.0000
vt 0.0000 5.0000
vt 0.0000 0.0000
vt 16.6465 -12.7959
vt 0.0000 0.0000
vt 0.0000 0.0176
vt 0.1045 0.4463
vt -1.7461 0.1152
vt 0.0000 0.0000
vt 14.0508 22.7246
vt 0.0000 0.0000
vt 0.0000 0.0156
vt 16.8447 12.7998
vt 0.0000 0.0000
vt 0.0000 0.6260
vt 1.0107 2.2344
vt 0.0000 0.0000
vt -1.2012 0.6484
vt 0.0000 0.0000
vt 16.8223 12.8018
vt 0.0000 0.0684
vt 0.0000 0.0000
vt 0.0000 0.1035
vt 0.9561 0.0977
vt 1.1045 0.6211
vt 0.0000 0.0000
vt 16.8809 -12.8008
vt 0.0000 0.0000
vt 0.0000 0.0000
vt 0.0000 0.0000
vt -1.9746 0.6807
vt 16.6777 25.5967
vt 0.0000 0.0000
vt 0.0000 0.0000
vt 1.5146 1.3223
vt 0.0000 0.0000
vt 16.6729 -0.0029
vt 0.0000 0.0000
vt 0.0000 0.0000
vt 0.6924 0.0977
vt 2.7393 0.1641
vt 16.6729 -0.0029
vt 0.0000 0.0000
vt 0.0000 0.0000
vt 1.1084 0.0977
vt 2.8760 0.3408
vt 16.6729 -0.0029
vt 0.0000 0.0000
vt 0.0000 0.0000
vt 16.6729 -0.0029
vt 0.0000 0.0000
vt 0.0000 0.0000
vt 16.8428 -25.5996
vt 0.0000 0.0000
vt 0.0000 0.0000
vt 0.6602 0.0977
vt 16.6729 -0.0029
vt 0.0000 0.0000
vt 0.0000 0.0000
vt 1.1084 0.0977
vt -1.4453 0.6807
vt 16.6729 -0.0029
vt 0.0000 0.0000
vt 0.0000 0.0000
vt 0.0000 0.0000
vt 0.9561 0.0977
vt 0.0000 0.6260
vt 0.0000 0.8184
vt 0.0000 0.0000
vt 0.5830 2.5820
vt 2.7666 2.7266
vt 5.2266 2.4453
vt 0.0488 0.0000
vt 0.0273 0.0000
vt 0.0010 0.0000
vt 0.0000 0.0938
vt 0.0000 0.0938
vt 0.0000 0.0938
vt 0.0000 0.4062
vt 0.0000 0.0938
vt 0.0000 0.4531
vt 0.0000 0.0000
vt 0.0000 0.0000
vt 0.0000 0.0000
vt 0.0000 0.0000
vt 0.7676 0.0977
vt 0.0000 0.0000
vt 3.2070 0.2832
vt 0.0000 0.0000
vt 0.0000 0.0000
vt 17.0312 -16.0000
vt 0.0000 0.0938
vt 0.0000 0.0938
vt 0.0000 1.5781
vt 0.0000 1.7188
vt 0.0000 1.8438
vt 16.8779 -19.2012
vt 0.0000 0.0000
vt 0.0000 0.0000
vt 0.0000 0.0000
vt -1.3750 0.4092
vt 16.8691 -12.8047
vt 0.0000 0.0000
vt 0.0000 0.0000
vt 0.6738 0.0977
vt 16.8691 -12.8047
vt 0.0000 0.0000
vt 0.0000 0.0000
vt 0.3906 0.0977
vt 0.0000 0.0000
vt 0.3389 0.2217
vt 16.8779 -19.2012
vt 0.0000 0.0020
vt 0.0000 0.0000
vt 0.0000 0.1211
vt 0.5762 0.0977
vt 0.0225 1.1582
vt 0.0000 0.0000
vt 16.8779 -19.2012
vt 0.0000 0.0000
vt 0.0000 1.8457
vt 1.8633 0.0977
vt 0.0000 0.0000
vt 16.8779 -19.2012
vt 0.0000 0.0000
vt 0.0000 0.0000
vt 0.0000 0.0000
vt 0.5830 0.0977
vt -0.0127 5.5850
vt 16.8779 -19.2012
vt 0.1475 4.7705
vt 5.7529 0.0977
vt 0.0322 0.9629
vt 16.8779 -19.2012
vt 0.0000 0.0000
vt -14.6289 0.0000
vt -14.6533 -3.2051
vt -14.6504 20.8525
vt 0.0000 1.2041
vt 0.0000 0.9902
vt 0.0000 0.0938
vt 0.0000 0.0938
vt 0.0000 0.6094
vt 0.0000 0.0938
vt 0.0000 0.7344
vt 16.8809 6.4004
vt 0.0000 0.0000
vt 0.0000 0.0000
vt 0.0000 0.0000
vt 0.3672 0.0977
vt 0.0000 0.0000
vt 1.7920 0.2148
vt 16.8770 -12.7998
vt 0.0000 0.0000
vt 0.0000 0.0000
vt 0.0000 0.0781
vt 0.6846 0.0977
vt 0.0000 0.0000
vt 0.0283 0.2471
vt 0.0000 0.0000
vt 16.8809 6.4004
vt 0.0811 6.3848
vt 17.3760 -12.0000
vt 17.3438 -25.3350
vt 12.1602 -5.6621
vt 0.0000 0.6094
vt 0.0000 0.6562
vt 0.0000 0.0469
vt 3.0059 21.5840
vt 0.0000 1.3125
vt 24.3945 -1.4463
vt 0.0000 0.2344
vt 26.7734 6.0244
vt 0.0000 0.1406
vt 0.0000 0.5156
vt 0.0010 0.1328
vt 0.0010 0.9844
vt 0.0010 2.4531
vt -22.4414 -22.0410
vt 0.0000 0.9219
vt -13.7471 -15.7363
vt 7.1816 -29.6250
vt 12.8242 -5.5244
vt 0.0000 0.0312
vt 0.0000 0.2031
vt 0.0000 0.0469
vt 0.0000 0.1406
vt 26.1973 -14.8066
vt -20.6953 -17.7012
vt -22.7305 10.9170
vt -24.2344 -23.2900
vt -31.6260 0.0371
vt 0.0000 0.1250
vt -27.2783 -9.2373
vt 0.0000 0.9688
vt 0.0000 3.3438
vt 0.0000 7.4844
vt -23.2148 6.0322
vt 0.0000 0.1250
vt 0.0000 2.1406
vt 0.0000 0.4531
vt 0.0000 0.2656
vt 0.0000 1.0625
vt 0.0000 0.0312
vt 0.0000 0.2188
vt 0.0000 0.1562
vt -6.2666 -12.7822
vt 0.0000 0.5469
vt 0.0000 0.0000
vt -24.0889 21.3740
vt 0.0000 0.1250
vt 0.0000 1.4609
vt -25.5010 10.3184
vt 24.5625 0.0684
vt 0.0000 0.0781
vt 1.5986 21.5059
vt 0.0000 0.0781
vt 0.0000 0.1094
vt 0.0000 0.0781
vt -25.5010 10.3184
vt 0.0000 0.0781
vt -25.5010 10.3184
vt -25.5010 10.3184
vt 0.0000 0.0781
vt 1.0029 0.7646
vt 0.0000 0.0781
vt -25.5010 10.3184
vt -15.5537 -16.7471
vt 0.0000 1.5547
vt 0.0000 1.5547
vt 0.0000 1.5547
vt 0.0000 1.5547
vt 0.0000 1.5547
vt 0.0000 1.5547
vt 0.0000 1.5547
vt 0.0000 1.5547
vt 0.0000 1.5547
vt 0.0000 1.5547
vt 0.0000 1.5547
vt 0.0000 1.5547
vt 0.0000 1.5547
vt 0.0000 1.5547
vt 0.0000 1.5547
vt 0.0000 1.5547
vt 0.0000 1.5547
vt 0.0000 1.5547
vt 0.0000 1.5547
vt 0.0000 1.5547
vt 0.0000 1.5547
vt 0.0000 1.5547
vt 0.0000 1.5547
vt 0.0000 1.5547
vt 0.0000 1.5547
vt 0.0000 1.5547
vt 0.0000 1.5547
vt 0.0000 1.5547
vt 0.0000 1.5547
vt 0.0000 1.6484
vt 0.0000 1.6484
vt 0.0000 1.6484
vt 0.0000 1.6484
vt 0.0000 1.6484
vt 0.0000 1.6484
vt 0.0000 1.6484
vt 0.0000 1.6484
vt 0.0000 1.6484
vt 0.0000 1.6484
vt 0.0000 1.6484
vt 0.0000 1.6484
vt 0.0000 1.6484
vt 0.0000 1.6484
vt 0.0000 1.6484
vt 0.0000 1.6484
vt 0.0000 1.6484
vt 0.0000 1.6484
vt 0.0000 1.6484
vt 0.0000 1.6484
vt 0.0000 1.6484
vt 0.0000 1.6484
vt 0.0000 1.6484
vt 0.0000 1.6484
vt 0.0000 1.6484
vt 0.0000 1.6484
vt 0.0000 1.6484
vt 0.0000 1.6484
vt 0.0000 1.6484
vt 0.0000 1.7422
vt 0.0000 1.7422
vt 0.0000 1.7422
vt 0.0000 1.7422
vt 0.0000 1.7422
vt 0.0000 1.7422
vt 0.0000 1.8359
vt 0.0000 1.9297
vt 0.0000 1.9297
vt 0.0000 1.9297
vt 0.0000 2.0234
vt 0.0000 2.0234
vt 0.0000 2.0234
vt 0.0000 2.0234
vt 0.0000 2.1172
vt 0.0000 2.1172
vt 0.0000 2.1172
vt 0.0000 2.2109
vt 0.0000 2.3047
vt 0.0000 2.3047
vt 0.0000 2.4922
vt 0.0000 2.5859
vt 0.0000 2.6797
vt 0.0000 2.6797
vt 0.0000 2.6797
vt 0.0000 2.6797
vt 0.0000 2.6797
vt 0.0000 2.6797
vt 0.0000 2.6797
vt 0.0000 2.6797
vt 0.0000 2.8672
vt 0.0000 2.9609
vt 0.0000 3.0547
vt 0.0000 3.0547
vt 0.0000 3.0547
vt -0.2480 1.1055
vt 0.0000 0.3506
vt -0.2471 0.3623
vt 0.0000 0.3691
vt 0.0000 0.0000
vt -0.2480 1.3232
vt 0.0000 0.3506
vt 0.0000 0.0000
vt 0.0000 0.0000
vt 0.0000 0.0000
vt 0.0000 0.0000
vt 0.0000 0.0000
vt -0.2441 0.8613
vt 0.0000 0.8662
vt 0.0000 0.0000
vt 0.0000 0.0000
vt -0.2480 1.1055
vt 0.0000 0.3506
vt -0.2471 0.3623
vt 0.0000 0.3691
vt 0.0000 0.0000
vt 0.0000 1.0361
vt 0.0000 0.0000
vt 0.0000 1.0352
vt 0.0000 0.0000
vt 0.0000 0.0000
vt 0.0000 1.0361
vt 0.0000 0.0000
vt 0.0000 1.0352
vt 0.0000 0.0000
vt 0.0000 0.0000
vt -0.2480 1.1055
vt 0.0000 0.3506
vt -0.2471 0.3623
vt 0.0000 0.3691
vt 0.0000 0.0000
vt -0.2480 1.3232
vt 0.0000 0.3506
vt 0.0000 0.0000
vt 0.0000 0.0000
vt 0.0000 0.0000
vt -0.2441 1.6855
vt 0.0000 0.0000
vt 0.0000 0.0000
vt 0.0000 0.0000
vt 0.0000 0.0000
vt -0.2441 1.6855
vt 0.0000 0.0000
vt 0.0000 0.0000
vt 0.0000 0.0000
vt 0.0000 0.0000
vt -0.2461 1.4834
vt 0.0000 0.0000
vt 0.0000 0.0000
vt 0.0000 0.0000
vt -0.2461 1.4961
vt 0.0000 0.0000
vt 0.0000 0.0000
vt 0.0000 0.0000
vt -0.2441 0.8613
vt 0.0000 0.8662
vt 0.0000 0.0000
vt 0.0000 0.0000
vt 0.0000 0.0000
vt 0.0000 0.0000
vt 0.0000 15.4922
vt 0.0000 12.9844
vt 0.0000 1.9844
vt 0.0000 1.9844
vt 8.2070 0.7627
vt -30.4365 -3.5010
vt 0.0000 0.0781
vt -30.4365 -3.5010
vt 0.0000 0.0781
vt -30.4365 -3.5010
vt 0.0000 0.0781
vt -24.4365 -3.5010
vt 0.0000 0.0781
vt -26.4365 -3.5010
vt -28.4365 -3.5010
vt -24.4365 -3.5010
vt -30.4365 -3.5010
vt 0.0000 0.0781
vt 0.0000 0.0781
vt 0.0000 0.0781
vt 0.0000 0.0781
vt 0.0000 0.0781
vt 0.0000 0.0234
vt 0.0000 3.0000
vt 0.0000 0.1562
vt 0.0000 0.0547
vt 25.3799 -25.8125
vt 0.0000 0.4023
vt -4.4971 -15.2373
vt 0.0000 0.1504
vt 0.0000 0.9004
vt 0.0000 0.1172
vt 0.0000 1.0566
vt 0.0000 0.3203
vt -26.9199 17.1602
vt 19.0781 27.1670
vt -21.2344 -10.3330
vt 2.9355 -12.7539
vt 0.0000 3.6582
vt 0.0000 0.3867
vt -23.4590 8.2051
vt 7.0664 7.0488
vt -27.7656 28.1250
vt 0.0000 0.9629
vt 0.0000 0.1582
vt -26.0264 8.2471
vt 0.0000 0.1074
vt 8.0596 26.6328
vt 0.0000 1.8984
vt 0.0000 1.3066
vt 0.0000 1.4941
vt 1.5010 -10.6680
vt 21.0781 20.0938
vt 0.0537 0.0049
vt 4.5557 24.4082
vt -15.7695 -25.6660
vt 0.0000 21.6816
vt -0.8750 -28.8682
vt -28.0039 0.3994
vt 0.0000 18.7129
vt -30.2305 -4.2783
vt 4.5967 14.5303
vt 0.0000 0.2305
vt 0.0000 0.6406
vt 0.0000 0.8828
vt 0.0000 1.0859
vt 0.0000 1.3516
vt 0.0000 1.5547
vt 0.0000 1.7500
vt 0.0000 1.9844
vt 0.0000 2.1797
vt 0.0000 2.3750
vt 0.0000 2.4766
vt 0.0000 2.6797
vt 0.0000 2.8672
vt 0.0000 3.0703
vt 0.0000 3.2734
vt 0.0000 3.4844
vt 0.0000 3.6875
vt 0.0000 3.8750
vt 0.0156 0.5000
vt 0.0000 0.0000
vt 0.0000 0.0938
vt 0.0000 0.3418
vt 0.2520 0.0000
vt 0.0605 0.0615
vt 0.0000 0.0156
vt 0.0000 3.7500
vt 0.0000 0.0000
vt 0.0967 0.0859
vt 0.0000 0.0156
vt 0.0234 1.5000
vt 0.0000 0.0000
vt 0.0000 0.0156
vt 0.2500 9.2500
vt -1.0000 0.0518
vt 0.0000 0.0000
vt 0.0371 0.0381
vt 0.0312 0.0322
vt 0.0186 0.0195
vt 0.0127 0.1885
vt 0.0000 0.0156
vt 0.2500 1.7500
vt 0.0000 0.0000
vt 0.0000 0.0000
vt 0.0000 0.0156
vt 0.0000 0.1074
vt 0.0000 1.0000
vt 0.0000 0.0000
vt 0.0000 0.0938
vt 0.0000 0.1660
vt 0.0840 0.0820
vt 0.0000 0.0938
vt 0.0000 0.1172
vt 0.0449 0.0488
vt 0.0518 0.0508
vt 0.0000 0.0938
vt 0.0039 0.0000
vt 0.0000 0.0938
vt 0.0000 0.1953
vt 0.0039 0.0000
vt 0.0000 0.0156
vt 0.0000 0.1074
vt 0.0000 0.0000
vt 0.0156 0.5000
vt 0.2529 0.1074
vt 0.0000 0.0000
vt 0.0000 0.0938
vt 0.0000 0.1660
vt 0.0000 0.0156
vt 0.0098 0.7500
vt 0.0000 0.0000
vt 0.0000 0.0938
vt 0.0000 0.3906
vt 0.0000 0.0156
vt 0.0000 0.5000
vt 0.0000 0.0000
vt 0.0000 0.0000
vt 0.0000 0.0938
vt 0.0000 0.2939
vt 0.0000 0.0156
vt 0.0000 1.0000
vt 0.0000 0.0000
vt 0.0000 0.0938
vt 0.0000 0.4102
vt 0.0000 0.0156
vt 0.0000 0.1074
vt 0.0000 0.0000
vt 0.1592 0.1387
vt 0.0000 0.0938
vt 0.0000 0.2930
vt 0.0039 0.0000
vt 0.1475 0.0000
vt 0.0000 0.0938
vt 0.0000 0.4541
vt 0.0039 0.0000
vt 0.0000 0.0156
vt 0.0312 0.2500
vt 0.0000 0.0000
vt 0.1406 0.0000
vt 0.0000 0.0938
vt 0.0000 0.0938
vt 0.0000 0.0938
vt 0.0000 0.1953
vt 0.0000 0.0156
vt 0.0000 0.1074
vt 0.0000 0.0000
vt 0.0000 0.0938
vt 0.0000 0.1953
vt 0.0039 0.0000
vt 0.0000 0.0156
vt 0.0000 0.2500
vt 0.0000 0.0000
vt 0.0000 0.0938
vt 0.0000 0.0938
vt 0.0000 0.6836
vt 0.0000 0.0156
vt 0.0000 0.0000
vt 0.0000 0.0938
vt 0.0000 0.1953
vt 0.0039 0.0000
vt 0.0000 0.0156
vt 0.0000 0.0000
vt 0.0029 0.0088
vt 0.0000 0.0938
vt 0.0000 0.0938
vt 0.0000 0.3418
vt 0.0039 0.0000
vt 0.0000 0.0156
vt 0.0000 0.0000
vt 0.0000 0.0156
vt 0.0000 0.0000
vt 0.0000 0.0938
vt 0.1953 0.1953
vt 0.0000 0.0156
vt 0.0000 0.0000
vt 0.1602 0.1611
vt 0.0000 0.0938
vt 0.0000 0.4492
vt 0.0039 0.0000
vt 0.0000 0.0156
vt 0.0000 0.0000
vt 0.0000 0.0156
vt 0.0000 0.0000
vt 0.1270 0.1279
vt 0.0000 0.0938
vt 0.0000 0.3906
vt 0.0000 0.0156
vt 0.0000 0.2500
vt 0.0000 0.0000
vt 0.0000 0.0938
vt 0.0000 0.1953
vt 0.1914 0.0000
vt 0.0000 0.0938
vt 0.0000 0.3906
vt 0.0000 0.0000
vt 0.0000 0.0156
vt 0.0000 0.0000
vt 0.0000 0.0938
vt 0.0000 0.3906
vt 0.0000 0.0156
vt 0.0000 0.0000
vt 0.0000 0.0938
vt 0.0000 0.3906
vt 0.0000 0.0156
vt 0.0000 1.2500
vt 0.0000 0.0000
vt 0.0000 0.0156
vt 0.0000 0.0156
vt 0.0000 0.0000
vt 0.0000 0.0938
vt 0.0000 0.4883
vt 0.0000 0.0156
vt 0.0000 1.0000
vt 0.0000 0.0938
vt 0.3906 0.3906
vt 0.0000 0.0156
vt 0.0000 0.0000
vt 0.0000 0.0938
vt 0.0000 0.3906
vt 0.1025 0.0957
vt 0.0000 0.0938
vt 0.0010 30.8906
vt 0.0059 13.3438
vt 0.0391 14.3125
vt 0.0459 16.0391
vt 0.0605 -7.0547
vt 0.0625 -18.2031
vt 0.0693 -1.1875
vt 0.0703 6.0391
vt 0.0791 -6.6094
vt 0.0801 2.5625
vt 0.0938 12.6875
vt 0.0957 10.0156
vt 0.0967 -14.4609
vt 0.1172 11.5234
vt 0.1201 -29.1250
vt 0.1240 -29.4219
vt 0.1436 20.5234
vt 0.1455 2.6797
vt 0.1504 -29.7578
vt 0.1572 19.5859
vt 0.1621 -28.6641
vt 0.1680 13.7891
vt 0.2539 12.7109
vt 0.2900 15.8281
vt 0.3301 -19.2500
vt 0.3320 19.9453
vt 0.3408 -7.9609
vt 0.3496 24.8359
vt -3.1660 -16.0361
vt 21.1816 -19.8633
vt -30.4463 -2.6943
vt -24.8574 -4.4385
vt -23.9824 30.5879
vt -1.6670 -14.0518
vt 29.5127 2.1309
vt 1.0859 0.0000
vt 3.5381 16.5322
vt -4.6396 -30.1572
vt 13.2373 13.0420
vt 11.9756 4.0264
vt 24.3066 26.1963
vt 7.8320 -1.6621
vt -28.4131 -21.3682
vt 31.3779 -24.9141
vt -16.9141 5.2617
vt 0.0264 20.5635
vt -2.5713 -1.4766
vt 3.4854 -2.2939
vt 4.2197 -29.3604
vt -17.6982 31.1641
vt 3.6807 24.7529
vt -17.7324 10.4043
vt 3.3516 -23.5430
vt 0.0000 0.0000
vt -16.4863 26.2363
vt 10.4727 23.1973
vt -30.7012 27.1924
vt -9.5654 15.3789
vt 4.4629 2.6709
vt 0.0312 0.0312
vt 0.0312 0.0312
vt 0.0312 0.0312
vt 0.2490 -3.2012
vt 0.0312 0.0312
vt 0.0312 0.0312
vt 0.0312 0.0312
vt 0.0312 0.0312
vt 12.6875 -11.5000
vt -11.1934 -4.0439
vt 4.8945 -27.4658
vt 4.4160 4.6006
vt 0.0312 0.0312
vt 0.0312 0.0312
vt 0.0312 0.0312
vt 12.6875 -8.9814
vt 0.0312 0.0312
vt 0.0312 0.0312
vt 0.0312 0.0312
vt 0.0312 0.0312
vt 23.1758 0.1406
vt -13.3955 -13.8477
vt -15.7549 0.0000
vt -0.2500 0.0020
vt 12.0371 8.9258
vt -6.7227 9.9990
vt -13.4355 -12.1680
vt -15.9043 28.3896
vt -30.7354 2.2012
vt 9.1670 13.7754
vt 27.9688 30.9521
vt -0.0127 12.1875
vt 0.0312 0.0312
vt 0.0312 0.0312
vt 0.0312 0.0312
vt -15.8105 3.3672
vt 0.0000 0.0000
vt 0.0312 0.0312
vt 0.0312 0.0312
vt 0.0312 0.0312
vt 0.2490 -3.2012
vt 0.0312 0.0312
vt 0.0312 0.0312
vt 0.0312 0.0312
vt 0.0000 0.2451
vt -14.3086 8.2061
vt 10.2070 14.1875
vt 0.0312 0.0312
vt 0.0312 0.0312
vt 0.0312 0.0312
vt -0.0127 12.1875
vt 0.0312 0.0312
vt 0.0312 0.0312
vt 0.0312 0.0312
vt 0.0312 0.0312
vt 20.5000 4.2158
vt -0.2363 -5.8730
vt 0.0000 0.0000
vt -15.7510 0.0000
vt 0.7129 20.0732
vt -6.0000 0.0000
vt 1.7031 -25.1162
vt 23.2764 7.6533
vt -21.7949 5.6455
vt -10.2236 18.1348
vt -22.8750 28.8398
vt 18.6504 16.3838
vt 14.0547 -19.8789
vt -30.7373 -31.6973
vt -0.3350 30.2529
vt -4.2354 13.9248
vt -0.0127 12.1875
vt -30.0625 0.2578
vt 16.5830 14.4141
vt -15.8105 3.6328
vt 15.7227 -24.5459
vt 10.0547 -7.4307
vt -1.1250 16.3213
vt 16.0156 16.5039
vt 21.5312 1.0029
vt 19.2891 -19.7021
vt -23.7363 22.3232
vt 12.5176 0.4980
vt -14.3652 9.1885
vt 3.8525 -20.3447
vt -6.8438 -12.6621
vt -11.4834 22.2051
vt -10.8379 -1.8672
vt 6.3379 -6.3203
vt 14.0801 17.8965
vt 29.0508 9.6787
vt 4.0059 23.2500
vt 26.4990 -4.0586
vt -3.0547 -0.1260
vt 8.4180 -9.3682
vt 30.2100 -2.7520
vt -17.1650 -6.7168
vt 3.7119 -19.2842
vt 0.0312 0.0312
vt 0.0312 0.0312
vt 0.0312 0.0312
vt 12.1875 -12.7373
vt 0.0312 0.0312
vt 0.0312 0.0312
vt 0.0312 0.0312
vt 0.0312 0.0312
vt 20.1523 -8.9141
vt 16.1279 -9.7510
vt 0.0312 0.0312
vt 0.0312 0.0312
vt 0.0312 0.0312
vt -15.7656 3.6963
vt 0.0312 0.0312
vt 0.0312 0.0312
vt 0.0312 0.0312
vt 0.0312 0.0312
vt -0.0078 -7.7500
vt -0.0127 12.1875
vt -8.0107 4.8662
vt -16.0137 -0.0010
vt 22.5625 -4.5605
vt -20.7363 24.1621
vt -0.4375 -26.8877
vt 4.7832 -26.9268
vt 28.4824 2.5234
vt -25.9346 -23.9434
vt -0.1035 7.5049
vt -15.7656 3.7119
vt 8.0088 3.4395
vt 5.8691 5.4111
vt 18.0039 -20.9785
vt -15.8369 3.5166
vt -17.9033 23.2891
vt 14.6748 -22.7939
vt 0.0488 8.8809
vt 4.0020 24.6377
vt 27.2393 -14.6748
vt -24.2979 -23.1875
vt 13.6719 -31.8486
vt -3.5508 -24.8174
vt -21.3682 2.8750
vt -26.9736 2.3789
vt -2.1045 3.7441
vt 3.1494 -30.2559
vt -30.9336 -28.3301
vt -2.7510 20.2490
vt 13.0146 -9.9707
vt -10.1982 23.4316
vt -13.2568 -22.4238
vt -0.0117 -16.3789
vt 6.6963 16.0781
vt 14.1484 29.4990
vt 8.5625 17.0107
vt -24.0889 4.6250
vt 22.5518 -19.6758
vt -23.2373 -1.5215
vt 12.1875 -6.9854
vt 0.4219 28.0400
vt 4.0078 25.6533
vt -0.0127 12.1875
vt 0.1943 27.7012
vt 27.6592 31.1641
vt -5.8438 0.0342
vt -22.8125 -22.4062
vt 12.1875 -10.7363
vt -6.4814 -15.4512
vt 0.0312 0.0312
vt 0.0312 0.0312
vt 0.0312 0.0312
vt 0.0312 0.0312
vt 0.0312 0.0312
vt 0.0312 0.0312
vt 0.0312 0.0312
vt 0.0312 0.0000
vt 26.9219 -13.4521
vt 23.9990 -0.0469
vt -19.5557 2.3750
vt 31.9990 -0.1533
vt 0.0312 0.0312
vt 0.0312 0.0312
vt 0.0312 0.0312
vt 0.0312 0.0312
vt 0.0312 0.0312
vt 0.0312 0.0312
vt -0.0127 12.1875
vt -16.7695 15.5479
vt 0.0312 0.0312
vt 0.0312 0.0312
vt 0.0312 0.0312
vt 0.0312 0.0312
vt 0.0312 0.0312
vt 0.0312 0.0312
vt 0.0312 0.0312
vt 0.0312 0.0312
vt -30.4814 26.3584
vt 7.6553 -29.2754
vt 27.2666 10.3457
vt -23.5391 -23.7988
vt 3.7432 30.7451
vt -11.8838 15.7393
vt -15.7783 3.8135
vt 3.8057 3.7217
vt 0.0312 0.0312
vt 0.0312 0.0312
vt 0.0312 0.0312
vt 0.0312 0.0312
vt 0.0312 0.0312
vt 0.0312 0.0312
vt 0.0312 0.0312
vt 0.0312 0.2490
vt 8.0000 8.0000
vt 20.7617 28.2129
vt 0.2031 -0.0127
vt 0.0312 0.0312
vt 0.0312 0.0312
vt 0.0312 0.0312
vt 0.0312 0.0312
vt 0.0312 0.0312
vt 0.0312 0.0312
vt 0.0312 0.0312
vt -8.2588 -18.3193
vt 0.0156 5.9990
vt 24.7842 23.6826
vt 12.2246 4.7637
vt 26.5400 -20.3809
vt -23.7314 30.2715
vt -8.7344 -4.9268
vt -28.4473 3.9014
vt 13.2070 19.3945
vt 28.3291 -28.7393
vt 0.0312 0.0312
vt 0.0312 0.0312
vt 0.0312 0.0312
vt 0.0312 0.0312
vt 0.0312 0.0312
vt 0.0312 0.0312
vt 0.0312 0.0312
vt 0.0312 0.0312
vt -0.0127 12.1875
vt -2.6572 -0.0010
vt -10.6094 -26.1436
vt 31.2617 31.2041
vt -2.8281 -25.9824
vt -11.8750 16.1953
vt 28.2500 0.0000
vt -0.0127 12.1875
vt 1.5400 -23.7500
vt 4.3682 -31.0605
vt 12.1875 -5.2363
vt -28.0322 -16.6504
vt 4.0098 4.7822
vt -29.7373 16.1504
vt -0.2500 0.0020
vt 18.0576 -20.0693
vt -31.0205 10.5039
vt 6.9990 5.1611
vt -0.0898 -12.9980
vt -27.4883 -21.7012
vt 29.2637 4.2754
vt -0.2500 0.0020
vt -0.2500 0.0020
vt -27.5078 -2.5674
vt -0.0127 12.1875
vt 12.1875 -25.4863
vt 8.1602 7.3242
vt -28.8340 -3.1143
vt -26.4111 16.7861
vt 14.7314 17.4756
vt -29.5186 0.0312
vt -27.3438 12.6953
vt 9.8281 -9.4824
vt -30.9287 29.7080
vt 21.6807 17.9580
vt -14.4863 -23.7861
vt -8.4678 10.8379
vt 0.0312 0.0312
vt 0.0312 0.0312
vt 0.0312 0.0312
vt -0.0127 12.1875
vt 0.0312 0.0312
vt 0.0312 0.0312
vt 0.0312 0.0312
vt 0.0312 0.0312
vt -0.0127 12.1875
vt 18.9775 -5.6572
vt 16.0938 -5.0566
vt 12.1875 -22.2334
vt 0.0312 0.0312
vt 0.0312 0.0312
vt 0.0312 0.0312
vt 0.0312 -0.0127
vt 0.0312 0.0312
vt 0.0312 0.0312
vt 0.0312 0.0312
vt -10.2354 13.3955
vt 6.0352 11.9990
vt -27.4082 25.2900
vt -3.7393 -5.8701
vt -20.7217 -25.6650
vt -0.0508 -6.7246
vt 30.1562 13.5020
vt -12.3105 -23.8750
vt -16.0098 25.8623
vt 22.3076 3.4023
vt 0.0312 0.0312
vt 0.0312 0.0312
vt 0.0312 0.0312
vt -0.0127 12.1875
vt 0.0312 0.0312
vt 0.0312 0.0312
vt 0.0312 0.0312
vt 0.0312 0.0312
vt 24.5703 -3.0293
vt -14.7119 16.7236
vt -3.3252 -21.3721
vt 3.5244 -28.2871
vt -15.7510 0.0000
vt 0.0000 0.5859
vt -10.7129 6.4375
vt -18.4307 10.3857
vt 20.2832 -13.7500
vt -15.8613 3.1953
vt 0.0000 0.5859
vt 0.0000 0.0000
vt 0.0000 0.0000
vt -15.7510 0.0000
vt 0.0000 0.5859
vt -31.8105 -31.4326
vt -28.6250 -32.0000
vt -21.9863 14.2676
vt 0.3301 -30.1738
vt -17.2324 -23.3193
vt 0.0312 0.0312
vt 0.0312 0.0312
vt 0.0312 0.0312
vt 0.0312 0.0312
vt 0.0312 0.0312
vt 0.0312 0.0312
vt 0.0312 0.0312
vt 0.0000 20.4160
vt -15.7812 0.0000
vt 0.0000 0.5859
vt 0.0000 0.0000
vt 0.0000 0.0000
vt 2.1494 20.4346
vt 21.3467 12.1592
vt 8.0000 8.0000
vt 0.0312 0.0312
vt 0.0312 0.0312
vt 0.0312 0.0312
vt 0.0312 0.0312
vt 0.0312 0.0312
vt 0.0312 0.0312
vt 0.0312 0.0312
vt 0.0312 0.0000
vt 0.0312 0.0312
vt 0.0312 0.0312
vt 0.0312 0.0312
vt 0.0000 22.0020
vt -3.8896 -21.9883
vt 0.0000 0.0000
vt 5.1416 -18.6533
vt 14.0859 -15.7529
vt 1.3105 24.6182
vt 9.7109 16.2490
vt -3.2031 -15.9111
vt -3.2031 -13.8945
vt 11.0430 -5.1641
vt -16.4219 24.5879
vt -30.9951 -22.0195
vt -8.2383 10.9873
vt -0.0127 12.1875
vt -0.9980 2.0957
vt 31.1152 -0.8018
vt -31.9980 -17.8711
vt 0.0312 0.0312
vt 0.0312 0.0312
vt 0.0312 0.0312
vt -0.0127 12.1875
vt 0.0312 0.0312
vt 0.0312 0.0312
vt 0.0312 0.0312
vt 0.0312 0.0312
vt 8.5195 -21.0781
vt -5.4854 12.3105
vt -28.9873 24.1855
vt -16.1016 0.7910
vt 2.7109 13.0283
vt -21.5508 12.6621
vt 24.2188 10.0342
vt -25.9658 30.7168
vt -31.4346 -32.0000
vt -25.9990 8.0234
vt 21.5293 0.0537
vt -6.2354 14.0801
vt -12.9521 8.0156
vt -3.9229 -21.7363
vt -19.0000 0.0000
vt -13.9854 4.2168
vt -31.7822 20.1123
vt 31.0625 -27.0059
vt 0.1729 8.0254
vt 31.9961 -20.7881
vt -26.1572 -9.1562
vt 0.4150 7.9092
vt -0.0635 -0.0127
vt -27.2510 -0.0400
vt 0.7246 10.6660
vt -0.0127 12.1875
vt 7.5957 4.1123
vt 2.5068 0.5029
vt -26.2373 -25.6924
vt -0.6670 -2.6943
vt 16.5068 15.7002
vt -0.0010 -10.7510
vt -7.6631 -16.0010
vt 21.9990 19.8740
vt -1.4404 -28.3574
vt -0.0107 -24.5010
vt -31.9980 4.5791
vt 0.0791 -25.6777
vt -11.7783 -1.1982
vt -24.7998 -10.5449
vt -0.0010 -1.3135
vt 6.1562 0.5059
vt 16.1602 -30.4150
vt 10.2217 5.5176
vt 24.7158 -0.0010
vt -14.7803 -26.3447
vt 0.0312 0.0312
vt 0.0312 0.0312
vt 0.0312 0.0312
vt 0.0312 -0.0127
vt 0.0312 0.0312
vt 0.0312 0.0312
vt 0.0312 0.0312
vt 17.8643 27.6133
vt 5.7607 1.6865
vt -13.8633 7.7646
vt -29.8662 17.0312
vt 0.5352 -0.0020
vt 25.1895 6.8379
vt -20.4053 -30.2881
vt 31.3369 -28.3555
vt 2.1328 19.3779
vt -23.2344 0.1035
vt -29.0771 -23.3750
vt -0.0117 3.2412
vt 8.5693 18.6641
vt 16.0352 4.9355
vt 23.4775 13.3662
vt 31.9980 -26.6260
vt 12.1826 16.7979
vt -19.4873 -15.8926
vt 0.0000 0.0000
vt -13.6553 13.1729
vt 28.4600 -17.1914
vt -25.3154 30.1406
vt 12.1875 -25.7383
vt -14.2510 -10.3457
vt -0.0605 -16.0039
vt -16.7393 -5.7109
vt 19.0107 -1.6924
vt -0.1719 -30.3760
vt 8.0156 -22.2588
vt -28.6465 -30.7109
vt 12.1875 -1.2363
vt -0.0127 12.1875
vt -29.4922 3.6445
vt -29.1240 -22.4375
vt 25.5811 -24.5938
vt 20.2998 14.3330
vt -0.0020 29.9990
vt -13.9199 -25.8838
vt -19.3574 10.2070
vt -30.2012 4.3994
vt -25.2686 -28.2314
vt -26.7344 -26.8857
vt 8.5938 -19.7354
vt -24.6680 -31.8711
vt 13.0527 6.8525
vt -0.2754 8.8008
vt 6.3340 -18.6807
vt -29.3311 -23.0977
vt -0.0068 -23.2080
vt -24.0059 -25.8799
vt 17.4990 -0.0342
vt 17.6768 -0.0127
vt -28.2090 -17.5146
vt 12.1875 31.7646
vt -14.3594 0.1631
vt 19.7783 21.3984
vt -22.6494 -24.0000
vt -18.2900 -0.8789
vt -0.0127 12.1875
vt 14.4668 15.4912
vt 4.7979 -15.8291
vt 13.1875 8.7178
vt 1.3535 -23.1846
vt 0.0312 0.0312
vt 0.0312 0.0312
vt 12.1875 -6.7354
vt 0.0312 0.0312
vt 0.0312 0.0312
vt 0.0312 0.0312
vt 16.2676 -10.2021
vt -0.0264 -28.2236
vt -4.7510 -0.1934
vt -19.2363 -5.6895
vt -12.0732 16.1104
vt 12.3291 -0.0127
vt 18.5000 0.5430
vt -23.6006 0.8018
vt 23.4131 9.9053
vt -22.5879 -14.4170
vt -0.0127 12.1875
vt -29.5068 -27.4727
vt -25.6035 25.5479
vt -18.9199 14.1787
vt -0.0889 -16.0010
vt 7.7373 -13.4990
vt -21.2461 -1.6621
vt -1.6133 6.0801
vt 31.0166 18.2100
vt 17.2314 -20.1943
vt 1.0283 20.5088
vt -5.2832 24.5859
vt -6.7119 29.5664
vt -0.0107 13.9541
vt -0.0293 3.9980
vt 0.7842 21.1689
vt -2.7998 30.0127
vt -0.0801 -0.0127
vt 12.1875 -30.7373
vt -27.9746 -25.4160
vt 10.0273 18.5605
vt -28.2500 27.3672
vt -27.7324 -13.7012
vt 19.1484 -10.3701
vt 0.0312 0.0312
vt 0.0312 0.0312
vt 0.0312 0.0312
vt -0.0127 12.1875
vt 0.0312 0.0312
vt 0.0312 0.0312
vt 0.0312 0.0312
vt 0.0312 0.0312
vt -3.0010 0.0312
vt 0.0312 0.0312
vt 0.0312 0.0312
vt 0.0312 0.0312
vt 0.0312 0.0000
vt 0.0312 0.0312
vt 0.0312 0.0312
vt 0.0312 0.0312
vt 1.6904 0.2031
vt -20.3643 0.5166
vt 0.0000 0.0000
vt -29.4844 3.7061
vt -0.0352 -9.6104
vt -2.7285 -5.6113
vt 27.1719 5.5283
vt 2.7900 13.7510
vt 1.0645 25.4375
vt 0.0000 0.0000
vt 0.0000 0.0000
vt -21.5479 -0.0029
vt -31.7334 10.5605
vt 10.0410 0.2607
vt 13.6289 -23.9570
vt 18.8623 30.6787
vt 3.5791 1.0244
vt -5.8662 16.2754
vt 31.9561 -16.1826
vt 9.8789 -22.6045
vt -14.0166 22.8809
vt -10.4590 -19.8369
vt -31.8643 29.0488
vt -8.0098 9.1943
vt -0.0010 -0.0010
vt 3.6650 8.7139
vt -20.4141 -25.2510
vt 0.0752 -22.6777
vt -21.2500 0.0020
vt 0.0000 0.5859
vt 0.0000 0.0000
vt -0.2500 0.0020
vt -15.7510 0.0000
vt -0.2500 0.0020
vt 0.0000 0.0000
vt -15.7510 0.0000
vt 0.0000 0.5859
vt 0.0000 0.0000
vt 0.0000 0.0000
vt -15.7510 0.0000
vt 0.0000 0.5859
vt 0.0000 0.0000
vt 0.0000 0.0000
vt -0.2500 0.0020
vt 0.0000 0.5859
vt 0.0000 0.0000
vt -0.2500 0.0020
vt -15.7510 0.0000
vt -0.2500 0.0020
vt 0.0000 0.0000
vt -15.7510 0.0000
vt 0.0000 0.5859
vt 0.0000 0.0000
vt 0.0000 0.0000
vt -15.7510 0.0000
vt 0.0000 0.5859
vt 0.0000 0.0000
vt 0.0000 0.0000
vt -0.2500 0.0020
vt 0.0000 0.5859
vt 0.0000 0.0000
vt -0.2500 0.0020
vt -15.7510 0.0000
vt -0.2500 0.0020
vt 0.0000 0.0000
vt -15.7510 0.0000
vt 0.0000 0.5859
vt 0.0000 0.0000
vt 0.0000 0.0000
vt -15.7510 0.0000
vt 0.0000 0.5859
vt 0.0000 0.0000
vt 0.0000 0.0000
vt -0.2500 0.0020
vt 0.0000 0.5859
vt 0.0000 0.0000
vt -0.2500 0.0020
vt -15.7510 0.0000
vt -0.2500 0.0020
vt 0.0000 0.0000
vt -15.7510 0.0000
vt 0.0000 0.5859
vt 0.0000 0.0000
vt 0.0000 0.0000
vt -15.7510 0.0000
vt 0.0000 0.5859
vt 0.0000 0.0000
vt 0.0000 0.0000
vt -0.2500 0.0020
vt 0.0000 0.5859
vt 0.0000 0.0000
vt -0.2500 0.0020
vt -15.7510 0.0000
vt -0.2500 0.0020
vt 0.0000 0.0000
vt -15.7510 0.0000
vt 0.0000 0.5859
vt 0.0000 0.0000
vt 0.0000 0.0000
vt -15.7510 0.0000
vt 0.0000 0.5859
vt 0.0000 0.0000
vt 0.0000 0.0000
vt -0.2500 0.0020
vt 0.0000 0.5859
vt 0.0000 0.0000
vt -0.2500 0.0020
vt -15.7510 0.0000
vt -0.2500 0.0020
vt 0.0000 0.0000
vt -15.7510 0.0000
vt 0.0000 0.5859
vt 0.0000 0.0000
vt 0.0000 0.0000
vt -15.7510 0.0000
vt 0.0000 0.5859
vt 0.0000 0.0000
vt 0.0000 0.0000
vt -0.2500 0.0020
vt 0.0000 0.5859
vt 0.0000 0.0000
vt 0.0312 0.0312
vt 0.0312 0.0312
vt 0.0312 0.0312
vt -0.2500 0.0020
vt 0.0312 0.0312
vt 0.0312 0.0312
vt 0.0312 0.0312
vt 0.0312 0.0312
vt 0.0312 0.0312
vt 0.0312 0.0312
vt 0.0312 0.0312
vt 0.0312 0.0312
vt -15.9531 -3.0010
vt -3.0010 0.0000
vt 0.0000 0.0000
vt 0.0000 0.0000
vt -15.9512 -3.0010
vt -23.2393 -31.8643
vt -8.9531 -24.0098
vt -22.7363 0.2832
vt 4.5869 15.7070
vt -17.6445 -16.7793
vt 2.0703 -27.7842
vt 1.9570 23.4902
vt 3.8525 4.7100
vt 1.5273 28.3438
vt -18.5225 -13.1973
vt -29.3418 -15.5713
vt 22.3076 -10.9512
vt 24.1074 0.3945
vt 17.1768 12.0381
vt -22.0010 -3.2031
vt 4.8369 -4.3018
vt -21.5723 22.0547
vt -7.8916 8.9551
vt 30.7666 30.2910
vt 4.1895 8.7021
vt 0.0312 0.0312
vt 0.0312 0.0312
vt 0.0312 0.0312
vt 0.0312 0.0312
vt 0.2490 -3.2012
vt 8.0000 8.0000
vt -4.9844 2.2285
vt 1.3154 -8.8115
vt 18.7344 -23.7100
vt 17.7295 3.4111
vt 18.0479 -31.7568
vt -9.2559 -16.2568
vt -26.6934 9.7100
vt -19.2363 18.3535
vt 12.1875 -20.9863
vt -5.1729 30.8057
vt -24.0967 10.2754
vt 25.1465 6.5586
vt -20.9844 -23.6895
vt -25.8174 4.1992
vt -31.2363 28.2217
vt -28.9541 -30.1250
vt -19.4990 -27.2354
vt -5.4219 3.1445
vt 15.2998 9.8789
vt 20.7812 -25.7617
vt -0.0566 0.9131
vt -31.1562 -26.8359
vt 0.0312 0.0312
vt 0.0312 0.0312
vt 0.0312 0.0312
vt 0.0312 0.0312
vt 0.0312 0.0312
vt 0.0312 0.0312
vt 0.0312 0.0312
vt 4.0176 -17.5244
vt -14.8799 -5.0957
vt 7.9736 24.0000
vt 0.0312 0.0312
vt 0.0312 0.0312
vt 0.0312 0.0312
vt 0.0312 -0.0127
vt 0.0312 0.0312
vt 0.0312 0.0312
vt 0.0312 0.0312
vt -9.9980 9.2188
vt 0.9717 -19.1748
vt -8.2969 20.0801
vt 0.0312 0.0312
vt 0.0312 0.0312
vt 0.0312 0.0312
vt 0.0312 0.0312
vt 0.0312 0.0312
vt 0.0312 0.0312
vt 0.0312 0.0312
vt 20.6074 25.9541
vt -30.5000 -13.3740
vt -24.5518 -24.9170
vt 0.2744 -21.6680
vt -10.9648 2.3408
vt -31.9570 -9.1670
vt 20.9297 -17.0420
vt -5.9043 -16.7510
vt -29.1182 20.5000
vt -19.2363 18.3145
vt 2.5635 11.3438
vt 3.3291 11.6416
vt 0.1318 20.0000
vt -0.2354 2.4941
vt 7.3916 16.9189
vt 0.0312 0.0312
vt 0.0312 0.0312
vt 0.0312 0.0312
vt 0.0312 0.2490
vt -0.3496 7.0000
vt -0.0127 12.1875
vt 15.1357 -17.1631
vt -7.1211 -17.0215
vt -0.0127 12.1875
vt -5.0791 -1.4434
vt 11.4062 -14.1777
vt -18.9834 -1.7441
vt -31.9307 0.2598
vt -10.0791 -28.9229
vt 0.0312 0.0312
vt 0.0312 0.0312
vt 0.0312 0.0312
vt 12.1875 -0.2500
vt 0.0312 0.0312
vt 0.0312 0.0312
vt 0.0312 0.0312
vt 0.0312 0.0312
vt -31.2539 -29.8252
vt -31.3730 4.2734
vt 3.9688 -20.4033
vt -4.3877 -19.5039
vt 25.1377 -26.0693
vt -3.2012 -15.7744
vt 0.0000 0.0000
vt 0.0000 0.0000
vt -18.7363 26.6191
vt 10.8555 18.1768
vt -0.7822 -16.0039
vt 4.1035 10.7100
vt -32.0000 -2.2148
vt -13.8477 -21.8096
vt -0.0127 12.1875
vt 11.5928 13.1807
vt -7.5010 -3.2031
vt 25.9990 -11.5986
vt -27.5732 -1.6719
vt -5.4961 8.8359
vt -22.2363 10.2988
vt 3.4463 26.6943
vt -22.4854 -29.9473
vt -30.4395 -28.2500
vt -20.0000 16.0439
vt -29.4229 13.6992
vt -30.5654 8.2119
vt -10.4854 0.4199
vt -12.3438 -6.3008
vt 5.2715 5.1094
vt -8.4834 12.0879
vt 26.9033 5.1562
vt 0.4004 16.7148
vt 21.9961 -5.6416
vt 29.4678 -0.0176
vt 21.5957 -0.3096
vt 16.7285 18.1309
vt -2.7461 9.0566
vt -31.8691 27.3877
vt -0.0029 8.2363
vt -31.9668 31.5986
vt -5.1553 0.1328
vt -15.0566 12.8711
vt -0.0088 -20.2510
vt 15.0918 31.9502
vt 3.6016 -7.2744
vt -9.4746 15.8994
vt -16.6221 9.5576
vt -28.4414 -27.2119
vt 4.0400 -7.3486
vt -19.9863 20.3379
vt 7.6816 -7.3105
vt -15.2324 -1.4473
vt 3.0938 0.3242
vt -16.4941 28.0830
vt 30.4082 -7.7822
vt -29.9219 13.5830
vt 0.0312 0.0312
vt 0.0312 0.0312
vt 0.0312 0.0312
vt 0.0312 0.0312
vt 0.0312 0.0312
vt 0.0312 0.0312
vt 0.0312 0.0312
vt 0.0312 0.2490
vt 0.0312 12.5205
vt -29.6475 -17.6133
vt 23.2422 -10.0449
vt 4.7207 20.7178
vt 11.8242 5.6406
vt -0.0010 -0.0830
vt -0.3867 9.0430
vt -9.1914 -18.3115
vt -6.6377 19.6104
vt -15.7930 3.6113
vt 19.8457 -0.1924
vt -22.4268 24.5469
vt -0.0039 31.1250
vt -18.7881 -24.8379
vt 8.2490 -3.2031
vt 7.3906 -15.9258
vt 29.7559 18.9629
vt 31.1084 -20.8066
vt 25.1357 16.7119
vt -4.0010 4.4121
vt 31.0645 25.2422
vt 0.0312 0.0312
vt 0.0312 0.0312
vt 3.7588 -0.3408
vt 0.0312 0.0312
vt 0.0312 0.0312
vt 0.0312 0.0312
vt 0.0312 0.0312
vt -12.2344 8.2285
vt 3.6973 10.6670
vt 0.0312 0.0312
vt 0.0312 0.0312
vt 0.0312 0.0312
vt 0.0312 -0.0127
vt 0.0312 0.0312
vt 0.0312 0.0312
vt 0.0312 0.0312
vt -31.0557 1.1338
vt -14.3262 2.5547
vt -3.2012 -15.7529
vt -16.4570 -15.8086
vt -10.5654 -11.6748
vt 10.8789 -23.4639
vt 19.5449 29.9131
vt 0.6338 -10.1494
vt -24.5801 21.6670
vt 2.7666 8.5303
vt 2.5156 12.4824
vt -10.7656 -1.9863
vt 4.2021 -15.8477
vt 0.4990 -3.2012
vt -2.2568 17.0176
vt -22.6885 -12.0029
vt 30.3145 -31.3691
vt 9.6660 27.0078
vt 11.7119 -19.4375
vt -31.2373 22.2363
vt 28.3145 -31.7432
vt -16.3242 -21.4072
vt -5.1758 2.7109
vt 0.0312 0.0312
vt 0.0312 0.0312
vt 0.0312 0.0312
vt 0.0312 0.0312
vt -0.0127 12.6875
vt -0.0127 12.1875
vt 14.7959 29.4990
vt 6.9941 6.3574
vt 13.6201 31.1309
vt -0.0127 12.1875
vt 0.0000 0.0000
vt 0.0000 0.0000
vt -0.2500 0.0020
vt 0.0000 0.5859
vt -0.7988 30.9268
vt -1.7041 -0.0020
vt -31.9873 30.2285
vt -23.6680 -23.7422
vt 30.9219 -3.8701
vt 3.3916 -19.2939
vt 4.8066 11.6865
vt -7.7510 -3.2031
vt 9.1172 24.9375
vt -23.9951 -31.2109
vt -7.9834 -1.6074
vt 0.0000 0.5859
vt 4.6973 4.6787
vt 0.0000 0.0000
vt -15.7510 0.0000
vt -0.2500 0.0020
vt -32.0000 0.0000
vt -1.6299 5.6133
vt -15.2500 1.1299
vt -21.6777 0.5029
vt -14.5010 -3.2031
vt 0.0000 0.0000
vt 7.1191 -7.3662
vt 0.0000 0.0000
vt 3.5391 -17.2744
vt 18.7109 22.6426
vt -7.9971 30.3457
vt 7.7920 30.6973
vt -6.2344 -9.4785
vt 26.7979 -6.9268
vt -5.3965 -4.7949
vt 15.9336 -12.7168
vt -0.0010 -0.0088
vt -25.6416 21.7158
vt -18.6885 -1.1016
vt -29.0361 -10.0879
vt -0.4922 18.0801
vt -2.1992 6.4824
vt 26.0195 15.7412
vt -23.7852 -23.7607
vt -25.8438 -22.1055
vt 3.4453 -16.2627
vt -21.8623 -17.4932
vt 5.0557 -14.2393
vt -9.8867 18.6162
vt 21.2305 -19.9170
vt -31.4824 12.5176
vt -15.8086 3.6719
vt -13.2500 0.0020
vt -20.8994 -9.6006
vt 12.0000 7.7510
vt 8.9219 1.1406
vt 3.5479 30.7246
vt -15.8037 0.0000
vt 3.6572 25.6748
vt -5.9980 0.0312
vt -22.5957 -31.3760
vt -31.9902 0.8506
vt 0.0000 0.0000
vt 0.0000 0.0000
vt 0.0000 0.5859
vt 1.8574 29.7295
vt -27.4873 -15.5566
vt -15.8164 2.8770
vt 0.0000 0.0000
vt 0.0000 0.5859
vt -31.9941 3.0938
vt -15.8604 4.0000
vt 0.1465 12.1777
vt 3.4766 -27.2588
vt -2.9668 13.5820
vt -15.7510 0.0000
vt 0.0000 0.5859
vt 19.1787 -21.3916
vt 18.6025 21.6807
vt 9.0469 16.6562
vt 15.9990 -0.5059
vt 4.2822 -25.3760
vt -2.7705 -26.1406
vt -3.3564 22.0742
vt 31.4131 8.1562
vt 13.4658 -0.0127
vt 20.4521 -1.6465
vt -12.4033 30.9795
vt 2.3877 4.0645
vt -16.9160 -11.3281
vt 20.0889 -31.2949
vt 14.5488 -18.4219
vt 0.0000 0.0000
vt -29.5010 -13.0635
vt -17.9863 -15.9785
vt 0.0000 0.0000
vt 0.0000 0.5859
vt -2.5723 -14.8994
vt 0.0000 0.0000
vt 0.0000 0.0000
vt 0.1748 17.6064
vt 12.5273 21.6621
vt 18.9912 -16.7080
vt -0.0146 -10.4863
vt -23.3555 -16.7422
vt -15.7510 0.0000
vt 0.0000 0.5859
vt 0.0000 0.0000
vt -6.0098 -0.0010
vt 0.0000 0.0000
vt 8.0254 -20.3789
vt 0.0303 16.9326
vt 1.0244 1.9443
vt -27.7520 -26.3242
vt 3.5244 13.7373
vt 6.6045 -21.4014
vt 6.3662 10.1270
vt -27.9824 -17.4863
vt 7.6484 -25.2500
vt -24.7070 -31.0273
vt 28.3809 21.0107
vt 28.5312 16.1406
vt -18.5420 4.9355
vt 28.3457 1.2383
vt -1.0137 0.2520
vt -0.0010 -0.0010
vt 0.0000 19.9863
vt -19.4980 3.6162
vt -23.5215 29.2344
vt -15.7510 0.0000
vt 0.0000 0.5859
vt 0.0000 0.0000
vt 0.0000 0.0000
vt -0.2500 0.0020
vt 0.0000 0.5859
vt 0.0000 0.0000
vt -0.2500 0.0020
vt -15.7510 0.0000
vt -0.2500 0.0020
vt 0.0000 0.0000
vt -15.7510 0.0000
vt 0.0000 0.5859
vt -28.7646 5.8564
vt -4.1953 -12.4395
vt -29.8018 -2.8818
vt 24.2979 18.9307
vt 11.1592 -6.5996
vt 27.9990 2.2979
vt 0.0312 0.0312
vt 0.0312 0.0312
vt 0.0312 0.0312
vt 0.0312 0.2490
vt 0.0312 0.0312
vt 0.0312 0.0312
vt 0.0312 0.0312
vt 8.0000 8.0000
vt 0.0312 -31.9795
vt 14.5889 30.1172
vt -31.7666 -29.3232
vt -10.2344 -15.6230
vt -12.5234 9.1924
vt -5.3750 -27.3545
vt 0.0000 0.0000
vt 9.0156 18.8457
vt 4.3145 14.6123
vt 12.0596 -30.4375
vt -22.0635 -2.6670
vt -0.1650 -4.3584
vt 0.3281 2.8271
vt 0.3350 6.6260
vt -31.4844 14.4043
vt 0.0000 0.0020
vt 10.9053 -6.2080
vt -0.0039 -4.0127
vt -14.4854 18.2520
vt -14.2031 -4.4141
vt 6.2676 -31.8398
vt 20.0205 -28.0186
vt -0.1250 26.2188
vt -18.7334 -17.8809
vt 0.0000 0.0000
vt 24.7705 6.1387
vt 0.0000 0.5859
vt 0.0000 0.0000
vt -15.7510 0.0000
vt 0.0000 0.5859
vt 0.0479 -7.6846
vt 12.0068 -21.5840
vt 26.0918 22.8828
vt 0.0312 0.0312
vt 0.0312 0.0312
vt 0.0312 0.0312
vt 0.0312 0.0312
vt 0.0312 0.0312
vt -3.0010 8.0000
vt -27.9873 24.9844
vt 8.1260 28.1406
vt 30.8643 -1.6211
vt -21.7607 1.6367
vt -30.1250 17.2861
vt -4.0010 -3.2031
vt -15.7510 0.0000
vt 0.0000 0.5859
vt 1.3242 -31.9795
vt 0.0352 -13.8408
vt -0.0684 -18.0127
vt 4.1885 -7.5156
vt 3.5947 26.7529
vt -0.2500 0.0020
vt 0.0000 0.0000
vt 0.0000 0.0000
vt -15.7510 0.0000
vt 0.0000 0.5859
vt 2.1279 0.0420
vt -19.3887 -23.0107
vt -15.9043 2.8125
vt 0.0000 0.0000
vt 0.0000 0.5859
vt 3.9844 -28.3135
vt 0.0000 0.0000
vt -15.7510 0.0000
vt 0.0000 0.5859
vt 0.0000 0.0000
vt 0.0000 0.0000
vt -0.2500 0.0020
vt 0.0000 0.5859
vt -4.1689 -19.1084
vt 14.7637 -5.6699
vt 18.2695 -25.7188
vt -17.4209 2.6162
vt 5.8770 0.1191
vt 4.4814 -16.7275
vt -31.8750 24.4990
vt 20.5869 15.1621
vt -15.7510 0.0000
vt 0.0000 0.5859
vt 6.1797 23.1533
vt 3.2520 0.0625
vt -13.7500 0.0020
vt 0.0000 0.5859
vt 0.0000 0.0000
vt -6.6953 1.2490
vt 18.3750 16.1416
vt -23.6133 -8.3701
vt -27.7344 18.1680
vt 3.1758 4.9863
vt -15.7510 0.0000
vt 0.0000 0.5859
vt 0.0000 0.0000
vt 0.0000 0.0000
vt -0.2500 0.0020
vt -0.0020 -28.7793
vt 0.2520 0.1875
vt -21.5010 -3.2012
vt -0.9492 -4.9834
vt 6.5732 25.7236
vt 2.7354 10.6279
vt 4.8252 0.8457
vt 17.0615 14.0039
vt 16.4180 -3.3086
vt -18.3887 27.4092
vt 0.0312 0.0312
vt 0.0312 0.0312
vt 0.0312 0.0312
vt -0.0127 12.1875
vt 0.0312 0.0312
vt 0.0312 0.0312
vt 0.0312 0.0312
vt 0.0312 0.0312
vt -31.9121 0.1562
vt 3.4854 8.7607
vt -8.6035 18.5752
vt -2.2725 -21.5361
vt -21.3340 -13.7139
vt 26.0195 7.1357
vt 2.4629 -21.4238
vt 3.7832 13.7568
vt 26.9883 19.9990
vt 22.3174 0.5273
vt -29.1836 -3.2998
vt -13.5859 7.9131
vt 6.6924 -1.0098
vt 27.8828 3.5488
vt -8.5400 -30.3965
vt -21.1465 28.3135
vt -18.2510 30.5010
vt -0.0010 -1.2686
vt 28.0586 7.7949
vt -0.0732 16.8301
vt 3.8047 -30.2588
vt 29.9346 18.6123
vt 3.4541 22.7412
vt -2.7510 -0.0010
vt -16.4863 -21.8691
vt 3.4141 -24.5352
vt 0.0000 0.0000
vt -0.2500 0.0020
vt -15.7510 0.0000
vt -0.2500 0.0020
vt 0.0000 0.0000
vt 12.1523 -3.6182
vt -22.9834 -7.4707
vt 0.1064 -23.3828
vt 0.0312 0.0312
vt 0.0312 0.0312
vt 0.0312 0.0312
vt 0.0312 -0.0127
vt -12.4863 -13.6035
vt 19.3115 -0.4209
vt 10.4043 8.0088
vt 10.4062 20.1885
vt -10.7734 11.0059
vt 0.0039 -29.5059
vt -22.0234 -19.4531
vt -0.7021 -8.3770
vt 25.8740 23.9180
vt 31.9834 25.3066
vt 29.3887 -19.5947
vt 28.1846 -31.8936
vt 28.4990 -3.2012
vt -29.9150 28.1572
vt 21.5547 -0.4795
vt -0.2363 18.3574
vt -0.9072 -29.4707
vt 19.0820 14.9893
vt -8.5449 10.7393
vt 15.8262 -2.7598
vt -26.9688 0.8936
vt 1.0547 0.2178
vt 15.0723 0.0762
vt 31.7910 11.4941
vt 8.1553 -13.5312
vt -5.9268 -18.0029
vt 30.1406 19.0898
vt 3.6025 -29.2832
vt 23.9824 -2.5625
vt -0.7256 -17.9355
vt -31.2617 -10.2705
vt 12.6875 -29.2324
vt -15.8730 3.3047
vt 0.0312 0.0312
vt 0.0312 0.0312
vt 0.0312 0.0312
vt 0.0312 0.0312
vt 0.0312 0.0312
vt 0.0312 0.0312
vt -0.0127 12.1875
vt 3.9229 17.6162
vt 22.4473 -31.9531
vt 0.0332 -18.5439
vt -4.0352 8.4512
vt -31.3594 -24.7715
vt -24.5215 29.8945
vt 4.5322 -31.3311
vt -7.5469 5.3828
vt -12.5244 -3.0830
vt -26.6494 14.1807
vt -22.9658 -3.2754
vt -7.9727 -10.3174
vt -0.5098 -25.6064
vt 0.0312 0.0312
vt 0.0312 0.0312
vt 0.0312 0.0312
vt 0.0312 0.0312
vt 0.8779 1.2266
vt -18.4375 -0.1680
vt -13.3555 0.0000
vt 21.2490 -3.2031
vt -3.2031 -15.8271
vt -20.0000 29.0898
vt 0.0312 0.0312
vt 0.0312 0.0312
vt 0.0312 0.0312
vt 0.0312 0.0312
vt 0.0312 0.0312
vt 0.0312 0.0312
vt 0.0312 0.0312
vt 0.0312 0.0312
vt 0.0312 0.0312
vt 0.0312 0.0312
vt 10.1992 1.6338
vt -30.1934 31.8311
vt -24.5469 7.4121
vt -27.0010 -1.5586
vt 0.0312 0.0312
vt 0.0312 0.0312
vt 0.0312 0.0312
vt 0.0312 0.0312
vt 0.0312 0.0312
vt 0.0312 0.0312
vt 0.0312 0.0312
vt 0.0312 -0.0127
vt -0.0127 12.1875
vt -17.7939 -7.8076
vt 23.9990 -1.5918
vt 4.7666 24.7334
vt 16.9365 -2.5078
vt -0.0127 12.6875
vt 24.3516 22.0234
vt -0.4961 25.6016
vt -29.6250 0.0098
vt 3.4854 -18.2559
vt -8.0010 -21.5342
vt -31.9990 -15.7812
vt 20.5098 23.3389
vt 20.2598 17.7969
vt 22.6553 31.3379
vt 25.6084 -0.1826
vt 0.0312 0.0312
vt 0.0312 0.0312
vt 0.0312 0.0312
vt 0.0312 -0.0127
vt -0.0010 -3.2031
vt 25.0674 3.1270
vt 21.5664 -23.2002
vt 3.7744 27.6670
vt -20.0967 -16.1074
vt 0.0312 0.0312
vt 0.0312 0.0312
vt 0.0312 0.0312
vt 0.0312 0.0312
vt 0.0312 0.0312
vt 0.0312 0.0312
vt -14.6514 31.5234
vt -31.2637 -29.3936
vt -25.8379 -23.3809
vt -25.2510 -3.2031
vt 19.3398 12.7939
vt -6.8877 28.2490
vt 24.2490 -3.2012
vt -21.3652 -25.5742
vt -19.2363 26.3379
vt -4.0039 8.9346
vt -0.6162 -16.0645
vt 22.8223 -30.8750
vt 9.6650 -26.4844
vt 0.0312 0.0312
vt 0.0312 0.0312
vt 0.0312 0.0312
vt 0.0312 -0.0127
vt 0.0312 0.0312
vt 0.0312 0.0312
vt 0.0312 0.0312
vt 10.7832 -11.5156
vt -2.9014 -19.9033
vt 21.8584 -2.6963
vt -15.1748 18.2520
vt 0.9443 -13.0000
vt -0.0010 -0.0010
vt 12.1875 -6.7363
vt 0.0312 0.0312
vt 0.0312 0.0312
vt -0.9834 12.3535
vt 0.0312 0.0312
vt 0.0312 0.0312
vt 0.0312 0.0312
vt 0.0312 0.0312
vt -8.4590 10.9414
vt -5.5537 30.8516
vt 10.4443 9.1738
vt 28.0146 -13.4746
vt 11.0068 31.3242
vt -15.8086 4.4150
vt -16.2344 12.3145
vt 0.0000 0.0000
vt -15.7510 0.0000
vt 0.0000 0.5859
vt -10.1816 -0.0010
vt 2.0576 -5.9990
vt -17.1924 21.5254
vt 16.2842 18.1514
vt 16.0000 -21.0723
vt -0.7432 29.4287
vt 8.2373 -21.4219
vt -7.9727 27.2109
vt 3.4434 -0.2070
vt 0.9883 0.1006
vt -28.7373 20.1621
vt -24.5430 -13.2656
vt -22.2734 -20.0537
vt 3.9775 -2.3525
vt 0.0000 0.0000
vt -15.7510 0.0000
vt -0.2500 0.0020
vt -15.7510 0.0000
vt -0.2500 0.0020
vt 0.0000 0.0000
vt -15.7510 0.0000
vt 0.0000 0.5859
vt 0.0000 0.0000
vt 0.0000 0.0000
vt -15.7510 0.0000
vt 0.0000 0.5859
vt 0.0000 0.0000
vt 0.0000 0.0000
vt -0.2500 0.0020
vt 0.0000 0.5859
vt -11.2334 13.6670
vt 4.0645 15.7422
vt 0.0312 0.0312
vt 0.0312 0.0312
vt 0.0312 0.0312
vt 0.0312 0.0312
vt 0.0312 0.0312
vt 0.0312 0.0312
vt 0.0312 0.0312
vt 0.0312 0.0801
vt -22.7793 -27.4297
vt -30.2373 14.0879
vt -21.7881 -7.4062
vt 0.0312 0.0312
vt 0.0312 0.0312
vt 0.0312 0.0312
vt 0.0312 0.0312
vt 0.0312 0.0312
vt 0.0312 0.0312
vt 0.0312 0.0312
vt 0.0312 0.0312
vt 0.0312 0.0312
vt 0.2148 -5.7188
vt 0.0312 0.0312
vt 0.0312 0.0312
vt 0.0312 0.0312
vt 26.4990 27.9502
vt 5.0557 -2.2627
vt -15.7910 3.5244
vt -21.3135 20.8867
vt 12.6875 -29.2363
vt 24.8398 -0.5195
vt 22.1982 12.2646
vt 15.1787 -0.0020
vt -10.4854 -22.7705
vt -25.8232 -25.2656
vt 6.3438 0.1123
vt -15.7842 3.5566
vt 31.8838 5.1885
vt 10.4062 -23.6045
vt 0.1377 -1.7344
vt -2.5166 15.4150
vt -0.0439 -11.8838
vt 0.0420 -3.2891
vt -0.2500 -19.9951
vt 0.1719 1.3555
vt 0.0000 0.0000
vt 0.0000 0.0000
vt 18.0664 11.2246
vt 23.8135 -29.0176
vt -0.2920 30.6807
vt 4.0791 -20.2900
vt 28.6846 -7.4336
vt -0.3477 10.8691
vt -7.6436 -17.2451
vt 0.5029 0.3828
vt 16.2812 -17.8711
vt 29.3877 -0.8018
vt 19.5830 -31.4688
vt -9.6797 9.6504
vt 0.7578 16.4365
vt -27.8672 -12.0010
vt 24.3926 -14.6982
vt -0.2363 28.3105
vt 0.0000 0.0000
vt 0.0000 0.0000
vt 0.0000 10.9863
vt -15.7510 0.1719
vt 0.1719 1.3555
vt 25.8711 -23.5693
vt -30.6592 28.0605
vt -27.2295 7.1562
vt 16.5732 5.8721
vt 24.6758 12.1924
vt -13.3730 -29.3711
vt 0.0312 0.0312
vt 0.0312 0.0312
vt 0.0312 0.0312
vt 0.0312 -0.0127
vt 0.0312 0.0312
vt 0.0312 0.0312
vt 0.0312 0.0312
vt 0.0312 0.0312
vt 12.6875 -0.2500
vt -0.0127 12.1875
vt 27.6260 -24.9531
vt 24.6816 6.6416
vt 29.0635 -0.0127
vt -1.1416 -4.3633
vt -13.0723 30.5664
vt -19.5000 -24.0615
vt 21.1162 9.5684
vt -29.9014 4.8643
vt 16.2432 -17.7920
vt 5.7197 0.0020
vt 0.2119 4.6445
vt 4.9941 0.1494
vt 0.0000 0.0000
vt 0.0000 0.0000
vt 0.0000 10.9863
vt -15.7510 0.1719
vt 0.1719 1.3555
vt 0.0000 0.0000
vt 0.0000 0.0000
vt 0.0000 0.0000
vt 0.0000 0.0000
vt 0.0420 -3.2891
vt -0.2500 -19.9951
vt 0.1719 1.3555
vt 0.0000 0.0000
vt 0.0000 0.0000
vt 0.0000 0.0000
vt 0.0000 0.0000
vt 0.0000 0.0000
vt 0.0000 0.0420
vt 0.0420 -3.2891
vt -0.2500 -19.9951
vt -26.9863 -17.6836
vt 9.8740 -7.9619
vt 27.1309 25.6328
vt -18.7090 -0.9941
vt -18.6182 31.5479
vt 0.0000 0.0000
vt 0.0000 0.0000
vt 0.0000 10.9863
vt -15.7510 0.1719
vt 0.1719 1.3555
vt 0.0000 0.0000
vt 0.0000 0.0000
vt 0.0000 0.0000
vt 0.7734 8.0029
vt -12.7617 0.1289
vt -23.4697 -9.0811
vt -25.6592 7.1064
vt -23.4863 0.3027
vt -0.0010 -0.7939
vt -12.4863 -7.6660
vt -6.7344 -21.4473
vt -15.2500 -19.9951
vt 0.1719 1.3555
vt 0.0000 0.0000
vt 0.0000 0.0000
vt 0.0000 0.0000
vt 0.0000 0.0000
vt 16.8135 -27.4971
vt 19.4648 -24.9248
vt -15.8330 4.2578
vt 3.1250 16.4883
vt 0.0000 0.0000
vt 0.0000 0.0000
vt 0.0000 0.0000
vt 0.0000 0.0000
vt -0.0010 -1.8066
vt -22.4521 -28.9062
vt 5.0098 7.2646
vt -25.2803 14.6543
vt 6.6377 18.0039
vt 4.8447 17.7832
vt -10.2500 -19.9951
vt 0.0000 0.0000
vt 0.0000 0.0000
vt 0.0000 10.9863
vt -13.7510 0.1719
vt 0.0000 0.0000
vt 0.3594 -19.9688
vt 16.1230 -27.2617
vt 0.0312 0.0312
vt 0.0312 0.0312
vt 0.0312 0.0312
vt -26.4180 28.0918
vt -0.0127 12.1875
vt 14.7656 20.8799
vt 15.2490 -3.2012
vt -6.1631 -31.7295
vt 8.7324 -2.5713
vt 27.6035 20.3018
vt -29.0430 -2.0928
vt 9.0625 20.6719
vt 0.0312 0.0312
vt 0.0312 0.0312
vt 0.0312 0.0312
vt 0.0312 0.0312
vt 0.0312 0.0312
vt 0.0312 0.0312
vt 0.0312 0.0312
vt 0.0312 0.0312
vt 0.0469 -3.0010
vt -25.6934 4.2471
vt -6.9150 -16.0254
vt -27.6230 -10.6289
vt -16.0342 -26.5381
vt 17.7910 -26.8740
vt 11.9307 9.0820
vt -24.8037 5.1816
vt 17.4160 3.9062
vt 0.1406 0.1035
vt 0.0000 0.1562
vt 1.2471 29.0576
vt 18.3301 -18.6875
vt 5.8711 -13.3682
vt 21.6865 6.3613
vt 13.7471 -5.3887
vt 22.0781 26.5215
vt 10.1562 -11.7617
vt -21.7041 -22.2100
vt 2.3799 -8.0312
vt 17.5967 13.6523
vt -18.7256 8.4707
vt 14.5566 14.7158
vt 24.0967 -10.4717
vt 23.9990 -0.0010
vt 17.5195 15.5020
vt -0.0107 -8.0186
vt -5.0059 11.0947
vt -3.2979 24.0000
vt 0.0059 -15.7090
vt 6.5947 -21.3164
vt 0.3418 -11.9668
vt -3.5039 -0.0127
vt 28.8135 2.6123
vt 14.3086 3.7207
vt -31.3438 -3.8994
vt -17.8896 8.0332
vt -23.4678 -9.1074
vt 18.5713 16.5479
vt 27.3262 16.9980
vt -8.0537 -13.9844
vt -19.2949 -0.8184
vt -7.8301 21.4482
vt -30.7305 28.1338
vt 18.7031 -4.8418
vt 2.3604 -5.9062
vt 26.9824 0.8203
vt 20.2744 7.8115
vt -14.4072 -0.0127
vt -9.6895 14.9863
vt -13.6709 24.0967
vt 29.9209 -7.3301
vt 3.5869 26.7979
vt 6.6523 -16.5820
vt 4.2100 -30.8359
vt 28.7148 1.4932
vt 0.0000 0.2393
vt 22.0771 15.2627
vt 0.8340 28.0146
vt 4.0215 27.9785
vt 0.0039 -16.0039
vt 0.2871 18.3184
vt -16.0420 1.4355
vt 6.8164 -6.7607
vt 2.1387 -6.7119
vt -29.9561 9.0811
vt 11.1719 -18.6074
vt 22.0713 -12.4990
vt 20.1875 -7.4434
vt 1.2510 -6.3125
vt 7.2256 -2.9189
vt 25.2646 14.9902
vt 10.2227 -0.9805
vt 7.0059 -1.5107
vt 12.9990 -0.0010
vt -3.7520 26.9023
vt -8.6875 -9.7881
vt -21.2510 2.1621
vt 4.0000 26.7285
vt -16.1475 22.4824
vt -13.4150 -17.5234
vt -22.0059 7.5488
vt -15.7256 -1.1191
vt 17.6748 5.8291
vt -1.2295 19.0723
vt 9.2939 -10.1562
vt -3.9414 16.4541
vt 8.6270 -12.3955
vt -13.5693 4.1260
vt 30.2754 -15.1738
vt -21.2510 0.6172
vt 5.6660 0.5117
vt 11.6533 1.7881
vt -20.2422 5.0039
vt -21.5312 -28.8633
vt 2.3789 -24.7705
vt -0.3047 19.1650
vt -23.4277 13.2529
vt -4.6055 -20.8252
vt -19.0518 7.3467
vt 18.2764 20.7002
vt 1.0557 10.7207
vt 22.4004 1.8232
vt -25.7188 11.1660
vt 5.2656 18.7900
vt 26.1689 10.0293
vt 23.5928 2.7607
vt 0.0312 0.0312
vt 0.0312 0.0312
vt 0.0312 0.0312
vt 0.0312 0.0312
vt 0.0312 0.0312
vt 0.0312 0.0312
vt 0.0312 0.0312
vt 0.0312 0.0312
vt 8.0000 8.0000
vt -15.9219 -3.0010
vt 0.0312 0.0312
vt 0.0312 0.0312
vt 0.0312 0.0312
vt 0.0312 0.0312
vt 0.0312 0.0312
vt 0.0312 0.0312
vt 0.0312 0.0312
vt 0.1504 -15.9219
vt -1.2520 -0.0322
vt 2.5703 -6.7402
vt 31.8867 -6.9248
vt 27.1934 -26.1035
vt 16.1250 12.2168
vt -12.7344 8.4551
vt -23.7139 8.5801
vt -13.8145 4.0479
vt -15.8779 8.1973
vt -29.1533 -31.1738
vt 0.0312 0.2490
vt 0.0312 0.0312
vt 0.0312 0.0312
vt 0.0312 0.0312
vt -0.0127 12.1875
vt 1.3750 -31.8623
vt -26.9121 18.3047
vt 3.0166 -21.0156
vt -11.7812 9.3066
vt 29.7754 0.3887
vt 25.3184 7.0938
vt 0.0312 0.0312
vt 0.0312 0.0312
vt 0.0312 0.0312
vt 0.0312 0.2490
vt 0.0312 0.0312
vt 0.0312 0.0312
vt 0.0312 0.0312
vt 28.0342 16.6221
vt 11.6641 14.4365
vt 0.0312 -0.0127
vt 0.0312 0.0312
vt 0.0312 0.0312
vt 0.0312 0.0312
vt -28.4287 -1.5127
vt 4.4141 -0.0547
vt -0.0127 12.1875
vt -12.5869 13.1016
vt 0.0312 0.0312
vt 0.0312 0.0312
vt 0.0312 0.0312
vt 0.0312 0.0312
vt -8.5703 -30.0000
vt -15.5713 22.9795
vt -11.4346 19.2734
vt -18.0811 -19.8516
vt -5.9385 -12.0010
vt 0.0312 0.0312
vt 0.0312 0.0312
vt 0.0312 0.0312
vt 0.0312 0.0312
vt 0.0000 0.0000
vt 0.0000 0.0000
vt -0.2500 0.0020
vt 0.0000 0.5859
vt 0.1133 -25.1084
vt -24.1367 -0.6377
vt -30.8154 22.0654
vt 3.8770 18.6436
vt -7.2812 -31.9980
vt 3.7900 15.6982
vt 7.7188 -31.7051
vt 18.2480 -21.3291
vt -3.9824 26.5059
vt 19.5059 11.5039
vt -4.9854 30.4316
vt 0.0000 0.0000
vt -0.2500 0.0020
vt -24.5869 -29.6250
vt 30.5254 -9.0215
vt 16.7842 -6.8467
vt 0.0000 0.0000
vt 0.0000 0.0000
vt -0.2500 0.0020
vt 0.0000 0.5859
vt 0.0000 0.0000
vt -15.7510 0.0000
vt -0.2500 0.0020
vt 9.1338 6.3086
vt 15.4990 7.5244
vt -31.0107 0.0957
vt 7.8105 31.6846
vt 7.2305 14.6660
vt 0.0000 0.0000
vt -0.2500 0.0020
vt 0.0000 0.5859
vt 0.0000 0.0000
vt 0.0000 0.0000
vt -0.2500 0.0020
vt 0.0000 0.5859
vt 4.3525 -5.2344
vt -0.0371 30.0020
vt 8.0879 22.5703
vt 12.1875 31.5312
vt -20.2363 -3.4707
vt -9.5039 -16.4258
vt -15.7754 3.6182
vt 0.0000 0.5859
vt 0.0000 0.0000
vt 0.0000 0.0000
vt -0.2500 0.0020
vt 0.0000 0.5859
vt 0.0000 0.0000
vt 0.0000 0.0000
vt -0.2500 0.0020
vt 0.0000 0.0000
vt -15.7510 0.0000
vt -0.2500 0.0020
vt 12.7627 -7.8877
vt -22.9785 -5.9297
vt 16.1367 3.9561
vt -8.2363 -7.8281
vt 0.0000 0.5859
vt -15.7812 3.9463
vt -7.4873 -27.8184
vt 12.3887 0.0625
vt 0.0000 0.5029
vt -20.2510 27.0029
vt 9.3691 10.6133
vt 8.0059 16.0449
vt -10.4092 -1.1670
vt -31.7549 -12.6143
vt -15.7510 0.0000
vt 0.0000 0.5859
vt 0.0000 0.0000
vt 0.0000 0.0000
vt -0.2500 0.0020
vt 0.0000 0.5859
vt 0.0000 0.0000
vt 0.0000 0.0000
vt -0.2500 0.0020
vt 0.0000 0.5859
vt 0.0000 0.0000
vt -15.7510 0.0000
vt -0.2500 0.0020
vt -15.7510 0.0000
vt -0.2500 0.0020
vt 0.0000 0.0000
vt -15.7510 0.0000
vt 0.0000 0.5859
vt 0.0000 0.0000
vt 0.0000 0.0000
vt -0.2500 0.0020
vt 0.0000 0.5859
vt -6.3076 18.6318
vt 4.6660 7.5850
vt 0.0312 0.0312
vt 0.0312 0.0312
vt 0.0312 0.0312
vt 0.0312 0.0312
vt 0.0312 0.0312
vt 0.0312 0.0312
vt 0.0312 0.0312
vt -27.4482 26.7256
vt 0.0557 -27.5781
vt 5.5488 -19.4990
vt -18.5000 0.0020
vt 0.0000 0.5859
vt 0.0000 0.0000
vt 0.0000 0.0000
vt -0.2500 0.0020
vt 22.8027 -2.2344
vt -19.2324 -11.5059
vt 0.0000 0.0000
vt 3.4844 -6.5547
vt 0.0000 0.0000
vt 0.0000 0.0000
vt -15.7832 4.6572
vt 3.4141 20.3828
vt -20.4023 12.4443
vt -1.7227 -12.6553
vt 1.9102 11.2148
vt -18.0059 -2.6924
vt -15.7510 0.0000
vt 0.0000 0.5859
vt 0.0000 0.0000
vt -15.7510 0.0000
vt 0.0000 0.5859
vt 0.0000 0.0000
vt 0.0000 0.0000
vt -0.2500 0.0020
vt 0.0000 0.5859
vt 0.0000 0.0000
vt 0.0000 0.0000
vt -0.2500 0.0020
vt 0.0000 0.0000
vt -15.7510 0.0000
vt -0.2500 0.0020
vt -15.7510 0.0000
vt 0.0000 0.5859
vt 0.0000 0.0000
vt -15.7510 0.0000
vt 0.0000 0.5859
vt 0.0000 0.0000
vt 0.0000 0.0000
vt -0.2500 0.0020
vt 0.0000 0.5859
vt 0.0000 0.0000
vt 0.0000 0.0000
vt 0.0000 0.0000
vt -17.9941 26.5693
vt 0.0312 0.0312
vt 0.0312 0.0312
vt 0.0312 0.0312
vt 12.1875 -12.4844
vt 0.0312 0.0312
vt 0.0312 0.0312
vt 0.0312 0.0312
vt 0.0312 0.0312
vt 13.1191 6.3379
vt -7.7500 0.0020
vt -20.3232 13.5859
vt -3.2031 -15.8730
vt 0.0312 0.0312
vt 0.0312 0.0312
vt 0.0312 0.0312
vt 19.6123 -24.7949
vt 17.1699 10.5586
vt -29.4688 10.5000
vt 4.9961 0.0801
vt -25.1631 -11.5215
vt -15.9463 29.8018
vt -9.1641 16.1055
vt 0.0312 0.0312
vt 0.0312 0.0312
vt 0.0312 0.0312
vt 0.0312 0.0312
vt 0.0312 0.0312
vt 0.0312 0.0312
vt 0.0312 0.0312
vt 0.0420 -21.7422
vt -26.0010 -28.5479
vt 0.2559 -23.4326
vt -3.2031 -15.8975
vt 0.0312 0.0312
vt 0.0312 0.0312
vt 0.0312 0.0312
vt 0.0312 0.0312
vt 0.0312 0.0312
vt 0.0312 0.0312
vt 0.0312 0.0312
vt 0.0000 -10.9502
vt -30.4971 -30.7646
vt 18.0703 21.8447
vt -15.9189 2.9072
vt 24.3584 13.0791
vt 30.8203 21.2402
vt -24.0020 1.4160
vt 3.9990 -0.0049
vt 22.0205 20.5459
vt 29.1152 -8.5801
vt 16.6357 31.9990
vt 0.0312 0.0312
vt 0.0312 0.0312
vt 0.0312 0.0312
vt 0.0312 0.2490
vt 8.0000 8.0000
vt 0.0312 0.0312
vt 0.0312 0.0312
vt 0.0312 0.0312
vt 20.4463 0.5859
vt 31.0635 -31.6943
vt -15.7510 0.0000
vt 0.0000 0.5859
vt 0.0000 0.0000
vt 0.0000 0.0000
vt 17.0977 20.9971
vt 12.6875 -28.7324
vt -10.2607 29.2520
vt 20.8965 22.0449
vt 0.0312 0.0312
vt 0.0312 0.0312
vt 0.0312 0.0312
vt 0.0312 -0.0127
vt 0.0312 0.0312
vt 0.0312 0.0312
vt 0.0312 0.0312
vt -3.2031 -15.7559
vt -15.7773 4.8447
vt 4.0234 31.6436
vt 0.0000 0.0000
vt 0.0000 0.0000
vt 0.0000 0.0000
vt -7.0781 -0.0127
vt 1.0781 26.1289
vt 14.6855 0.7832
vt -23.7373 -5.8301
vt 22.1875 1.4385
vt 15.8398 -28.7930
vt 0.1445 -15.9580
vt 4.0254 12.6436
vt 0.8145 -15.3906
vt 4.1641 28.5000
vt -13.8730 -8.7637
vt 0.0312 0.0312
vt 0.0312 0.0312
vt 0.0312 0.0312
vt -3.2031 -15.8027
vt 0.0312 0.0312
vt 0.0312 0.0312
vt 0.0312 0.0312
vt 0.0312 0.0312
vt -27.9258 30.0527
vt 0.0312 0.0312
vt 0.0312 0.0312
vt 0.0312 0.0312
vt 0.0312 0.0312
vt -6.5820 26.4229
vt -24.8184 -8.8711
vt 21.1035 16.9941
vt 0.0312 0.0312
vt 0.0312 0.0312
vt 0.0312 0.0312
vt 0.0312 0.2490
vt 8.0000 8.0000
vt -16.4590 -28.6719
vt -0.5947 -13.1885
vt -10.1572 -6.0117
vt -15.9072 -2.8760
vt 0.0312 0.0312
vt 0.0312 0.0312
vt 0.0312 0.0312
vt 3.3359 19.5430
vt 1.2207 16.7197
vt -10.2793 9.8291
vt -10.9834 -29.5801
vt -4.0312 7.7686
vt -25.1689 -15.7686
vt -5.8574 -17.6670
vt -15.9756 -28.2012
vt -0.0010 31.2227
vt -11.0596 7.0381
vt -13.2012 -26.4668
vt 28.4307 20.7842
vt 12.6875 -10.2314
vt 9.7949 -25.2510
vt 0.0312 0.0312
vt 0.0312 0.0312
vt 0.0312 0.0312
vt 0.0312 0.0312
vt 0.0312 0.0312
vt 0.0312 0.0312
vt 0.0312 0.0312
vt 0.2490 -3.2031
vt 8.0000 8.0000
vt 16.4990 -0.5771
vt 1.5410 27.5928
vt 25.2734 20.8076
vt -11.1172 19.6338
vt 4.0557 2.6553
vt 11.0850 21.0479
vt 18.2676 2.2676
vt -5.8438 9.8047
vt 30.4199 25.8174
vt -21.6367 12.8252
vt -19.9531 5.0830
vt -31.4805 -22.9043
vt -22.1572 -0.0029
vt 0.0312 0.0312
vt 0.0312 0.0312
vt 4.1641 -13.2939
vt 0.0312 0.0312
vt 0.0312 0.0312
vt 0.0312 0.0312
vt 0.0312 0.0312
vt 20.4375 -15.0869
vt 12.1875 -10.4854
vt 23.0166 -6.9482
vt 14.5469 19.5771
vt 0.0312 0.0312
vt 0.0312 0.0312
vt 0.0312 0.0312
vt 0.0312 0.0312
vt 0.0312 0.0312
vt 0.0312 0.0312
vt 0.0312 0.0312
vt 0.0312 0.0312
vt -6.9844 21.9248
vt -4.6289 -29.2695
vt -27.9199 -9.2148
vt 0.0312 0.0312
vt 0.0312 0.0312
vt 0.0312 0.0312
vt 0.2490 -3.2031
vt 8.0000 8.0000
vt 0.0312 0.0312
vt 0.0312 0.0312
vt 0.0312 0.0312
vt 0.0312 0.0312
vt 30.4824 -1.2090
vt 3.7266 -0.2666
vt 25.2549 -24.8125
vt -13.7510 -14.3281
vt -15.7822 3.8369
vt 0.0000 0.5859
vt -0.0254 -0.0420
vt -15.8027 4.0010
vt 0.6895 -5.2305
vt -12.7930 10.6855
vt 5.3076 11.1992
vt -6.6660 7.5020
vt 4.7041 -11.2783
vt 18.4609 -7.6328
vt 0.0098 28.4258
vt -19.9609 24.0723
vt -4.4854 -15.7363
vt -15.8193 0.0000
vt -1.2500 0.0020
vt 15.9893 -28.3916
vt -31.5195 2.2637
vt -23.8086 -29.8691
vt 0.8564 28.2139
vt -3.2012 -15.7822
vt -18.5010 -0.0010
vt -17.9414 26.6104
vt -2.0713 -16.2207
vt -10.9854 2.4590
vt 31.9990 -17.3438
vt -15.7900 4.8291
vt 19.7490 -18.9238
vt 13.7412 5.7334
vt 10.2891 28.4336
vt 6.6406 -14.3594
vt 0.0312 0.0312
vt 0.0312 0.0312
vt 0.0312 0.0312
vt 0.0312 0.0312
vt 0.0312 0.0312
vt 0.0312 0.0312
vt 0.0312 0.0312
vt -0.0127 12.6875
vt 19.2705 1.5000
vt 9.3662 27.0332
vt 25.4014 2.6152
vt -20.9199 10.7500
vt 0.0312 0.0312
vt 0.0312 0.0312
vt 0.0312 0.0312
vt -0.0127 12.1875
vt 0.0312 0.0312
vt 0.0312 0.0312
vt 0.0312 0.0312
vt 2.9785 -11.0840
vt 23.9941 0.0039
vt -19.7793 19.4082
vt -0.0127 12.6875
vt 8.8770 -17.4346
vt -16.1455 -24.3223
vt 30.2617 30.2910
vt -18.2959 -16.4844
vt -0.1777 -11.3965
vt 17.8750 28.0264
vt -3.0264 6.2344
vt 0.7725 -2.6016
vt 9.3643 16.7490
vt 20.1074 0.7998
vt -14.2852 6.6729
vt 25.4492 -16.3330
vt 3.8359 4.4834
vt -12.5508 10.8438
vt 0.0312 0.0312
vt 0.0312 0.0312
vt 0.0312 0.0312
vt 0.0312 -0.0127
vt 7.7764 -31.7012
vt 31.9707 21.0703
vt 0.1396 27.7314
vt 10.2910 5.1270
vt 1.5068 5.6318
vt -27.1045 9.0000
vt -0.0127 4.2363
vt 11.4492 -28.9023
vt 4.0781 19.7373
vt 12.1602 -21.5244
vt -11.5000 0.3174
vt 18.9990 2.8145
vt 5.5166 -5.5459
vt -14.0312 0.1768
vt 14.9746 -5.0693
vt -6.1250 25.8330
vt -15.7783 -31.4277
vt 11.0166 5.2539
vt -1.6660 -0.0322
vt 8.0000 2.2812
vt 28.5029 21.3301
vt -12.4863 -25.9199
vt 9.6807 12.8525
vt 23.4678 2.0059
vt 18.8477 28.3574
vt -31.0000 0.1104
vt -8.5029 18.4570
vt -10.3789 -12.9355
vt 0.4482 -0.0010
vt -30.8496 -8.6533
vt 15.1729 -5.1621
vt 0.0312 0.0312
vt 0.0312 0.0312
vt 0.0312 0.0312
vt 0.0312 0.0312
vt 0.0312 0.0312
vt 0.0312 0.0312
vt 0.0312 0.0312
vt 0.0312 0.0312
vt -20.9824 -31.4004
vt 0.1768 -21.1074
vt -25.4287 6.3418
vt 7.6650 7.6797
vt 2.2490 -3.2031
vt -22.1670 -1.0303
vt 14.5684 23.8340
vt 13.6299 15.0098
vt -25.6387 -0.3838
vt -15.8262 0.0000
vt 0.0000 0.5859
vt 0.0000 0.0000
vt -15.7510 0.0000
vt 0.0000 0.5859
vt 0.0000 0.0000
vt 0.0000 0.0000
vt -0.2500 0.0020
vt 0.0000 0.5859
vt -31.1113 6.3037
vt -8.3262 16.1064
vt -12.3584 -6.9326
vt -0.0127 12.6875
vt 0.0312 0.0312
vt 0.0312 0.0312
vt 0.0312 0.0312
vt -15.8125 3.1016
vt 3.1416 23.7021
vt 3.7500 -11.2979
vt -21.7422 -5.7178
vt -31.8750 17.9844
vt 4.4482 -3.5039
vt -2.1074 -13.1748
vt 3.3525 18.7373
vt -21.4844 -17.9121
vt -0.0127 12.1953
vt 16.1406 -8.0557
vt -12.6094 -23.7900
vt 0.1035 -5.0840
vt 0.0312 0.0312
vt 0.0312 0.0312
vt 0.0312 0.0312
vt 0.0312 0.0312
vt 0.0312 0.0312
vt 0.2490 -3.2012
vt 8.0000 8.0000
vt 3.8135 -10.2900
vt 0.4844 21.1631
vt 1.6133 -22.2246
vt -19.8760 -26.8691
vt 26.4863 -2.5332
vt 0.0312 0.0312
vt 0.0312 0.0312
vt 0.0312 0.0312
vt 0.0312 0.0312
vt 0.0312 0.0312
vt 0.0312 0.2490
vt 8.0000 8.0000
vt -1.7969 0.0693
vt 19.6543 26.1426
vt -10.4883 14.8369
vt 0.0312 0.0312
vt 0.0312 0.0312
vt 0.0312 0.0312
vt 0.0312 0.0312
vt 0.0312 0.0312
vt -0.0127 12.1875
vt 0.0312 0.0312
vt 0.0312 0.0312
vt 0.0312 0.0312
vt 0.0312 0.0312
vt 4.7490 -3.2031
vt 0.0312 0.0312
vt 0.0312 0.0312
vt 0.0312 0.0312
vt 12.1875 -25.9873
vt -31.5898 -28.6953
vt 6.4941 -5.7539
vt -13.8672 20.2539
vt -22.5010 -1.7441
vt -5.5000 0.3848
vt 0.0312 0.0312
vt 0.0312 0.0312
vt 0.0312 0.0312
vt 0.2490 -3.2031
vt 0.0312 0.0312
vt 0.0312 0.0312
vt 0.0312 0.0312
vt 28.0215 -25.1621
vt -2.1045 -6.7461
vt 5.1523 -7.0576
vt 4.2061 -31.3291
vt -27.5449 24.9189
vt -23.7334 -26.6924
vt 0.0312 0.0312
vt 0.0312 0.0312
vt 0.0312 0.0312
vt 0.0312 0.0312
vt -15.7510 3.8447
vt 13.6816 -0.0127
vt -31.8711 -19.3398
vt 31.3447 -28.2285
vt 27.7646 -7.5947
vt 16.3281 -14.6357
vt 28.6709 15.8799
vt 21.6289 -12.6182
vt 21.9883 0.0000
vt -8.2295 30.8848
vt -17.2471 18.7539
vt -19.2773 30.8711
vt 17.0020 -12.4375
vt 13.5146 3.3516
vt 8.1055 -27.5283
vt 4.0117 1.0029
vt -15.7930 3.5703
vt 0.0000 0.5859
vt 12.8350 12.4990
vt -28.5020 -22.3945
vt -18.8213 -9.6562
vt 27.3096 -21.1680
vt 0.0000 0.0000
vt 4.1914 0.0566
vt 6.3857 17.7783
vt 11.8936 -2.1611
vt 28.8965 -8.6055
vt -12.9443 -5.6416
vt 0.0000 0.0000
vt -15.7510 0.0000
vt -0.2500 0.0020
vt -0.0010 -0.0010
vt 0.3223 -7.8779
vt 16.0000 -6.9980
vt 17.7461 13.2305
vt -20.5127 -14.7510
vt 24.0000 -3.8281
vt -4.4854 -7.7051
vt 27.5381 11.8838
vt 14.0000 0.1025
vt 16.7803 -14.8086
vt -13.3428 2.5947
vt -26.5508 14.9053
vt 28.1533 -24.0225
vt 18.3467 -22.3418
vt -23.9316 -0.0127
vt 31.8027 -26.5586
vt -28.4326 21.9541
vt -0.3252 21.8203
vt 13.9033 -2.0479
vt -23.6729 -0.5918
vt -31.4961 0.9033
vt 15.7930 -16.0127
vt -12.0410 -2.9199
vt 5.7930 -15.9834
vt -7.8018 4.6650
vt -24.7461 -15.7549
vt 23.9590 18.2363
vt -6.0000 0.0020
vt -28.6104 -0.6963
vt -7.2363 -9.4307
vt -15.7510 0.0000
vt 0.0000 0.5859
vt 0.0000 0.0000
vt 0.0000 0.0000
vt -0.2500 0.0020
vt 24.2490 -3.2012
vt -15.8262 0.0000
vt -3.0000 0.0020
vt 18.0518 -15.7871
vt 27.6553 -0.0010
vt 3.8926 17.6436
vt 4.6260 -29.3447
vt -31.7715 13.8740
vt -7.5664 1.2490
vt -17.9180 -29.9512
vt 29.9346 2.3828
vt 28.8496 -12.4600
vt -10.9854 -13.5449
vt -17.0928 26.9404
vt 26.8330 5.1416
vt 0.6260 9.2920
vt 0.0000 0.0000
vt 0.0000 0.0000
vt -0.2500 0.0020
vt 16.0654 -15.9766
vt -30.9336 2.9180
vt -23.2764 16.2490
vt -4.3418 -24.0566
vt -12.7363 -31.7051
vt 28.3057 0.1475
vt -11.2363 -3.4355
vt -3.2012 -15.8037
vt 17.5400 5.3750
vt -24.1133 -24.8076
vt 4.3369 15.6553
vt -25.6895 -14.1250
vt 20.9297 20.5371
vt -13.2480 -31.2285
vt -20.5957 -30.3994
vt -20.8330 25.9229
vt -0.0117 -3.8281
vt 24.5645 30.8916
vt 3.5254 6.7568
vt 3.4385 -19.4014
vt 29.9990 -0.0059
vt 24.9990 -11.6016
vt 0.5010 -25.8086
vt 0.2490 -3.2031
vt 0.0312 0.0312
vt 0.0312 0.0312
vt 0.0312 0.0312
vt 5.0322 17.8174
vt -7.7920 -23.3662
vt 3.5713 -10.3018
vt 0.0312 0.0312
vt 0.0312 0.0312
vt 0.0312 0.0312
vt 0.0312 0.0312
vt 12.1875 -30.7344
vt 0.0312 0.0312
vt 0.0312 0.0312
vt 0.0312 0.0312
vt 12.1875 -0.2500
vt 0.0312 0.0312
vt 0.0312 0.0312
vt 0.0312 0.0312
vt 0.0312 0.0312
vt -2.7324 16.1387
vt -7.9609 29.3584
vt 0.0312 0.0312
vt 0.0312 0.0312
vt 0.0312 0.0312
vt -0.0127 12.1875
vt 0.0312 0.0312
vt 0.0312 0.0312
vt 0.0312 0.0312
vt 0.0312 0.0312
vt -27.2734 31.1826
vt -15.8252 4.5938
vt -0.0039 30.4883
vt 17.2080 -4.0225
vt 27.9717 -7.5049
vt -0.0127 12.1875
vt -27.4990 -10.0156
vt 5.6250 1.2393
vt 19.6660 -1.0723
vt 0.0312 0.0312
vt 0.0312 0.0312
vt 0.0312 0.0312
vt 0.0312 -0.0127
vt 0.0312 0.0312
vt 0.0312 0.0312
vt 0.0312 0.0312
vt -3.2031 -15.8076
vt 23.1025 -20.7617
vt -15.0391 -0.4863
vt -8.5186 25.4033
vt -3.4150 -20.2314
vt -0.0078 -19.7314
vt 0.0312 0.0312
vt 4.3066 5.6709
vt 0.0312 0.0312
vt 0.0312 0.0312
vt 0.0312 0.0312
vt 0.0312 0.0312
vt 24.2773 -0.1104
vt -26.2373 -21.8535
vt 19.0566 0.2568
vt 4.9551 1.7021
vt -3.2031 -15.8818
vt 26.4229 2.8330
vt 0.0312 0.0312
vt 0.0312 0.0312
vt 0.0312 0.2490
vt 0.0312 0.0312
vt 0.0312 0.0312
vt 0.0312 0.0312
vt -30.8643 -26.2793
vt 3.5078 -13.2891
vt 1.3926 20.2197
vt -31.3857 24.2070
vt 17.4570 4.3623
vt -29.5605 5.3027
vt -28.5840 2.2852
vt 0.1787 29.6787
vt 11.7119 -14.8486
vt 12.1875 -19.4873
vt 4.1875 -23.3760
vt 0.0312 0.0312
vt 0.0312 0.0312
vt 0.0312 0.0312
vt 0.0312 0.0312
vt 6.4189 -10.6807
vt -1.5010 -3.2031
vt -31.9365 2.0352
vt -31.6797 -0.2578
vt 16.0039 -21.8125
vt 10.3936 7.9238
vt 13.7393 20.9902
vt 0.5000 28.0723
vt -0.3291 -12.1045
vt 6.0498 -2.5059
vt 0.6895 29.3242
vt -0.0127 12.1875
vt 0.0000 0.0000
vt 0.0312 0.0312
vt 0.0312 0.0312
vt 0.0312 0.0312
vt -15.8467 3.4385
vt 22.7100 -16.5254
vt 0.0000 0.0000
vt 0.0000 0.0000
vt -7.0596 -9.2441
vt 4.4619 -29.3291
vt 0.0000 0.0000
vt 0.0000 0.0000
vt 7.0576 -0.0127
vt 0.0000 0.0000
vt -15.7510 0.0000
vt -0.2500 0.0020
vt 19.0566 0.2549
vt 0.0312 0.0312
vt 0.0312 0.0312
vt 0.0312 0.0312
vt 26.7500 0.0020
vt -23.4873 8.5098
vt -8.1045 -11.1182
vt 0.0312 0.0312
vt 0.0312 0.0312
vt -3.2031 -15.8164
vt 0.0312 0.0312
vt 0.0312 0.0312
vt 0.0312 0.0312
vt 0.0000 0.5859
vt -22.2754 -9.4600
vt 15.3115 22.9453
vt -20.3447 -0.0469
vt 3.8047 -26.3525
vt 0.0312 0.0312
vt 0.0312 0.0312
vt 0.0312 0.0312
vt 0.0312 0.0312
vt 3.6250 1.6973
vt 0.0312 0.0312
vt 0.0312 0.0312
vt 0.0312 0.0312
vt 0.0312 0.0312
vt 3.2344 -27.9697
vt 3.6582 5.7529
vt 0.0312 0.0312
vt 0.0312 0.0312
vt 0.0312 0.0312
vt -15.8438 4.8535
vt 0.0312 0.0312
vt 0.0312 0.0312
vt 0.0312 0.0312
vt 0.0312 0.0312
vt -19.6250 15.4922
vt -0.2354 -31.8184
vt 0.0312 0.0312
vt 0.0312 0.0312
vt 0.0312 0.0312
vt 0.0312 0.0312
vt 0.0312 0.0312
vt 0.0312 0.0312
vt 0.0312 0.0312
vt 0.0312 0.0312
vt -20.2354 -31.5605
vt -15.7998 3.7578
vt 3.9775 23.7295
vt 0.2588 -31.8750
vt -13.7178 -13.8604
vt 31.4209 27.8965
vt 22.7617 -21.7129
vt 3.5312 19.7295
vt 0.0312 0.0312
vt 0.0312 0.0312
vt 0.0312 0.0312
vt 0.0312 0.0312
vt 0.0312 0.0312
vt 0.0312 0.0312
vt 0.0312 0.0312
vt 0.0312 0.0000
vt 7.7725 -30.5508
vt 24.4619 -21.6309
vt -23.3750 24.0039
vt 25.0566 -4.8154
vt -13.4863 -11.6895
vt 4.9512 9.2861
vt -22.0000 16.5215
vt -20.6758 14.5010
vt 7.4961 10.1758
vt -25.2656 -25.2773
vt 3.4541 15.6689
vt -31.3008 -5.7734
vt -0.0127 12.1875
vt 3.5645 16.6816
vt 2.1982 -18.3311
vt -17.2490 0.7510
vt 16.8447 -20.8340
vt 0.1660 -26.8232
vt -7.1172 24.8359
vt 16.7617 7.5479
vt -16.6045 26.6162
vt 0.0312 0.0312
vt 0.0312 0.0312
vt 0.0312 0.0312
vt -0.0127 12.1875
vt 0.0312 0.0312
vt 0.0312 0.0312
vt 0.0312 0.0312
vt 0.0312 0.0312
vt -6.9951 13.0459
vt 28.7822 -29.8877
vt -30.4414 -0.6914
vt -1.7354 6.5020
vt -19.4111 17.1094
vt 27.0010 25.9092
vt -1.2354 18.1074
vt 0.0000 0.0000
vt -15.7510 0.0000
vt -0.2500 0.0020
vt -24.9854 -25.7793
vt 9.0957 15.6328
vt 0.2852 -31.8789
vt 3.4307 -17.3174
vt -30.8916 -6.4619
vt -30.3096 -12.6406
vt -30.4463 18.7773
vt 11.9072 -25.1123
vt -0.3447 -2.7266
vt 4.2041 -15.3369
vt -26.2344 -7.4434
vt -21.2451 15.1748
vt -15.8438 -18.8691
vt -27.6934 -7.9688
vt 11.9580 -13.3828
vt 3.4619 18.6943
vt -9.8018 -25.6768
vt 29.7197 -21.4219
vt -16.8740 -8.7773
vt -23.4863 -11.4785
vt -22.9824 -17.4707
vt 12.1289 20.5801
vt 4.2070 3.7510
vt 0.0312 0.0312
vt 0.0312 0.0312
vt 0.0312 0.0312
vt 0.0312 0.2490
vt 0.0312 0.0312
vt 0.0312 0.0312
vt 0.0312 0.0312
vt 3.5654 26.2451
vt 4.8994 -11.2275
vt 20.2441 -15.9473
vt -31.8311 -18.4590
vt 8.3184 -12.4961
vt -27.6250 0.0010
vt 6.6885 24.2529
vt 29.7891 -1.4443
vt -23.9824 16.3496
vt 11.7686 -30.7803
vt -3.0010 2.3916
vt -17.4297 -31.9209
vt 13.2705 -27.7861
vt -16.3125 -28.6084
vt -9.1133 -20.2998
vt -23.8633 0.0654
vt -31.8770 -16.8564
vt -24.4873 -7.7510
vt 8.0234 -31.9824
vt 3.7822 -6.3643
vt -2.4561 -1.9287
vt -0.2500 0.0020
vt 0.0000 0.5859
vt 3.9902 30.6455
vt -0.0127 12.1875
vt 0.0312 0.0312
vt 0.0312 0.0312
vt 0.0312 0.0312
vt 0.0312 0.0312
vt 0.0312 0.0312
vt 0.0312 0.0312
vt 0.0312 0.0312
vt 0.0312 0.0312
vt -2.9805 28.5488
vt -19.4297 24.8623
vt 6.5225 -18.3398
vt -0.2500 0.0020
vt 0.0000 0.5859
vt 5.0000 1.8076
vt 12.6875 -26.4844
vt 6.9209 -15.3262
vt 3.4541 4.6748
vt 0.0312 0.0312
vt 0.0312 0.0312
vt 0.0312 0.0312
vt 0.0312 0.0312
vt -0.0127 12.1875
vt -0.6436 8.6113
vt -15.7510 0.0000
vt 0.0000 0.5859
vt -3.3750 2.5811
vt -15.7891 4.2598
vt 4.2441 9.5928
vt 0.0000 0.0000
vt 0.0000 0.0000
vt -0.2500 0.0020
vt 0.0000 0.5859
vt 15.2549 27.2080
vt 0.0312 0.0312
vt 0.0312 0.0312
vt 0.0312 0.0312
vt 0.0312 0.0312
vt 0.0312 -0.0127
vt 0.0312 0.0312
vt 0.0312 0.0312
vt 0.0312 0.0312
vt 0.0312 0.0312
vt -4.8818 -18.2861
vt 0.0312 0.0312
vt 0.0312 0.0312
vt 0.0312 0.0312
vt 0.0312 0.0312
vt 0.0312 -0.0127
vt 0.0312 0.0312
vt 0.0312 0.0312
vt 0.0312 0.0312
vt 0.0312 0.0312
vt 0.0312 0.0312
vt 0.0312 0.0312
vt 0.0312 0.0312
vt 0.0000 3.3809
vt 0.2646 -31.8750
vt 21.9043 -5.4160
vt -24.6797 -31.8984
vt 0.0312 0.0312
vt 0.0312 0.0312
vt -3.2012 -15.7705
vt 0.0312 0.0312
vt 0.0312 0.0312
vt 0.0312 0.0312
vt -3.9854 6.2197
vt 0.0312 0.0312
vt 0.0312 0.0312
vt 0.0312 0.0312
vt 18.0918 -23.0293
vt 0.0312 0.0312
vt 0.0312 0.0312
vt 0.0312 0.0312
vt 0.0312 0.0312
vt 0.0312 0.0312
vt 0.0312 0.0312
vt 0.0312 0.0312
vt -5.0107 -3.3672
vt 29.5723 -30.3691
vt 28.3320 -20.8525
vt 0.0312 0.0312
vt 0.0312 0.0312
vt 0.0312 0.0312
vt 0.2490 -3.2031
vt 8.0000 8.0000
vt 0.0312 0.0312
vt 0.0312 0.0312
vt 0.0312 0.0312
vt 0.0312 0.0312
vt 29.3691 27.4600
vt 8.5312 29.2275
vt 3.6572 6.7598
vt 17.4258 -11.6113
vt 0.0312 0.0312
vt 0.0312 0.0312
vt 0.0312 0.0312
vt -18.9805 8.5059
vt 0.0312 0.0312
vt 0.0312 0.0312
vt 0.0312 0.0312
vt 0.0312 0.0312
vt 0.0312 0.0312
vt 0.0312 0.0312
vt 0.0312 0.0312
vt 3.0000 0.3203
vt 0.0312 0.0312
vt 0.0312 0.0312
vt 0.0312 0.0312
vt 0.0312 0.0312
vt 0.0312 0.0312
vt 0.0312 0.0312
vt 0.0312 0.0312
vt -0.0127 12.1875
vt 0.0312 0.0312
vt 0.0312 0.0312
vt 0.0312 0.0312
vt 0.0312 0.0312
vt -12.0000 0.0020
vt 0.0107 -1.5059
vt 4.0322 3.7568
vt 0.0312 0.0312
vt 0.0312 0.0312
vt -18.7305 -13.4395
vt 0.0312 0.0312
vt 0.0312 0.0312
vt 0.0312 0.0312
vt 0.0312 0.0312
vt -0.0127 12.1875
vt 3.5635 -26.2461
vt 0.0010 -23.8926
vt 18.1211 -22.5908
vt -11.4863 -19.7275
vt 0.0312 0.0312
vt 0.0312 0.0312
vt 0.0312 0.0312
vt -3.2012 -15.8789
vt 0.0312 0.0312
vt 0.0312 0.0312
vt 0.0312 0.0312
vt 0.0312 0.0312
vt 0.0312 0.0312
vt 0.0312 0.0312
vt 0.0312 0.0312
vt 0.0312 0.0312
vt 0.0312 0.0312
vt 0.0312 0.0312
vt -26.8994 17.8926
vt 0.0312 0.0312
vt 0.0312 0.0312
vt 0.0312 0.0312
vt 0.0312 -0.0127
vt 0.0312 0.0312
vt 0.0312 0.0312
vt 0.0312 0.0312
vt -3.2305 -24.3975
vt 7.1914 16.5166
vt -2.2324 -31.7949
vt -29.8818 -26.2305
vt -13.2324 8.2754
vt 14.1484 -0.0127
vt 11.2031 -1.8242
vt 18.9736 1.3037
vt -22.7373 -25.8848
vt 25.9414 12.6191
vt 12.1875 -17.4834
vt -12.7324 0.6738
vt -15.1299 -16.9795
vt -20.0029 -11.9453
vt -28.0264 -18.8857
vt -2.8682 5.0967
vt -0.0059 22.7627
vt 24.0156 28.6113
vt 26.5352 2.7705
vt -16.4844 -27.7520
vt 19.6240 31.7344
vt -7.4814 -27.7598
vt -31.8359 -20.3652
vt 10.1865 0.7520
vt 30.9707 -26.7275
vt -0.0127 12.1875
vt -21.2354 -29.5566
vt 12.1875 -14.2354
vt -18.2363 6.2412
vt -6.1943 -20.5205
vt 12.1875 -4.7363
vt -2.5107 -17.2520
vt 12.1875 -0.2363
vt -9.7803 -14.7988
vt 10.2236 2.6250
vt -10.5420 -10.6260
vt 0.0312 0.0312
vt 0.0312 0.0312
vt 0.0312 0.0312
vt -0.0127 12.1875
vt 0.0312 0.0312
vt 0.0312 0.0312
vt 0.0312 0.0312
vt 0.0312 0.0312
vt 2.2764 -20.0312
vt -31.2891 -2.5596
vt 31.5186 -0.3066
vt 9.8203 -30.0000
vt -12.6797 29.0645
vt 28.7578 7.7119
vt 9.1328 0.0039
vt -0.5508 -12.9004
vt 10.1436 -3.7979
vt -2.4814 -25.1787
vt 20.0859 9.0068
vt 0.7578 -29.3477
vt 16.6973 20.5801
vt -16.6572 31.6689
vt 3.5098 3.7217
vt 4.2666 -27.2588
vt 21.9092 26.6201
vt 4.5693 -0.0127
vt -20.8633 23.5674
vt 1.2510 -12.9688
vt -18.2354 12.1621
vt -2.3926 -0.6719
vt -20.1689 -18.8770
vt -4.0488 23.6318
vt -13.5781 19.7832
vt -10.6592 23.3418
vt 9.8037 11.5518
vt 4.0273 7.0264
vt 16.1006 -2.6035
vt -9.4502 3.5098
vt -9.5742 5.6240
vt -3.2031 -15.8389
vt 11.5234 30.0801
vt -15.8271 4.6270
vt -21.1816 -19.5840
vt -27.0684 -7.7578
vt -15.1152 2.0732
vt 5.0576 -29.1650
vt -2.0928 -15.7959
vt 3.4219 -5.2314
vt 31.3643 13.5332
vt 3.5088 13.7217
vt -3.1621 12.5938
vt 23.9180 -14.6680
vt -25.0537 13.0723
vt -8.0010 -5.8135
vt 31.4072 -13.7852
vt -14.2324 -21.3926
vt 9.4268 -27.8867
vt 5.1250 1.8428
vt 22.1133 1.8359
vt -10.4844 8.4785
vt 9.1406 -25.2715
vt -14.8916 14.9980
vt -25.5068 16.6318
vt -24.1963 16.5566
vt -0.0127 12.1875
vt -27.2197 -5.2754
vt -27.6689 16.0859
vt -4.2139 -17.0117
vt -31.9082 -9.9395
vt 14.6230 -16.0918
vt 9.9014 -28.0635
vt -16.7334 -4.8711
vt 1.4072 6.2441
vt -11.7314 -29.5332
vt 25.0664 3.3359
vt 27.0586 -19.5947
vt 13.6006 -20.9375
vt 0.1719 27.6182
vt 5.7959 -28.9297
vt -3.5977 -29.3984
vt -26.9619 -0.0127
vt -19.1787 16.8193
vt 23.7617 30.2061
f 33/33 4/4 50/50
f 11/11 68/68 48/48
f 128/128 128/128 120/120
f 60/60 22/22 58/58
f 65/65 37/37 64/64
f 88/88 33/33 78/78
f 63/63 58/58 41/41
f 77/77 109/109 28/28
f 112/112 40/40 90/90
f 56/56 99/99 108/108
f 32/32 33/33 63/63
f 74/74 115/115 60/60
f 35/35 68/68 51/51
f 23/23 103/103 126/126
f 12/12 42/42 39/39
f 21/21 48/48 100/100
f 19/19 57/57 70/70
f 11/11 35/35 102/102
f 57/57 74/74 41/41
f 44/44 31/31 125/125
f 57/57 103/103 3/3
f 89/89 69/69 98/98
f 6/6 5/5 79/79
f 26/26 110/110 93/93
f 100/100 17/17 82/82
f 111/111 30/30 12/12
f 22/22 52/52 41/41
f 128/128 102/102 123/123
f 9/9 108/108 122/122
f 128/128 41/41 66/66
f 1/1 66/66 128/128
f 50/50 66/66 51/51
f 40/40 97/97 68/68
f 68/68 80/80 29/29
f 127/127 45/45 24/24
f 65/65 18/18 64/64
f 122/122 68/68 54/54
f 108/108 80/80 111/111
f 52/52 37/37 38/38
f 82/82 17/17 77/77
f 110/110 86/86 65/65
f 114/114 31/31 61/61
f 84/84 86/86 79/79
f 20/20 94/94 122/122
f 118/118 45/45 72/72
f 46/46 115/115 76/76
f 6/6 96/96 40/40
f 59/59 46/46 107/107
f 18/18 48/48 51/51
f 125/125 62/62 44/44
f 49/49 107/107 127/127
f 32/32 41/41 45/45
f 26/26 39/39 9/9
f 85/85 37/37 24/24
f 73/73 1/1 23/23
f 44/44 112/112 3/3
f 2/2 115/115 13/13
f 63/63 116/116 122/122
f 56/56 54/54 4/4
f 51/51 127/127 57/57
f 96/96 52/52 44/44
f 48/48 46/46 83/83
f 84/84 11/11 67/67
f 83/83 125/125 30/30
f 83/83 116/116 44/44
f 48/48 89/89 122/122
f 127/127 7/7 102/102
f 70/70 27/27 55/55
f 76/76 73/73 20/20
f 73/73 39/39 3/3
f 88/88 114/114 45/45
f 128/128 64/64 40/40
f 63/63 48/48 124/124
f 80/80 100/100 73/73
f 6/6 31/31 16/16
f 78/78 2/2 57/57
f 32/32 21/21 123/123
f 32/32 33/33 89/89
f 13/13 51/51 16/16
f 124/124 115/115 10/10
f 5/5 37/37 93/93
f 99/99 24/24 98/98
f 75/75 128/128 11/11
f 126/126 63/63 30/30
f 63/63 40/40 126/126
f 81/81 57/57 57/57
f 97/97 77/77 34/34
f 83/83 54/54 17/17
f 43/43 107/107 109/109
f 24/24 38/38 25/25
f 101/101 32/32 89/89
f 69/69 56/56 126/126
f 120/120 93/93 76/76
f 113/113 117/117 98/98
f 22/22 85/85 40/40
f 81/81 58/58 15/15
f 8/8 27/27 56/56
f 78/78 126/126 26/26
f 50/50 27/27 68/68
f 14/14 108/108 25/25
f 40/40 118/118 16/16
f 20/20 104/104 42/42
f 69/69 128/128 55/55
f 81/81 5/5 37/37
f 97/97 76/76 21/21
f 58/58 50/50 6/6
f 7/7 7/7 7/7
f 103/103 52/52 70/70
f 99/99 8/8 40/40
f 114/114 18/18 5/5
f 93/93 4/4 8/8
f 72/72 72/72 114/114
f 20/20 39/39 6/6
f 7/7 109/109 12/12
f 58/58 21/21 11/11
f 60/60 89/89 7/7
f 17/17 93/93 71/71
f 47/47 26/26 56/56
f 118/118 83/83 9/9
f 19/19 109/109 42/42
f 95/95 6/6 28/28
f 26/26 37/37 20/20
f 33/33 12/12 48/48
f 96/96 101/101 125/125
f 69/69 22/22 11/11
f 80/80 106/106 106/106
f 97/97 86/86 35/35
f 8/8 98/98 13/13
f 5/5 128/128 108/108
f 8/8 98/98 36/36
f 31/31 83/83 90/90
f 102/102 108/108 68/68
f 48/48 28/28 111/111
f 21/21 116/116 108/108
f 68/68 67/67 84/84
f 5/5 50/50 58/58
f 25/25 14/14 45/45
f 37/37 126/126 116/116
f 83/83 88/88 92/92
f 124/124 87/87 48/48
f 21/21 34/34 108/108
f 36/36 105/105 16/16
f 55/55 10/10 118/118
f 37/37 112/112 37/37
f 92/92 97/97 22/22
f 112/112 97/97 89/89
f 43/43 113/113 46/46
f 102/102 37/37 69/69
f 65/65 3/3 6/6
f 121/121 50/50 84/84
f 102/102 57/57 34/34
f 8/8 29/29 125/125
f 113/113 20/20 81/81
f 84/84 104/104 73/73
f 80/80 40/40 32/32
f 62/62 16/16 26/26
f 37/37 112/112 70/70
f 10/10 100/100 61/61
f 115/115 111/111 71/71
f 127/127 84/84 42/42
f 96/96 24/24 57/57
f 35/35 91/91 128/128
f 70/70 2/2 17/17
f 14/14 36/36 20/20
f 127/127 2/2 57/57
f 112/112 26/26 79/79
f 1/1 1/1 1/1
f 57/57 98/98 16/16
f 118/118 108/108 108/108
f 46/46 49/49 57/57
f 97/97 83/83 9/9
f 51/51 118/118 126/126
f 103/103 28/28 9/9
f 70/70 117/117 51/51
f 118/118 117/117 12/12
f 85/85 58/58 58/58
f 52/52 38/38 62/62
f 42/42 13/13 76/76
f 64/64 4/4 46/46
f 40/40 117/117 104/104
f 38/38 9/9 48/48
f 10/10 97/97 128/128
f 78/78 87/87 62/62
f 31/31 4/4 6/6
f 41/41 128/128 12/12
f 70/70 98/98 48/48
f 76/76 42/42 32/32
f 124/124 16/16 107/107
f 17/17 19/19 85/85
f 99/99 2/2 2/2
f 120/120 6/6 121/121
f 123/123 4/4 21/21
f 88/88 117/117 8/8
f 120/120 52/52 92/92
f 1/1 1/1 1/1
f 4/4 36/36 13/13
f 12/12 81/81 127/127
f 81/81 41/41 68/68
f 33/33 80/80 44/44
f 33/33 92/92 49/49
f 19/19 20/20 36/36
f 33/33 5/5 5/5
f 79/79 22/22 69/69
f 49/49 19/19 21/21
f 12/12 4/4 36/36
f 5/5 81/81 73/73
f 40/40 111/111 2/2
f 91/91 45/45 72/72
f 33/33 13/13 100/100
f 47/47 118/118 91/91
f 20/20 66/66 98/98
f 4/4 11/11 20/20
f 116/116 20/20 60/60
f 3/3 65/65 10/10
f 38/38 17/17 48/48
f 33/33 10/10 97/97
f 116/116 20/20 60/60
f 3/3 65/65 10/10
f 40/40 16/16 112/112
f 65/65 37/37 60/60
f 88/88 33/33 78/78
f 67/67 75/75 78/78
f 67/67 19/19 39/39
f 40/40 5/5 96/96
f 5/5 118/118 74/74
f 114/114 79/79 21/21
f 5/5 80/80 97/97
f 128/128 41/41 68/68
f 34/34 10/10 15/15
f 21/21 114/114 20/20
f 32/32 73/73 123/123
f 97/97 104/104 100/100
f 32/32 121/121 74/74
f 8/8 35/35 47/47
f 14/14 25/25 80/80
f 128/128 36/36 2/2
f 65/65 10/10 8/8
f 100/100 71/71 78/78
f 128/128 66/66 111/111
f 90/90 80/80 114/114
f 6/6 58/58 125/125
f 99/99 20/20 51/51
f 100/100 114/114 64/64
f 18/18 119/119 113/113
f 48/48 33/33 19/19
f 100/100 114/114 120/120
f 96/96 25/25 128/128
f 80/80 9/9 24/24
f 99/99 5/5 114/114
f 58/58 64/64 43/43
f 95/95 79/79 54/54
f 90/90 122/122 59/59
f 99/99 60/60 69/69
f 60/60 49/49 52/52
f 34/34 64/64 64/64
f 25/25 118/118 56/56
f 14/14 120/120 60/60
f 61/61 73/73 41/41
f 128/128 1/1 5/5
f 6/6 105/105 13/13
f 30/30 101/101 52/52
f 65/65 37/37 116/116
f 88/88 33/33 78/78
f 63/63 58/58 41/41
f 42/42 81/81 4/4
f 74/74 120/120 47/47
f 26/26 21/21 88/88
f 119/119 59/59 106/106
f 74/74 102/102 128/128
f 75/75 51/51 18/18
f 14/14 89/89 62/62
f 60/60 106/106 103/103
f 40/40 16/16 112/112
f 32/32 100/100 63/63
f 40/40 54/54 9/9
f 28/28 17/17 122/122
f 43/43 128/128 4/4
f 98/98 33/33 24/24
f 78/78 114/114 10/10
f 28/28 8/8 30/30
f 12/12 52/52 42/42
f 20/20 4/4 11/11
f 19/19 99/99 119/119
f 2/2 128/128 128/128
f 35/35 37/37 37/37
f 94/94 7/7 94/94
f 30/30 56/56 24/24
f 69/69 8/8 128/128
f 55/55 119/119 38/38
f 111/111 106/106 72/72
f 125/125 21/21 108/108
f 25/25 114/114 33/33
f 26/26 113/113 21/21
f 24/24 101/101 36/36
f 66/66 39/39 32/32
f 31/31 127/127 23/23
f 106/106 53/53 17/17
f 56/56 24/24 86/86
f 94/94 101/101 112/112
f 104/104 111/111 112/112
f 28/28 17/17 122/122
f 43/43 32/32 21/21
f 18/18 8/8 9/9
f 69/69 126/126 53/53
f 103/103 64/64 2/2
f 88/88 3/3 41/41
f 103/103 64/64 2/2
f 88/88 3/3 41/41
f 32/32 99/99 76/76
f 94/94 123/123 20/20
f 61/61 65/65 103/103
f 32/32 72/72 120/120
f 14/14 103/103 112/112
f 98/98 88/88 115/115
f 96/96 11/11 111/111
f 44/44 15/15 17/17
f 21/21 86/86 8/8
f 69/69 106/106 80/80
f 30/30 5/5 17/17
f 14/14 62/62 127/127
f 1/1 1/1 1/1
f 1/1 1/1 1/1
f 109/109 83/83 102/102
f 44/44 8/8 16/16
f 78/78 108/108 121/121
f 36/36 75/75 37/37
f 29/29 4/4 43/43
f 25/25 125/125 4/4
f 52/52 121/121 10/10
f 108/108 57/57 85/85
f 56/56 106/106 102/102
f 117/117 82/82 96/96
f 21/21 40/40 105/105
f 32/32 120/120 14/14
f 13/13 83/83 86/86
f 96/96 27/27 118/118
f 6/6 46/46 38/38
f 1/1 81/81 126/126
f 102/102 36/36 11/11
f 19/19 20/20 36/36
f 10/10 104/104 73/73
f 81/81 36/36 97/97
f 105/105 80/80 1/1
f 2/2 72/72 13/13
f 59/59 18/18 128/128
f 106/106 119/119 33/33
f 22/22 2/2 10/10
f 37/37 15/15 103/103
f 1/1 17/17 37/37
f 31/31 61/61 127/127
f 39/39 56/56 72/72
f 59/59 90/90 83/83
f 65/65 4/4 30/30
f 50/50 112/112 16/16
f 56/56 106/106 51/51
f 111/111 62/62 31/31
f 111/111 110/110 57/57
f 102/102 35/35 120/120
f 106/106 119/119 33/33
f 65/65 95/95 99/99
f 121/121 13/13 115/115
f 81/81 12/12 13/13
f 8/8 37/37 1/1
f 121/121 39/39 97/97
f 126/126 29/29 8/8
f 38/38 64/64 7/7
f 110/110 92/92 76/76
f 85/85 63/63 65/65
f 32/32 122/122 92/92
f 65/65 37/37 1/1
f 88/88 33/33 78/78
f 63/63 58/58 41/41
f 68/68 110/110 19/19
f 83/83 128/128 99/99
f 126/126 95/95 74/74
f 95/95 61/61 105/105
f 63/63 22/22 108/108
f 51/51 32/32 66/66
f 128/128 1/1 99/99
f 19/19 4/4 33/33
f 25/25 68/68 18/18
f 22/22 4/4 12/12
f 37/37 6/6 106/106
f 20/20 9/9 127/127
f 14/14 68/68 64/64
f 50/50 60/60 125/125
f 7/7 48/48 31/31
f 122/122 35/35 128/128
f 49/49 25/25 51/51
f 10/10 4/4 34/34
f 26/26 68/68 6/6
f 1/1 1/1 1/1
f 1/1 1/1 1/1
f 44/44 74/74 6/6
f 68/68 119/119 84/84
f 31/31 89/89 62/62
f 99/99 72/72 102/102
f 49/49 64/64 25/25
f 4/4 12/12 4/4
f 100/100 1/1 23/23
f 32/32 1/1 16/16
f 24/24 32/32 16/16
f 62/62 51/51 61/61
f 32/32 63/63 38/38
f 116/116 106/106 88/88
f 105/105 94/94 116/116
f 40/40 40/40 88/88
f 125/125 120/120 102/102
f 49/49 68/68 45/45
f 92/92 1/1 111/111
f 20/20 3/3 70/70
f 61/61 60/60 62/62
f 6/6 99/99 83/83
f 16/16 12/12 62/62
f 31/31 25/25 66/66
f 12/12 37/37 93/93
f 62/62 11/11 86/86
f 87/87 88/88 71/71
f 8/8 7/7 7/7
f 123/123 117/117 87/87
f 100/100 75/75 30/30
f 36/36 36/36 12/12
f 40/40 6/6 38/38
f 102/102 96/96 97/97
f 4/4 84/84 128/128
f 121/121 15/15 14/14
f 1/1 1/1 1/1
f 8/8 68/68 51/51
f 127/127 20/20 4/4
f 103/103 52/52 52/52
f 12/12 84/84 42/42
f 20/20 4/4 11/11
f 56/56 4/4 121/121
f 64/64 13/13 98/98
f 116/116 34/34 111/111
f 2/2 16/16 105/105
f 110/110 10/10 6/6
f 123/123 108/108 65/65
f 32/32 87/87 55/55
f 78/78 104/104 78/78
f 36/36 54/54 110/110
f 19/19 3/3 103/103
f 128/128 33/33 1/1
f 116/116 26/26 21/21
f 33/33 125/125 94/94
f 91/91 16/16 11/11
f 55/55 103/103 4/4
f 53/53 112/112 123/123
f 7/7 118/118 3/3
f 27/27 47/47 14/14
f 122/122 81/81 124/124
f 116/116 86/86 78/78
f 63/63 58/58 41/41
f 25/25 94/94 127/127
f 51/51 32/32 66/66
f 4/4 35/35 9/9
f 58/58 13/13 15/15
f 10/10 96/96 8/8
f 21/21 4/4 46/46
f 46/46 19/19 31/31
f 99/99 96/96 104/104
f 97/97 3/3 82/82
f 35/35 25/25 128/128
f 53/53 14/14 116/116
f 100/100 44/44 77/77
f 52/52 82/82 83/83
f 102/102 26/26 127/127
f 124/124 128/128 5/5
f 5/5 68/68 25/25
f 48/48 35/35 14/14
f 123/123 6/6 5/5
f 75/75 120/120 10/10
f 19/19 122/122 97/97
f 124/124 20/20 59/59
f 67/67 19/19 43/43
f 124/124 23/23 73/73
f 37/37 77/77 53/53
f 3/3 6/6 7/7
f 37/37 63/63 14/14
f 64/64 1/1 1/1
f 88/88 20/20 110/110
f 107/107 90/90 56/56
f 126/126 69/69 71/71
f 91/91 90/90 117/117
f 75/75 5/5 118/118
f 123/123 7/7 89/89
f 25/25 61/61 50/50
f 89/89 52/52 22/22
f 23/23 98/98 88/88
f 106/106 114/114 105/105
f 100/100 21/21 109/109
f 14/14 60/60 40/40
f 42/42 128/128 63/63
f 10/10 118/118 115/115
f 86/86 128/128 125/125
f 104/104 48/48 69/69
f 34/34 109/109 43/43
f 91/91 98/98 89/89
f 5/5 48/48 15/15
f 61/61 77/77 116/116
f 93/93 28/28 104/104
f 75/75 23/23 15/15
f 36/36 114/114 61/61
f 126/126 108/108 123/123
f 58/58 105/105 91/91
f 117/117 61/61 81/81
f 115/115 108/108 16/16
f 10/10 24/24 53/53
f 75/75 16/16 73/73
f 111/111 28/28 79/79
f 118/118 98/98 55/55
f 1/1 1/1 1/1
f 52/52 113/113 12/12
f 66/66 47/47 104/104
f 21/21 96/96 5/5
f 76/76 52/52 66/66
f 48/48 59/59 62/62
f 3/3 67/67 35/35
f 67/67 66/66 17/17
f 10/10 2/2 75/75
f 52/52 113/113 12/12
f 66/66 47/47 104/104
f 21/21 112/112 6/6
f 76/76 52/52 66/66
f 65/65 128/128 128/128
f 85/85 126/126 118/118
f 65/65 10/10 8/8
f 116/116 20/20 60/60
f 3/3 65/65 10/10
f 102/102 68/68 93/93
f 123/123 2/2 8/8
f 97/97 57/57 47/47
f 123/123 2/2 127/127
f 1/1 2/2 116/116
f 116/116 5/5 69/69
f 26/26 2/2 63/63
f 15/15 2/2 60/60
f 53/53 1/1 39/39
f 104/104 2/2 77/77
f 15/15 2/2 31/31
f 61/61 1/1 13/13
f 1/1 33/33 41/41
f 33/33 41/41 47/47
f 50/50 1/1 35/35
f 95/95 12/12 3/3
f 2/2 18/18 127/127
f 4/4 95/95 2/2
f 35/35 127/127 89/89
f 127/127 115/115 1/1
f 128/128 93/93 2/2
f 128/128 8/8 2/2
f 128/128 92/92 2/2
f 26/26 2/2 83/83
f 7/7 5/5 107/107
f 45/45 2/2 127/127
f 94/94 2/2 36/36
f 116/116 2/2 90/90
f 1/1 5/5 124/124
f 4/4 2/2 108/108
f 83/83 7/7 27/27
f 42/42 2/2 20/20
f 2/2 11/11 10/10
f 6/6 11/11 8/8
f 1/1 11/11 71/71
f 56/56 2/2 93/93
f 4/4 4/4 100/100
f 23/23 41/41 93/93
f 61/61 1/1 21/21
f 65/65 6/6 75/75
f 89/89 115/115 2/2
f 1/1 66/66 81/81
f 70/70 17/17 93/93
f 111/111 125/125 103/103
f 95/95 52/52 49/49
f 118/118 125/125 95/95
f 99/99 26/26 65/65
f 121/121 125/125 93/93
f 101/101 127/127 49/49
f 123/123 125/125 91/91
f 102/102 100/100 113/113
f 124/124 125/125 90/90
f 103/103 74/74 49/49
f 124/124 125/125 90/90
f 103/103 47/47 17/17
f 123/123 125/125 90/90
f 103/103 21/21 33/33
f 123/123 125/125 91/91
f 102/102 123/123 17/17
f 121/121 125/125 93/93
f 101/101 97/97 113/113
f 118/118 125/125 96/96
f 99/99 72/72 17/17
f 111/111 125/125 103/103
f 95/95 48/48 65/65
f 69/69 126/126 25/25
f 108/108 125/125 97/97
f 28/28 73/73 26/26
f 32/32 128/128 56/56
f 99/99 95/95 124/124
f 8/8 126/126 57/57
f 67/67 73/73 21/21
f 65/65 10/10 15/15
f 1/1 3/3 65/65
f 32/32 17/17 7/7
f 1/1 4/4 31/31
f 59/59 98/98 82/82
f 91/91 66/66 82/82
f 91/91 66/66 82/82
f 91/91 66/66 98/98
f 59/59 66/66 114/114
f 59/59 66/66 113/113
f 59/59 34/34 81/81
f 91/91 34/34 81/81
f 68/68 88/88 55/55
f 3/3 128/128 77/77
f 34/34 128/128 35/35
f 81/81 5/5 81/81
f 17/17 1/1 113/113
f 95/95 3/3 97/97
f 86/86 90/90 22/22
f 7/7 94/94 36/36
f 10/10 98/98 1/1
f 15/15 94/94 81/81
f 1/1 1/1 1/1
f 80/80 6/6 83/83
f 17/17 17/17 1/1
f 98/98 87/87 50/50
f 10/10 78/78 85/85
f 38/38 47/47 67/67
f 26/26 45/45 94/94
f 22/22 106/106 83/83
f 22/22 44/44 69/69
f 70/70 41/41 9/9
f 5/5 13/13 112/112
f 121/121 6/6 15/15
f 16/16 2/2 67/67
f 29/29 125/125 45/45
f 12/12 76/76 82/82
f 14/14 12/12 71/71
f 1/1 8/8 49/49
f 81/81 13/13 50/50
f 22/22 17/17 22/22
f 101/101 13/13 19/19
f 100/100 1/1 108/108
f 46/46 27/27 105/105
f 93/93 99/99 2/2
f 93/93 98/98 4/4
f 15/15 2/2 67/67
f 1/1 4/4 39/39
f 19/19 4/4 82/82
f 67/67 30/30 1/1
f 25/25 111/111 95/95
f 92/92 92/92 103/103
f 1/1 4/4 12/12
f 45/45 81/81 9/9
f 73/73 39/39 75/75
f 7/7 33/33 102/102
f 49/49 21/21 17/17
f 110/110 77/77 18/18
f 21/21 17/17 75/75
f 36/36 122/122 69/69
f 113/113 3/3 97/97
f 17/17 128/128 33/33
f 1/1 53/53 1/1
f 128/128 125/125 74/74
f 1/1 4/4 1/1
f 1/1 25/25 128/128
f 1/1 53/53 1/1
f 128/128 125/125 14/14
f 1/1 4/4 1/1
f 1/1 25/25 128/128
f 1/1 53/53 1/1
f 128/128 125/125 26/26
f 1/1 4/4 1/1
f 1/1 25/25 128/128
f 1/1 53/53 1/1
f 128/128 125/125 15/15
f 1/1 4/4 1/1
f 1/1 25/25 128/128
f 1/1 4/4 1/1
f 1/1 24/24 128/128
f 1/1 50/50 1/1
f 128/128 125/125 5/5
f 53/53 49/49 87/87
f 21/21 123/123 117/117
f 12/12 75/75 13/13
f 86/86 103/103 101/101
f 29/29 66/66 74/74
f 85/85 5/5 97/97
f 97/97 7/7 49/49
f 1/1 4/4 100/100
f 89/89 101/101 117/117
f 93/93 10/10 11/11
f 30/30 55/55 57/57
f 1/1 4/4 85/85
f 6/6 46/46 17/17
f 49/49 7/7 91/91
f 33/33 53/53 35/35
f 1/1 4/4 69/69
f 10/10 59/59 113/113
f 74/74 12/12 74/74
f 102/102 82/82 72/72
f 25/25 103/103 5/5
f 102/102 33/33 81/81
f 1/1 4/4 100/100
f 40/40 1/1 73/73
f 78/78 11/11 42/42
f 17/17 65/65 5/5
f 1/1 4/4 50/50
f 89/89 51/51 60/60
f 9/9 101/101 5/5
f 38/38 6/6 53/53
f 1/1 4/4 9/9
f 37/37 10/10 54/54
f 6/6 98/98 66/66
f 13/13 37/37 37/37
f 1/1 4/4 1/1
f 82/82 26/26 125/125
f 10/10 12/12 35/35
f 43/43 68/68 84/84
f 1/1 4/4 78/78
f 41/41 92/92 65/65
f 1/1 4/4 1/1
f 8/8 79/79 23/23
f 2/2 66/66 9/9
f 37/37 40/40 25/25
f 1/1 4/4 30/30
f 65/65 1/1 55/55
f 98/98 18/18 37/37
f 91/91 109/109 67/67
f 1/1 4/4 120/120
f 114/114 70/70 100/100
f 118/118 25/25 113/113
f 98/98 8/8 72/72
f 1/1 14/14 49/49
f 1/1 1/1 1/1
f 84/84 3/3 20/20
f 28/28 10/10 5/5
f 28/28 6/6 1/1
f 75/75 93/93 49/49
f 53/53 122/122 21/21
f 5/5 14/14 53/53
f 18/18 127/127 98/98
f 114/114 49/49 49/49
f 90/90 13/13 117/117
f 26/26 123/123 7/7
f 120/120 11/11 33/33
f 31/31 31/31 70/70
f 14/14 82/82 85/85
f 37/37 72/72 37/37
f 1/1 13/13 113/113
f 2/2 22/22 113/113
f 113/113 4/4 35/35
f 3/3 1/1 3/3
f 49/49 34/34 89/89
f 1/1 13/13 113/113
f 5/5 65/65 116/116
f 1/1 48/48 86/86
f 3/3 73/73 76/76
f 73/73 2/2 17/17
f 40/40 44/44 67/67
f 121/121 2/2 16/16
f 41/41 2/2 15/15
f 9/9 2/2 15/15
f 25/25 2/2 17/17
f 105/105 2/2 18/18
f 105/105 2/2 20/20
f 31/31 41/41 5/5
f 1/1 3/3 52/52
f 15/15 118/118 45/45
f 99/99 103/103 1/1
f 1/1 13/13 113/113
f 105/105 65/65 10/10
f 96/96 1/1 3/3
f 2/2 97/97 66/66
f 1/1 13/13 113/113
f 3/3 127/127 85/85
f 58/58 47/47 118/118
f 27/27 69/69 11/11
f 9/9 114/114 69/69
f 35/35 91/91 30/30
f 99/99 1/1 26/26
f 1/1 113/113 91/91
f 113/113 10/10 33/33
f 17/17 1/1 65/65
f 43/43 1/1 14/14
f 4/4 12/12 22/22
f 30/30 65/65 66/66
f 11/11 29/29 123/123
f 70/70 86/86 14/14
f 15/15 107/107 1/1
f 44/44 34/34 86/86
f 39/39 21/21 69/69
f 48/48 97/97 4/4
f 112/112 124/124 6/6
f 48/48 97/97 4/4
f 112/112 124/124 3/3
f 48/48 97/97 4/4
f 112/112 124/124 1/1
f 97/97 126/126 17/17
f 1/1 127/127 49/49
f 100/100 125/125 20/20
f 4/4 122/122 53/53
f 1/1 11/11 27/27
f 78/78 20/20 44/44
f 1/1 11/11 27/27
f 76/76 1/1 44/44
f 100/100 124/124 69/69
f 4/4 118/118 69/69
f 11/11 39/39 11/11
f 9/9 22/22 44/44
f 2/2 37/37 2/2
f 65/65 16/16 33/33
f 1/1 1/1 1/1
f 60/60 1/1 8/8
f 116/116 67/67 44/44
f 9/9 1/1 1/1
f 55/55 24/24 99/99
f 111/111 120/120 67/67
f 20/20 62/62 125/125
f 8/8 67/67 66/66
f 28/28 117/117 98/98
f 20/20 51/51 63/63
f 81/81 41/41 87/87
f 27/27 80/80 57/57
f 65/65 9/9 53/53
f 25/25 102/102 57/57
f 65/65 9/9 53/53
f 25/25 102/102 57/57
f 65/65 9/9 53/53
f 25/25 102/102 57/57
f 118/118 1/1 58/58
f 118/118 1/1 48/48
f 63/63 1/1 14/14
f 78/78 32/32 26/26
f 100/100 67/67 7/7
f 53/53 71/71 39/39
f 5/5 127/127 68/68
f 100/100 114/114 117/117
f 81/81 71/71 26/26
f 82/82 123/123 127/127
f 58/58 86/86 127/127
f 119/119 81/81 74/74
f 113/113 49/49 1/1
f 104/104 34/34 13/13
f 85/85 124/124 101/101
f 68/68 5/5 83/83
f 78/78 103/103 112/112
f 1/1 66/66 33/33
f 13/13 23/23 21/21
f 38/38 21/21 106/106
f 105/105 34/34 10/10
f 27/27 44/44 21/21
f 15/15 45/45 74/74
f 65/65 120/120 105/105
f 86/86 71/71 84/84
f 53/53 3/3 54/54
f 37/37 116/116 35/35
f 53/53 99/99 109/109
f 97/97 7/7 100/100
f 71/71 1/1 4/4
f 97/97 6/6 93/93
f 71/71 1/1 4/4
f 49/49 65/65 88/88
f 67/67 11/11 15/15
f 79/79 57/57 85/85
f 33/33 110/110 3/3
f 5/5 102/102 47/47
f 75/75 75/75 82/82
f 65/65 121/121 97/97
f 69/69 118/118 4/4
f 4/4 113/113 114/114
f 100/100 13/13 102/102
f 22/22 2/2 2/2
f 13/13 35/35 4/4
f 29/29 83/83 37/37
f 5/5 11/11 83/83
f 18/18 85/85 2/2
f 3/3 43/43 14/14
f 115/115 4/4 27/27
f 90/90 23/23 106/106
f 52/52 13/13 22/22
f 6/6 2/2 55/55
f 103/103 20/20 51/51
f 68/68 122/122 16/16
f 30/30 53/53 109/109
f 52/52 13/13 22/22
f 6/6 2/2 55/55
f 55/55 105/105 17/17
f 33/33 123/123 32/32
f 1/1 104/104 105/105
f 113/113 54/54 121/121
f 37/37 3/3 69/69
f 38/38 128/128 65/65
f 65/65 126/126 113/113
f 1/1 4/4 113/113
f 15/15 25/25 127/127
f 22/22 59/59 83/83
f 63/63 2/2 5/5
f 40/40 48/48 59/59
f 65/65 1/1 3/3
f 113/113 3/3 65/65
f 65/65 1/1 3/3
f 113/113 3/3 65/65
f 65/65 1/1 3/3
f 113/113 3/3 65/65
f 8/8 16/16 9/9
f 35/35 14/14 102/102
f 8/8 4/4 71/71
f 18/18 72/72 48/48
f 75/75 19/19 1/1
f 75/75 19/19 1/1
f 5/5 34/34 65/65
f 53/53 96/96 5/5
f 116/116 109/109 1/1
f 3/3 7/7 52/52
f 72/72 104/104 11/11
f 128/128 6/6 12/12
f 69/69 104/104 15/15
f 52/52 65/65 40/40
f 57/57 112/112 6/6
f 18/18 1/1 3/3
f 6/6 1/1 11/11
f 97/97 1/1 25/25
f 11/11 1/1 33/33
f 33/33 1/1 10/10
f 65/65 32/32 48/48
f 85/85 54/54 113/113
f 51/51 65/65 19/19
f 120/120 24/24 1/1
f 111/111 45/45 13/13
f 127/127 66/66 27/27
f 97/97 58/58 122/122
f 10/10 101/101 74/74
f 35/35 50/50 44/44
f 89/89 25/25 22/22
f 5/5 28/28 50/50
f 101/101 109/109 43/43
f 122/122 94/94 68/68
f 108/108 108/108 14/14
f 17/17 117/117 34/34
f 108/108 3/3 61/61
f 105/105 87/87 2/2
f 11/11 82/82 33/33
f 33/33 6/6 41/41
f 67/67 81/81 35/35
f 31/31 46/46 111/111
f 3/3 49/49 68/68
f 98/98 31/31 2/2
f 74/74 67/67 10/10
f 12/12 101/101 65/65
f 1/1 5/5 19/19
f 90/90 73/73 60/60
f 65/65 27/27 113/113
f 53/53 59/59 97/97
f 18/18 10/10 82/82
f 65/65 16/16 70/70
f 20/20 1/1 30/30
f 114/114 92/92 122/122
f 13/13 6/6 22/22
f 25/25 39/39 97/97
f 26/26 13/13 37/37
f 83/83 73/73 125/125
f 1/1 4/4 1/1
f 1/1 4/4 33/33
f 63/63 1/1 25/25
f 12/12 23/23 70/70
f 1/1 39/39 124/124
f 1/1 4/4 1/1
f 1/1 4/4 9/9
f 25/25 85/85 81/81
f 17/17 113/113 55/55
f 121/121 85/85 121/121
f 1/1 4/4 1/1
f 1/1 4/4 79/79
f 14/14 86/86 26/26
f 80/80 122/122 78/78
f 124/124 65/65 19/19
f 5/5 83/83 119/119
f 1/1 4/4 1/1
f 99/99 123/123 47/47
f 49/49 49/49 73/73
f 1/1 4/4 90/90
f 57/57 125/125 16/16
f 110/110 39/39 107/107
f 66/66 43/43 13/13
f 1/1 4/4 1/1
f 1/1 4/4 121/121
f 6/6 110/110 94/94
f 12/12 2/2 63/63
f 40/40 97/97 68/68
f 13/13 2/2 49/49
f 55/55 93/93 37/37
f 1/1 4/4 1/1
f 1/1 4/4 33/33
f 126/126 2/2 40/40
f 58/58 14/14 24/24
f 110/110 97/97 66/66
f 1/1 4/4 1/1
f 1/1 4/4 35/35
f 49/49 124/124 122/122
f 1/1 4/4 3/3
f 4/4 79/79 27/27
f 1/1 4/4 1/1
f 9/9 5/5 21/21
f 101/101 43/43 76/76
f 61/61 71/71 79/79
f 1/1 4/4 108/108
f 67/67 85/85 41/41
f 1/1 4/4 1/1
f 101/101 40/40 37/37
f 5/5 56/56 94/94
f 1/1 4/4 87/87
f 35/35 74/74 1/1
f 1/1 4/4 1/1
f 49/49 65/65 1/1
f 1/1 4/4 1/1
f 38/38 21/21 33/33
f 27/27 36/36 1/1
f 16/16 89/89 10/10
f 53/53 1/1 3/3
f 1/1 1/1 92/92
f 66/66 9/9 75/75
f 105/105 68/68 97/97
f 1/1 4/4 1/1
f 1/1 4/4 1/1
f 92/92 39/39 69/69
f 1/1 1/1 92/92
f 66/66 2/2 88/88
f 1/1 4/4 1/1
f 1/1 4/4 17/17
f 78/78 20/20 75/75
f 1/1 1/1 1/1
f 27/27 37/37 68/68
f 75/75 114/114 116/116
f 1/1 4/4 1/1
f 1/1 4/4 59/59
f 39/39 26/26 46/46
f 1/1 1/1 1/1
f 69/69 96/96 30/30
f 113/113 122/122 60/60
f 1/1 4/4 1/1
f 1/1 4/4 101/101
f 1/1 27/27 10/10
f 1/1 4/4 46/46
f 33/33 87/87 54/54
f 1/1 4/4 1/1
f 47/47 66/66 104/104
f 57/57 75/75 52/52
f 1/1 4/4 45/45
f 59/59 95/95 5/5
f 1/1 4/4 1/1
f 42/42 25/25 57/57
f 2/2 4/4 45/45
f 114/114 4/4 101/101
f 1/1 24/24 86/86
f 99/99 17/17 1/1
f 1/1 24/24 86/86
f 99/99 17/17 1/1
f 57/57 9/9 56/56
f 41/41 89/89 26/26
f 115/115 6/6 69/69
f 54/54 65/65 41/41
f 30/30 5/5 69/69
f 63/63 5/5 41/41
f 27/27 76/76 47/47
f 34/34 2/2 76/76
f 67/67 5/5 101/101
f 35/35 128/128 85/85
f 1/1 1/1 1/1
f 30/30 26/26 65/65
f 34/34 41/41 97/97
f 35/35 62/62 26/26
f 111/111 58/58 73/73
f 35/35 128/128 85/85
f 1/1 1/1 1/1
f 82/82 88/88 76/76
f 82/82 88/88 76/76
f 29/29 1/1 56/56
f 111/111 1/1 54/54
f 35/35 128/128 85/85
f 1/1 1/1 1/1
f 47/47 2/2 23/23
f 101/101 24/24 4/4
f 39/39 77/77 113/113
f 61/61 33/33 106/106
f 60/60 96/96 1/1
f 29/29 1/1 45/45
f 71/71 5/5 11/11
f 52/52 4/4 91/91
f 29/29 38/38 106/106
f 82/82 15/15 56/56
f 68/68 104/104 117/117
f 113/113 120/120 113/113
f 33/33 1/1 1/1
f 65/65 82/82 1/1
f 3/3 1/1 62/62
f 117/117 126/126 117/117
f 84/84 109/109 117/117
f 10/10 104/104 9/9
f 62/62 103/103 5/5
f 102/102 19/19 77/77
f 28/28 125/125 45/45
f 1/1 86/86 73/73
f 83/83 119/119 42/42
f 6/6 17/17 115/115
f 37/37 18/18 1/1
f 7/7 17/17 115/115
f 117/117 114/114 97/97
f 52/52 2/2 111/111
f 55/55 115/115 106/106
f 22/22 91/91 34/34
f 99/99 121/121 5/5
f 19/19 127/127 84/84
f 45/45 114/114 6/6
f 75/75 16/16 82/82
f 50/50 9/9 45/45
f 65/65 8/8 36/36
f 67/67 4/4 44/44
f 100/100 120/120 21/21
f 10/10 97/97 57/57
f 36/36 125/125 53/53
f 9/9 11/11 1/1
f 72/72 64/64 65/65
f 21/21 83/83 4/4
f 15/15 53/53 110/110
f 103/103 3/3 1/1
f 25/25 25/25 7/7
f 17/17 1/1 1/1
f 19/19 34/34 83/83
f 65/65 24/24 59/59
f 59/59 43/43 37/37
f 87/87 19/19 65/65
f 77/77 97/97 1/1
f 77/77 97/97 1/1
f 77/77 97/97 1/1
f 77/77 97/97 1/1
f 77/77 97/97 1/1
f 77/77 97/97 1/1
f 77/77 97/97 1/1
f 77/77 97/97 1/1
f 77/77 97/97 1/1
f 4/4 21/21 33/33
f 7/7 34/34 65/65
f 4/4 21/21 33/33
f 7/7 34/34 65/65
f 44/44 26/26 108/108
f 6/6 39/39 35/35
f 33/33 23/23 37/37
f 3/3 108/108 75/75
f 19/19 3/3 17/17
f 94/94 95/95 5/5
f 41/41 34/34 103/103
f 10/10 120/120 49/49
f 7/7 121/121 33/33
f 69/69 126/126 52/52
f 51/51 111/111 106/106
f 85/85 21/21 55/55
f 111/111 82/82 54/54
f 65/65 29/29 6/6
f 9/9 10/10 45/45
f 97/97 5/5 17/17
f 16/16 23/23 106/106
f 21/21 25/25 81/81
f 66/66 117/117 24/24
f 31/31 105/105 61/61
f 22/22 41/41 9/9
f 1/1 53/53 84/84
f 91/91 45/45 79/79
f 67/67 124/124 71/71
f 5/5 101/101 48/48
f 112/112 37/37 79/79
f 22/22 24/24 42/42
f 67/67 58/58 57/57
f 20/20 21/21 30/30
f 19/19 89/89 119/119
f 67/67 7/7 73/73
f 100/100 9/9 11/11
f 59/59 28/28 58/58
f 102/102 81/81 3/3
f 125/125 88/88 94/94
f 102/102 81/81 3/3
f 125/125 88/88 94/94
f 17/17 63/63 46/46
f 46/46 31/31 1/1
f 69/69 60/60 118/118
f 33/33 33/33 22/22
f 82/82 73/73 97/97
f 13/13 16/16 27/27
f 92/92 122/122 71/71
f 53/53 65/65 11/11
f 2/2 117/117 62/62
f 103/103 117/117 106/106
f 53/53 65/65 11/11
f 2/2 44/44 33/33
f 64/64 44/44 85/85
f 54/54 89/89 18/18
f 66/66 65/65 67/67
f 89/89 8/8 97/97
f 49/49 71/71 33/33
f 87/87 7/7 71/71
f 85/85 8/8 1/1
f 5/5 26/26 98/98
f 62/62 78/78 75/75
f 35/35 41/41 34/34
f 114/114 24/24 33/33
f 86/86 27/27 23/23
f 122/122 88/88 90/90
f 84/84 115/115 73/73
f 61/61 1/1 124/124
f 61/61 1/1 1/1
f 87/87 127/127 82/82
f 110/110 54/54 69/69
f 1/1 60/60 86/86
f 85/85 44/44 125/125
f 33/33 16/16 20/20
f 1/1 1/1 1/1
f 1/1 1/1 82/82
f 107/107 58/58 52/52
f 10/10 76/76 97/97
f 3/3 9/9 1/1
f 26/26 1/1 6/6
f 12/12 93/93 124/124
f 112/112 97/97 66/66
f 113/113 18/18 57/57
f 10/10 75/75 35/35
f 98/98 76/76 71/71
f 44/44 70/70 127/127
f 125/125 101/101 13/13
f 61/61 32/32 6/6
f 50/50 37/37 28/28
f 19/19 120/120 68/68
f 31/31 11/11 3/3
f 28/28 36/36 77/77
f 68/68 80/80 65/65
f 68/68 128/128 108/108
f 28/28 114/114 14/14
f 19/19 65/65 117/117
f 98/98 96/96 71/71
f 84/84 79/79 47/47
f 11/11 109/109 80/80
f 69/69 95/95 13/13
f 69/69 99/99 13/13
f 14/14 1/1 26/26
f 10/10 49/49 4/4
f 123/123 89/89 17/17
f 107/107 100/100 66/66
f 26/26 6/6 75/75
f 16/16 106/106 7/7
f 43/43 75/75 4/4
f 116/116 39/39 123/123
f 94/94 9/9 2/2
f 128/128 55/55 7/7
f 16/16 1/1 46/46
f 25/25 128/128 75/75
f 31/31 1/1 46/46
f 27/27 1/1 51/51
f 38/38 128/128 94/94
f 15/15 1/1 53/53
f 4/4 1/1 110/110
f 1/1 1/1 1/1
f 32/32 1/1 93/93
f 47/47 1/1 109/109
f 89/89 2/2 98/98
f 120/120 1/1 106/106
f 40/40 128/128 68/68
f 35/35 2/2 7/7
f 16/16 128/128 121/121
f 125/125 1/1 108/108
f 104/104 2/2 5/5
f 3/3 1/1 15/15
f 27/27 1/1 51/51
f 27/27 1/1 51/51
f 78/78 10/10 126/126
f 59/59 7/7 121/121
f 1/1 1/1 1/1
f 98/98 127/127 30/30
f 3/3 128/128 39/39
f 27/27 65/65 15/15
f 80/80 1/1 54/54
f 103/103 1/1 1/1
f 37/37 3/3 83/83
f 67/67 1/1 1/1
f 64/64 128/128 64/64
f 17/17 1/1 124/124
f 94/94 1/1 53/53
f 1/1 128/128 102/102
f 11/11 2/2 35/35
f 105/105 1/1 35/35
f 75/75 128/128 108/108
f 41/41 1/1 74/74
f 118/118 3/3 25/25
f 90/90 26/26 26/26
f 79/79 3/3 31/31
f 44/44 2/2 7/7
f 49/49 1/1 93/93
f 65/65 1/1 23/23
f 9/9 1/1 75/75
f 67/67 1/1 5/5
f 117/117 1/1 64/64
f 41/41 3/3 127/127
f 108/108 1/1 1/1
f 7/7 1/1 7/7
f 117/117 125/125 40/40
f 102/102 2/2 56/56
f 90/90 3/3 115/115
f 55/55 1/1 51/51
f 55/55 2/2 14/14
f 81/81 4/4 106/106
f 97/97 1/1 51/51
f 1/1 1/1 1/1
f 114/114 1/1 51/51
f 116/116 2/2 16/16
f 108/108 1/1 51/51
f 116/116 2/2 37/37
f 108/108 1/1 51/51
f 54/54 1/1 51/51
f 12/12 121/121 121/121
f 80/80 128/128 100/100
f 55/55 125/125 21/21
f 116/116 125/125 21/21
f 108/108 66/66 40/40
f 114/114 67/67 118/118
f 111/111 1/1 50/50
f 64/64 1/1 44/44
f 125/125 1/1 27/27
f 54/54 1/1 50/50
f 81/81 3/3 13/13
f 1/1 1/1 1/1
f 23/23 1/1 86/86
f 23/23 1/1 86/86
f 23/23 1/1 86/86
f 23/23 1/1 86/86
f 23/23 1/1 86/86
f 32/32 1/1 1/1
f 1/1 1/1 1/1
f 127/127 1/1 121/121
f 2/2 3/3 25/25
f 55/55 2/2 4/4
f 56/56 1/1 1/1
f 1/1 1/1 1/1
f 74/74 1/1 51/51
f 94/94 4/4 16/16
f 91/91 1/1 28/28
f 30/30 125/125 84/84
f 58/58 123/123 66/66
f 77/77 1/1 1/1
f 54/54 1/1 1/1
f 1/1 1/1 1/1
f 41/41 1/1 105/105
f 57/57 1/1 96/96
f 76/76 1/1 19/19
f 76/76 1/1 96/96
f 65/65 3/3 6/6
f 18/18 1/1 96/96
f 59/59 124/124 51/51
f 65/65 2/2 70/70
f 115/115 1/1 96/96
f 120/120 1/1 96/96
f 1/1 1/1 1/1
f 30/30 125/125 86/86
f 102/102 2/2 51/51
f 7/7 1/1 60/60
f 1/1 1/1 1/1
f 76/76 3/3 44/44
f 66/66 3/3 30/30
f 72/72 124/124 84/84
f 114/114 3/3 97/97
f 76/76 3/3 44/44
f 76/76 3/3 44/44
f 76/76 1/1 13/13
f 66/66 1/1 96/96
f 1/1 1/1 1/1
f 114/114 2/2 50/50
f 78/78 124/124 108/108
f 127/127 125/125 109/109
f 22/22 125/125 15/15
f 45/45 2/2 48/48
f 52/52 1/1 58/58
f 1/1 1/1 1/1
f 123/123 126/126 122/122
f 1/1 1/1 1/1
f 78/78 4/4 41/41
f 35/35 1/1 9/9
f 96/96 128/128 124/124
f 39/39 1/1 85/85
f 55/55 128/128 118/118
f 87/87 1/1 63/63
f 92/92 1/1 78/78
f 128/128 1/1 73/73
f 1/1 2/2 98/98
f 111/111 1/1 92/92
f 27/27 128/128 87/87
f 54/54 1/1 126/126
f 18/18 1/1 78/78
f 39/39 1/1 85/85
f 16/16 1/1 47/47
f 1/1 1/1 51/51
f 87/87 1/1 2/2
f 40/40 128/128 99/99
f 111/111 2/2 89/89
f 1/1 1/1 1/1
f 90/90 3/3 31/31
f 47/47 1/1 1/1
f 99/99 1/1 1/1
f 23/23 1/1 1/1
f 107/107 2/2 81/81
f 37/37 1/1 51/51
f 30/30 1/1 63/63
f 92/92 1/1 44/44
f 32/32 1/1 13/13
f 29/29 1/1 17/17
f 26/26 1/1 51/51
f 82/82 2/2 94/94
f 38/38 1/1 51/51
f 82/82 2/2 91/91
f 81/81 1/1 51/51
f 97/97 1/1 56/56
f 116/116 1/1 126/126
f 102/102 1/1 81/81
f 98/98 1/1 51/51
f 83/83 2/2 94/94
f 92/92 1/1 51/51
f 121/121 2/2 94/94
f 15/15 1/1 51/51
f 28/28 1/1 51/51
f 1/1 1/1 1/1
f 24/24 1/1 22/22
f 117/117 1/1 22/22
f 108/108 1/1 71/71
f 90/90 1/1 22/22
f 85/85 1/1 71/71
f 92/92 1/1 93/93
f 98/98 1/1 96/96
f 97/97 4/4 115/115
f 13/13 4/4 115/115
f 61/61 1/1 1/1
f 1/1 1/1 1/1
f 15/15 1/1 1/1
f 97/97 1/1 113/113
f 98/98 128/128 88/88
f 109/109 1/1 1/1
f 109/109 1/1 9/9
f 94/94 1/1 45/45
f 99/99 6/6 123/123
f 1/1 1/1 1/1
f 53/53 1/1 115/115
f 50/50 2/2 6/6
f 50/50 2/2 6/6
f 50/50 2/2 6/6
f 50/50 2/2 6/6
f 50/50 2/2 6/6
f 50/50 2/2 6/6
f 50/50 2/2 6/6
f 50/50 2/2 6/6
f 50/50 2/2 6/6
f 48/48 1/1 102/102
f 30/30 2/2 39/39
f 60/60 1/1 34/34
f 13/13 1/1 117/117
f 99/99 6/6 123/123
f 1/1 1/1 1/1
f 83/83 128/128 76/76
f 49/49 2/2 17/17
f 89/89 1/1 58/58
f 89/89 1/1 58/58
f 89/89 1/1 58/58
f 51/51 1/1 112/112
f 99/99 2/2 74/74
f 68/68 103/103 103/103
f 99/99 1/1 89/89
f 1/1 1/1 1/1
f 99/99 6/6 123/123
f 1/1 1/1 1/1
f 78/78 128/128 107/107
f 65/65 2/2 26/26
f 63/63 1/1 51/51
f 108/108 128/128 70/70
f 4/4 1/1 125/125
f 19/19 1/1 125/125
f 25/25 1/1 6/6
f 41/41 1/1 110/110
f 1/1 1/1 1/1
f 41/41 1/1 110/110
f 1/1 1/1 1/1
f 76/76 1/1 21/21
f 47/47 1/1 22/22
f 64/64 1/1 51/51
f 1/1 1/1 1/1
f 94/94 1/1 1/1
f 94/94 1/1 1/1
f 79/79 2/2 13/13
f 26/26 1/1 1/1
f 1/1 1/1 1/1
f 96/96 2/2 43/43
f 119/119 3/3 65/65
f 62/62 1/1 16/16
f 118/118 1/1 51/51
f 18/18 1/1 29/29
f 25/25 128/128 21/21
f 52/52 5/5 66/66
f 106/106 5/5 42/42
f 1/1 1/1 1/1
f 106/106 5/5 42/42
f 1/1 1/1 1/1
f 24/24 1/1 7/7
f 6/6 2/2 113/113
f 14/14 1/1 51/51
f 81/81 2/2 122/122
f 1/1 1/1 1/1
f 31/31 4/4 17/17
f 25/25 1/1 52/52
f 21/21 3/3 122/122
f 102/102 1/1 1/1
f 1/1 1/1 1/1
f 114/114 1/1 11/11
f 122/122 1/1 1/1
f 117/117 1/1 1/1
f 1/1 1/1 1/1
f 102/102 1/1 11/11
f 109/109 1/1 1/1
f 85/85 1/1 51/51
f 99/99 1/1 21/21
f 1/1 1/1 1/1
f 121/121 1/1 77/77
f 98/98 1/1 51/51
f 75/75 1/1 32/32
f 40/40 124/124 64/64
f 74/74 1/1 15/15
f 97/97 1/1 51/51
f 54/54 1/1 59/59
f 98/98 1/1 1/1
f 59/59 4/4 82/82
f 47/47 1/1 23/23
f 50/50 1/1 47/47
f 115/115 4/4 91/91
f 1/1 1/1 1/1
f 37/37 3/3 48/48
f 31/31 1/1 51/51
f 26/26 4/4 68/68
f 64/64 1/1 71/71
f 49/49 1/1 65/65
f 98/98 1/1 65/65
f 56/56 1/1 1/1
f 110/110 1/1 78/78
f 77/77 1/1 63/63
f 79/79 1/1 82/82
f 110/110 1/1 27/27
f 22/22 1/1 59/59
f 112/112 128/128 119/119
f 46/46 1/1 94/94
f 97/97 2/2 66/66
f 73/73 7/7 101/101
f 74/74 4/4 90/90
f 37/37 1/1 62/62
f 15/15 1/1 26/26
f 96/96 1/1 88/88
f 20/20 1/1 53/53
f 8/8 1/1 61/61
f 26/26 1/1 1/1
f 1/1 1/1 1/1
f 18/18 1/1 93/93
f 84/84 1/1 19/19
f 19/19 1/1 81/81
f 24/24 1/1 86/86
f 80/80 1/1 9/9
f 62/62 1/1 19/19
f 93/93 1/1 72/72
f 35/35 1/1 19/19
f 103/103 1/1 51/51
f 51/51 1/1 93/93
f 2/2 2/2 118/118
f 107/107 2/2 109/109
f 59/59 1/1 51/51
f 126/126 2/2 48/48
f 117/117 1/1 26/26
f 53/53 3/3 76/76
f 41/41 2/2 90/90
f 39/39 1/1 1/1
f 126/126 128/128 125/125
f 9/9 1/1 18/18
f 83/83 1/1 34/34
f 51/51 1/1 51/51
f 21/21 127/127 95/95
f 81/81 1/1 34/34
f 25/25 128/128 62/62
f 8/8 1/1 106/106
f 12/12 1/1 98/98
f 32/32 1/1 93/93
f 14/14 1/1 85/85
f 15/15 1/1 1/1
f 24/24 1/1 51/51
f 1/1 1/1 1/1
f 9/9 1/1 22/22
f 51/51 1/1 51/51
f 125/125 128/128 116/116
f 90/90 1/1 101/101
f 16/16 1/1 91/91
f 58/58 1/1 84/84
f 66/66 128/128 108/108
f 100/100 1/1 22/22
f 29/29 1/1 114/114
f 20/20 1/1 84/84
f 86/86 2/2 19/19
f 116/116 1/1 51/51
f 1/1 1/1 1/1
f 96/96 1/1 51/51
f 1/1 1/1 1/1
f 15/15 1/1 47/47
f 127/127 127/127 22/22
f 88/88 3/3 15/15
f 67/67 1/1 12/12
f 96/96 1/1 14/14
f 10/10 1/1 105/105
f 57/57 1/1 12/12
f 96/96 1/1 51/51
f 1/1 1/1 1/1
f 44/44 3/3 24/24
f 20/20 123/123 74/74
f 118/118 128/128 27/27
f 63/63 1/1 101/101
f 125/125 4/4 11/11
f 9/9 122/122 97/97
f 62/62 123/123 88/88
f 4/4 5/5 15/15
f 88/88 1/1 1/1
f 109/109 5/5 11/11
f 1/1 1/1 1/1
f 18/18 6/6 46/46
f 1/1 1/1 1/1
f 44/44 6/6 46/46
f 110/110 1/1 55/55
f 45/45 1/1 49/49
f 114/114 1/1 55/55
f 44/44 5/5 102/102
f 69/69 1/1 51/51
f 32/32 114/114 89/89
f 38/38 1/1 51/51
f 115/115 2/2 74/74
f 39/39 1/1 95/95
f 42/42 127/127 102/102
f 121/121 3/3 46/46
f 38/38 1/1 82/82
f 76/76 1/1 68/68
f 12/12 1/1 68/68
f 38/38 1/1 103/103
f 92/92 2/2 13/13
f 107/107 2/2 39/39
f 51/51 2/2 7/7
f 67/67 1/1 73/73
f 96/96 1/1 115/115
f 117/117 1/1 99/99
f 103/103 2/2 104/104
f 38/38 1/1 83/83
f 116/116 1/1 81/81
f 73/73 1/1 118/118
f 28/28 1/1 98/98
f 13/13 2/2 18/18
f 73/73 1/1 103/103
f 115/115 1/1 85/85
f 105/105 128/128 36/36
f 39/39 1/1 1/1
f 122/122 127/127 93/93
f 14/14 2/2 48/48
f 14/14 127/127 81/81
f 20/20 127/127 124/124
f 104/104 1/1 36/36
f 46/46 1/1 47/47
f 82/82 128/128 96/96
f 95/95 1/1 59/59
f 92/92 128/128 96/96
f 125/125 1/1 68/68
f 22/22 128/128 96/96
f 46/46 2/2 85/85
f 5/5 128/128 96/96
f 25/25 1/1 111/111
f 57/57 128/128 49/49
f 1/1 1/1 68/68
f 95/95 1/1 1/1
f 1/1 1/1 126/126
f 30/30 1/1 1/1
f 1/1 1/1 1/1
f 92/92 2/2 25/25
f 124/124 1/1 51/51
f 103/103 108/108 121/121
f 18/18 2/2 104/104
f 51/51 3/3 105/105
f 14/14 127/127 45/45
f 121/121 1/1 44/44
f 10/10 1/1 119/119
f 28/28 1/1 51/51
f 90/90 128/128 46/46
f 67/67 128/128 96/96
f 48/48 1/1 111/111
f 33/33 1/1 40/40
f 115/115 1/1 1/1
f 1/1 1/1 1/1
f 97/97 1/1 51/51
f 103/103 128/128 2/2
f 114/114 1/1 27/27
f 55/55 1/1 27/27
f 97/97 1/1 51/51
f 33/33 1/1 56/56
f 93/93 4/4 12/12
f 74/74 3/3 69/69
f 97/97 1/1 51/51
f 77/77 1/1 1/1
f 90/90 4/4 9/9
f 14/14 1/1 51/51
f 1/1 1/1 1/1
f 115/115 1/1 1/1
f 1/1 1/1 1/1
f 78/78 2/2 54/54
f 20/20 2/2 54/54
f 72/72 2/2 54/54
f 26/26 1/1 77/77
f 9/9 2/2 54/54
f 59/59 1/1 77/77
f 70/70 2/2 54/54
f 10/10 2/2 54/54
f 34/34 2/2 48/48
f 12/12 1/1 75/75
f 17/17 1/1 71/71
f 32/32 127/127 101/101
f 26/26 128/128 79/79
f 15/15 1/1 27/27
f 38/38 128/128 89/89
f 8/8 1/1 12/12
f 26/26 128/128 112/112
f 67/67 1/1 35/35
f 82/82 2/2 29/29
f 48/48 1/1 51/51
f 66/66 2/2 9/9
f 126/126 1/1 51/51
f 1/1 1/1 1/1
f 46/46 7/7 128/128
f 17/17 1/1 38/38
f 65/65 1/1 37/37
f 12/12 1/1 21/21
f 113/113 126/126 106/106
f 20/20 2/2 8/8
f 1/1 1/1 1/1
f 20/20 2/2 8/8
f 1/1 1/1 1/1
f 20/20 2/2 45/45
f 1/1 1/1 1/1
f 78/78 1/1 18/18
f 78/78 1/1 18/18
f 127/127 1/1 108/108
f 118/118 3/3 30/30
f 124/124 1/1 74/74
f 1/1 1/1 1/1
f 26/26 2/2 69/69
f 19/19 1/1 69/69
f 68/68 1/1 74/74
f 30/30 1/1 51/51
f 90/90 26/26 26/26
f 30/30 1/1 51/51
f 90/90 26/26 26/26
f 30/30 1/1 51/51
f 90/90 26/26 26/26
f 30/30 1/1 51/51
f 27/27 52/52 54/54
f 30/30 1/1 51/51
f 27/27 52/52 54/54
f 5/5 1/1 84/84
f 30/30 1/1 51/51
f 122/122 103/103 107/107
f 16/16 1/1 84/84
f 30/30 1/1 51/51
f 60/60 26/26 27/27
f 30/30 1/1 51/51
f 60/60 26/26 27/27
f 30/30 1/1 51/51
f 122/122 103/103 107/107
f 30/30 1/1 51/51
f 39/39 107/107 119/119
f 127/127 123/123 26/26
f 14/14 123/123 56/56
f 25/25 1/1 1/1
f 6/6 1/1 57/57
f 123/123 1/1 78/78
f 30/30 2/2 47/47
f 119/119 1/1 51/51
f 1/1 1/1 1/1
f 109/109 1/1 25/25
f 45/45 122/122 42/42
f 99/99 1/1 51/51
f 11/11 125/125 72/72
f 58/58 123/123 66/66
f 77/77 1/1 1/1
f 47/47 123/123 63/63
f 82/82 1/1 1/1
f 67/67 3/3 54/54
f 41/41 1/1 1/1
f 92/92 3/3 54/54
f 42/42 1/1 8/8
f 8/8 1/1 1/1
f 39/39 3/3 65/65
f 39/39 1/1 29/29
f 105/105 1/1 29/29
f 51/51 1/1 51/51
f 2/2 1/1 33/33
f 12/12 11/11 21/21
f 12/12 11/11 21/21
f 31/31 11/11 21/21
f 12/12 11/11 21/21
f 5/5 2/2 40/40
f 122/122 1/1 57/57
f 128/128 128/128 123/123
f 95/95 125/125 27/27
f 54/54 1/1 52/52
f 10/10 1/1 18/18
f 59/59 1/1 1/1
f 93/93 1/1 3/3
f 59/59 1/1 1/1
f 93/93 1/1 60/60
f 35/35 1/1 1/1
f 35/35 1/1 1/1
f 99/99 1/1 14/14
f 13/13 1/1 51/51
f 109/109 1/1 51/51
f 1/1 1/1 51/51
f 1/1 1/1 1/1
f 31/31 1/1 106/106
f 106/106 1/1 51/51
f 1/1 1/1 1/1
f 33/33 1/1 124/124
f 41/41 1/1 49/49
f 110/110 1/1 51/51
f 32/32 1/1 4/4
f 39/39 1/1 1/1
f 48/48 126/126 66/66
f 83/83 1/1 51/51
f 1/1 1/1 1/1
f 83/83 1/1 51/51
f 1/1 1/1 1/1
f 39/39 1/1 79/79
f 85/85 1/1 51/51
f 83/83 1/1 118/118
f 1/1 1/1 1/1
f 32/32 127/127 33/33
f 59/59 2/2 91/91
f 90/90 3/3 88/88
f 1/1 1/1 1/1
f 9/9 1/1 29/29
f 26/26 1/1 101/101
f 114/114 1/1 29/29
f 26/26 1/1 101/101
f 29/29 2/2 2/2
f 1/1 1/1 1/1
f 76/76 7/7 14/14
f 79/79 1/1 51/51
f 8/8 3/3 38/38
f 1/1 1/1 1/1
f 35/35 1/1 98/98
f 2/2 1/1 116/116
f 39/39 128/128 86/86
f 4/4 1/1 114/114
f 73/73 1/1 51/51
f 1/1 1/1 1/1
f 79/79 48/48 39/39
f 13/13 46/46 45/45
f 49/49 17/17 67/67
f 104/104 1/1 68/68
f 124/124 23/23 24/24
f 87/87 95/95 83/83
f 20/20 77/77 29/29
f 122/122 64/64 81/81
f 38/38 33/33 77/77
f 85/85 126/126 61/61
f 60/60 18/18 18/18
f 62/62 101/101 77/77
f 36/36 22/22 1/1
f 47/47 12/12 57/57
f 124/124 29/29 32/32
f 63/63 46/46 62/62
f 38/38 74/74 89/89
f 29/29 57/57 28/28
f 50/50 49/49 89/89
f 29/29 57/57 28/28
f 50/50 49/49 89/89
f 1/1 1/1 1/1
f 1/1 1/1 1/1
f 22/22 90/90 62/62
f 89/89 126/126 4/4
f 68/68 68/68 81/81
f 7/7 9/9 123/123
f 33/33 9/9 80/80
f 29/29 57/57 26/26
f 50/50 49/49 89/89
f 81/81 62/62 53/53
f 107/107 6/6 33/33
f 64/64 41/41 116/116
f 112/112 53/53 121/121
f 4/4 112/112 117/117
f 15/15 11/11 83/83
f 110/110 94/94 54/54
f 30/30 73/73 45/45
f 88/88 47/47 108/108
f 53/53 55/55 6/6
f 107/107 114/114 95/95
f 77/77 87/87 106/106
f 29/29 38/38 46/46
f 51/51 7/7 100/100
f 100/100 26/26 101/101
f 73/73 76/76 58/58
f 77/77 80/80 26/26
f 81/81 25/25 79/79
f 38/38 67/67 49/49
f 86/86 119/119 9/9
f 90/90 3/3 55/55
f 69/69 66/66 16/16
f 36/36 34/34 33/33
f 88/88 105/105 7/7
f 68/68 41/41 24/24
f 95/95 39/39 2/2
f 72/72 21/21 8/8
f 10/10 103/103 104/104
f 4/4 114/114 128/128
f 30/30 3/3 51/51
f 13/13 93/93 68/68
f 43/43 100/100 65/65
f 14/14 64/64 95/95
f 32/32 119/119 10/10
f 36/36 96/96 105/105
f 16/16 112/112 83/83
f 13/13 10/10 70/70
f 112/112 102/102 33/33
f 10/10 38/38 82/82
f 116/116 63/63 17/17
f 104/104 33/33 53/53
f 21/21 1/1 75/75
f 43/43 6/6 70/70
f 37/37 15/15 103/103
f 29/29 2/2 76/76
f 46/46 103/103 46/46
f 77/77 80/80 26/26
f 118/118 115/115 2/2
f 84/84 107/107 61/61
f 34/34 41/41 91/91
f 70/70 15/15 36/36
f 43/43 1/1 1/1
f 1/1 1/1 1/1
f 95/95 39/39 2/2
f 72/72 21/21 8/8
f 68/68 36/36 100/100
f 4/4 68/68 20/20
f 117/117 84/84 110/110
f 78/78 47/47 73/73
f 47/47 73/73 6/6
f 75/75 65/65 67/67
f 49/49 60/60 81/81
f 50/50 108/108 10/10
f 16/16 86/86 30/30
f 49/49 60/60 81/81
f 59/59 5/5 109/109
f 41/41 87/87 72/72
f 24/24 67/67 116/116
f 110/110 86/86 40/40
f 10/10 81/81 14/14
f 14/14 101/101 20/20
f 78/78 7/7 43/43
f 71/71 112/112 84/84
f 16/16 62/62 6/6
f 104/104 42/42 114/114
f 58/58 127/127 52/52
f 33/33 73/73 87/87
f 118/118 113/113 49/49
f 4/4 34/34 4/4
f 115/115 26/26 83/83
f 17/17 56/56 102/102
f 70/70 15/15 36/36
f 87/87 51/51 34/34
f 48/48 114/114 26/26
f 79/79 108/108 51/51
f 58/58 91/91 53/53
f 103/103 18/18 97/97
f 47/47 2/2 95/95
f 11/11 97/97 127/127
f 34/34 54/54 34/34
f 125/125 17/17 55/55
f 116/116 18/18 123/123
f 121/121 103/103 127/127
f 51/51 76/76 29/29
f 113/113 50/50 49/49
f 57/57 13/13 121/121
f 66/66 72/72 19/19
f 112/112 42/42 69/69
f 63/63 51/51 97/97
f 4/4 63/63 51/51
f 14/14 115/115 96/96
f 4/4 98/98 58/58
f 88/88 76/76 97/97
f 56/56 73/73 108/108
f 32/32 4/4 36/36
f 21/21 70/70 9/9
f 84/84 27/27 69/69
f 15/15 118/118 24/24
f 11/11 59/59 100/100
f 13/13 10/10 70/70
f 112/112 102/102 33/33
f 10/10 38/38 82/82
f 58/58 116/116 10/10
f 50/50 108/108 10/10
f 16/16 86/86 30/30
f 50/50 108/108 10/10
f 16/16 86/86 30/30
f 24/24 67/67 116/116
f 110/110 86/86 40/40
f 10/10 81/81 14/14
f 14/14 101/101 20/20
f 78/78 7/7 43/43
f 75/75 86/86 52/52
f 75/75 86/86 52/52
f 29/29 2/2 76/76
f 10/10 39/39 65/65
f 4/4 4/4 12/12
f 79/79 51/51 13/13
f 89/89 48/48 91/91
f 37/37 28/28 70/70
f 7/7 6/6 93/93
f 92/92 59/59 38/38
f 64/64 65/65 33/33
f 30/30 35/35 123/123
f 18/18 113/113 30/30
f 18/18 73/73 123/123
f 128/128 127/127 128/128
f 128/128 47/47 7/7
f 84/84 118/118 9/9
f 59/59 10/10 11/11
f 17/17 77/77 68/68
f 2/2 6/6 67/67
f 114/114 25/25 91/91
f 2/2 18/18 85/85
f 71/71 89/89 29/29
f 107/107 97/97 11/11
f 95/95 59/59 98/98
f 110/110 84/84 7/7
f 55/55 33/33 103/103
f 52/52 98/98 65/65
f 85/85 3/3 47/47
f 113/113 11/11 93/93
f 70/70 120/120 1/1
f 10/10 24/24 105/105
f 80/80 20/20 8/8
f 123/123 46/46 57/57
f 128/128 50/50 48/48
f 4/4 48/48 89/89
f 45/45 32/32 28/28
f 97/97 124/124 101/101
f 8/8 83/83 24/24
f 66/66 52/52 54/54
f 33/33 128/128 31/31
f 57/57 6/6 126/126
f 57/57 6/6 126/126
f 57/57 6/6 126/126
f 14/14 68/68 44/44
f 20/20 4/4 40/40
f 75/75 126/126 104/104
f 8/8 5/5 103/103
f 120/120 15/15 17/17
f 128/128 128/128 84/84
f 4/4 9/9 4/4
f 4/4 24/24 17/17
f 4/4 9/9 68/68
f 39/39 9/9 7/7
f 4/4 9/9 68/68
f 68/68 2/2 33/33
f 4/4 29/29 4/4
f 4/4 9/9 73/73
f 32/32 9/9 97/97
f 102/102 102/102 97/97
f 16/16 4/4 120/120
f 49/49 77/77 128/128
f 4/4 9/9 4/4
f 20/20 59/59 17/17
f 28/28 4/4 51/51
f 32/32 68/68 8/8
f 51/51 44/44 4/4
f 40/40 120/120 15/15
f 29/29 41/41 51/51
f 49/49 1/1 18/18
f 120/120 15/15 17/17
f 128/128 128/128 84/84
f 25/25 29/29 1/1
f 109/109 29/29 93/93
f 25/25 29/29 1/1
f 109/109 29/29 93/93
f 4/4 9/9 68/68
f 36/36 26/26 17/17
f 16/16 4/4 120/120
f 49/49 77/77 128/128
f 4/4 28/28 4/4
f 36/36 45/45 44/44
f 4/4 28/28 4/4
f 36/36 45/45 44/44
f 3/3 49/49 52/52
f 3/3 18/18 68/68
f 4/4 9/9 4/4
f 36/36 13/13 17/17
f 4/4 9/9 4/4
f 68/68 110/110 33/33
f 4/4 29/29 4/4
f 68/68 110/110 33/33
f 4/4 9/9 4/4
f 68/68 102/102 33/33
f 92/92 30/30 103/103
f 13/13 17/17 42/42
f 25/25 93/93 7/7
f 77/77 77/77 33/33
f 37/37 68/68 64/64
f 43/43 7/7 68/68
f 16/16 4/4 120/120
f 49/49 77/77 128/128
f 42/42 13/13 47/47
f 123/123 64/64 17/17
f 4/4 24/24 4/4
f 4/4 9/9 77/77
f 16/16 77/77 3/3
f 1/1 1/1 1/1
f 42/42 13/13 47/47
f 123/123 64/64 17/17
f 4/4 9/9 4/4
f 68/68 110/110 33/33
f 4/4 9/9 4/4
f 68/68 10/10 33/33
f 4/4 7/7 4/4
f 68/68 110/110 33/33
f 40/40 17/17 30/30
f 65/65 65/65 36/36
f 1/1 1/1 1/1
f 1/1 1/1 1/1
f 69/69 107/107 64/64
f 100/100 71/71 124/124
f 40/40 17/17 30/30
f 65/65 65/65 68/68
f 13/13 68/68 31/31
f 47/47 102/102 97/97
f 4/4 29/29 4/4
f 68/68 10/10 71/71
f 28/28 4/4 51/51
f 101/101 102/102 97/97
f 40/40 17/17 30/30
f 65/65 65/65 36/36
f 6/6 2/2 66/66
f 107/107 106/106 128/128
f 8/8 58/58 90/90
f 16/16 100/100 76/76
f 106/106 52/52 107/107
f 96/96 81/81 40/40
f 22/22 23/23 45/45
f 103/103 38/38 113/113
f 33/33 67/67 61/61
f 76/76 13/13 73/73
f 88/88 91/91 127/127
f 48/48 58/58 50/50
f 100/100 71/71 45/45
f 66/66 85/85 84/84
f 74/74 15/15 7/7
f 55/55 45/45 59/59
f 28/28 8/8 53/53
f 25/25 107/107 15/15
f 39/39 62/62 30/30
f 1/1 1/1 1/1
f 1/1 1/1 1/1
f 6/6 14/14 46/46
f 121/121 92/92 77/77
f 85/85 81/81 38/38
f 117/117 56/56 20/20
f 96/96 31/31 92/92
f 27/27 15/15 89/89
f 52/52 3/3 15/15
f 57/57 111/111 9/9
f 16/16 1/1 17/17
f 3/3 11/11 52/52
f 112/112 42/42 103/103
f 73/73 70/70 25/25
f 85/85 128/128 3/3
f 15/15 2/2 43/43
f 41/41 115/115 7/7
f 75/75 81/81 70/70
f 74/74 120/120 122/122
f 28/28 58/58 42/42
f 59/59 48/48 45/45
f 28/28 87/87 38/38
f 53/53 96/96 100/100
f 12/12 36/36 19/19
f 7/7 4/4 29/29
f 4/4 100/100 69/69
f 24/24 49/49 50/50
f 6/6 97/97 2/2
f 42/42 7/7 43/43
f 15/15 40/40 123/123
f 107/107 100/100 60/60
f 4/4 9/9 21/21
f 18/18 40/40 8/8
f 29/29 62/62 63/63
f 86/86 50/50 4/4
f 49/49 67/67 77/77
f 45/45 93/93 56/56
f 110/110 10/10 107/107
f 69/69 13/13 12/12
f 3/3 81/81 103/103
f 12/12 33/33 94/94
f 77/77 113/113 79/79
f 47/47 24/24 81/81
f 104/104 56/56 66/66
f 128/128 73/73 64/64
f 72/72 37/37 50/50
f 39/39 119/119 64/64
f 69/69 16/16 3/3
f 80/80 7/7 54/54
f 123/123 20/20 124/124
f 119/119 29/29 50/50
f 91/91 77/77 122/122
f 82/82 80/80 93/93
f 80/80 31/31 38/38
f 120/120 62/62 108/108
f 14/14 4/4 84/84
f 20/20 62/62 93/93
f 24/24 108/108 87/87
f 35/35 66/66 19/19
f 27/27 77/77 122/122
f 9/9 26/26 72/72
f 122/122 15/15 60/60
f 61/61 75/75 127/127
f 72/72 15/15 42/42
f 9/9 16/16 32/32
f 128/128 53/53 21/21
f 122/122 126/126 2/2
f 1/1 1/1 1/1
f 61/61 86/86 115/115
f 63/63 40/40 63/63
f 22/22 95/95 38/38
f 76/76 2/2 92/92
f 53/53 61/61 55/55
f 32/32 4/4 68/68
f 100/100 3/3 64/64
f 28/28 19/19 41/41
f 112/112 12/12 75/75
f 89/89 87/87 6/6
f 67/67 6/6 6/6
f 54/54 88/88 117/117
f 54/54 88/88 85/85
f 105/105 48/48 16/16
f 39/39 45/45 120/120
f 96/96 79/79 35/35
f 69/69 62/62 102/102
f 55/55 8/8 19/19
f 127/127 8/8 35/35
f 5/5 3/3 28/28
f 103/103 7/7 11/11
f 21/21 9/9 80/80
f 14/14 54/54 24/24
f 86/86 90/90 15/15
f 80/80 80/80 18/18
f 21/21 98/98 119/119
f 121/121 114/114 83/83
f 65/65 13/13 99/99
f 90/90 39/39 82/82
f 46/46 47/47 42/42
f 94/94 3/3 46/46
f 9/9 101/101 5/5
f 64/64 84/84 11/11
f 110/110 13/13 105/105
f 15/15 34/34 107/107
f 66/66 90/90 71/71
f 24/24 40/40 52/52
f 100/100 101/101 49/49
f 25/25 34/34 42/42
f 74/74 123/123 64/64
f 66/66 11/11 13/13
f 111/111 57/57 108/108
f 68/68 84/84 71/71
f 123/123 43/43 51/51
f 80/80 26/26 125/125
f 7/7 128/128 39/39
f 122/122 71/71 83/83
f 99/99 109/109 82/82
f 48/48 87/87 69/69
f 1/1 128/128 59/59
f 62/62 91/91 104/104
f 55/55 58/58 48/48
f 126/126 21/21 128/128
f 89/89 88/88 117/117
f 81/81 25/25 105/105
f 62/62 65/65 62/62
f 90/90 6/6 111/111
f 64/64 16/16 90/90
f 79/79 6/6 40/40
f 48/48 53/53 37/37
f 44/44 128/128 108/108
f 34/34 70/70 26/26
f 67/67 56/56 13/13
f 113/113 46/46 104/104
f 110/110 28/28 27/27
f 91/91 58/58 14/14
f 7/7 14/14 27/27
f 9/9 35/35 113/113
f 32/32 13/13 2/2
f 87/87 85/85 17/17
f 128/128 21/21 113/113
f 118/118 43/43 42/42
f 10/10 39/39 9/9
f 67/67 7/7 13/13
f 15/15 16/16 79/79
f 32/32 11/11 119/119
f 60/60 73/73 114/114
f 1/1 1/1 1/1
f 1/1 1/1 1/1
f 109/109 75/75 56/56
f 47/47 91/91 2/2
f 7/7 122/122 23/23
f 121/121 73/73 97/97
f 123/123 3/3 114/114
f 113/113 27/27 57/57
f 1/1 107/107 43/43
f 44/44 51/51 43/43
f 107/107 75/75 37/37
f 4/4 3/3 3/3
f 24/24 43/43 96/96
f 125/125 32/32 9/9
f 92/92 69/69 99/99
f 95/95 128/128 100/100
f 45/45 107/107 100/100
f 50/50 80/80 59/59
f 76/76 76/76 43/43
f 127/127 12/12 61/61
f 71/71 55/55 107/107
f 37/37 53/53 38/38
f 47/47 69/69 53/53
f 100/100 2/2 120/120
f 16/16 80/80 81/81
f 95/95 52/52 19/19
f 91/91 35/35 13/13
f 94/94 64/64 59/59
f 78/78 40/40 95/95
f 8/8 60/60 82/82
f 96/96 8/8 3/3
f 30/30 110/110 112/112
f 56/56 26/26 59/59
f 96/96 14/14 87/87
f 39/39 67/67 121/121
f 107/107 69/69 33/33
f 113/113 47/47 9/9
f 15/15 75/75 115/115
f 4/4 6/6 105/105
f 125/125 126/126 69/69
f 73/73 51/51 60/60
f 113/113 46/46 65/65
f 24/24 85/85 57/57
f 15/15 79/79 76/76
f 118/118 68/68 75/75
f 81/81 109/109 44/44
f 47/47 38/38 88/88
f 14/14 74/74 54/54
f 108/108 3/3 44/44
f 110/110 117/117 42/42
f 90/90 2/2 126/126
f 90/90 38/38 119/119
f 102/102 32/32 5/5
f 73/73 26/26 80/80
f 79/79 8/8 114/114
f 98/98 31/31 65/65
f 15/15 54/54 56/56
f 68/68 16/16 113/113
f 105/105 123/123 124/124
f 78/78 92/92 63/63
f 93/93 93/93 71/71
f 127/127 77/77 87/87
f 10/10 2/2 52/52
f 39/39 86/86 126/126
f 126/126 52/52 55/55
f 78/78 16/16 56/56
f 17/17 117/117 86/86
f 94/94 110/110 91/91
f 68/68 92/92 98/98
f 115/115 23/23 2/2
f 62/62 112/112 75/75
f 90/90 115/115 36/36
f 66/66 85/85 99/99
f 55/55 49/49 114/114
f 117/117 124/124 110/110
f 80/80 46/46 121/121
f 103/103 37/37 112/112
f 34/34 72/72 93/93
f 105/105 10/10 67/67
f 91/91 30/30 88/88
f 120/120 62/62 32/32
f 95/95 94/94 64/64
f 34/34 103/103 42/42
f 79/79 100/100 101/101
f 127/127 98/98 82/82
f 88/88 116/116 55/55
f 93/93 87/87 118/118
f 111/111 45/45 72/72
f 88/88 5/5 8/8
f 37/37 94/94 93/93
f 19/19 93/93 63/63
f 73/73 115/115 58/58
f 31/31 81/81 60/60
f 43/43 50/50 97/97
f 123/123 10/10 53/53
f 119/119 76/76 40/40
f 48/48 58/58 42/42
f 82/82 23/23 97/97
f 40/40 98/98 72/72
f 125/125 80/80 61/61
f 92/92 122/122 58/58
f 10/10 91/91 83/83
f 84/84 15/15 4/4
f 73/73 117/117 35/35
f 77/77 98/98 55/55
f 97/97 85/85 69/69
f 128/128 3/3 112/112
f 81/81 66/66 91/91
f 63/63 57/57 124/124
f 32/32 51/51 19/19
f 93/93 12/12 43/43
f 127/127 26/26 63/63
f 4/4 75/75 103/103
f 97/97 128/128 122/122
f 104/104 97/97 101/101
f 116/116 94/94 87/87
f 37/37 30/30 113/113
f 31/31 31/31 32/32
f 8/8 118/118 57/57
f 76/76 65/65 97/97
f 84/84 56/56 49/49
f 6/6 41/41 120/120
f 29/29 96/96 120/120
f 18/18 92/92 29/29
f 83/83 25/25 29/29
f 8/8 128/128 55/55
f 100/100 78/78 69/69
f 37/37 115/115 53/53
f 1/1 86/86 117/117
f 99/99 53/53 95/95
f 78/78 62/62 34/34
f 35/35 119/119 70/70
f 128/128 122/122 25/25
f 21/21 109/109 20/20
f 57/57 58/58 45/45
f 125/125 88/88 26/26
f 72/72 127/127 78/78
f 94/94 54/54 62/62
f 71/71 39/39 113/113
f 33/33 81/81 54/54
f 121/121 77/77 19/19
f 86/86 72/72 48/48
f 66/66 37/37 72/72
f 21/21 52/52 23/23
f 36/36 64/64 128/128
f 82/82 30/30 84/84
f 113/113 122/122 27/27
f 52/52 38/38 43/43
f 38/38 62/62 126/126
f 5/5 33/33 99/99
f 93/93 118/118 43/43
f 18/18 128/128 128/128
f 103/103 39/39 52/52
f 57/57 6/6 106/106
f 1/1 64/64 127/127
f 5/5 83/83 41/41
f 21/21 85/85 36/36
f 90/90 33/33 121/121
f 65/65 65/65 71/71
f 1/1 128/128 122/122
f 71/71 126/126 122/122
f 77/77 74/74 128/128
f 128/128 92/92 128/128
f 25/25 97/97 76/76
f 33/33 43/43 76/76
f 37/37 41/41 63/63
f 81/81 90/90 25/25
f 14/14 33/33 50/50
f 18/18 56/56 124/124
f 110/110 125/125 20/20
f 120/120 78/78 114/114
f 49/49 42/42 47/47
f 10/10 90/90 86/86
f 18/18 10/10 128/128
f 25/25 97/97 63/63
f 128/128 122/122 25/25
f 27/27 6/6 40/40
f 108/108 11/11 36/36
f 52/52 79/79 57/57
f 70/70 48/48 61/61
f 9/9 41/41 80/80
f 22/22 99/99 39/39
f 70/70 28/28 108/108
f 89/89 128/128 114/114
f 26/26 34/34 56/56
f 7/7 48/48 27/27
f 51/51 47/47 116/116
f 5/5 4/4 82/82
f 66/66 34/34 119/119
f 97/97 2/2 55/55
f 46/46 80/80 79/79
f 40/40 73/73 74/74
f 127/127 86/86 110/110
f 56/56 33/33 44/44
f 127/127 37/37 19/19
f 58/58 2/2 111/111
f 51/51 127/127 83/83
f 27/27 10/10 61/61
f 71/71 79/79 40/40
f 92/92 82/82 9/9
f 12/12 53/53 121/121
f 65/65 65/65 74/74
f 1/1 128/128 122/122
f 106/106 76/76 112/112
f 117/117 8/8 13/13
f 115/115 110/110 21/21
f 26/26 117/117 75/75
f 65/65 87/87 8/8
f 73/73 56/56 60/60
f 50/50 65/65 68/68
f 100/100 65/65 9/9
f 128/128 128/128 33/33
f 73/73 127/127 1/1
f 113/113 96/96 108/108
f 105/105 14/14 75/75
f 1/1 106/106 73/73
f 85/85 42/42 88/88
f 93/93 56/56 25/25
f 93/93 35/35 50/50
f 4/4 34/34 128/128
f 110/110 13/13 33/33
f 118/118 85/85 31/31
f 97/97 64/64 114/114
f 1/1 61/61 30/30
f 127/127 41/41 1/1
f 58/58 64/64 79/79
f 101/101 55/55 94/94
f 115/115 76/76 128/128
f 26/26 97/97 76/76
f 81/81 34/34 33/33
f 35/35 104/104 17/17
f 111/111 93/93 128/128
f 60/60 91/91 28/28
f 21/21 51/51 56/56
f 117/117 61/61 99/99
f 87/87 93/93 4/4
f 10/10 53/53 97/97
f 83/83 72/72 42/42
f 82/82 72/72 69/69
f 94/94 113/113 127/127
f 5/5 31/31 40/40
f 63/63 116/116 50/50
f 90/90 98/98 42/42
f 105/105 57/57 3/3
f 112/112 73/73 94/94
f 1/1 6/6 33/33
f 65/65 5/5 51/51
f 21/21 100/100 99/99
f 3/3 43/43 74/74
f 95/95 59/59 90/90
f 61/61 12/12 83/83
f 26/26 91/91 75/75
f 37/37 16/16 25/25
f 4/4 38/38 84/84
f 121/121 45/45 33/33
f 91/91 63/63 4/4
f 14/14 53/53 75/75
f 128/128 65/65 4/4
f 6/6 9/9 107/107
f 63/63 65/65 99/99
f 39/39 61/61 115/115
f 27/27 65/65 17/17
f 59/59 18/18 83/83
f 128/128 127/127 19/19
f 42/42 128/128 85/85
f 13/13 71/71 60/60
f 60/60 120/120 119/119
f 59/59 93/93 26/26
f 57/57 39/39 10/10
f 64/64 127/127 3/3
f 76/76 84/84 124/124
f 93/93 27/27 6/6
f 3/3 42/42 80/80
f 22/22 113/113 17/17
f 70/70 75/75 101/101
f 15/15 112/112 72/72
f 128/128 58/58 38/38
f 103/103 4/4 75/75
f 114/114 88/88 61/61
f 48/48 34/34 31/31
f 3/3 120/120 44/44
f 113/113 126/126 78/78
f 109/109 15/15 46/46
f 33/33 109/109 95/95
f 20/20 105/105 99/99
f 36/36 73/73 90/90
f 30/30 51/51 69/69
f 128/128 122/122 26/26
f 66/66 48/48 100/100
f 70/70 117/117 127/127
f 113/113 111/111 72/72
f 127/127 87/87 126/126
f 1/1 18/18 8/8
f 8/8 69/69 49/49
f 124/124 72/72 10/10
f 73/73 21/21 111/111
f 98/98 34/34 123/123
f 128/128 58/58 6/6
f 24/24 103/103 69/69
f 100/100 116/116 106/106
f 71/71 115/115 23/23
f 2/2 23/23 111/111
f 119/119 9/9 128/128
f 11/11 45/45 37/37
f 82/82 22/22 37/37
f 109/109 32/32 94/94
f 36/36 112/112 123/123
f 52/52 32/32 108/108
f 50/50 31/31 5/5
f 35/35 64/64 125/125
f 23/23 33/33 22/22
f 22/22 72/72 11/11
f 13/13 117/117 54/54
f 2/2 118/118 122/122
f 81/81 6/6 70/70
f 115/115 3/3 6/6
f 30/30 29/29 7/7
f 117/117 60/60 56/56
f 52/52 125/125 65/65
f 60/60 33/33 1/1
f 1/1 1/1 1/1
f 28/28 88/88 14/14
f 7/7 63/63 36/36
f 68/68 127/127 80/80
f 67/67 23/23 80/80
f 1/1 102/102 20/20
f 105/105 78/78 69/69
f 17/17 53/53 33/33
f 89/89 29/29 108/108
f 113/113 1/1 80/80
f 100/100 13/13 116/116
f 12/12 39/39 80/80
f 2/2 1/1 5/5
f 94/94 45/45 125/125
f 55/55 92/92 5/5
f 51/51 69/69 92/92
f 90/90 62/62 89/89
f 87/87 81/81 15/15
f 70/70 73/73 75/75
f 5/5 86/86 101/101
f 128/128 120/120 74/74
f 6/6 127/127 108/108
f 1/1 66/66 101/101
f 126/126 15/15 18/18
f 32/32 48/48 20/20
f 99/99 69/69 99/99
f 2/2 79/79 85/85
f 79/79 45/45 126/126
f 90/90 110/110 124/124
f 1/1 57/57 121/121
f 20/20 12/12 109/109
f 108/108 97/97 99/99
f 64/64 20/20 127/127
f 69/69 94/94 122/122
f 109/109 67/67 87/87
f 14/14 29/29 126/126
f 74/74 53/53 87/87
f 52/52 12/12 5/5
f 55/55 8/8 57/57
f 106/106 73/73 116/116
f 73/73 116/116 26/26
f 49/49 113/113 65/65
f 78/78 65/65 128/128
f 38/38 32/32 55/55
f 16/16 3/3 15/15
f 128/128 128/128 41/41
f 95/95 118/118 2/2
f 63/63 86/86 111/111
f 128/128 24/24 54/54
f 29/29 41/41 98/98
f 75/75 8/8 113/113
f 41/41 81/81 18/18
f 32/32 5/5 43/43
f 38/38 122/122 128/128
f 128/128 122/122 25/25
f 56/56 7/7 77/77
f 67/67 104/104 118/118
f 85/85 27/27 103/103
f 98/98 128/128 122/122
f 68/68 55/55 110/110
f 33/33 98/98 116/116
f 7/7 109/109 29/29
f 23/23 93/93 59/59
f 60/60 54/54 63/63
f 50/50 41/41 29/29
f 20/20 114/114 43/43
f 8/8 17/17 10/10
f 10/10 9/9 70/70
f 9/9 7/7 35/35
f 28/28 104/104 65/65
f 127/127 127/127 28/28
f 27/27 53/53 54/54
f 86/86 8/8 91/91
f 49/49 100/100 126/126
f 57/57 86/86 29/29
f 81/81 17/17 73/73
f 55/55 111/111 58/58
f 32/32 15/15 5/5
f 124/124 88/88 14/14
f 37/37 39/39 86/86
f 80/80 99/99 96/96
f 3/3 22/22 15/15
f 29/29 81/81 110/110
f 88/88 101/101 99/99
f 125/125 70/70 70/70
f 22/22 31/31 11/11
f 34/34 42/42 86/86
f 106/106 98/98 86/86
f 59/59 54/54 89/89
f 80/80 88/88 25/25
f 25/25 125/125 57/57
f 128/128 122/122 25/25
f 111/111 55/55 13/13
f 110/110 122/122 9/9
f 49/49 104/104 126/126
f 127/127 57/57 70/70
f 18/18 7/7 37/37
f 51/51 43/43 20/20
f 41/41 102/102 33/33
f 102/102 53/53 128/128
f 80/80 56/56 35/35
f 24/24 126/126 10/10
f 21/21 33/33 1/1
f 7/7 4/4 66/66
f 7/7 34/34 101/101
f 73/73 25/25 128/128
f 30/30 81/81 45/45
f 106/106 46/46 120/120
f 107/107 43/43 52/52
f 122/122 25/25 97/97
f 22/22 37/37 66/66
f 124/124 123/123 29/29
f 60/60 59/59 112/112
f 124/124 58/58 119/119
f 85/85 49/49 56/56
f 34/34 28/28 42/42
f 39/39 10/10 102/102
f 10/10 3/3 3/3
f 98/98 92/92 4/4
f 69/69 88/88 70/70
f 19/19 76/76 7/7
f 104/104 4/4 111/111
f 1/1 33/33 57/57
f 24/24 31/31 39/39
f 30/30 31/31 43/43
f 115/115 10/10 5/5
f 100/100 115/115 95/95
f 15/15 49/49 3/3
f 84/84 36/36 25/25
f 8/8 114/114 9/9
f 90/90 1/1 89/89
f 56/56 65/65 26/26
f 127/127 6/6 68/68
f 88/88 16/16 47/47
f 44/44 8/8 66/66
f 43/43 52/52 12/12
f 18/18 29/29 121/121
f 107/107 87/87 93/93
f 83/83 36/36 74/74
f 59/59 107/107 105/105
f 18/18 35/35 102/102
f 4/4 3/3 99/99
f 36/36 68/68 6/6
f 61/61 128/128 122/122
f 97/97 105/105 8/8
f 1/1 93/93 72/72
f 52/52 62/62 117/117
f 16/16 52/52 84/84
f 10/10 33/33 11/11
f 122/122 26/26 97/97
f 80/80 128/128 42/42
f 117/117 102/102 67/67
f 111/111 18/18 21/21
f 21/21 27/27 66/66
f 107/107 48/48 122/122
f 39/39 99/99 128/128
f 32/32 91/91 80/80
f 26/26 73/73 51/51
f 83/83 106/106 70/70
f 114/114 19/19 96/96
f 64/64 128/128 67/67
f 63/63 20/20 69/69
f 19/19 45/45 75/75
f 10/10 68/68 22/22
f 72/72 14/14 85/85
f 65/65 19/19 1/1
f 24/24 120/120 55/55
f 109/109 61/61 68/68
f 34/34 24/24 120/120
f 89/89 89/89 45/45
f 3/3 8/8 98/98
f 121/121 7/7 89/89
f 40/40 71/71 12/12
f 77/77 12/12 97/97
f 57/57 104/104 1/1
f 33/33 6/6 39/39
f 75/75 94/94 63/63
f 114/114 92/92 2/2
f 11/11 18/18 17/17
f 88/88 75/75 87/87
f 16/16 107/107 32/32
f 117/117 33/33 97/97
f 102/102 56/56 99/99
f 13/13 86/86 58/58
f 118/118 20/20 81/81
f 16/16 83/83 127/127
f 69/69 38/38 16/16
f 76/76 49/49 47/47
f 105/105 114/114 99/99
f 42/42 87/87 56/56
f 86/86 9/9 82/82
f 96/96 106/106 128/128
f 97/97 97/97 119/119
f 108/108 27/27 8/8
f 128/128 57/57 119/119
f 90/90 1/1 8/8
f 34/34 97/97 102/102
f 21/21 4/4 4/4
f 40/40 23/23 17/17
f 122/122 25/25 97/97
f 37/37 59/59 65/65
f 54/54 2/2 120/120
f 109/109 124/124 44/44
f 38/38 96/96 50/50
f 38/38 74/74 87/87
f 65/65 65/65 84/84
f 1/1 128/128 122/122
f 115/115 96/96 79/79
f 105/105 128/128 122/122
f 118/118 86/86 25/25
f 1/1 48/48 77/77
f 66/66 33/33 65/65
f 57/57 4/4 9/9
f 50/50 54/54 26/26
f 67/67 24/24 14/14
f 81/81 64/64 62/62
f 107/107 2/2 20/20
f 17/17 23/23 38/38
f 2/2 128/128 128/128
f 81/81 47/47 104/104
f 103/103 75/75 69/69
f 36/36 48/48 28/28
f 1/1 110/110 115/115
f 20/20 128/128 64/64
f 50/50 16/16 63/63
f 69/69 21/21 6/6
f 84/84 80/80 120/120
f 59/59 110/110 97/97
f 18/18 65/65 83/83
f 8/8 60/60 13/13
f 26/26 98/98 65/65
f 70/70 55/55 87/87
f 116/116 66/66 37/37
f 97/97 69/69 1/1
f 51/51 64/64 128/128
f 117/117 113/113 21/21
f 65/65 65/65 74/74
f 1/1 128/128 122/122
f 37/37 124/124 102/102
f 61/61 73/73 70/70
f 92/92 32/32 37/37
f 103/103 41/41 110/110
f 73/73 5/5 105/105
f 115/115 34/34 67/67
f 103/103 29/29 112/112
f 67/67 6/6 113/113
f 18/18 41/41 48/48
f 104/104 33/33 25/25
f 97/97 107/107 45/45
f 31/31 88/88 126/126
f 18/18 36/36 40/40
f 1/1 34/34 128/128
f 21/21 12/12 47/47
f 126/126 53/53 19/19
f 15/15 124/124 37/37
f 52/52 9/9 90/90
f 13/13 26/26 32/32
f 52/52 62/62 2/2
f 124/124 63/63 52/52
f 62/62 54/54 121/121
f 9/9 72/72 19/19
f 34/34 39/39 93/93
f 91/91 47/47 92/92
f 25/25 31/31 81/81
f 65/65 49/49 94/94
f 13/13 16/16 32/32
f 103/103 47/47 36/36
f 97/97 83/83 87/87
f 128/128 122/122 25/25
f 19/19 51/51 124/124
f 24/24 22/22 55/55
f 27/27 40/40 124/124
f 57/57 17/17 48/48
f 100/100 128/128 109/109
f 116/116 112/112 119/119
f 128/128 122/122 25/25
f 73/73 70/70 118/118
f 83/83 80/80 1/1
f 17/17 46/46 22/22
f 7/7 45/45 1/1
f 19/19 122/122 65/65
f 28/28 6/6 17/17
f 52/52 61/61 16/16
f 33/33 65/65 41/41
f 25/25 56/56 24/24
f 107/107 80/80 120/120
f 81/81 89/89 90/90
f 16/16 109/109 8/8
f 84/84 122/122 80/80
f 52/52 72/72 31/31
f 19/19 51/51 39/39
f 38/38 65/65 50/50
f 90/90 65/65 1/1
f 58/58 23/23 124/124
f 54/54 81/81 57/57
f 18/18 11/11 10/10
f 4/4 106/106 97/97
f 81/81 10/10 37/37
f 8/8 30/30 57/57
f 99/99 46/46 105/105
f 2/2 65/65 128/128
f 32/32 37/37 128/128
f 35/35 1/1 36/36
f 126/126 72/72 41/41
f 9/9 96/96 72/72
f 32/32 67/67 39/39
f 63/63 6/6 60/60
f 128/128 122/122 25/25
f 65/65 92/92 38/38
f 50/50 8/8 42/42
f 97/97 13/13 21/21
f 109/109 101/101 128/128
f 25/25 97/97 39/39
f 98/98 82/82 8/8
f 36/36 120/120 77/77
f 31/31 33/33 121/121
f 13/13 19/19 115/115
f 35/35 76/76 24/24
f 65/65 97/97 34/34
f 111/111 38/38 2/2
f 109/109 98/98 92/92
f 25/25 128/128 11/11
f 39/39 112/112 21/21
f 65/65 65/65 79/79
f 33/33 38/38 76/76
f 36/36 79/79 18/18
f 74/74 11/11 58/58
f 53/53 117/117 43/43
f 40/40 66/66 40/40
f 65/65 65/65 74/74
f 1/1 128/128 122/122
f 65/65 65/65 75/75
f 1/1 128/128 122/122
f 62/62 87/87 54/54
f 52/52 21/21 8/8
f 55/55 97/97 96/96
f 32/32 34/34 128/128
f 16/16 71/71 1/1
f 81/81 74/74 118/118
f 5/5 114/114 67/67
f 42/42 61/61 119/119
f 113/113 78/78 17/17
f 53/53 110/110 7/7
f 10/10 90/90 25/25
f 79/79 115/115 45/45
f 105/105 31/31 96/96
f 27/27 65/65 21/21
f 105/105 46/46 18/18
f 95/95 57/57 124/124
f 1/1 73/73 114/114
f 97/97 6/6 70/70
f 67/67 24/24 81/81
f 68/68 2/2 62/62
f 106/106 12/12 105/105
f 22/22 24/24 44/44
f 67/67 64/64 98/98
f 93/93 99/99 102/102
f 20/20 128/128 4/4
f 98/98 8/8 42/42
f 83/83 107/107 98/98
f 123/123 2/2 6/6
f 83/83 22/22 45/45
f 8/8 117/117 18/18
f 81/81 67/67 13/13
f 94/94 89/89 42/42
f 81/81 12/12 36/36
f 56/56 36/36 58/58
f 3/3 1/1 96/96
f 48/48 10/10 3/3
f 51/51 67/67 14/14
f 56/56 116/116 30/30
f 35/35 74/74 92/92
f 89/89 69/69 66/66
f 87/87 79/79 111/111
f 17/17 19/19 103/103
f 24/24 67/67 30/30
f 33/33 114/114 112/112
f 70/70 72/72 38/38
f 1/1 116/116 82/82
f 3/3 2/2 110/110
f 103/103 14/14 27/27
f 65/65 114/114 58/58
f 65/65 99/99 3/3
f 42/42 83/83 8/8
f 23/23 114/114 1/1
f 47/47 77/77 128/128
f 80/80 42/42 2/2
f 126/126 108/108 62/62
f 43/43 49/49 15/15
f 114/114 46/46 70/70
f 125/125 25/25 122/122
f 94/94 5/5 98/98
f 123/123 24/24 77/77
f 3/3 73/73 77/77
f 75/75 58/58 113/113
f 64/64 128/128 128/128
f 74/74 63/63 109/109
f 93/93 19/19 73/73
f 54/54 64/64 128/128
f 101/101 128/128 127/127
f 43/43 88/88 127/127
f 65/65 29/29 21/21
f 1/1 127/127 69/69
f 88/88 102/102 104/104
f 61/61 75/75 70/70
f 21/21 11/11 108/108
f 101/101 77/77 70/70
f 1/1 68/68 23/23
f 1/1 43/43 98/98
f 34/34 59/59 77/77
f 58/58 80/80 123/123
f 77/77 92/92 111/111
f 85/85 115/115 50/50
f 73/73 46/46 31/31
f 23/23 24/24 116/116
f 104/104 67/67 33/33
f 21/21 48/48 113/113
f 32/32 29/29 13/13
f 82/82 28/28 68/68
f 127/127 7/7 112/112
f 65/65 33/33 110/110
f 125/125 110/110 101/101
f 36/36 82/82 41/41
f 50/50 21/21 61/61
f 38/38 108/108 66/66
f 92/92 47/47 35/35
f 52/52 82/82 85/85
f 2/2 28/28 46/46
f 126/126 25/25 70/70
f 53/53 65/65 57/57
f 38/38 63/63 107/107
f 39/39 62/62 71/71
f 77/77 118/118 3/3
f 49/49 60/60 67/67
f 106/106 83/83 122/122
f 56/56 47/47 71/71
f 30/30 91/91 115/115
f 2/2 97/97 65/65
f 77/77 122/122 65/65
f 98/98 19/19 33/33
f 105/105 102/102 64/64
f 69/69 49/49 70/70
f 58/58 96/96 26/26
f 1/1 94/94 110/110
f 59/59 2/2 17/17
f 104/104 128/128 122/122
f 97/97 75/75 9/9
f 71/71 1/1 6/6
f 51/51 34/34 5/5
f 113/113 127/127 63/63
f 65/65 4/4 26/26
f 103/103 16/16 58/58
f 100/100 78/78 54/54
f 3/3 49/49 104/104
f 115/115 36/36 128/128
f 54/54 20/20 97/97
f 128/128 122/122 25/25
f 35/35 96/96 126/126
f 75/75 65/65 33/33
f 126/126 1/1 100/100
f 128/128 47/47 92/92
f 128/128 8/8 70/70
f 65/65 65/65 122/122
f 101/101 46/46 76/76
f 40/40 109/109 98/98
f 40/40 33/33 9/9
f 4/4 76/76 123/123
f 113/113 75/75 7/7
f 101/101 74/74 6/6
f 118/118 57/57 33/33
f 104/104 29/29 34/34
f 34/34 73/73 101/101
f 9/9 76/76 125/125
f 86/86 86/86 87/87
f 128/128 122/122 25/25
f 91/91 10/10 65/65
f 97/97 9/9 10/10
f 55/55 42/42 55/55
f 23/23 6/6 65/65
f 102/102 128/128 80/80
f 49/49 14/14 61/61
f 3/3 14/14 117/117
f 15/15 6/6 2/2
f 39/39 30/30 1/1
f 65/65 65/65 90/90
f 55/55 36/36 125/125
f 85/85 18/18 104/104
f 30/30 1/1 5/5
f 49/49 68/68 22/22
f 122/122 25/25 97/97
f 74/74 90/90 85/85
f 43/43 14/14 27/27
f 90/90 30/30 16/16
f 65/65 110/110 109/109
f 36/36 88/88 78/78
f 99/99 110/110 128/128
f 57/57 34/34 4/4
f 14/14 56/56 65/65
f 76/76 116/116 30/30
f 84/84 75/75 60/60
f 30/30 1/1 1/1
f 5/5 56/56 56/56
f 6/6 50/50 13/13
f 79/79 89/89 1/1
f 39/39 1/1 4/4
f 77/77 5/5 102/102
f 39/39 30/30 1/1
f 65/65 65/65 72/72
f 65/65 65/65 75/75
f 55/55 38/38 57/57
f 126/126 85/85 110/110
f 39/39 24/24 118/118
f 65/65 99/99 1/1
f 20/20 26/26 6/6
f 16/16 76/76 44/44
f 93/93 51/51 112/112
f 65/65 73/73 78/78
f 39/39 66/66 39/39
f 109/109 76/76 122/122
f 115/115 101/101 111/111
f 93/93 35/35 93/93
f 13/13 108/108 73/73
f 23/23 107/107 37/37
f 33/33 92/92 110/110
f 120/120 123/123 3/3
f 1/1 31/31 42/42
f 17/17 1/1 17/17
f 4/4 13/13 64/64
f 75/75 85/85 1/1
f 69/69 80/80 113/113
f 35/35 88/88 56/56
f 84/84 116/116 40/40
f 75/75 83/83 25/25
f 29/29 101/101 1/1
f 63/63 15/15 118/118
f 78/78 77/77 109/109
f 106/106 77/77 109/109
f 72/72 37/37 41/41
f 28/28 69/69 97/97
f 25/25 3/3 42/42
f 62/62 111/111 84/84
f 38/38 2/2 33/33
f 121/121 74/74 56/56
f 4/4 12/12 64/64
f 66/66 84/84 64/64
f 47/47 28/28 99/99
f 32/32 123/123 80/80
f 61/61 56/56 71/71
f 94/94 123/123 29/29
f 49/49 122/122 65/65
f 121/121 14/14 86/86
f 125/125 8/8 88/88
f 90/90 26/26 63/63
f 56/56 75/75 9/9
f 30/30 50/50 117/117
f 50/50 13/13 101/101
f 21/21 81/81 1/1
f 14/14 15/15 106/106
f 8/8 94/94 38/38
f 87/87 29/29 107/107
f 1/1 1/1 1/1
f 6/6 33/33 26/26
f 95/95 73/73 4/4
f 69/69 33/33 44/44
f 5/5 67/67 74/74
f 117/117 96/96 53/53
f 45/45 79/79 64/64
f 45/45 6/6 6/6
f 117/117 96/96 21/21
f 41/41 13/13 92/92
f 85/85 37/37 23/23
f 70/70 50/50 121/121
f 75/75 58/58 54/54
f 39/39 30/30 1/1
f 58/58 115/115 53/53
f 33/33 82/82 79/79
f 27/27 22/22 53/53
f 65/65 65/65 75/75
f 65/65 65/65 76/76
f 120/120 33/33 46/46
f 5/5 128/128 122/122
f 42/42 117/117 75/75
f 64/64 128/128 59/59
f 27/27 88/88 65/65
f 97/97 30/30 74/74
f 51/51 97/97 50/50
f 14/14 93/93 80/80
f 49/49 4/4 24/24
f 16/16 45/45 97/97
f 26/26 18/18 45/45
f 97/97 101/101 1/1
f 95/95 105/105 11/11
f 96/96 75/75 38/38
f 91/91 91/91 41/41
f 125/125 33/33 94/94
f 66/66 56/56 71/71
f 87/87 93/93 30/30
f 41/41 101/101 40/40
f 79/79 128/128 18/18
f 84/84 43/43 128/128
f 24/24 94/94 92/92
f 102/102 107/107 89/89
f 83/83 113/113 100/100
f 104/104 49/49 118/118
f 113/113 3/3 27/27
f 48/48 127/127 91/91
f 122/122 25/25 97/97
f 124/124 19/19 59/59
f 34/34 110/110 29/29
f 111/111 10/10 75/75
f 103/103 21/21 109/109
f 44/44 1/1 10/10
f 66/66 43/43 78/78
f 90/90 7/7 75/75
f 8/8 38/38 41/41
f 87/87 94/94 27/27
f 98/98 21/21 10/10
f 38/38 128/128 122/122
f 10/10 19/19 17/17
f 128/128 128/128 128/128
f 73/73 51/51 48/48
f 44/44 7/7 65/65
f 58/58 96/96 128/128
f 64/64 128/128 30/30
f 1/1 128/128 122/122
f 97/97 37/37 8/8
f 16/16 11/11 110/110
f 1/1 39/39 21/21
f 121/121 5/5 36/36
f 126/126 75/75 21/21
f 12/12 115/115 41/41
f 81/81 57/57 24/24
f 65/65 102/102 20/20
f 19/19 91/91 81/81
f 127/127 39/39 31/31
f 69/69 27/27 90/90
f 73/73 33/33 100/100
f 21/21 22/22 74/74
f 71/71 76/76 14/14
f 74/74 29/29 108/108
f 42/42 69/69 68/68
f 91/91 64/64 26/26
f 109/109 47/47 82/82
f 84/84 50/50 99/99
f 15/15 76/76 28/28
f 58/58 47/47 74/74
f 44/44 54/54 108/108
f 64/64 34/34 19/19
f 119/119 70/70 16/16
f 122/122 25/25 97/97
f 38/38 93/93 92/92
f 13/13 54/54 106/106
f 89/89 13/13 87/87
f 14/14 36/36 73/73
f 126/126 26/26 124/124
f 58/58 47/47 81/81
f 104/104 98/98 117/117
f 17/17 11/11 24/24
f 35/35 67/67 99/99
f 95/95 65/65 94/94
f 114/114 75/75 50/50
f 59/59 99/99 115/115
f 97/97 50/50 64/64
f 34/34 89/89 102/102
f 119/119 45/45 9/9
f 24/24 9/9 30/30
f 36/36 35/35 100/100
f 30/30 17/17 22/22
f 59/59 1/1 117/117
f 75/75 51/51 66/66
f 112/112 90/90 18/18
f 38/38 79/79 39/39
f 121/121 13/13 36/36
f 32/32 86/86 33/33
f 108/108 50/50 33/33
f 118/118 56/56 107/107
f 109/109 49/49 127/127
f 41/41 128/128 44/44
f 117/117 33/33 36/36
f 32/32 83/83 16/16
f 105/105 1/1 104/104
f 38/38 99/99 25/25
f 10/10 30/30 100/100
f 61/61 128/128 122/122
f 35/35 69/69 69/69
f 49/49 35/35 14/14
f 32/32 128/128 127/127
f 85/85 66/66 10/10
f 70/70 10/10 30/30
f 84/84 111/111 47/47
f 112/112 54/54 31/31
f 58/58 85/85 48/48
f 3/3 21/21 101/101
f 30/30 92/92 107/107
f 69/69 74/74 33/33
f 61/61 75/75 50/50
f 54/54 14/14 62/62
f 26/26 40/40 61/61
f 120/120 33/33 97/97
f 98/98 88/88 39/39
f 109/109 61/61 99/99
f 75/75 97/97 34/34
f 127/127 103/103 92/92
f 33/33 49/49 97/97
f 19/19 48/48 124/124
f 12/12 128/128 122/122
f 97/97 40/40 8/8
f 109/109 49/49 35/35
f 32/32 118/118 10/10
f 2/2 65/65 57/57
f 32/32 23/23 116/116
f 89/89 51/51 37/37
f 29/29 66/66 119/119
f 61/61 63/63 6/6
f 66/66 49/49 123/123
f 65/65 112/112 104/104
f 93/93 112/112 123/123
f 85/85 21/21 111/111
f 100/100 80/80 47/47
f 37/37 118/118 12/12
f 125/125 72/72 2/2
f 52/52 25/25 35/35
f 25/25 67/67 20/20
f 25/25 103/103 56/56
f 109/109 8/8 105/105
f 121/121 35/35 14/14
f 3/3 24/24 107/107
f 66/66 73/73 89/89
f 105/105 38/38 2/2
f 61/61 62/62 36/36
f 87/87 18/18 66/66
f 7/7 117/117 3/3
f 122/122 25/25 97/97
f 110/110 2/2 99/99
f 54/54 41/41 72/72
f 102/102 35/35 99/99
f 116/116 10/10 53/53
f 69/69 17/17 1/1
f 122/122 27/27 14/14
f 3/3 51/51 64/64
f 125/125 28/28 13/13
f 15/15 63/63 23/23
f 92/92 29/29 93/93
f 83/83 42/42 33/33
f 36/36 114/114 16/16
f 3/3 126/126 79/79
f 15/15 86/86 73/73
f 37/37 88/88 124/124
f 73/73 21/21 20/20
f 65/65 60/60 41/41
f 49/49 101/101 104/104
f 37/37 99/99 39/39
f 1/1 3/3 65/65
f 3/3 5/5 12/12
f 55/55 128/128 122/122
f 97/97 91/91 9/9
f 1/1 118/118 110/110
f 63/63 58/58 17/17
f 65/65 65/65 75/75
f 1/1 128/128 122/122
f 10/10 51/51 24/24
f 73/73 85/85 51/51
f 112/112 60/60 66/66
f 102/102 77/77 6/6
f 65/65 29/29 79/79
f 5/5 66/66 1/1
f 65/65 65/65 74/74
f 45/45 100/100 3/3
f 11/11 104/104 22/22
f 77/77 59/59 16/16
f 80/80 128/128 54/54
f 70/70 128/128 122/122
f 105/105 65/65 1/1
f 47/47 70/70 52/52
f 3/3 33/33 19/19
f 118/118 77/77 19/19
f 104/104 23/23 7/7
f 103/103 10/10 35/35
f 41/41 94/94 42/42
f 34/34 33/33 3/3
f 11/11 89/89 36/36
f 108/108 117/117 6/6
f 122/122 25/25 97/97
f 122/122 19/19 103/103
f 32/32 58/58 6/6
f 111/111 100/100 101/101
f 17/17 1/1 31/31
f 18/18 76/76 55/55
f 67/67 109/109 82/82
f 2/2 82/82 43/43
f 44/44 69/69 45/45
f 79/79 76/76 4/4
f 66/66 10/10 8/8
f 128/128 122/122 25/25
f 73/73 10/10 101/101
f 68/68 43/43 121/121
f 52/52 102/102 85/85
f 32/32 50/50 61/61
f 97/97 34/34 20/20
f 106/106 14/14 2/2
f 7/7 64/64 27/27
f 33/33 104/104 17/17
f 121/121 16/16 109/109
f 114/114 34/34 34/34
f 29/29 109/109 112/112
f 103/103 48/48 78/78
f 12/12 93/93 87/87
f 110/110 69/69 83/83
f 82/82 86/86 82/82
f 1/1 49/49 14/14
f 104/104 58/58 67/67
f 31/31 48/48 116/116
f 69/69 71/71 109/109
f 89/89 120/120 91/91
f 11/11 3/3 83/83
f 16/16 98/98 31/31
f 24/24 116/116 73/73
f 69/69 43/43 116/116
f 99/99 1/1 20/20
f 34/34 33/33 24/24
f 101/101 115/115 6/6
f 99/99 115/115 9/9
f 105/105 106/106 81/81
f 29/29 103/103 93/93
f 123/123 85/85 41/41
f 7/7 48/48 110/110
f 59/59 55/55 102/102
f 113/113 84/84 6/6
f 87/87 89/89 86/86
f 2/2 10/10 106/106
f 86/86 97/97 6/6
f 3/3 59/59 10/10
f 122/122 7/7 56/56
f 56/56 30/30 60/60
f 73/73 2/2 55/55
f 26/26 9/9 58/58
f 73/73 72/72 61/61
f 102/102 38/38 114/114
f 20/20 110/110 110/110
f 66/66 68/68 58/58
f 54/54 30/30 79/79
f 58/58 80/80 110/110
f 53/53 67/67 2/2
f 58/58 3/3 66/66
f 65/65 65/65 79/79
f 1/1 128/128 122/122
f 18/18 49/49 5/5
f 49/49 101/101 81/81
f 50/50 24/24 67/67
f 12/12 17/17 25/25
f 128/128 122/122 25/25
f 3/3 50/50 70/70
f 73/73 104/104 23/23
f 2/2 5/5 101/101
f 98/98 77/77 40/40
f 25/25 55/55 39/39
f 81/81 1/1 22/22
f 27/27 127/127 60/60
f 37/37 57/57 51/51
f 45/45 124/124 62/62
f 128/128 40/40 116/116
f 123/123 45/45 32/32
f 43/43 9/9 16/16
f 102/102 92/92 105/105
f 104/104 45/45 26/26
f 122/122 25/25 97/97
f 1/1 96/96 32/32
f 66/66 9/9 8/8
f 66/66 2/2 76/76
f 8/8 46/46 67/67
f 71/71 14/14 6/6
f 77/77 72/72 95/95
f 125/125 30/30 77/77
f 65/65 19/19 17/17
f 77/77 98/98 22/22
f 68/68 50/50 69/69
f 25/25 91/91 121/121
f 91/91 55/55 128/128
f 2/2 34/34 1/1
f 4/4 90/90 14/14
f 11/11 88/88 23/23
f 119/119 63/63 21/21
f 8/8 120/120 116/116
f 57/57 43/43 21/21
f 87/87 128/128 91/91
f 19/19 71/71 102/102
f 78/78 81/81 77/77
f 83/83 82/82 5/5
f 109/109 7/7 50/50
f 25/25 122/122 128/128
f 14/14 20/20 78/78
f 4/4 5/5 121/121
f 87/87 81/81 2/2
f 69/69 58/58 7/7
f 27/27 113/113 41/41
f 94/94 65/65 81/81
f 70/70 95/95 33/33
f 54/54 127/127 126/126
f 13/13 19/19 66/66
f 33/33 51/51 1/1
f 6/6 90/90 42/42
f 50/50 67/67 23/23
f 11/11 26/26 65/65
f 35/35 65/65 16/16
f 89/89 50/50 79/79
f 21/21 67/67 45/45
f 26/26 96/96 38/38
f 126/126 61/61 35/35
f 91/91 40/40 124/124
f 123/123 80/80 128/128
f 73/73 58/58 54/54
f 65/65 76/76 29/29
f 110/110 17/17 1/1
f 116/116 16/16 20/20
f 2/2 67/67 81/81
f 65/65 119/119 126/126
f 15/15 97/97 77/77
f 57/57 43/43 51/51
f 102/102 43/43 66/66
f 22/22 12/12 49/49
f 26/26 22/22 3/3
f 8/8 127/127 9/9
f 74/74 89/89 80/80
f 39/39 68/68 78/78
f 58/58 84/84 20/20
f 97/97 88/88 37/37
f 113/113 127/127 82/82
f 81/81 93/93 94/94
f 109/109 33/33 10/10
f 98/98 128/128 122/122
f 9/9 46/46 25/25
f 57/57 17/17 41/41
f 9/9 22/22 47/47
f 4/4 128/128 122/122
f 97/97 99/99 8/8
f 35/35 1/1 73/73
f 2/2 79/79 68/68
f 105/105 62/62 67/67
f 55/55 14/14 127/127
f 62/62 17/17 11/11
f 62/62 86/86 103/103
f 54/54 10/10 77/77
f 115/115 66/66 44/44
f 38/38 30/30 69/69
f 48/48 64/64 119/119
f 3/3 58/58 103/103
f 46/46 84/84 12/12
f 122/122 25/25 97/97
f 45/45 128/128 67/67
f 121/121 16/16 3/3
f 123/123 108/108 69/69
f 8/8 99/99 95/95
f 34/34 41/41 70/70
f 39/39 96/96 128/128
f 55/55 22/22 96/96
f 104/104 12/12 29/29
f 123/123 1/1 19/19
f 66/66 8/8 127/127
f 128/128 2/2 67/67
f 97/97 58/58 72/72
f 61/61 45/45 78/78
f 4/4 48/48 3/3
f 42/42 68/68 52/52
f 36/36 107/107 120/120
f 125/125 37/37 99/99
f 27/27 15/15 7/7
f 42/42 88/88 21/21
f 19/19 63/63 42/42
f 105/105 16/16 112/112
f 33/33 4/4 112/112
f 75/75 40/40 56/56
f 126/126 32/32 128/128
f 111/111 128/128 122/122
f 121/121 104/104 116/116
f 65/65 47/47 10/10
f 78/78 55/55 1/1
f 127/127 121/121 53/53
f 7/7 98/98 25/25
f 121/121 62/62 72/72
f 119/119 82/82 33/33
f 72/72 3/3 5/5
f 121/121 102/102 104/104
f 2/2 33/33 55/55
f 69/69 96/96 36/36
f 118/118 128/128 122/122
f 81/81 64/64 25/25
f 39/39 3/3 36/36
f 121/121 90/90 59/59
f 95/95 48/48 62/62
f 30/30 98/98 70/70
f 71/71 54/54 128/128
f 126/126 62/62 72/72
f 68/68 128/128 43/43
f 37/37 97/97 19/19
f 68/68 62/62 80/80
f 42/42 12/12 52/52
f 23/23 76/76 78/78
f 67/67 109/109 13/13
f 48/48 128/128 3/3
f 40/40 86/86 33/33
f 8/8 73/73 23/23
f 24/24 117/117 10/10
f 9/9 22/22 1/1
f 38/38 89/89 31/31
f 28/28 50/50 92/92
f 92/92 109/109 15/15
f 35/35 42/42 8/8
f 39/39 65/65 124/124
f 76/76 6/6 78/78
f 1/1 1/1 1/1
f 65/65 33/33 29/29
f 64/64 66/66 52/52
f 12/12 26/26 54/54
f 1/1 99/99 6/6
f 53/53 67/67 92/92
f 52/52 99/99 97/97
f 13/13 14/14 43/43
f 42/42 45/45 16/16
f 116/116 20/20 58/58
f 23/23 7/7 45/45
f 32/32 128/128 128/128
f 56/56 64/64 15/15
f 35/35 100/100 2/2
f 80/80 38/38 83/83
f 96/96 67/67 28/28
f 35/35 75/75 111/111
f 50/50 38/38 44/44
f 51/51 22/22 106/106
f 91/91 128/128 122/122
f 18/18 35/35 14/14
f 23/23 92/92 5/5
f 26/26 5/5 110/110
f 69/69 114/114 31/31
f 42/42 124/124 114/114
f 14/14 64/64 34/34
f 12/12 41/41 2/2
f 39/39 112/112 77/77
f 66/66 128/128 122/122
f 3/3 48/48 80/80
f 34/34 42/42 11/11
f 94/94 23/23 55/55
f 35/35 99/99 52/52
f 102/102 54/54 7/7
f 74/74 109/109 69/69
f 74/74 90/90 100/100
f 50/50 48/48 20/20
f 78/78 119/119 91/91
f 82/82 56/56 21/21
f 54/54 37/37 68/68
f 58/58 51/51 108/108
f 88/88 126/126 80/80
f 124/124 124/124 106/106
f 7/7 50/50 126/126
f 94/94 85/85 119/119
f 127/127 41/41 23/23
f 14/14 85/85 95/95
f 76/76 52/52 54/54
f 9/9 43/43 115/115
f 122/122 25/25 97/97
f 65/65 4/4 65/65
f 124/124 128/128 122/122
f 97/97 107/107 9/9
f 4/4 30/30 85/85
f 101/101 20/20 128/128
f 68/68 71/71 5/5
f 1/1 1/1 2/2
f 73/73 2/2 61/61
f 39/39 26/26 49/49
f 14/14 98/98 14/14
f 39/39 67/67 71/71
f 47/47 43/43 125/125
f 34/34 49/49 123/123
f 78/78 119/119 94/94
f 45/45 127/127 4/4
f 3/3 127/127 47/47
f 94/94 47/47 117/117
f 38/38 106/106 101/101
f 2/2 98/98 33/33
f 55/55 127/127 43/43
f 65/65 105/105 58/58
f 69/69 2/2 108/108
f 8/8 69/69 67/67
f 101/101 22/22 65/65
f 50/50 24/24 99/99
f 43/43 99/99 63/63
f 42/42 105/105 95/95
f 9/9 50/50 68/68
f 45/45 18/18 53/53
f 40/40 1/1 79/79
f 105/105 110/110 99/99
f 59/59 127/127 78/78
f 59/59 99/99 104/104
f 2/2 18/18 98/98
f 35/35 108/108 82/82
f 66/66 79/79 75/75
f 57/57 51/51 15/15
f 3/3 86/86 57/57
f 74/74 80/80 37/37
f 87/87 31/31 94/94
f 71/71 17/17 62/62
f 81/81 91/91 67/67
f 86/86 30/30 36/36
f 60/60 19/19 29/29
f 3/3 98/98 67/67
f 33/33 73/73 103/103
f 9/9 117/117 20/20
f 47/47 102/102 60/60
f 97/97 107/107 99/99
f 49/49 53/53 111/111
f 116/116 73/73 95/95
f 114/114 28/28 81/81
f 61/61 100/100 125/125
f 108/108 122/122 118/118
f 5/5 42/42 62/62
f 49/49 81/81 82/82
f 27/27 98/98 64/64
f 79/79 25/25 126/126
f 37/37 69/69 80/80
f 25/25 11/11 27/27
f 125/125 101/101 122/122
f 113/113 77/77 118/118
f 48/48 61/61 88/88
f 19/19 101/101 97/97
f 108/108 94/94 56/56
f 15/15 31/31 107/107
f 34/34 17/17 89/89
f 47/47 106/106 70/70
f 5/5 97/97 47/47
f 17/17 7/7 73/73
f 58/58 126/126 30/30
f 64/64 2/2 28/28
f 17/17 22/22 58/58
f 116/116 30/30 72/72
f 72/72 91/91 119/119
f 24/24 102/102 102/102
f 115/115 65/65 128/128
f 84/84 128/128 122/122
f 97/97 105/105 8/8
f 42/42 64/64 128/128
f 1/1 1/1 93/93
f 20/20 128/128 122/122
f 114/114 5/5 8/8
f 122/122 25/25 97/97
f 33/33 65/65 51/51
f 69/69 21/21 93/93
f 42/42 36/36 51/51
f 115/115 74/74 24/24
f 40/40 33/33 85/85
f 61/61 6/6 34/34
f 10/10 89/89 8/8
f 27/27 43/43 114/114
f 84/84 13/13 77/77
f 85/85 110/110 58/58
f 88/88 108/108 105/105
f 3/3 128/128 122/122
f 97/97 59/59 7/7
f 120/120 82/82 25/25
f 35/35 128/128 122/122
f 44/44 52/52 104/104
f 33/33 128/128 52/52
f 80/80 20/20 17/17
f 80/80 11/11 93/93
f 73/73 37/37 119/119
f 102/102 84/84 49/49
f 123/123 102/102 52/52
f 6/6 5/5 69/69
f 16/16 77/77 100/100
f 16/16 36/36 92/92
f 99/99 34/34 63/63
f 98/98 102/102 27/27
f 1/1 17/17 18/18
f 46/46 65/65 38/38
f 41/41 118/118 89/89
f 109/109 40/40 103/103
f 7/7 87/87 113/113
f 69/69 111/111 40/40
f 120/120 128/128 128/128
f 57/57 48/48 68/68
f 99/99 11/11 12/12
f 20/20 88/88 19/19
f 93/93 32/32 8/8
f 79/79 128/128 122/122
f 50/50 51/51 85/85
f 95/95 39/39 83/83
f 69/69 40/40 75/75
f 112/112 122/122 122/122
f 118/118 82/82 32/32
f 17/17 52/52 38/38
f 101/101 80/80 34/34
f 1/1 3/3 14/14
f 73/73 39/39 124/124
f 3/3 67/67 65/65
f 41/41 5/5 128/128
f 43/43 58/58 68/68
f 92/92 19/19 110/110
f 42/42 128/128 126/126
f 10/10 9/9 65/65
f 41/41 128/128 122/122
f 46/46 58/58 55/55
f 28/28 87/87 98/98
f 64/64 69/69 41/41
f 87/87 33/33 55/55
f 125/125 102/102 3/3
f 29/29 27/27 7/7
f 2/2 56/56 126/126
f 61/61 15/15 109/109
f 22/22 75/75 126/126
f 18/18 80/80 42/42
f 29/29 99/99 33/33
f 7/7 3/3 28/28
f 110/110 68/68 76/76
f 102/102 55/55 81/81
f 66/66 15/15 112/112
f 10/10 67/67 64/64
f 16/16 35/35 2/2
f 67/67 39/39 30/30
f 126/126 96/96 108/108
f 107/107 4/4 53/53
f 103/103 128/128 122/122
f 24/24 8/8 38/38
f 27/27 68/68 21/21
f 34/34 6/6 18/18
f 126/126 125/125 114/114
f 46/46 31/31 127/127
f 26/26 76/76 87/87
f 93/93 36/36 89/89
f 20/20 128/128 122/122
f 128/128 22/22 72/72
f 87/87 2/2 100/100
f 19/19 25/25 128/128
f 13/13 5/5 35/35
f 42/42 62/62 120/120
f 100/100 22/22 103/103
f 8/8 63/63 121/121
f 13/13 22/22 11/11
f 60/60 127/127 56/56
f 100/100 20/20 2/2
f 54/54 82/82 34/34
f 112/112 45/45 42/42
f 81/81 5/5 20/20
f 19/19 127/127 127/127
f 122/122 37/37 19/19
f 122/122 7/7 31/31
f 21/21 127/127 49/49
f 92/92 67/67 84/84
f 73/73 66/66 27/27
f 83/83 126/126 32/32
f 3/3 117/117 74/74
f 38/38 2/2 65/65
f 71/71 55/55 8/8
f 1/1 26/26 109/109
f 12/12 126/126 15/15
f 71/71 128/128 128/128
f 77/77 40/40 82/82
f 35/35 14/14 128/128
f 41/41 31/31 9/9
f 66/66 128/128 122/122
f 97/97 108/108 10/10
f 9/9 40/40 65/65
f 95/95 43/43 92/92
f 78/78 117/117 33/33
f 4/4 67/67 9/9
f 3/3 120/120 86/86
f 114/114 101/101 3/3
f 126/126 119/119 43/43
f 7/7 57/57 5/5
f 64/64 13/13 39/39
f 29/29 77/77 41/41
f 92/92 97/97 83/83
f 128/128 58/58 65/65
f 20/20 20/20 121/121
f 3/3 119/119 103/103
f 107/107 97/97 25/25
f 65/65 40/40 125/125
f 11/11 111/111 103/103
f 3/3 128/128 122/122
f 97/97 81/81 8/8
f 68/68 128/128 103/103
f 79/79 99/99 108/108
f 47/47 82/82 113/113
f 5/5 38/38 110/110
f 69/69 45/45 17/17
f 4/4 53/53 107/107
f 33/33 31/31 29/29
f 88/88 70/70 88/88
f 94/94 49/49 17/17
f 77/77 128/128 31/31
f 125/125 37/37 17/17
f 91/91 19/19 84/84
f 47/47 105/105 73/73
f 5/5 68/68 107/107
f 62/62 64/64 19/19
f 103/103 125/125 99/99
f 113/113 39/39 90/90
f 121/121 102/102 40/40
f 92/92 37/37 48/48
f 38/38 59/59 16/16
f 21/21 127/127 3/3
f 3/3 10/10 55/55
f 21/21 126/126 112/112
f 60/60 37/37 67/67
f 77/77 24/24 20/20
f 25/25 32/32 81/81
f 111/111 60/60 65/65
f 73/73 122/122 6/6
f 105/105 105/105 99/99
f 128/128 27/27 92/92
f 121/121 113/113 102/102
f 57/57 119/119 115/115
f 99/99 107/107 36/36
f 109/109 59/59 1/1
f 116/116 110/110 98/98
f 11/11 58/58 42/42
f 46/46 90/90 3/3
f 117/117 22/22 99/99
f 56/56 110/110 28/28
f 100/100 31/31 36/36
f 4/4 84/84 128/128
f 17/17 81/81 32/32
f 121/121 98/98 35/35
f 64/64 93/93 87/87
f 107/107 21/21 8/8
f 8/8 112/112 82/82
f 6/6 29/29 70/70
f 8/8 21/21 1/1
f 46/46 61/61 83/83
f 126/126 16/16 59/59
f 108/108 44/44 11/11
f 90/90 84/84 7/7
f 118/118 86/86 35/35
f 74/74 6/6 2/2
f 107/107 68/68 107/107
f 104/104 115/115 126/126
f 75/75 44/44 30/30
f 65/65 81/81 9/9
f 9/9 3/3 74/74
f 60/60 2/2 8/8
f 10/10 71/71 87/87
f 126/126 106/106 87/87
f 117/117 94/94 64/64
f 118/118 115/115 86/86
f 1/1 38/38 79/79
f 83/83 38/38 93/93
f 105/105 3/3 11/11
f 128/128 72/72 45/45
f 87/87 45/45 75/75
f 47/47 105/105 37/37
f 75/75 50/50 1/1
f 69/69 66/66 63/63
f 100/100 37/37 31/31
f 34/34 49/49 120/120
f 66/66 33/33 107/107
f 40/40 101/101 11/11
f 103/103 104/104 43/43
f 29/29 38/38 102/102
f 65/65 50/50 19/19
f 119/119 128/128 122/122
f 24/24 126/126 25/25
f 6/6 108/108 88/88
f 79/79 16/16 101/101
f 25/25 68/68 122/122
f 34/34 113/113 33/33
f 19/19 98/98 70/70
f 74/74 121/121 95/95
f 66/66 19/19 3/3
f 110/110 23/23 13/13
f 90/90 93/93 60/60
f 43/43 123/123 71/71
f 29/29 90/90 121/121
f 28/28 82/82 67/67
f 37/37 5/5 90/90
f 66/66 103/103 21/21
f 14/14 11/11 41/41
f 7/7 71/71 100/100
f 66/66 66/66 66/66
f 109/109 102/102 33/33
f 41/41 121/121 106/106
f 35/35 22/22 83/83
f 82/82 42/42 63/63
f 54/54 59/59 26/26
f 81/81 128/128 122/122
f 13/13 118/118 29/29
f 105/105 49/49 106/106
f 8/8 77/77 56/56
f 24/24 79/79 119/119
f 84/84 1/1 12/12
f 67/67 98/98 9/9
f 5/5 90/90 114/114
f 53/53 41/41 52/52
f 33/33 120/120 65/65
f 9/9 53/53 97/97
f 39/39 127/127 75/75
f 78/78 18/18 43/43
f 49/49 89/89 99/99
f 3/3 53/53 79/79
f 93/93 128/128 122/122
f 1/1 11/11 103/103
f 73/73 103/103 87/87
f 77/77 127/127 85/85
f 98/98 1/1 105/105
f 93/93 8/8 108/108
f 107/107 54/54 82/82
f 36/36 128/128 111/111
f 61/61 98/98 25/25
f 71/71 91/91 95/95
f 14/14 102/102 84/84
f 7/7 81/81 125/125
f 7/7 93/93 29/29
f 66/66 19/19 100/100
f 1/1 81/81 113/113
f 11/11 90/90 106/106
f 14/14 96/96 86/86
f 32/32 83/83 82/82
f 128/128 128/128 107/107
f 49/49 68/68 22/22
f 80/80 110/110 65/65
f 99/99 118/118 56/56
f 126/126 85/85 1/1
f 12/12 128/128 122/122
f 105/105 81/81 67/67
f 40/40 89/89 57/57
f 71/71 93/93 82/82
f 74/74 4/4 128/128
f 13/13 33/33 13/13
f 75/75 39/39 98/98
f 46/46 103/103 107/107
f 47/47 1/1 43/43
f 34/34 96/96 74/74
f 23/23 52/52 54/54
f 62/62 3/3 12/12
f 96/96 68/68 63/63
f 83/83 41/41 52/52
f 73/73 1/1 125/125
f 126/126 85/85 3/3
f 6/6 97/97 59/59
f 50/50 68/68 50/50
f 111/111 94/94 128/128
f 9/9 61/61 25/25
f 81/81 122/122 15/15
f 64/64 122/122 9/9
f 19/19 60/60 114/114
f 85/85 82/82 23/23
f 51/51 27/27 62/62
f 9/9 87/87 124/124
f 64/64 40/40 126/126
f 17/17 2/2 49/49
f 67/67 122/122 74/74
f 24/24 44/44 82/82
f 47/47 52/52 60/60
f 58/58 4/4 56/56
f 28/28 8/8 1/1
f 41/41 92/92 15/15
f 67/67 95/95 63/63
f 86/86 70/70 111/111
f 126/126 106/106 28/28
f 120/120 82/82 37/37
f 35/35 105/105 5/5
f 9/9 72/72 50/50
f 1/1 117/117 75/75
f 112/112 31/31 36/36
f 93/93 7/7 74/74
f 115/115 98/98 24/24
f 108/108 16/16 78/78
f 72/72 1/1 10/10
f 55/55 37/37 87/87
f 69/69 66/66 35/35
f 23/23 27/27 128/128
f 106/106 63/63 114/114
f 41/41 59/59 109/109
f 65/65 27/27 112/112
f 19/19 29/29 11/11
f 52/52 3/3 124/124
f 31/31 115/115 90/90
f 64/64 43/43 51/51
f 43/43 40/40 84/84
f 33/33 55/55 128/128
f 26/26 97/97 47/47
f 1/1 98/98 40/40
f 113/113 97/97 76/76
f 65/65 91/91 31/31
f 70/70 89/89 66/66
f 3/3 77/77 113/113
f 11/11 82/82 40/40
f 105/105 92/92 4/4
f 13/13 33/33 17/17
f 127/127 85/85 116/116
f 73/73 55/55 104/104
f 20/20 70/70 21/21
f 21/21 29/29 61/61
f 42/42 40/40 37/37
f 82/82 65/65 124/124
f 6/6 9/9 63/63
f 115/115 5/5 113/113
f 53/53 128/128 38/38
f 9/9 66/66 67/67
f 110/110 70/70 76/76
f 37/37 75/75 22/22
f 20/20 56/56 25/25
f 3/3 112/112 23/23
f 3/3 81/81 94/94
f 93/93 103/103 88/88
f 102/102 64/64 25/25
f 65/65 4/4 107/107
f 9/9 55/55 58/58
f 66/66 46/46 104/104
f 92/92 128/128 104/104
f 113/113 6/6 51/51
f 88/88 102/102 61/61
f 65/65 83/83 111/111
f 74/74 74/74 48/48
f 19/19 23/23 29/29
f 1/1 29/29 40/40
f 56/56 70/70 90/90
f 122/122 26/26 97/97
f 125/125 102/102 82/82
f 73/73 63/63 90/90
f 101/101 77/77 61/61
f 107/107 88/88 85/85
f 126/126 114/114 53/53
f 111/111 121/121 99/99
f 85/85 86/86 108/108
f 98/98 85/85 12/12
f 32/32 10/10 55/55
f 124/124 85/85 118/118
f 10/10 5/5 78/78
f 112/112 56/56 17/17
f 85/85 74/74 27/27
f 27/27 123/123 85/85
f 117/117 88/88 110/110
f 106/106 23/23 38/38
f 7/7 27/27 120/120
f 100/100 45/45 72/72
f 38/38 57/57 30/30
f 3/3 60/60 18/18
f 34/34 12/12 75/75
f 66/66 128/128 122/122
f 59/59 72/72 82/82
f 123/123 92/92 90/90
f 58/58 70/70 128/128
f 82/82 58/58 100/100
f 118/118 114/114 88/88
f 73/73 54/54 23/23
f 52/52 114/114 83/83
f 67/67 50/50 76/76
f 113/113 81/81 7/7
f 82/82 74/74 111/111
f 125/125 41/41 92/92
f 128/128 122/122 25/25
f 78/78 41/41 105/105
f 119/119 87/87 21/21
f 35/35 116/116 80/80
f 127/127 78/78 124/124
f 120/120 5/5 2/2
f 61/61 67/67 15/15
f 53/53 80/80 47/47
f 13/13 14/14 22/22
f 78/78 99/99 55/55
f 3/3 25/25 25/25
f 74/74 56/56 119/119
f 22/22 68/68 43/43
f 1/1 6/6 92/92
f 16/16 71/71 103/103
f 128/128 122/122 25/25
f 34/34 4/4 23/23
f 54/54 44/44 6/6
f 75/75 35/35 106/106
f 110/110 68/68 37/37
f 25/25 98/98 81/81
f 5/5 28/28 104/104
f 36/36 50/50 53/53
f 118/118 115/115 81/81
f 75/75 94/94 12/12
f 15/15 57/57 49/49
f 121/121 128/128 127/127
f 65/65 63/63 52/52
f 48/48 21/21 76/76
f 115/115 41/41 4/4
f 16/16 8/8 88/88
f 43/43 71/71 91/91
f 106/106 43/43 61/61
f 91/91 55/55 99/99
f 19/19 70/70 119/119
f 119/119 102/102 121/121
f 111/111 7/7 2/2
f 104/104 125/125 88/88
f 7/7 2/2 3/3
f 105/105 85/85 127/127
f 113/113 17/17 41/41
f 98/98 87/87 91/91
f 13/13 108/108 36/36
f 50/50 37/37 44/44
f 122/122 54/54 20/20
f 16/16 35/35 128/128
f 25/25 97/97 65/65
f 100/100 66/66 103/103
f 86/86 19/19 4/4
f 23/23 116/116 32/32
f 33/33 6/6 64/64
f 49/49 116/116 33/33
f 65/65 79/79 104/104
f 52/52 12/12 65/65
f 105/105 10/10 102/102
f 101/101 81/81 82/82
f 22/22 80/80 13/13
f 122/122 20/20 74/74
f 34/34 115/115 18/18
f 15/15 6/6 54/54
f 70/70 66/66 22/22
f 95/95 34/34 86/86
f 49/49 13/13 123/123
f 109/109 92/92 71/71
f 113/113 18/18 50/50
f 1/1 27/27 115/115
f 56/56 103/103 43/43
f 95/95 114/114 26/26
f 17/17 22/22 103/103
f 15/15 9/9 35/35
f 109/109 96/96 43/43
f 68/68 109/109 62/62
f 67/67 84/84 126/126
f 121/121 7/7 46/46
f 86/86 69/69 55/55
f 81/81 109/109 105/105
f 22/22 92/92 23/23
f 78/78 2/2 54/54
f 50/50 69/69 35/35
f 128/128 122/122 26/26
f 65/65 7/7 125/125
f 3/3 80/80 41/41
f 84/84 40/40 6/6
f 78/78 37/37 106/106
f 81/81 48/48 92/92
f 128/128 122/122 26/26
f 66/66 8/8 69/69
f 28/28 109/109 101/101
f 3/3 38/38 15/15
f 39/39 70/70 22/22
f 116/116 92/92 77/77
f 117/117 91/91 11/11
f 103/103 102/102 81/81
f 7/7 126/126 73/73
f 35/35 122/122 87/87
f 10/10 22/22 14/14
f 116/116 15/15 124/124
f 103/103 128/128 115/115
f 12/12 69/69 28/28
f 94/94 76/76 85/85
f 19/19 64/64 25/25
f 66/66 98/98 91/91
f 25/25 26/26 98/98
f 50/50 55/55 81/81
f 59/59 38/38 52/52
f 73/73 1/1 37/37
f 23/23 86/86 19/19
f 69/69 120/120 78/78
f 72/72 26/26 108/108
f 70/70 107/107 78/78
f 64/64 84/84 47/47
f 98/98 17/17 18/18
f 52/52 39/39 1/1
f 101/101 11/11 63/63
f 57/57 104/104 83/83
f 65/65 65/65 82/82
f 121/121 81/81 64/64
f 80/80 24/24 35/35
f 73/73 29/29 106/106
f 29/29 115/115 52/52
f 117/117 102/102 91/91
f 21/21 51/51 22/22
f 41/41 1/1 5/5
f 124/124 80/80 45/45
f 19/19 45/45 59/59
f 65/65 65/65 118/118
f 103/103 82/82 10/10
f 74/74 28/28 64/64
f 6/6 69/69 114/114
f 29/29 70/70 19/19
f 57/57 33/33 81/81
f 114/114 72/72 49/49
f 95/95 1/1 74/74
f 47/47 43/43 51/51
f 65/65 65/65 83/83
f 1/1 128/128 122/122
f 39/39 125/125 51/51
f 111/111 92/92 112/112
f 11/11 109/109 74/74
f 105/105 13/13 39/39
f 65/65 110/110 76/76
f 25/25 39/39 104/104
f 65/65 65/65 104/104
f 3/3 97/97 113/113
f 8/8 8/8 23/23
f 54/54 2/2 59/59
f 65/65 65/65 79/79
f 1/1 128/128 122/122
f 103/103 8/8 91/91
f 8/8 6/6 42/42
f 30/30 1/1 3/3
f 23/23 71/71 26/26
f 94/94 116/116 53/53
f 23/23 12/12 128/128
f 51/51 49/49 104/104
f 83/83 21/21 7/7
f 28/28 18/18 6/6
f 114/114 5/5 120/120
f 57/57 127/127 118/118
f 90/90 4/4 17/17
f 57/57 128/128 128/128
f 8/8 8/8 35/35
f 83/83 34/34 70/70
f 25/25 25/25 26/26
f 34/34 111/111 97/97
f 80/80 47/47 114/114
f 22/22 56/56 110/110
f 23/23 38/38 2/2
f 77/77 52/52 50/50
f 99/99 94/94 66/66
f 65/65 78/78 99/99
f 46/46 86/86 119/119
f 67/67 5/5 18/18
f 21/21 9/9 112/112
f 122/122 25/25 97/97
f 68/68 64/64 44/44
f 115/115 33/33 110/110
f 23/23 54/54 17/17
f 108/108 27/27 61/61
f 75/75 69/69 69/69
f 83/83 7/7 46/46
f 21/21 72/72 60/60
f 108/108 67/67 120/120
f 42/42 49/49 109/109
f 69/69 111/111 94/94
f 18/18 116/116 58/58
f 48/48 91/91 92/92
f 12/12 62/62 67/67
f 79/79 83/83 72/72
f 52/52 69/69 18/18
f 82/82 21/21 41/41
f 127/127 39/39 62/62
f 67/67 60/60 87/87
f 54/54 15/15 46/46
f 68/68 90/90 103/103
f 57/57 119/119 18/18
f 93/93 28/28 87/87
f 35/35 16/16 45/45
f 21/21 65/65 1/1
f 73/73 9/9 8/8
f 64/64 35/35 63/63
f 100/100 38/38 66/66
f 80/80 89/89 121/121
f 35/35 71/71 15/15
f 96/96 78/78 91/91
f 13/13 109/109 94/94
f 74/74 78/78 65/65
f 55/55 108/108 13/13
f 46/46 89/89 77/77
f 21/21 105/105 84/84
f 116/116 127/127 79/79
f 34/34 63/63 81/81
f 90/90 128/128 123/123
f 97/97 86/86 43/43
f 88/88 105/105 101/101
f 98/98 34/34 25/25
f 18/18 97/97 7/7
f 110/110 123/123 88/88
f 65/65 113/113 6/6
f 6/6 128/128 122/122
f 103/103 113/113 108/108
f 87/87 39/39 33/33
f 40/40 12/12 58/58
f 44/44 63/63 9/9
f 60/60 128/128 123/123
f 34/34 45/45 114/114
f 39/39 58/58 31/31
f 124/124 40/40 3/3
f 99/99 31/31 53/53
f 34/34 87/87 56/56
f 66/66 106/106 22/22
f 2/2 49/49 101/101
f 52/52 41/41 88/88
f 14/14 25/25 37/37
f 26/26 99/99 67/67
f 14/14 49/49 20/20
f 122/122 25/25 97/97
f 4/4 69/69 9/9
f 14/14 29/29 8/8
f 121/121 128/128 122/122
f 97/97 93/93 8/8
f 109/109 50/50 35/35
f 103/103 16/16 24/24
f 108/108 88/88 77/77
f 34/34 20/20 47/47
f 5/5 22/22 48/48
f 53/53 97/97 29/29
f 92/92 128/128 38/38
f 91/91 4/4 17/17
f 30/30 57/57 34/34
f 80/80 128/128 122/122
f 112/112 112/112 74/74
f 107/107 1/1 90/90
f 71/71 55/55 32/32
f 122/122 102/102 108/108
f 124/124 127/127 109/109
f 89/89 68/68 38/38
f 51/51 99/99 56/56
f 39/39 35/35 107/107
f 126/126 19/19 110/110
f 43/43 63/63 23/23
f 37/37 57/57 5/5
f 33/33 74/74 34/34
f 44/44 100/100 12/12
f 43/43 75/75 120/120
f 41/41 97/97 9/9
f 56/56 128/128 57/57
f 1/1 91/91 15/15
f 14/14 30/30 81/81
f 95/95 25/25 117/117
f 121/121 60/60 36/36
f 32/32 94/94 106/106
f 37/37 50/50 36/36
f 34/34 123/123 27/27
f 20/20 116/116 69/69
f 59/59 68/68 4/4
f 50/50 109/109 105/105
f 5/5 1/1 54/54
f 27/27 19/19 90/90
f 12/12 74/74 85/85
f 65/65 65/65 70/70
f 80/80 111/111 44/44
f 90/90 84/84 86/86
f 16/16 28/28 128/128
f 11/11 25/25 128/128
f 55/55 76/76 39/39
f 113/113 99/99 99/99
f 116/116 104/104 64/64
f 36/36 126/126 33/33
f 53/53 89/89 97/97
f 85/85 26/26 65/65
f 43/43 76/76 68/68
f 83/83 52/52 16/16
f 7/7 69/69 78/78
f 6/6 99/99 41/41
f 91/91 95/95 76/76
f 7/7 10/10 17/17
f 80/80 49/49 42/42
f 65/65 65/65 73/73
f 1/1 128/128 122/122
f 3/3 11/11 79/79
f 72/72 20/20 67/67
f 65/65 65/65 73/73
f 1/1 128/128 122/122
f 65/65 55/55 78/78
f 7/7 34/34 72/72
f 55/55 45/45 93/93
f 84/84 82/82 72/72
f 95/95 76/76 15/15
f 116/116 96/96 122/122
f 123/123 52/52 56/56
f 19/19 110/110 101/101
f 21/21 26/26 69/69
f 111/111 90/90 128/128
f 26/26 97/97 111/111
f 47/47 29/29 62/62
f 66/66 32/32 8/8
f 34/34 34/34 17/17
f 38/38 88/88 77/77
f 47/47 71/71 72/72
f 69/69 1/1 4/4
f 91/91 90/90 94/94
f 23/23 13/13 12/12
f 32/32 39/39 36/36
f 116/116 92/92 121/121
f 104/104 69/69 55/55
f 117/117 48/48 110/110
f 47/47 6/6 102/102
f 46/46 35/35 62/62
f 12/12 123/123 54/54
f 128/128 105/105 128/128
f 128/128 11/11 67/67
f 106/106 117/117 17/17
f 45/45 97/97 15/15
f 64/64 48/48 125/125
f 9/9 65/65 43/43
f 89/89 80/80 42/42
f 32/32 81/81 96/96
f 76/76 95/95 112/112
f 96/96 127/127 62/62
f 3/3 35/35 45/45
f 103/103 22/22 55/55
f 22/22 90/90 86/86
f 16/16 53/53 34/34
f 17/17 68/68 21/21
f 38/38 28/28 99/99
f 31/31 99/99 18/18
f 87/87 16/16 16/16
f 69/69 116/116 53/53
f 59/59 121/121 52/52
f 49/49 113/113 1/1
f 90/90 42/42 96/96
f 117/117 101/101 18/18
f 88/88 2/2 10/10
f 43/43 9/9 52/52
f 13/13 72/72 76/76
f 87/87 80/80 16/16
f 35/35 33/33 111/111
f 101/101 119/119 12/12
f 7/7 46/46 51/51
f 36/36 36/36 48/48
f 1/1 14/14 62/62
f 64/64 110/110 34/34
f 98/98 45/45 4/4
f 8/8 31/31 8/8
f 124/124 108/108 45/45
f 97/97 57/57 46/46
f 12/12 17/17 47/47
f 33/33 102/102 60/60
f 99/99 45/45 29/29
f 70/70 53/53 10/10
f 104/104 70/70 5/5
f 120/120 70/70 31/31
f 59/59 91/91 75/75
f 26/26 96/96 112/112
f 70/70 128/128 122/122
f 97/97 88/88 8/8
f 13/13 79/79 128/128
f 67/67 83/83 43/43
f 4/4 23/23 91/91
f 101/101 52/52 90/90
f 95/95 16/16 89/89
f 79/79 60/60 70/70
f 59/59 28/28 126/126
f 32/32 79/79 105/105
f 77/77 46/46 81/81
f 3/3 2/2 119/119
f 122/122 25/25 97/97
f 38/38 50/50 33/33
f 33/33 18/18 48/48
f 107/107 7/7 85/85
f 58/58 113/113 123/123
f 17/17 1/1 17/17
f 65/65 69/69 101/101
f 5/5 1/1 7/7
f 33/33 115/115 62/62
f 109/109 20/20 64/64
f 93/93 66/66 81/81
f 86/86 20/20 75/75
f 30/30 70/70 64/64
f 98/98 68/68 68/68
f 96/96 47/47 34/34
f 73/73 116/116 127/127
f 29/29 128/128 65/65
f 117/117 45/45 105/105
f 126/126 128/128 122/122
f 97/97 79/79 8/8
f 128/128 62/62 91/91
f 68/68 18/18 105/105
f 100/100 81/81 65/65
f 68/68 82/82 118/118
f 19/19 65/65 33/33
f 64/64 49/49 118/118
f 78/78 105/105 9/9
f 5/5 15/15 10/10
f 118/118 116/116 106/106
f 77/77 63/63 9/9
f 11/11 41/41 42/42
f 110/110 127/127 111/111
f 1/1 78/78 2/2
f 84/84 99/99 66/66
f 98/98 97/97 1/1
f 1/1 122/122 4/4
f 81/81 103/103 52/52
f 6/6 21/21 38/38
f 21/21 128/128 117/117
f 97/97 91/91 117/117
f 28/28 128/128 123/123
f 109/109 123/123 41/41
f 82/82 21/21 23/23
f 34/34 14/14 125/125
f 23/23 1/1 13/13
f 91/91 83/83 70/70
f 51/51 116/116 127/127
f 65/65 96/96 116/116
f 127/127 4/4 83/83
f 99/99 99/99 59/59
f 116/116 83/83 50/50
f 39/39 30/30 1/1
f 65/65 65/65 72/72
f 85/85 23/23 24/24
f 68/68 99/99 8/8
f 74/74 37/37 34/34
f 18/18 2/2 3/3
f 108/108 107/107 16/16
f 53/53 51/51 97/97
f 42/42 81/81 41/41
f 128/128 122/122 25/25
f 49/49 52/52 99/99
f 65/65 65/65 83/83
f 1/1 128/128 122/122
f 6/6 70/70 30/30
f 54/54 111/111 27/27
f 72/72 74/74 22/22
f 88/88 34/34 71/71
f 50/50 48/48 20/20
f 125/125 43/43 110/110
f 46/46 78/78 55/55
f 85/85 70/70 19/19
f 86/86 17/17 39/39
f 128/128 122/122 25/25
f 29/29 96/96 74/74
f 117/117 114/114 46/46
f 84/84 120/120 110/110
f 7/7 128/128 36/36
f 94/94 88/88 54/54
f 9/9 123/123 84/84
f 3/3 32/32 21/21
f 15/15 66/66 109/109
f 56/56 123/123 71/71
f 105/105 125/125 1/1
f 107/107 20/20 13/13
f 49/49 45/45 25/25
f 101/101 128/128 122/122
f 104/104 33/33 113/113
f 35/35 76/76 33/33
f 22/22 128/128 125/125
f 100/100 39/39 23/23
f 76/76 128/128 122/122
f 97/97 101/101 9/9
f 33/33 41/41 92/92
f 87/87 105/105 33/33
f 17/17 51/51 74/74
f 79/79 22/22 41/41
f 93/93 93/93 100/100
f 82/82 75/75 83/83
f 73/73 75/75 75/75
f 26/26 31/31 121/121
f 12/12 105/105 45/45
f 89/89 81/81 121/121
f 117/117 44/44 5/5
f 1/1 52/52 48/48
f 114/114 5/5 5/5
f 93/93 92/92 95/95
f 120/120 98/98 92/92
f 105/105 9/9 83/83
f 78/78 126/126 39/39
f 27/27 80/80 107/107
f 115/115 51/51 12/12
f 9/9 118/118 83/83
f 116/116 79/79 19/19
f 19/19 86/86 89/89
f 116/116 59/59 89/89
f 128/128 91/91 72/72
f 128/128 13/13 22/22
f 1/1 89/89 99/99
f 84/84 57/57 120/120
f 50/50 48/48 77/77
f 66/66 17/17 66/66
f 11/11 17/17 128/128
f 94/94 92/92 25/25
f 87/87 128/128 121/121
f 91/91 22/22 1/1
f 45/45 5/5 83/83
f 100/100 50/50 53/53
f 6/6 92/92 20/20
f 19/19 42/42 127/127
f 16/16 24/24 86/86
f 53/53 118/118 116/116
f 1/1 86/86 41/41
f 125/125 100/100 122/122
f 67/67 85/85 18/18
f 108/108 84/84 103/103
f 115/115 105/105 120/120
f 65/65 65/65 76/76
f 23/23 86/86 49/49
f 43/43 11/11 42/42
f 81/81 113/113 87/87
f 51/51 48/48 128/128
f 78/78 43/43 115/115
f 95/95 30/30 89/89
f 35/35 35/35 19/19
f 103/103 128/128 56/56
f 44/44 108/108 102/102
f 64/64 55/55 124/124
f 12/12 53/53 64/64
f 100/100 1/1 78/78
f 59/59 27/27 82/82
f 124/124 54/54 24/24
f 74/74 52/52 75/75
f 1/1 8/8 9/9
f 86/86 74/74 18/18
f 114/114 122/122 96/96
f 47/47 84/84 107/107
f 18/18 2/2 1/1
f 75/75 89/89 95/95
f 1/1 3/3 94/94
f 102/102 4/4 31/31
f 128/128 122/122 26/26
f 99/99 50/50 18/18
f 105/105 1/1 26/26
f 43/43 122/122 76/76
f 37/37 111/111 45/45
f 99/99 62/62 60/60
f 32/32 58/58 85/85
f 25/25 58/58 68/68
f 101/101 76/76 78/78
f 97/97 90/90 9/9
f 2/2 28/28 23/23
f 97/97 121/121 101/101
f 78/78 50/50 126/126
f 5/5 21/21 4/4
f 37/37 20/20 37/37
f 1/1 87/87 128/128
f 104/104 57/57 128/128
f 36/36 124/124 92/92
f 18/18 97/97 57/57
f 128/128 67/67 56/56
f 36/36 71/71 120/120
f 118/118 128/128 60/60
f 117/117 32/32 2/2
f 74/74 20/20 39/39
f 114/114 126/126 8/8
f 102/102 16/16 16/16
f 7/7 27/27 39/39
f 74/74 70/70 9/9
f 78/78 121/121 45/45
f 54/54 62/62 6/6
f 21/21 120/120 33/33
f 34/34 25/25 112/112
f 82/82 22/22 79/79
f 29/29 19/19 27/27
f 44/44 94/94 22/22
f 79/79 101/101 26/26
f 19/19 52/52 86/86
f 120/120 108/108 49/49
f 23/23 68/68 75/75
f 47/47 122/122 54/54
f 12/12 51/51 43/43
f 83/83 42/42 18/18
f 56/56 81/81 70/70
f 94/94 47/47 2/2
f 3/3 9/9 18/18
f 109/109 61/61 99/99
f 47/47 61/61 91/91
f 32/32 85/85 40/40
f 84/84 24/24 63/63
f 101/101 106/106 51/51
f 74/74 63/63 80/80
f 126/126 10/10 3/3
f 79/79 87/87 80/80
f 19/19 97/97 4/4
f 81/81 62/62 26/26
f 43/43 79/79 24/24
f 56/56 46/46 73/73
f 18/18 34/34 69/69
f 127/127 19/19 35/35
f 128/128 52/52 37/37
f 25/25 3/3 19/19
f 55/55 31/31 9/9
f 63/63 102/102 98/98
f 65/65 65/65 85/85
f 75/75 67/67 35/35
f 111/111 79/79 123/123
f 71/71 75/75 104/104
f 34/34 96/96 92/92
f 115/115 34/34 66/66
f 122/122 25/25 97/97
f 65/65 65/65 72/72
f 1/1 128/128 122/122
f 117/117 12/12 37/37
f 98/98 118/118 26/26
f 20/20 96/96 13/13
f 65/65 65/65 78/78
f 1/1 128/128 122/122
f 78/78 31/31 39/39
f 1/1 110/110 66/66
f 41/41 35/35 41/41
f 126/126 31/31 113/113
f 93/93 21/21 33/33
f 23/23 2/2 16/16
f 63/63 101/101 46/46
f 9/9 7/7 45/45
f 2/2 34/34 9/9
f 35/35 84/84 99/99
f 43/43 101/101 92/92
f 29/29 124/124 55/55
f 99/99 65/65 87/87
f 98/98 24/24 47/47
f 13/13 109/109 127/127
f 46/46 27/27 86/86
f 74/74 107/107 53/53
f 13/13 27/27 76/76
f 128/128 115/115 29/29
f 8/8 128/128 125/125
f 63/63 9/9 10/10
f 34/34 128/128 122/122
f 79/79 16/16 2/2
f 25/25 82/82 76/76
f 7/7 62/62 2/2
f 100/100 50/50 107/107
f 79/79 1/1 29/29
f 41/41 96/96 117/117
f 70/70 119/119 7/7
f 35/35 54/54 47/47
f 3/3 10/10 47/47
f 82/82 125/125 52/52
f 128/128 122/122 26/26
f 21/21 27/27 16/16
f 79/79 116/116 13/13
f 112/112 122/122 3/3
f 44/44 123/123 49/49
f 80/80 18/18 25/25
f 80/80 65/65 78/78
f 45/45 7/7 61/61
f 30/30 83/83 78/78
f 98/98 2/2 57/57
f 37/37 37/37 101/101
f 74/74 13/13 98/98
f 83/83 36/36 75/75
f 119/119 126/126 75/75
f 19/19 61/61 126/126
f 63/63 26/26 2/2
f 89/89 75/75 49/49
f 64/64 72/72 38/38
f 1/1 96/96 100/100
f 84/84 92/92 109/109
f 66/66 111/111 5/5
f 102/102 91/91 66/66
f 92/92 46/46 17/17
f 40/40 44/44 46/46
f 109/109 71/71 80/80
f 3/3 69/69 65/65
f 3/3 121/121 29/29
f 122/122 26/26 97/97
f 97/97 124/124 9/9
f 15/15 62/62 53/53
f 83/83 29/29 19/19
f 4/4 109/109 30/30
f 65/65 65/65 73/73
f 96/96 52/52 128/128
f 20/20 83/83 7/7
f 25/25 119/119 119/119
f 38/38 116/116 118/118
f 91/91 114/114 19/19
f 121/121 52/52 51/51
f 36/36 22/22 18/18
f 88/88 121/121 71/71
f 122/122 100/100 37/37
f 65/65 65/65 76/76
f 1/1 128/128 122/122
f 122/122 71/71 115/115
f 103/103 105/105 109/109
f 65/65 65/65 112/112
f 86/86 51/51 80/80
f 80/80 87/87 51/51
f 23/23 44/44 127/127
f 76/76 94/94 122/122
f 70/70 25/25 14/14
f 30/30 1/1 13/13
f 68/68 66/66 35/35
f 80/80 34/34 6/6
f 77/77 2/2 37/37
f 99/99 5/5 97/97
f 75/75 85/85 58/58
f 58/58 13/13 10/10
f 16/16 44/44 16/16
f 63/63 12/12 19/19
f 66/66 122/122 63/63
f 65/65 102/102 28/28
f 122/122 26/26 97/97
f 127/127 126/126 3/3
f 115/115 82/82 64/64
f 36/36 113/113 64/64
f 8/8 111/111 35/35
f 75/75 65/65 75/75
f 9/9 43/43 32/32
f 127/127 20/20 32/32
f 35/35 17/17 98/98
f 1/1 29/29 111/111
f 43/43 107/107 19/19
f 33/33 4/4 79/79
f 51/51 88/88 44/44
f 3/3 66/66 8/8
f 54/54 116/116 86/86
f 29/29 50/50 65/65
f 66/66 1/1 38/38
f 105/105 31/31 37/37
f 75/75 70/70 94/94
f 35/35 23/23 5/5
f 63/63 54/54 77/77
f 26/26 126/126 93/93
f 128/128 122/122 25/25
f 100/100 8/8 29/29
f 50/50 101/101 23/23
f 2/2 90/90 97/97
f 42/42 97/97 64/64
f 81/81 61/61 97/97
f 8/8 11/11 25/25
f 118/118 87/87 62/62
f 53/53 51/51 93/93
f 57/57 93/93 47/47
f 62/62 64/64 128/128
f 128/128 123/123 44/44
f 105/105 104/104 37/37
f 89/89 79/79 33/33
f 40/40 128/128 122/122
f 97/97 92/92 9/9
f 27/27 20/20 76/76
f 123/123 31/31 84/84
f 66/66 3/3 25/25
f 2/2 53/53 79/79
f 71/71 85/85 128/128
f 128/128 122/122 26/26
f 84/84 102/102 67/67
f 88/88 28/28 78/78
f 5/5 3/3 50/50
f 63/63 40/40 128/128
f 128/128 128/128 120/120
f 79/79 43/43 65/65
f 62/62 107/107 104/104
f 94/94 94/94 1/1
f 82/82 73/73 89/89
f 2/2 5/5 70/70
f 13/13 43/43 36/36
f 66/66 91/91 79/79
f 10/10 2/2 33/33
f 4/4 34/34 112/112
f 104/104 128/128 41/41
f 93/93 93/93 70/70
f 48/48 110/110 122/122
f 53/53 54/54 21/21
f 8/8 58/58 93/93
f 16/16 12/12 56/56
f 122/122 96/96 83/83
f 79/79 16/16 71/71
f 65/65 1/1 81/81
f 33/33 8/8 44/44
f 93/93 102/102 40/40
f 113/113 29/29 72/72
f 35/35 99/99 45/45
f 75/75 99/99 66/66
f 6/6 68/68 97/97
f 27/27 49/49 65/65
f 75/75 107/107 72/72
f 48/48 75/75 64/64
f 67/67 20/20 97/97
f 99/99 108/108 62/62
f 43/43 127/127 116/116
f 14/14 50/50 72/72
f 68/68 35/35 1/1
f 32/32 75/75 96/96
f 1/1 40/40 46/46
f 93/93 115/115 16/16
f 6/6 29/29 65/65
f 52/52 65/65 16/16
f 28/28 51/51 53/53
f 7/7 10/10 37/37
f 76/76 64/64 121/121
f 38/38 128/128 122/122
f 97/97 86/86 9/9
f 35/35 83/83 60/60
f 70/70 121/121 71/71
f 49/49 41/41 1/1
f 88/88 27/27 125/125
f 74/74 7/7 75/75
f 65/65 47/47 84/84
f 67/67 8/8 128/128
f 54/54 128/128 122/122
f 27/27 19/19 69/69
f 16/16 32/32 23/23
f 119/119 70/70 1/1
f 3/3 105/105 41/41
f 15/15 95/95 22/22
f 1/1 25/25 17/17
f 86/86 128/128 122/122
f 97/97 8/8 7/7
f 60/60 31/31 44/44
f 9/9 73/73 5/5
f 104/104 105/105 100/100
f 64/64 101/101 108/108
f 61/61 52/52 37/37
f 43/43 128/128 122/122
f 75/75 106/106 41/41
f 70/70 15/15 39/39
f 4/4 10/10 5/5
f 78/78 17/17 35/35
f 78/78 37/37 89/89
f 74/74 9/9 76/76
f 84/84 17/17 17/17
f 77/77 94/94 29/29
f 127/127 32/32 33/33
f 1/1 81/81 50/50
f 71/71 1/1 123/123
f 84/84 67/67 75/75
f 125/125 107/107 92/92
f 27/27 95/95 119/119
f 75/75 3/3 44/44
f 51/51 79/79 104/104
f 9/9 11/11 35/35
f 59/59 55/55 14/14
f 26/26 11/11 100/100
f 116/116 126/126 118/118
f 19/19 25/25 11/11
f 14/14 65/65 89/89
f 23/23 35/35 73/73
f 67/67 74/74 4/4
f 31/31 119/119 76/76
f 1/1 55/55 12/12
f 20/20 63/63 95/95
f 91/91 80/80 128/128
f 31/31 100/100 93/93
f 24/24 32/32 79/79
f 78/78 27/27 7/7
f 80/80 65/65 91/91
f 78/78 72/72 1/1
f 26/26 36/36 128/128
f 65/65 57/57 96/96
f 40/40 128/128 2/2
f 63/63 51/51 36/36
f 9/9 120/120 73/73
f 15/15 83/83 50/50
f 128/128 114/114 43/43
f 9/9 71/71 1/1
f 71/71 123/123 87/87
f 19/19 78/78 1/1
f 50/50 117/117 20/20
f 112/112 100/100 120/120
f 83/83 89/89 90/90
f 84/84 55/55 100/100
f 34/34 128/128 102/102
f 89/89 76/76 25/25
f 11/11 58/58 17/17
f 124/124 106/106 125/125
f 7/7 105/105 68/68
f 97/97 47/47 24/24
f 102/102 125/125 24/24
f 125/125 9/9 92/92
f 44/44 55/55 47/47
f 128/128 122/122 26/26
f 96/96 73/73 67/67
f 111/111 105/105 43/43
f 88/88 15/15 102/102
f 107/107 76/76 118/118
f 116/116 1/1 93/93
f 61/61 108/108 98/98
f 73/73 18/18 47/47
f 56/56 107/107 25/25
f 77/77 96/96 128/128
f 22/22 66/66 17/17
f 98/98 34/34 33/33
f 11/11 1/1 15/15
f 103/103 72/72 55/55
f 17/17 1/1 4/4
f 36/36 32/32 94/94
f 64/64 43/43 117/117
f 35/35 104/104 9/9
f 1/1 34/34 36/36
f 33/33 21/21 49/49
f 2/2 96/96 44/44
f 101/101 12/12 57/57
f 45/45 14/14 102/102
f 34/34 7/7 41/41
f 56/56 128/128 108/108
f 104/104 78/78 25/25
f 67/67 34/34 33/33
f 28/28 86/86 84/84
f 10/10 120/120 40/40
f 57/57 1/1 117/117
f 101/101 94/94 45/45
f 77/77 106/106 20/20
f 33/33 36/36 100/100
f 20/20 18/18 78/78
f 32/32 128/128 122/122
f 97/97 81/81 8/8
f 23/23 33/33 109/109
f 56/56 103/103 104/104
f 34/34 106/106 42/42
f 19/19 32/32 84/84
f 17/17 109/109 50/50
f 60/60 4/4 80/80
f 24/24 54/54 71/71
f 56/56 77/77 14/14
f 99/99 25/25 107/107
f 46/46 34/34 113/113
f 81/81 118/118 43/43
f 46/46 87/87 1/1
f 13/13 10/10 94/94
f 24/24 79/79 53/53
f 70/70 105/105 39/39
f 56/56 87/87 109/109
f 52/52 72/72 97/97
f 37/37 18/18 127/127
f 82/82 1/1 125/125
f 125/125 85/85 63/63
f 43/43 94/94 103/103
f 16/16 63/63 85/85
f 52/52 12/12 61/61
f 65/65 20/20 58/58
f 65/65 25/25 74/74
f 71/71 35/35 85/85
f 110/110 101/101 39/39
f 9/9 101/101 99/99
f 116/116 72/72 13/13
f 93/93 1/1 40/40
f 115/115 50/50 98/98
f 45/45 54/54 69/69
f 120/120 39/39 22/22
f 39/39 82/82 120/120
f 69/69 60/60 102/102
f 60/60 101/101 84/84
f 34/34 79/79 92/92
f 46/46 97/97 57/57
f 70/70 77/77 96/96
f 71/71 109/109 76/76
f 104/104 47/47 122/122
f 66/66 66/66 33/33
f 17/17 128/128 108/108
f 5/5 76/76 118/118
f 31/31 63/63 109/109
f 29/29 15/15 69/69
f 45/45 40/40 36/36
f 81/81 35/35 38/38
f 32/32 82/82 7/7
f 62/62 61/61 49/49
f 52/52 99/99 49/49
f 37/37 68/68 51/51
f 121/121 70/70 41/41
f 33/33 53/53 22/22
f 19/19 11/11 45/45
f 70/70 72/72 92/92
f 24/24 10/10 99/99
f 5/5 68/68 11/11
f 6/6 11/11 124/124
f 20/20 120/120 98/98
f 77/77 128/128 122/122
f 117/117 89/89 54/54
f 117/117 73/73 71/71
f 33/33 56/56 37/37
f 45/45 34/34 71/71
f 86/86 2/2 81/81
f 73/73 6/6 112/112
f 99/99 34/34 65/65
f 24/24 18/18 45/45
f 67/67 122/122 26/26
f 122/122 71/71 89/89
f 122/122 88/88 32/32
f 1/1 1/1 92/92
f 65/65 3/3 66/66
f 87/87 52/52 38/38
f 91/91 110/110 119/119
f 109/109 99/99 80/80
f 5/5 13/13 3/3
f 11/11 103/103 33/33
f 10/10 48/48 117/117
f 6/6 82/82 54/54
f 121/121 49/49 114/114
f 81/81 2/2 39/39
f 110/110 20/20 116/116
f 94/94 114/114 19/19
f 29/29 12/12 36/36
f 103/103 89/89 93/93
f 88/88 105/105 23/23
f 128/128 128/128 128/128
f 70/70 108/108 25/25
f 14/14 98/98 7/7
f 128/128 122/122 25/25
f 57/57 54/54 103/103
f 76/76 60/60 123/123
f 45/45 25/25 118/118
f 94/94 86/86 77/77
f 84/84 94/94 93/93
f 45/45 18/18 106/106
f 36/36 34/34 11/11
f 81/81 57/57 32/32
f 44/44 49/49 53/53
f 10/10 91/91 11/11
f 8/8 56/56 117/117
f 110/110 5/5 4/4
f 20/20 115/115 96/96
f 105/105 109/109 24/24
f 65/65 1/1 37/37
f 112/112 123/123 87/87
f 9/9 11/11 49/49
f 104/104 111/111 121/121
f 100/100 70/70 18/18
f 123/123 29/29 73/73
f 100/100 86/86 59/59
f 24/24 36/36 42/42
f 32/32 42/42 114/114
f 3/3 108/108 75/75
f 21/21 11/11 45/45
f 51/51 120/120 122/122
f 97/97 107/107 125/125
f 128/128 43/43 123/123
f 9/9 27/27 51/51
f 29/29 19/19 106/106
f 124/124 87/87 43/43
f 83/83 33/33 78/78
f 2/2 48/48 99/99
f 79/79 16/16 22/22
f 127/127 104/104 87/87
f 51/51 128/128 122/122
f 97/97 102/102 19/19
f 90/90 116/116 68/68
f 35/35 113/113 34/34
f 47/47 34/34 89/89
f 37/37 97/97 69/69
f 73/73 79/79 9/9
f 126/126 47/47 97/97
f 115/115 87/87 52/52
f 50/50 98/98 54/54
f 83/83 78/78 102/102
f 70/70 68/68 61/61
f 101/101 128/128 122/122
f 97/97 98/98 8/8
f 22/22 14/14 76/76
f 34/34 1/1 106/106
f 4/4 2/2 9/9
f 57/57 12/12 26/26
f 128/128 96/96 14/14
f 1/1 1/1 3/3
f 80/80 112/112 48/48
f 58/58 22/22 5/5
f 33/33 79/79 84/84
f 86/86 54/54 47/47
f 110/110 64/64 88/88
f 78/78 93/93 12/12
f 121/121 87/87 69/69
f 103/103 107/107 14/14
f 69/69 61/61 121/121
f 35/35 37/37 25/25
f 46/46 84/84 25/25
f 41/41 71/71 16/16
f 127/127 62/62 5/5
f 48/48 51/51 8/8
f 51/51 92/92 82/82
f 49/49 104/104 1/1
f 44/44 95/95 94/94
f 50/50 16/16 128/128
f 54/54 65/65 30/30
f 1/1 58/58 48/48
f 34/34 6/6 39/39
f 53/53 1/1 106/106
f 2/2 81/81 108/108
f 38/38 60/60 119/119
f 16/16 62/62 93/93
f 71/71 28/28 121/121
f 108/108 83/83 80/80
f 26/26 67/67 98/98
f 106/106 35/35 66/66
f 34/34 16/16 71/71
f 59/59 54/54 13/13
f 74/74 88/88 55/55
f 45/45 85/85 23/23
f 35/35 40/40 6/6
f 4/4 67/67 17/17
f 1/1 35/35 128/128
f 70/70 16/16 2/2
f 81/81 117/117 51/51
f 128/128 118/118 53/53
f 45/45 109/109 4/4
f 83/83 94/94 30/30
f 38/38 59/59 76/76
f 98/98 27/27 30/30
f 48/48 56/56 1/1
f 53/53 29/29 102/102
f 123/123 99/99 95/95
f 59/59 6/6 53/53
f 65/65 81/81 118/118
f 74/74 60/60 28/28
f 63/63 67/67 77/77
f 42/42 73/73 15/15
f 78/78 111/111 108/108
f 66/66 45/45 128/128
f 60/60 31/31 46/46
f 16/16 5/5 29/29
f 53/53 93/93 32/32
f 53/53 123/123 93/93
f 100/100 52/52 29/29
f 34/34 102/102 65/65
f 39/39 77/77 6/6
f 124/124 90/90 1/1
f 3/3 67/67 98/98
f 111/111 58/58 1/1
f 33/33 97/97 63/63
f 91/91 57/57 103/103
f 22/22 13/13 125/125
f 1/1 108/108 49/49
f 43/43 43/43 73/73
f 14/14 128/128 1/1
f 6/6 73/73 108/108
f 126/126 128/128 122/122
f 93/93 22/22 89/89
f 22/22 12/12 23/23
f 126/126 3/3 80/80
f 53/53 2/2 50/50
f 3/3 64/64 53/53
f 65/65 65/65 79/79
f 1/1 128/128 122/122
f 60/60 96/96 126/126
f 18/18 20/20 15/15
f 43/43 85/85 51/51
f 97/97 89/89 102/102
f 1/1 68/68 39/39
f 90/90 40/40 47/47
f 66/66 97/97 99/99
f 9/9 10/10 61/61
f 10/10 108/108 63/63
f 95/95 120/120 125/125
f 14/14 2/2 76/76
f 26/26 103/103 65/65
f 83/83 117/117 106/106
f 98/98 18/18 42/42
f 117/117 25/25 20/20
f 122/122 17/17 9/9
f 59/59 31/31 118/118
f 66/66 78/78 33/33
f 33/33 94/94 118/118
f 43/43 62/62 53/53
f 4/4 92/92 57/57
f 22/22 85/85 23/23
f 69/69 16/16 62/62
f 122/122 26/26 97/97
f 4/4 65/65 73/73
f 19/19 121/121 25/25
f 91/91 45/45 13/13
f 29/29 58/58 55/55
f 108/108 95/95 40/40
f 32/32 104/104 11/11
f 78/78 10/10 9/9
f 103/103 65/65 78/78
f 15/15 31/31 98/98
f 85/85 128/128 120/120
f 47/47 108/108 56/56
f 48/48 109/109 21/21
f 121/121 2/2 41/41
f 112/112 128/128 119/119
f 35/35 51/51 97/97
f 65/65 111/111 21/21
f 16/16 27/27 23/23
f 56/56 83/83 84/84
f 35/35 35/35 120/120
f 24/24 8/8 91/91
f 108/108 10/10 1/1
f 37/37 84/84 20/20
f 116/116 104/104 60/60
f 4/4 100/100 100/100
f 103/103 128/128 57/57
f 121/121 127/127 26/26
f 103/103 63/63 38/38
f 55/55 13/13 125/125
f 1/1 20/20 38/38
f 95/95 127/127 82/82
f 128/128 122/122 25/25
f 112/112 18/18 50/50
f 100/100 116/116 118/118
f 96/96 92/92 117/117
f 15/15 86/86 85/85
f 66/66 97/97 80/80
f 122/122 26/26 97/97
f 35/35 120/120 125/125
f 34/34 35/35 56/56
f 35/35 1/1 81/81
f 125/125 49/49 68/68
f 126/126 9/9 76/76
f 124/124 3/3 69/69
f 54/54 41/41 96/96
f 63/63 38/38 14/14
f 4/4 113/113 4/4
f 1/1 1/1 8/8
f 46/46 97/97 86/86
f 99/99 72/72 61/61
f 43/43 93/93 74/74
f 4/4 43/43 65/65
f 81/81 27/27 56/56
f 32/32 87/87 128/128
f 27/27 39/39 100/100
f 29/29 52/52 49/49
f 108/108 68/68 110/110
f 20/20 79/79 116/116
f 10/10 75/75 121/121
f 52/52 50/50 5/5
f 64/64 4/4 57/57
f 76/76 26/26 73/73
f 12/12 123/123 92/92
f 39/39 49/49 30/30
f 116/116 35/35 35/35
f 99/99 35/35 32/32
f 2/2 27/27 66/66
f 62/62 13/13 2/2
f 34/34 17/17 74/74
f 21/21 16/16 3/3
f 98/98 16/16 74/74
f 18/18 87/87 33/33
f 10/10 58/58 114/114
f 14/14 37/37 24/24
f 112/112 127/127 51/51
f 9/9 29/29 94/94
f 64/64 128/128 117/117
f 8/8 66/66 49/49
f 61/61 1/1 68/68
f 3/3 74/74 72/72
f 70/70 71/71 49/49
f 65/65 128/128 37/37
f 120/120 11/11 57/57
f 26/26 45/45 115/115
f 119/119 117/117 51/51
f 98/98 15/15 22/22
f 56/56 13/13 75/75
f 56/56 52/52 106/106
f 47/47 121/121 21/21
f 28/28 86/86 128/128
f 126/126 112/112 128/128
f 29/29 85/85 23/23
f 96/96 33/33 1/1
f 67/67 90/90 69/69
f 66/66 83/83 77/77
f 106/106 90/90 72/72
f 17/17 109/109 9/9
f 125/125 61/61 36/36
f 1/1 76/76 52/52
f 11/11 59/59 123/123
f 5/5 6/6 90/90
f 18/18 51/51 59/59
f 92/92 92/92 119/119
f 82/82 76/76 55/55
f 3/3 56/56 31/31
f 38/38 105/105 7/7
f 114/114 119/119 128/128
f 79/79 1/1 120/120
f 5/5 84/84 35/35
f 44/44 22/22 77/77
f 81/81 69/69 14/14
f 64/64 47/47 101/101
f 122/122 64/64 25/25
f 6/6 16/16 104/104
f 127/127 85/85 52/52
f 90/90 33/33 14/14
f 96/96 85/85 7/7
f 35/35 37/37 40/40
f 120/120 5/5 102/102
f 68/68 104/104 109/109
f 116/116 26/26 96/96
f 35/35 108/108 31/31
f 71/71 62/62 122/122
f 65/65 89/89 39/39
f 113/113 92/92 74/74
f 101/101 21/21 108/108
f 122/122 25/25 101/101
f 6/6 46/46 4/4
f 36/36 120/120 89/89
f 54/54 42/42 3/3
f 19/19 65/65 123/123
f 89/89 60/60 63/63
f 96/96 78/78 40/40
f 122/122 25/25 97/97
f 55/55 97/97 86/86
f 128/128 123/123 63/63
f 7/7 128/128 126/126
f 122/122 26/26 97/97
f 127/127 50/50 66/66
f 99/99 88/88 40/40
f 48/48 17/17 17/17
f 63/63 105/105 105/105
f 114/114 23/23 75/75
f 1/1 2/2 5/5
f 1/1 3/3 84/84
f 96/96 112/112 120/120
f 43/43 94/94 44/44
f 115/115 112/112 108/108
f 64/64 34/34 60/60
f 71/71 26/26 44/44
f 62/62 98/98 81/81
f 4/4 107/107 61/61
f 6/6 1/1 33/33
f 89/89 25/25 118/118
f 22/22 64/64 128/128
f 119/119 126/126 21/21
f 75/75 48/48 66/66
f 10/10 53/53 53/53
f 91/91 44/44 104/104
f 3/3 33/33 101/101
f 87/87 45/45 128/128
f 99/99 97/97 97/97
f 70/70 9/9 47/47
f 79/79 19/19 7/7
f 3/3 59/59 2/2
f 36/36 55/55 55/55
f 14/14 104/104 56/56
f 35/35 33/33 31/31
f 34/34 20/20 96/96
f 56/56 126/126 9/9
f 123/123 120/120 99/99
f 2/2 22/22 107/107
f 4/4 115/115 55/55
f 65/65 126/126 70/70
f 19/19 50/50 88/88
f 7/7 123/123 15/15
f 35/35 63/63 122/122
f 128/128 122/122 25/25
f 61/61 60/60 128/128
f 54/54 71/71 15/15
f 67/67 73/73 109/109
f 1/1 94/94 116/116
f 113/113 8/8 73/73
f 80/80 128/128 125/125
f 43/43 56/56 120/120
f 102/102 94/94 125/125
f 48/48 4/4 19/19
f 104/104 27/27 69/69
f 120/120 122/122 9/9
f 40/40 85/85 81/81
f 38/38 128/128 82/82
f 20/20 118/118 82/82
f 22/22 66/66 2/2
f 69/69 115/115 56/56
f 22/22 74/74 41/41
f 120/120 88/88 61/61
f 86/86 90/90 11/11
f 2/2 29/29 122/122
f 97/97 1/1 41/41
f 100/100 16/16 92/92
f 34/34 104/104 100/100
f 9/9 11/11 117/117
f 33/33 1/1 121/121
f 53/53 65/65 100/100
f 5/5 21/21 111/111
f 110/110 42/42 44/44
f 76/76 106/106 29/29
f 17/17 57/57 85/85
f 64/64 61/61 21/21
f 128/128 77/77 14/14
f 113/113 11/11 52/52
f 39/39 65/65 11/11
f 108/108 68/68 98/98
f 23/23 111/111 95/95
f 65/65 34/34 9/9
f 86/86 89/89 15/15
f 15/15 26/26 126/126
f 128/128 122/122 26/26
f 84/84 8/8 21/21
f 108/108 21/21 37/37
f 115/115 77/77 70/70
f 22/22 90/90 56/56
f 30/30 105/105 123/123
f 80/80 121/121 20/20
f 112/112 21/21 18/18
f 53/53 29/29 122/122
f 31/31 96/96 62/62
f 44/44 115/115 9/9
f 96/96 128/128 99/99
f 41/41 83/83 33/33
f 125/125 50/50 36/36
f 93/93 60/60 52/52
f 48/48 98/98 83/83
f 8/8 72/72 62/62
f 7/7 34/34 44/44
f 15/15 42/42 93/93
f 45/45 37/37 4/4
f 112/112 121/121 5/5
f 97/97 10/10 40/40
f 29/29 10/10 120/120
f 63/63 89/89 65/65
f 10/10 25/25 65/65
f 49/49 55/55 76/76
f 126/126 70/70 88/88
f 121/121 43/43 104/104
f 48/48 99/99 1/1
f 88/88 126/126 29/29
f 33/33 53/53 116/116
f 104/104 120/120 62/62
f 59/59 60/60 38/38
f 67/67 65/65 1/1
f 19/19 102/102 14/14
f 32/32 65/65 96/96
f 78/78 128/128 75/75
f 20/20 72/72 75/75
f 99/99 90/90 56/56
f 23/23 22/22 23/23
f 124/124 28/28 33/33
f 28/28 21/21 7/7
f 63/63 32/32 111/111
f 5/5 55/55 74/74
f 56/56 68/68 73/73
f 34/34 57/57 103/103
f 97/97 5/5 3/3
f 11/11 89/89 13/13
f 27/27 117/117 19/19
f 73/73 84/84 29/29
f 12/12 64/64 128/128
f 35/35 61/61 58/58
f 89/89 29/29 59/59
f 92/92 115/115 92/92
f 92/92 96/96 1/1
f 128/128 50/50 96/96
f 39/39 62/62 75/75
f 120/120 98/98 20/20
f 12/12 105/105 72/72
f 106/106 36/36 87/87
f 85/85 51/51 18/18
f 36/36 91/91 128/128
f 110/110 76/76 42/42
f 14/14 55/55 63/63
f 112/112 128/128 113/113
f 43/43 14/14 75/75
f 54/54 61/61 34/34
f 71/71 103/103 45/45
f 72/72 37/37 15/15
f 59/59 97/97 31/31
f 6/6 118/118 23/23
f 107/107 94/94 122/122
f 73/73 112/112 103/103
f 94/94 27/27 105/105
f 41/41 8/8 80/80
f 8/8 48/48 23/23
f 53/53 101/101 46/46
f 28/28 72/72 38/38
f 119/119 36/36 7/7
f 36/36 45/45 8/8
f 38/38 35/35 23/23
f 1/1 10/10 112/112
f 2/2 67/67 13/13
f 33/33 19/19 19/19
f 97/97 10/10 60/60
f 67/67 128/128 122/122
f 97/97 128/128 15/15
f 50/50 21/21 31/31
f 5/5 65/65 1/1
f 13/13 20/20 22/22
f 39/39 124/124 55/55
f 17/17 86/86 44/44
f 63/63 71/71 125/125
f 38/38 29/29 25/25
f 107/107 1/1 74/74
f 47/47 44/44 127/127
f 20/20 84/84 110/110
f 85/85 53/53 91/91
f 22/22 32/32 111/111
f 75/75 75/75 100/100
f 29/29 41/41 96/96
f 77/77 108/108 34/34
f 33/33 122/122 59/59
f 79/79 98/98 88/88
f 113/113 69/69 44/44
f 52/52 88/88 49/49
f 42/42 45/45 85/85
f 85/85 15/15 123/123
f 28/28 4/4 46/46
f 48/48 79/79 128/128
f 16/16 93/93 54/54
f 4/4 4/4 16/16
f 49/49 97/97 21/21
f 24/24 112/112 121/121
f 3/3 68/68 5/5
f 50/50 50/50 39/39
f 8/8 22/22 126/126
f 123/123 10/10 71/71
f 22/22 67/67 111/111
f 73/73 82/82 28/28
f 46/46 69/69 37/37
f 128/128 122/122 25/25
f 101/101 99/99 50/50
f 35/35 5/5 47/47
f 102/102 124/124 108/108
f 99/99 25/25 1/1
f 22/22 92/92 68/68
f 111/111 20/20 37/37
f 28/28 119/119 12/12
f 63/63 44/44 72/72
f 44/44 10/10 92/92
f 34/34 99/99 33/33
f 98/98 19/19 110/110
f 81/81 54/54 47/47
f 19/19 12/12 85/85
f 2/2 11/11 28/28
f 50/50 43/43 84/84
f 8/8 26/26 3/3
f 104/104 126/126 67/67
f 17/17 29/29 11/11
f 14/14 97/97 102/102
f 102/102 24/24 34/34
f 16/16 113/113 26/26
f 112/112 128/128 122/122
f 65/65 17/17 16/16
f 28/28 12/12 118/118
f 126/126 36/36 10/10
f 1/1 12/12 3/3
f 84/84 111/111 104/104
f 128/128 122/122 26/26
f 89/89 8/8 65/65
f 70/70 13/13 16/16
f 55/55 16/16 127/127
f 73/73 78/78 62/62
f 14/14 34/34 50/50
f 97/97 33/33 17/17
f 55/55 114/114 2/2
f 117/117 33/33 17/17
f 18/18 18/18 5/5
f 49/49 96/96 115/115
f 36/36 13/13 11/11
f 43/43 107/107 39/39
f 70/70 1/1 65/65
f 1/1 8/8 8/8
f 123/123 21/21 92/92
f 89/89 22/22 1/1
f 3/3 41/41 3/3
f 25/25 72/72 41/41
f 83/83 51/51 34/34
f 15/15 115/115 41/41
f 81/81 114/114 89/89
f 89/89 26/26 16/16
f 64/64 118/118 28/28
f 67/67 69/69 87/87
f 61/61 60/60 32/32
f 106/106 92/92 86/86
f 29/29 81/81 74/74
f 115/115 1/1 73/73
f 16/16 81/81 90/90
f 49/49 119/119 100/100
f 91/91 13/13 70/70
f 99/99 37/37 28/28
f 89/89 79/79 87/87
f 62/62 42/42 91/91
f 89/89 38/38 10/10
f 86/86 119/119 100/100
f 22/22 81/81 38/38
f 42/42 8/8 14/14
f 59/59 71/71 97/97
f 21/21 22/22 23/23
f 38/38 72/72 36/36
f 70/70 8/8 71/71
f 15/15 11/11 51/51
f 72/72 18/18 107/107
f 9/9 47/47 100/100
f 86/86 78/78 85/85
f 58/58 75/75 65/65
f 29/29 74/74 27/27
f 18/18 9/9 69/69
f 6/6 6/6 81/81
f 106/106 1/1 127/127
f 26/26 6/6 1/1
f 65/65 69/69 25/25
f 54/54 92/92 111/111
f 110/110 128/128 122/122
f 38/38 48/48 94/94
f 65/65 65/65 78/78
f 24/24 112/112 128/128
f 99/99 36/36 28/28
f 2/2 118/118 48/48
f 4/4 123/123 112/112
f 65/65 65/65 73/73
f 6/6 27/27 48/48
f 8/8 112/112 72/72
f 95/95 38/38 46/46
f 81/81 5/5 5/5
f 95/95 128/128 128/128
f 101/101 5/5 107/107
f 106/106 23/23 69/69
f 26/26 114/114 17/17
f 38/38 77/77 46/46
f 60/60 21/21 59/59
f 122/122 25/25 97/97
f 59/59 17/17 2/2
f 74/74 116/116 44/44
f 76/76 9/9 7/7
f 23/23 61/61 84/84
f 39/39 52/52 13/13
f 33/33 80/80 78/78
f 7/7 112/112 96/96
f 5/5 68/68 58/58
f 26/26 93/93 95/95
f 51/51 105/105 49/49
f 34/34 84/84 40/40
f 99/99 49/49 25/25
f 52/52 45/45 109/109
f 60/60 45/45 94/94
f 1/1 2/2 45/45
f 3/3 69/69 106/106
f 5/5 128/128 128/128
f 13/13 45/45 7/7
f 12/12 63/63 13/13
f 12/12 65/65 14/14
f 10/10 67/67 59/59
f 99/99 80/80 36/36
f 2/2 92/92 76/76
f 55/55 94/94 22/22
f 66/66 60/60 84/84
f 108/108 126/126 105/105
f 16/16 62/62 117/117
f 67/67 21/21 57/57
f 100/100 32/32 116/116
f 9/9 17/17 63/63
f 62/62 97/97 41/41
f 66/66 37/37 34/34
f 31/31 78/78 59/59
f 47/47 128/128 112/112
f 2/2 103/103 55/55
f 29/29 18/18 21/21
f 72/72 1/1 57/57
f 63/63 2/2 17/17
f 21/21 59/59 25/25
f 60/60 32/32 89/89
f 101/101 49/49 45/45
f 92/92 59/59 121/121
f 68/68 41/41 94/94
f 58/58 10/10 54/54
f 38/38 79/79 53/53
f 94/94 92/92 92/92
f 95/95 60/60 79/79
f 113/113 73/73 116/116
f 1/1 4/4 17/17
f 47/47 45/45 121/121
f 18/18 112/112 92/92
f 71/71 123/123 123/123
f 109/109 16/16 97/97
f 101/101 73/73 18/18
f 77/77 73/73 5/5
f 97/97 25/25 109/109
f 32/32 5/5 103/103
f 109/109 6/6 30/30
f 36/36 39/39 63/63
f 122/122 25/25 97/97
f 29/29 110/110 78/78
f 45/45 64/64 52/52
f 66/66 74/74 77/77
f 51/51 55/55 122/122
f 31/31 56/56 34/34
f 36/36 117/117 4/4
f 88/88 59/59 49/49
f 73/73 3/3 16/16
f 103/103 104/104 28/28
f 70/70 2/2 41/41
f 11/11 7/7 23/23
f 2/2 33/33 108/108
f 72/72 52/52 53/53
f 1/1 111/111 122/122
f 109/109 30/30 35/35
f 30/30 54/54 97/97
f 6/6 98/98 7/7
f 91/91 49/49 70/70
f 74/74 49/49 54/54
f 1/1 65/65 3/3
f 26/26 16/16 14/14
f 92/92 120/120 119/119
f 11/11 33/33 34/34
f 128/128 122/122 26/26
f 57/57 101/101 102/102
f 13/13 53/53 47/47
f 1/1 122/122 23/23
f 59/59 10/10 12/12
f 118/118 64/64 127/127
f 48/48 113/113 67/67
f 29/29 40/40 122/122
f 86/86 105/105 1/1
f 77/77 68/68 59/59
f 108/108 110/110 117/117
f 69/69 18/18 36/36
f 31/31 52/52 9/9
f 23/23 106/106 68/68
f 30/30 12/12 33/33
f 16/16 31/31 7/7
f 126/126 112/112 99/99
f 1/1 10/10 97/97
f 76/76 73/73 73/73
f 9/9 24/24 53/53
f 17/17 87/87 128/128
f 25/25 97/97 46/46
f 81/81 107/107 73/73
f 36/36 64/64 127/127
f 121/121 126/126 76/76
f 120/120 128/128 104/104
f 75/75 37/37 73/73
f 118/118 13/13 16/16
f 99/99 12/12 3/3
f 97/97 33/33 25/25
f 4/4 12/12 5/5
f 1/1 4/4 15/15
f 117/117 18/18 81/81
f 2/2 128/128 122/122
f 97/97 68/68 10/10
f 128/128 25/25 45/45
f 71/71 121/121 16/16
f 40/40 76/76 102/102
f 128/128 34/34 42/42
f 36/36 118/118 92/92
f 9/9 60/60 55/55
f 5/5 35/35 69/69
f 56/56 117/117 3/3
f 95/95 66/66 9/9
f 84/84 109/109 97/97
f 56/56 122/122 44/44
f 46/46 80/80 83/83
f 1/1 25/25 20/20
f 76/76 37/37 28/28
f 64/64 83/83 73/73
f 3/3 62/62 63/63
f 85/85 28/28 108/108
f 22/22 88/88 54/54
f 19/19 124/124 11/11
f 115/115 51/51 99/99
f 94/94 18/18 1/1
f 15/15 11/11 40/40
f 10/10 43/43 42/42
f 41/41 92/92 40/40
f 80/80 74/74 73/73
f 118/118 88/88 27/27
f 37/37 1/1 30/30
f 5/5 78/78 42/42
f 14/14 14/14 111/111
f 22/22 104/104 124/124
f 34/34 40/40 99/99
f 87/87 64/64 65/65
f 14/14 50/50 65/65
f 69/69 87/87 51/51
f 127/127 68/68 126/126
f 80/80 121/121 122/122
f 1/1 49/49 63/63
f 83/83 124/124 12/12
f 81/81 22/22 59/59
f 6/6 1/1 1/1
f 13/13 44/44 128/128
f 4/4 12/12 39/39
f 124/124 32/32 11/11
f 102/102 90/90 5/5
f 100/100 11/11 10/10
f 20/20 29/29 54/54
f 31/31 9/9 102/102
f 84/84 73/73 26/26
f 7/7 127/127 90/90
f 96/96 64/64 104/104
f 99/99 92/92 119/119
f 50/50 99/99 124/124
f 53/53 104/104 104/104
f 92/92 14/14 92/92
f 65/65 65/65 72/72
f 65/65 53/53 22/22
f 78/78 92/92 62/62
f 13/13 75/75 72/72
f 65/65 65/65 74/74
f 65/65 65/65 76/76
f 1/1 128/128 122/122
f 65/65 65/65 65/65
f 5/5 11/11 128/128
f 86/86 81/81 46/46
f 50/50 71/71 6/6
f 27/27 128/128 27/27
f 67/67 14/14 59/59
f 120/120 39/39 38/38
f 84/84 49/49 93/93
f 69/69 58/58 28/28
f 14/14 107/107 6/6
f 63/63 33/33 49/49
f 128/128 53/53 2/2
f 65/65 43/43 128/128
f 34/34 31/31 77/77
f 98/98 60/60 61/61
f 84/84 7/7 37/37
f 1/1 72/72 33/33
f 96/96 109/109 39/39
f 120/120 25/25 6/6
f 94/94 57/57 125/125
f 1/1 33/33 76/76
f 19/19 103/103 124/124
f 19/19 117/117 95/95
f 84/84 28/28 126/126
f 59/59 84/84 42/42
f 49/49 123/123 47/47
f 45/45 88/88 124/124
f 14/14 83/83 42/42
f 20/20 73/73 5/5
f 54/54 82/82 105/105
f 7/7 1/1 25/25
f 33/33 61/61 49/49
f 84/84 23/23 97/97
f 44/44 120/120 112/112
f 96/96 90/90 47/47
f 107/107 75/75 65/65
f 12/12 27/27 73/73
f 59/59 21/21 84/84
f 8/8 26/26 118/118
f 77/77 6/6 35/35
f 23/23 62/62 45/45
f 128/128 122/122 25/25
f 88/88 13/13 26/26
f 3/3 112/112 126/126
f 27/27 93/93 74/74
f 43/43 57/57 49/49
f 116/116 17/17 103/103
f 106/106 114/114 41/41
f 79/79 66/66 126/126
f 3/3 120/120 32/32
f 51/51 47/47 95/95
f 118/118 14/14 32/32
f 25/25 84/84 14/14
f 37/37 124/124 18/18
f 5/5 104/104 48/48
f 5/5 58/58 111/111
f 23/23 111/111 45/45
f 42/42 89/89 3/3
f 60/60 111/111 94/94
f 48/48 100/100 70/70
f 98/98 98/98 104/104
f 45/45 102/102 3/3
f 64/64 104/104 31/31
f 4/4 55/55 35/35
f 68/68 95/95 31/31
f 61/61 101/101 97/97
f 49/49 26/26 22/22
f 82/82 24/24 19/19
f 3/3 87/87 93/93
f 97/97 53/53 108/108
f 4/4 108/108 105/105
f 115/115 128/128 106/106
f 123/123 108/108 99/99
f 79/79 54/54 21/21
f 45/45 97/97 119/119
f 29/29 103/103 87/87
f 8/8 79/79 9/9
f 97/97 123/123 92/92
f 18/18 107/107 25/25
f 56/56 97/97 6/6
f 86/86 8/8 114/114
f 53/53 56/56 1/1
f 38/38 92/92 123/123
f 86/86 88/88 116/116
f 50/50 18/18 102/102
f 122/122 25/25 97/97
f 6/6 78/78 79/79
f 125/125 104/104 29/29
f 89/89 55/55 101/101
f 104/104 73/73 96/96
f 96/96 9/9 112/112
f 46/46 16/16 31/31
f 126/126 42/42 32/32
f 49/49 90/90 59/59
f 15/15 105/105 48/48
f 20/20 64/64 29/29
f 126/126 119/119 94/94
f 127/127 85/85 37/37
f 122/122 26/26 97/97
f 75/75 78/78 14/14
f 61/61 19/19 92/92
f 73/73 107/107 101/101
f 3/3 49/49 83/83
f 112/112 66/66 20/20
f 115/115 39/39 41/41
f 32/32 53/53 18/18
f 113/113 60/60 69/69
f 91/91 54/54 105/105
f 111/111 97/97 60/60
f 114/114 60/60 25/25
f 4/4 35/35 43/43
f 55/55 9/9 60/60
f 41/41 14/14 33/33
f 25/25 39/39 23/23
f 17/17 11/11 2/2
f 64/64 92/92 19/19
f 9/9 58/58 7/7
f 128/128 128/128 94/94
f 103/103 85/85 94/94
f 128/128 35/35 4/4
f 18/18 85/85 29/29
f 105/105 13/13 51/51
f 5/5 9/9 100/100
f 17/17 40/40 39/39
f 42/42 33/33 118/118
f 30/30 36/36 69/69
f 94/94 15/15 33/33
f 70/70 92/92 76/76
f 19/19 92/92 37/37
f 68/68 109/109 19/19
f 79/79 5/5 30/30
f 105/105 98/98 28/28
f 4/4 88/88 73/73
f 44/44 69/69 125/125
f 50/50 47/47 23/23
f 112/112 79/79 49/49
f 101/101 79/79 128/128
f 25/25 104/104 127/127
f 26/26 108/108 127/127
f 1/1 51/51 36/36
f 37/37 14/14 105/105
f 49/49 82/82 61/61
f 87/87 128/128 77/77
f 110/110 58/58 56/56
f 60/60 47/47 9/9
f 29/29 64/64 73/73
f 60/60 72/72 9/9
f 28/28 86/86 15/15
f 111/111 51/51 52/52
f 2/2 38/38 6/6
f 109/109 61/61 29/29
f 101/101 38/38 46/46
f 19/19 43/43 9/9
f 9/9 121/121 48/48
f 48/48 100/100 75/75
f 47/47 43/43 97/97
f 53/53 100/100 74/74
f 108/108 55/55 80/80
f 57/57 5/5 71/71
f 70/70 60/60 64/64
f 8/8 64/64 115/115
f 98/98 72/72 52/52
f 127/127 120/120 63/63
f 58/58 14/14 27/27
f 28/28 123/123 15/15
f 53/53 99/99 1/1
f 31/31 48/48 128/128
f 30/30 120/120 122/122
f 20/20 85/85 128/128
f 42/42 72/72 33/33
f 20/20 99/99 44/44
f 2/2 97/97 23/23
f 123/123 23/23 3/3
f 116/116 5/5 76/76
f 37/37 96/96 127/127
f 54/54 66/66 89/89
f 63/63 40/40 107/107
f 11/11 79/79 120/120
f 124/124 100/100 69/69
f 99/99 39/39 89/89
f 68/68 66/66 100/100
f 108/108 34/34 1/1
f 91/91 33/33 71/71
f 38/38 67/67 97/97
f 120/120 75/75 74/74
f 84/84 128/128 122/122
f 1/1 116/116 97/97
f 21/21 55/55 45/45
f 22/22 55/55 44/44
f 51/51 17/17 69/69
f 1/1 70/70 108/108
f 116/116 117/117 126/126
f 109/109 97/97 47/47
f 100/100 81/81 113/113
f 78/78 98/98 60/60
f 2/2 127/127 19/19
f 29/29 64/64 128/128
f 65/65 65/65 76/76
f 118/118 11/11 63/63
f 125/125 20/20 73/73
f 94/94 11/11 65/65
f 42/42 72/72 54/54
f 72/72 54/54 52/52
f 51/51 97/97 35/35
f 66/66 10/10 39/39
f 58/58 20/20 18/18
f 26/26 101/101 128/128
f 64/64 128/128 122/122
f 62/62 19/19 34/34
f 56/56 29/29 1/1
f 51/51 128/128 128/128
f 10/10 48/48 11/11
f 9/9 22/22 82/82
f 101/101 31/31 115/115
f 21/21 29/29 79/79
f 74/74 109/109 18/18
f 3/3 5/5 55/55
f 109/109 90/90 65/65
f 81/81 42/42 126/126
f 47/47 68/68 106/106
f 71/71 66/66 82/82
f 38/38 88/88 127/127
f 65/65 65/65 84/84
f 81/81 46/46 115/115
f 4/4 100/100 66/66
f 65/65 1/1 60/60
f 72/72 63/63 124/124
f 52/52 76/76 59/59
f 17/17 70/70 63/63
f 71/71 70/70 63/63
f 5/5 71/71 41/41
f 22/22 15/15 128/128
f 110/110 13/13 48/48
f 39/39 24/24 98/98
f 46/46 115/115 126/126
f 128/128 99/99 11/11
f 7/7 128/128 53/53
f 1/1 44/44 111/111
f 41/41 54/54 8/8
f 47/47 26/26 30/30
f 16/16 104/104 96/96
f 12/12 54/54 46/46
f 92/92 36/36 77/77
f 46/46 126/126 64/64
f 67/67 114/114 70/70
f 14/14 106/106 119/119
f 10/10 76/76 116/116
f 126/126 101/101 127/127
f 48/48 126/126 128/128
f 77/77 22/22 78/78
f 53/53 124/124 83/83
f 87/87 58/58 41/41
f 94/94 92/92 3/3
f 7/7 43/43 80/80
f 30/30 9/9 41/41
f 92/92 61/61 76/76
f 92/92 78/78 128/128
f 21/21 90/90 105/105
f 20/20 125/125 79/79
f 65/65 65/65 73/73
f 102/102 48/48 25/25
f 1/1 112/112 90/90
f 120/120 112/112 70/70
f 65/65 65/65 76/76
f 65/65 65/65 79/79
f 1/1 128/128 122/122
f 41/41 128/128 91/91
f 122/122 51/51 58/58
f 103/103 58/58 3/3
f 8/8 95/95 90/90
f 57/57 90/90 108/108
f 6/6 44/44 44/44
f 48/48 86/86 82/82
f 91/91 110/110 13/13
f 18/18 102/102 123/123
f 65/65 65/65 77/77
f 17/17 114/114 112/112
f 59/59 104/104 28/28
f 29/29 23/23 108/108
f 91/91 58/58 76/76
f 18/18 60/60 2/2
f 1/1 93/93 29/29
f 44/44 84/84 28/28
f 17/17 21/21 20/20
f 110/110 84/84 80/80
f 91/91 53/53 14/14
f 32/32 39/39 37/37
f 48/48 70/70 29/29
f 114/114 101/101 7/7
f 18/18 37/37 82/82
f 99/99 61/61 85/85
f 80/80 54/54 60/60
f 49/49 115/115 77/77
f 58/58 44/44 57/57
f 16/16 89/89 62/62
f 7/7 64/64 74/74
f 110/110 86/86 30/30
f 115/115 80/80 5/5
f 122/122 25/25 97/97
f 28/28 110/110 125/125
f 84/84 91/91 128/128
f 78/78 92/92 19/19
f 122/122 25/25 97/97
f 19/19 4/4 121/121
f 76/76 34/34 122/122
f 49/49 81/81 11/11
f 101/101 117/117 22/22
f 93/93 9/9 97/97
f 2/2 67/67 19/19
f 67/67 65/65 109/109
f 8/8 120/120 125/125
f 75/75 94/94 28/28
f 29/29 43/43 63/63
f 31/31 125/125 91/91
f 124/124 6/6 1/1
f 97/97 114/114 78/78
f 99/99 32/32 128/128
f 3/3 68/68 29/29
f 21/21 77/77 34/34
f 119/119 123/123 101/101
f 118/118 30/30 14/14
f 39/39 41/41 44/44
f 1/1 33/33 40/40
f 125/125 88/88 128/128
f 35/35 19/19 51/51
f 8/8 70/70 1/1
f 10/10 62/62 64/64
f 1/1 50/50 104/104
f 116/116 71/71 100/100
f 56/56 128/128 3/3
f 7/7 29/29 56/56
f 1/1 6/6 14/14
f 45/45 30/30 50/50
f 73/73 41/41 122/122
f 12/12 87/87 127/127
f 11/11 55/55 2/2
f 118/118 78/78 17/17
f 3/3 63/63 111/111
f 9/9 5/5 108/108
f 23/23 50/50 41/41
f 65/65 37/37 127/127
f 2/2 87/87 64/64
f 57/57 120/120 18/18
f 99/99 60/60 35/35
f 15/15 77/77 110/110
f 18/18 88/88 123/123
f 56/56 125/125 64/64
f 15/15 96/96 51/51
f 35/35 32/32 61/61
f 39/39 35/35 105/105
f 54/54 7/7 7/7
f 79/79 124/124 96/96
f 33/33 74/74 3/3
f 1/1 29/29 43/43
f 73/73 104/104 128/128
f 18/18 27/27 47/47
f 19/19 128/128 122/122
f 34/34 81/81 73/73
f 38/38 66/66 65/65
f 65/65 42/42 74/74
f 89/89 120/120 95/95
f 82/82 13/13 24/24
f 81/81 10/10 30/30
f 65/65 67/67 35/35
f 15/15 86/86 123/123
f 19/19 58/58 123/123
f 61/61 78/78 86/86
f 32/32 72/72 71/71
f 79/79 11/11 51/51
f 47/47 52/52 43/43
f 65/65 65/65 83/83
f 122/122 62/62 67/67
f 65/65 120/120 51/51
f 27/27 1/1 128/128
f 54/54 128/128 122/122
f 97/97 101/101 8/8
f 15/15 5/5 65/65
f 4/4 33/33 85/85
f 59/59 92/92 66/66
f 65/65 65/65 94/94
f 103/103 83/83 118/118
f 31/31 125/125 53/53
f 123/123 64/64 91/91
f 43/43 102/102 27/27
f 39/39 80/80 64/64
f 51/51 101/101 122/122
f 76/76 118/118 78/78
f 108/108 54/54 36/36
f 105/105 29/29 98/98
f 95/95 89/89 111/111
f 96/96 20/20 19/19
f 53/53 51/51 74/74
f 123/123 114/114 127/127
f 65/65 65/65 75/75
f 1/1 128/128 122/122
f 20/20 72/72 66/66
f 109/109 71/71 82/82
f 99/99 65/65 31/31
f 14/14 60/60 99/99
f 97/97 102/102 84/84
f 111/111 82/82 80/80
f 118/118 70/70 51/51
f 4/4 21/21 128/128
f 88/88 80/80 40/40
f 42/42 84/84 117/117
f 62/62 17/17 32/32
f 17/17 109/109 9/9
f 75/75 107/107 18/18
f 105/105 121/121 104/104
f 95/95 69/69 32/32
f 90/90 124/124 52/52
f 88/88 70/70 31/31
f 76/76 12/12 53/53
f 65/65 69/69 126/126
f 56/56 18/18 8/8
f 41/41 11/11 81/81
f 38/38 76/76 128/128
f 64/64 74/74 128/128
f 100/100 128/128 9/9
f 89/89 105/105 85/85
f 47/47 84/84 63/63
f 3/3 106/106 91/91
f 81/81 54/54 54/54
f 46/46 115/115 74/74
f 53/53 9/9 39/39
f 58/58 125/125 41/41
f 118/118 91/91 25/25
f 89/89 103/103 125/125
f 114/114 62/62 15/15
f 25/25 19/19 29/29
f 22/22 70/70 119/119
f 8/8 38/38 35/35
f 80/80 123/123 14/14
f 33/33 3/3 54/54
f 128/128 99/99 3/3
f 104/104 113/113 12/12
f 76/76 52/52 127/127
f 117/117 25/25 92/92
f 98/98 106/106 76/76
f 9/9 69/69 6/6
f 65/65 73/73 128/128
f 64/64 75/75 13/13
f 68/68 128/128 122/122
f 97/97 96/96 8/8
f 47/47 18/18 82/82
f 82/82 59/59 22/22
f 5/5 128/128 93/93
f 57/57 47/47 33/33
f 78/78 76/76 108/108
f 98/98 1/1 124/124
f 78/78 128/128 122/122
f 65/65 65/65 115/115
f 88/88 113/113 86/86
f 6/6 82/82 66/66
f 110/110 18/18 4/4
f 107/107 68/68 80/80
f 65/65 65/65 75/75
f 128/128 128/128 125/125
f 10/10 90/90 102/102
f 16/16 43/43 119/119
f 120/120 60/60 32/32
f 10/10 97/97 90/90
f 11/11 35/35 67/67
f 73/73 19/19 40/40
f 128/128 112/112 96/96
f 16/16 116/116 80/80
f 92/92 22/22 58/58
f 19/19 10/10 13/13
f 50/50 61/61 128/128
f 16/16 13/13 73/73
f 103/103 7/7 5/5
f 67/67 13/13 67/67
f 106/106 52/52 55/55
f 19/19 87/87 103/103
f 37/37 32/32 113/113
f 56/56 90/90 87/87
f 34/34 115/115 42/42
f 19/19 21/21 44/44
f 79/79 11/11 2/2
f 44/44 113/113 49/49
f 15/15 62/62 53/53
f 105/105 5/5 89/89
f 67/67 94/94 24/24
f 66/66 113/113 87/87
f 39/39 93/93 118/118
f 116/116 123/123 44/44
f 84/84 99/99 67/67
f 99/99 19/19 68/68
f 115/115 104/104 127/127
f 38/38 76/76 99/99
f 128/128 19/19 3/3
f 33/33 1/1 48/48
f 7/7 17/17 113/113
f 46/46 118/118 35/35
f 111/111 115/115 7/7
f 81/81 23/23 37/37
f 50/50 101/101 52/52
f 125/125 45/45 67/67
f 4/4 7/7 71/71
f 8/8 48/48 46/46
f 128/128 122/122 26/26
f 106/106 74/74 100/100
f 25/25 102/102 11/11
f 38/38 1/1 105/105
f 21/21 101/101 23/23
f 55/55 106/106 15/15
f 90/90 105/105 41/41
f 110/110 126/126 32/32
f 80/80 64/64 104/104
f 46/46 53/53 10/10
f 60/60 8/8 106/106
f 71/71 108/108 120/120
f 60/60 64/64 40/40
f 66/66 78/78 22/22
f 52/52 79/79 114/114
f 128/128 128/128 128/128
f 55/55 1/1 125/125
f 55/55 1/1 125/125
f 126/126 104/104 125/125
f 122/122 119/119 98/98
f 73/73 71/71 36/36
f 42/42 15/15 100/100
f 18/18 45/45 102/102
f 77/77 72/72 87/87
f 60/60 38/38 49/49
f 41/41 116/116 37/37
f 96/96 127/127 85/85
f 87/87 124/124 82/82
f 48/48 122/122 47/47
f 38/38 78/78 32/32
f 75/75 63/63 8/8
f 6/6 47/47 128/128
f 128/128 122/122 25/25
f 80/80 113/113 34/34
f 77/77 76/76 34/34
f 116/116 26/26 33/33
f 105/105 99/99 35/35
f 8/8 22/22 17/17
f 109/109 112/112 71/71
f 47/47 1/1 99/99
f 63/63 2/2 33/33
f 83/83 98/98 121/121
f 50/50 106/106 1/1
f 97/97 65/65 92/92
f 71/71 73/73 11/11
f 80/80 89/89 44/44
f 17/17 18/18 98/98
f 126/126 29/29 16/16
f 37/37 91/91 4/4
f 116/116 84/84 105/105
f 37/37 117/117 18/18
f 116/116 108/108 56/56
f 68/68 115/115 19/19
f 75/75 80/80 3/3
f 3/3 59/59 79/79
f 33/33 71/71 65/65
f 34/34 43/43 19/19
f 51/51 95/95 116/116
f 79/79 72/72 93/93
f 74/74 7/7 82/82
f 102/102 117/117 107/107
f 128/128 122/122 25/25
f 78/78 127/127 49/49
f 128/128 116/116 41/41
f 57/57 6/6 121/121
f 44/44 125/125 25/25
f 65/65 43/43 1/1
f 128/128 119/119 50/50
f 118/118 62/62 100/100
f 112/112 2/2 87/87
f 50/50 3/3 22/22
f 128/128 86/86 79/79
f 14/14 72/72 24/24
f 128/128 122/122 26/26
f 69/69 24/24 83/83
f 42/42 87/87 24/24
f 70/70 124/124 83/83
f 42/42 86/86 94/94
f 20/20 98/98 95/95
f 119/119 71/71 108/108
f 43/43 33/33 33/33
f 56/56 51/51 52/52
f 67/67 90/90 33/33
f 46/46 36/36 127/127
f 28/28 25/25 126/126
f 1/1 1/1 128/128
f 69/69 80/80 20/20
f 69/69 1/1 3/3
f 34/34 121/121 65/65
f 85/85 17/17 19/19
f 101/101 31/31 2/2
f 49/49 68/68 13/13
f 92/92 18/18 18/18
f 111/111 102/102 104/104
f 36/36 42/42 77/77
f 72/72 50/50 108/108
f 112/112 17/17 79/79
f 31/31 77/77 87/87
f 26/26 30/30 85/85
f 102/102 11/11 27/27
f 33/33 44/44 41/41
f 19/19 22/22 113/113
f 35/35 90/90 82/82
f 24/24 54/54 86/86
f 57/57 49/49 42/42
f 55/55 1/1 125/125
f 55/55 1/1 125/125
f 55/55 1/1 125/125
f 55/55 1/1 125/125
f 55/55 1/1 125/125
f 38/38 39/39 125/125
f 122/122 124/124 128/128
f 126/126 28/28 3/3
f 98/98 77/77 65/65
f 100/100 128/128 128/128
f 107/107 82/82 37/37
f 113/113 51/51 127/127
f 96/96 107/107 53/53
f 96/96 41/41 65/65
f 38/38 3/3 39/39
f 55/55 100/100 125/125
f 24/24 91/91 80/80
f 26/26 84/84 116/116
f 56/56 41/41 128/128
f 11/11 110/110 118/118
f 7/7 27/27 36/36
f 49/49 19/19 85/85
f 19/19 66/66 20/20
f 19/19 41/41 92/92
f 105/105 48/48 127/127
f 7/7 128/128 122/122
f 33/33 81/81 17/17
f 53/53 11/11 39/39
f 91/91 49/49 8/8
f 10/10 35/35 10/10
f 48/48 127/127 19/19
f 51/51 18/18 17/17
f 21/21 13/13 16/16
f 128/128 98/98 65/65
f 127/127 128/128 122/122
f 97/97 78/78 10/10
f 65/65 81/81 74/74
f 39/39 128/128 122/122
f 43/43 38/38 92/92
f 68/68 34/34 46/46
f 87/87 7/7 44/44
f 59/59 74/74 20/20
f 90/90 44/44 72/72
f 1/1 66/66 84/84
f 71/71 118/118 18/18
f 5/5 50/50 21/21
f 62/62 89/89 51/51
f 83/83 40/40 39/39
f 52/52 57/57 29/29
f 65/65 65/65 75/75
f 121/121 1/1 74/74
f 24/24 100/100 126/126
f 33/33 44/44 2/2
f 6/6 48/48 66/66
f 6/6 1/1 114/114
f 94/94 9/9 123/123
f 55/55 1/1 125/125
f 65/65 68/68 79/79
f 21/21 108/108 128/128
f 118/118 124/124 53/53
f 25/25 74/74 2/2
f 116/116 92/92 63/63
f 59/59 118/118 3/3
f 57/57 19/19 110/110
f 20/20 18/18 4/4
f 17/17 49/49 5/5
f 94/94 28/28 102/102
f 35/35 5/5 14/14
f 20/20 10/10 77/77
f 22/22 46/46 96/96
f 44/44 25/25 48/48
f 127/127 98/98 103/103
f 25/25 116/116 42/42
f 49/49 5/5 11/11
f 87/87 52/52 43/43
f 71/71 51/51 7/7
f 61/61 37/37 71/71
f 14/14 77/77 116/116
f 80/80 62/62 125/125
f 90/90 70/70 117/117
f 122/122 128/128 114/114
f 21/21 109/109 30/30
f 34/34 25/25 113/113
f 73/73 105/105 85/85
f 96/96 80/80 110/110
f 39/39 112/112 68/68
f 55/55 1/1 125/125
f 5/5 13/13 79/79
f 55/55 1/1 125/125
f 2/2 79/79 17/17
f 3/3 73/73 2/2
f 27/27 76/76 71/71
f 65/65 67/67 100/100
f 55/55 1/1 125/125
f 2/2 105/105 14/14
f 24/24 50/50 128/128
f 55/55 1/1 125/125
f 3/3 11/11 3/3
f 18/18 84/84 97/97
f 54/54 79/79 3/3
f 55/55 114/114 85/85
f 38/38 87/87 19/19
f 21/21 89/89 113/113
f 35/35 10/10 46/46
f 125/125 79/79 99/99
f 13/13 1/1 6/6
f 72/72 15/15 125/125
f 2/2 1/1 65/65
f 35/35 96/96 80/80
f 83/83 97/97 49/49
f 96/96 128/128 125/125
f 52/52 1/1 3/3
f 33/33 94/94 49/49
f 55/55 69/69 86/86
f 34/34 102/102 14/14
f 8/8 75/75 75/75
f 128/128 47/47 104/104
f 74/74 74/74 94/94
f 55/55 1/1 125/125
f 6/6 52/52 36/36
f 55/55 1/1 125/125
f 55/55 1/1 125/125
f 34/34 75/75 23/23
f 17/17 115/115 67/67
f 78/78 18/18 104/104
f 28/28 112/112 39/39
f 33/33 53/53 74/74
f 7/7 79/79 128/128
f 23/23 5/5 125/125
f 20/20 68/68 65/65
f 109/109 55/55 18/18
f 86/86 112/112 13/13
f 54/54 35/35 106/106
f 60/60 114/114 54/54
f 114/114 13/13 37/37
f 1/1 112/112 127/127
f 106/106 71/71 8/8
f 19/19 94/94 97/97
f 109/109 74/74 20/20
f 39/39 42/42 51/51
f 71/71 19/19 29/29
f 101/101 67/67 128/128
f 116/116 111/111 45/45
f 1/1 87/87 10/10
f 116/116 68/68 31/31
f 77/77 67/67 34/34
f 78/78 74/74 127/127
f 106/106 68/68 114/114
f 40/40 87/87 14/14
f 17/17 14/14 13/13
f 100/100 46/46 94/94
f 116/116 106/106 122/122
f 1/1 26/26 110/110
f 89/89 78/78 120/120
f 71/71 68/68 10/10
f 77/77 113/113 4/4
f 58/58 91/91 6/6
f 46/46 23/23 45/45
f 33/33 15/15 91/91
f 111/111 48/48 43/43
f 6/6 34/34 79/79
f 43/43 43/43 17/17
f 14/14 5/5 11/11
f 28/28 128/128 128/128
f 57/57 17/17 13/13
f 127/127 34/34 8/8
f 35/35 3/3 5/5
f 67/67 70/70 38/38
f 84/84 121/121 93/93
f 69/69 81/81 114/114
f 4/4 73/73 121/121
f 128/128 128/128 105/105
f 83/83 39/39 122/122
f 96/96 95/95 29/29
f 45/45 4/4 66/66
f 1/1 106/106 119/119
f 69/69 50/50 13/13
f 25/25 128/128 122/122
f 100/100 15/15 65/65
f 48/48 37/37 41/41
f 17/17 128/128 122/122
f 114/114 79/79 65/65
f 122/122 41/41 97/97
f 44/44 101/101 119/119
f 70/70 23/23 31/31
f 39/39 70/70 34/34
f 15/15 26/26 49/49
f 90/90 93/93 78/78
f 55/55 91/91 73/73
f 106/106 113/113 16/16
f 108/108 39/39 104/104
f 86/86 123/123 86/86
f 112/112 86/86 16/16
f 3/3 6/6 4/4
f 29/29 20/20 1/1
f 10/10 66/66 125/125
f 113/113 24/24 4/4
f 85/85 73/73 19/19
f 89/89 35/35 97/97
f 119/119 4/4 56/56
f 121/121 76/76 2/2
f 61/61 22/22 1/1
f 65/65 77/77 111/111
f 115/115 110/110 52/52
f 87/87 15/15 79/79
f 101/101 9/9 42/42
f 128/128 47/47 38/38
f 97/97 53/53 4/4
f 105/105 59/59 72/72
f 44/44 36/36 63/63
f 72/72 76/76 56/56
f 48/48 33/33 113/113
f 1/1 120/120 25/25
f 21/21 89/89 74/74
f 39/39 100/100 15/15
f 76/76 10/10 110/110
f 12/12 66/66 24/24
f 13/13 121/121 77/77
f 90/90 38/38 67/67
f 118/118 20/20 125/125
f 25/25 123/123 11/11
f 117/117 118/118 48/48
f 5/5 21/21 66/66
f 19/19 12/12 77/77
f 65/65 97/97 29/29
f 29/29 40/40 95/95
f 86/86 74/74 113/113
f 17/17 47/47 99/99
f 7/7 17/17 36/36
f 33/33 6/6 18/18
f 66/66 12/12 68/68
f 121/121 79/79 25/25
f 6/6 41/41 66/66
f 17/17 69/69 91/91
f 47/47 94/94 125/125
f 107/107 31/31 90/90
f 93/93 76/76 6/6
f 10/10 17/17 2/2
f 54/54 120/120 4/4
f 113/113 92/92 5/5
f 33/33 90/90 23/23
f 41/41 111/111 37/37
f 1/1 82/82 9/9
f 126/126 48/48 117/117
f 89/89 71/71 98/98
f 51/51 7/7 119/119
f 34/34 68/68 6/6
f 101/101 66/66 96/96
f 29/29 16/16 31/31
f 45/45 2/2 43/43
f 23/23 22/22 44/44
f 127/127 67/67 54/54
f 59/59 12/12 104/104
f 82/82 98/98 69/69
f 32/32 49/49 102/102
f 52/52 56/56 73/73
f 3/3 5/5 110/110
f 40/40 19/19 110/110
f 57/57 20/20 72/72
f 15/15 54/54 13/13
f 67/67 11/11 59/59
f 121/121 55/55 90/90
f 15/15 59/59 11/11
f 45/45 123/123 128/128
f 85/85 50/50 128/128
f 99/99 53/53 98/98
f 42/42 11/11 20/20
f 46/46 85/85 44/44
f 95/95 94/94 68/68
f 126/126 112/112 52/52
f 24/24 35/35 41/41
f 14/14 19/19 108/108
f 71/71 85/85 106/106
f 105/105 23/23 123/123
f 67/67 7/7 115/115
f 10/10 43/43 43/43
f 6/6 100/100 27/27
f 17/17 9/9 17/17
f 55/55 115/115 29/29
f 82/82 75/75 64/64
f 100/100 32/32 107/107
f 114/114 35/35 65/65
f 29/29 49/49 33/33
f 101/101 33/33 107/107
f 13/13 26/26 41/41
f 74/74 37/37 34/34
f 88/88 115/115 68/68
f 107/107 72/72 127/127
f 22/22 6/6 37/37
f 74/74 104/104 50/50
f 94/94 118/118 28/28
f 21/21 18/18 13/13
f 19/19 96/96 3/3
f 94/94 73/73 116/116
f 7/7 85/85 99/99
f 34/34 6/6 59/59
f 113/113 1/1 18/18
f 16/16 38/38 23/23
f 20/20 17/17 76/76
f 77/77 30/30 55/55
f 2/2 104/104 17/17
f 26/26 18/18 38/38
f 36/36 107/107 116/116
f 91/91 80/80 63/63
f 36/36 5/5 117/117
f 69/69 17/17 107/107
f 88/88 120/120 8/8
f 17/17 82/82 11/11
f 75/75 38/38 101/101
f 49/49 25/25 2/2
f 69/69 79/79 76/76
f 48/48 110/110 52/52
f 113/113 93/93 87/87
f 16/16 97/97 70/70
f 50/50 95/95 43/43
f 97/97 98/98 97/97
f 3/3 89/89 33/33
f 8/8 100/100 4/4
f 103/103 46/46 67/67
f 28/28 77/77 33/33
f 110/110 13/13 90/90
f 66/66 49/49 121/121
f 34/34 113/113 65/65
f 69/69 116/116 19/19
f 27/27 33/33 28/28
f 35/35 51/51 38/38
f 123/123 1/1 75/75
f 15/15 107/107 103/103
f 105/105 86/86 43/43
f 21/21 119/119 40/40
f 33/33 109/109 82/82
f 29/29 1/1 86/86
f 27/27 84/84 116/116
f 76/76 76/76 19/19
f 15/15 86/86 49/49
f 89/89 109/109 12/12
f 5/5 99/99 115/115
f 4/4 16/16 3/3
f 4/4 96/96 28/28
f 122/122 41/41 97/97
f 104/104 49/49 40/40
f 128/128 126/126 37/37
f 99/99 43/43 18/18
f 47/47 17/17 120/120
f 25/25 90/90 4/4
f 94/94 93/93 42/42
f 98/98 108/108 67/67
f 5/5 101/101 12/12
f 36/36 59/59 117/117
f 39/39 71/71 52/52
f 1/1 116/116 97/97
f 79/79 103/103 48/48
f 83/83 44/44 103/103
f 62/62 73/73 8/8
f 11/11 69/69 10/10
f 7/7 101/101 103/103
f 112/112 7/7 44/44
f 2/2 28/28 27/27
f 103/103 69/69 77/77
f 122/122 41/41 97/97
f 20/20 66/66 123/123
f 35/35 94/94 80/80
f 86/86 94/94 36/36
f 117/117 94/94 103/103
f 99/99 47/47 120/120
f 41/41 4/4 55/55
f 19/19 118/118 22/22
f 86/86 109/109 113/113
f 96/96 107/107 31/31
f 77/77 53/53 90/90
f 39/39 7/7 85/85
f 53/53 67/67 39/39
f 97/97 57/57 60/60
f 63/63 66/66 47/47
f 74/74 69/69 19/19
f 5/5 19/19 81/81
f 81/81 43/43 94/94
f 17/17 109/109 111/111
f 46/46 20/20 7/7
f 99/99 81/81 81/81
f 26/26 111/111 26/26
f 25/25 46/46 63/63
f 104/104 111/111 83/83
f 43/43 124/124 92/92
f 40/40 27/27 50/50
f 105/105 11/11 87/87
f 7/7 13/13 84/84
f 80/80 46/46 112/112
f 56/56 128/128 122/122
f 83/83 108/108 48/48
f 49/49 66/66 34/34
f 111/111 38/38 99/99
f 122/122 41/41 97/97
f 105/105 77/77 120/120
f 96/96 106/106 65/65
f 12/12 19/19 68/68
f 112/112 19/19 14/14
f 14/14 74/74 108/108
f 24/24 40/40 92/92
f 52/52 14/14 122/122
f 19/19 39/39 104/104
f 47/47 113/113 95/95
f 69/69 25/25 55/55
f 112/112 97/97 51/51
f 109/109 112/112 100/100
f 9/9 63/63 37/37
f 10/10 97/97 1/1
f 40/40 94/94 52/52
f 68/68 16/16 75/75
f 82/82 9/9 112/112
f 61/61 19/19 66/66
f 108/108 8/8 59/59
f 89/89 73/73 7/7
f 18/18 55/55 9/9
f 104/104 38/38 71/71
f 51/51 18/18 23/23
f 105/105 71/71 60/60
f 116/116 50/50 119/119
f 7/7 63/63 14/14
f 21/21 128/128 118/118
f 128/128 122/122 26/26
f 39/39 66/66 97/97
f 13/13 16/16 65/65
f 9/9 13/13 91/91
f 39/39 104/104 85/85
f 14/14 12/12 55/55
f 26/26 124/124 79/79
f 66/66 50/50 30/30
f 5/5 127/127 7/7
f 26/26 12/12 84/84
f 56/56 36/36 109/109
f 18/18 13/13 86/86
f 18/18 73/73 43/43
f 29/29 100/100 100/100
f 5/5 85/85 41/41
f 34/34 4/4 10/10
f 5/5 7/7 110/110
f 23/23 8/8 61/61
f 114/114 100/100 37/37
f 69/69 11/11 19/19
f 35/35 33/33 34/34
f 128/128 122/122 25/25
f 4/4 54/54 105/105
f 96/96 25/25 52/52
f 65/65 65/65 76/76
f 16/16 113/113 60/60
f 65/65 65/65 128/128
f 25/25 4/4 45/45
f 94/94 68/68 14/14
f 22/22 8/8 54/54
f 2/2 66/66 55/55
f 1/1 83/83 76/76
f 15/15 76/76 63/63
f 31/31 114/114 119/119
f 124/124 14/14 24/24
f 89/89 74/74 58/58
f 9/9 49/49 44/44
f 86/86 70/70 15/15
f 86/86 86/86 18/18
f 104/104 46/46 6/6
f 47/47 121/121 114/114
f 91/91 47/47 74/74
f 65/65 65/65 72/72
f 7/7 103/103 18/18
f 114/114 90/90 107/107
f 128/128 126/126 128/128
f 65/65 65/65 74/74
f 103/103 128/128 125/125
f 65/65 65/65 71/71
f 80/80 19/19 119/119
f 128/128 49/49 20/20
f 96/96 128/128 128/128
f 65/65 65/65 76/76
f 1/1 128/128 122/122
f 22/22 94/94 64/64
f 117/117 125/125 28/28
f 65/65 14/14 68/68
f 65/65 7/7 64/64
f 65/65 65/65 76/76
f 105/105 52/52 124/124
f 3/3 49/49 53/53
f 38/38 1/1 83/83
f 3/3 108/108 75/75
f 6/6 118/118 5/5
f 99/99 74/74 123/123
f 23/23 1/1 26/26
f 27/27 33/33 34/34
f 24/24 125/125 101/101
f 36/36 80/80 82/82
f 51/51 83/83 114/114
f 39/39 1/1 17/17
f 17/17 1/1 17/17
f 68/68 71/71 30/30
f 67/67 71/71 22/22
f 65/65 65/65 71/71
f 1/1 81/81 57/57
f 12/12 128/128 75/75
f 11/11 11/11 43/43
f 65/65 65/65 76/76
f 65/65 65/65 78/78
f 42/42 27/27 46/46
f 23/23 98/98 21/21
f 75/75 84/84 80/80
f 63/63 12/12 95/95
f 11/11 17/17 69/69
f 67/67 121/121 52/52
f 19/19 117/117 81/81
f 42/42 39/39 47/47
f 43/43 99/99 34/34
f 72/72 122/122 51/51
f 70/70 78/78 106/106
f 34/34 6/6 10/10
f 34/34 6/6 8/8
f 14/14 8/8 2/2
f 78/78 86/86 128/128
f 128/128 84/84 27/27
f 93/93 69/69 3/3
f 43/43 4/4 22/22
f 60/60 47/47 21/21
f 72/72 80/80 12/12
f 40/40 123/123 125/125
f 60/60 108/108 118/118
f 97/97 107/107 32/32
f 51/51 10/10 57/57
f 1/1 75/75 21/21
f 61/61 99/99 68/68
f 78/78 48/48 80/80
f 51/51 3/3 19/19
f 52/52 108/108 106/106
f 74/74 12/12 81/81
f 46/46 53/53 58/58
f 54/54 72/72 61/61
f 19/19 16/16 117/117
f 86/86 128/128 121/121
f 22/22 70/70 35/35
f 3/3 1/1 10/10
f 45/45 80/80 46/46
f 29/29 1/1 102/102
f 2/2 66/66 43/43
f 103/103 128/128 47/47
f 106/106 59/59 121/121
f 44/44 25/25 45/45
f 62/62 67/67 125/125
f 49/49 39/39 86/86
f 2/2 98/98 35/35
f 86/86 63/63 112/112
f 52/52 30/30 70/70
f 10/10 15/15 2/2
f 88/88 87/87 7/7
f 124/124 120/120 79/79
f 41/41 80/80 123/123
f 54/54 30/30 42/42
f 6/6 29/29 23/23
f 58/58 74/74 60/60
f 35/35 120/120 111/111
f 90/90 53/53 39/39
f 99/99 89/89 73/73
f 122/122 108/108 38/38
f 53/53 79/79 68/68
f 56/56 114/114 28/28
f 124/124 52/52 6/6
f 98/98 104/104 84/84
f 75/75 84/84 67/67
f 124/124 34/34 53/53
f 114/114 62/62 20/20
f 98/98 49/49 66/66
f 31/31 70/70 10/10
f 128/128 122/122 26/26
f 65/65 34/34 85/85
f 112/112 77/77 5/5
f 1/1 128/128 42/42
f 107/107 121/121 7/7
f 62/62 89/89 73/73
f 46/46 92/92 24/24
f 115/115 76/76 55/55
f 74/74 111/111 27/27
f 56/56 57/57 121/121
f 66/66 12/12 73/73
f 83/83 116/116 27/27
f 107/107 128/128 118/118
f 7/7 37/37 69/69
f 39/39 110/110 48/48
f 27/27 44/44 126/126
f 15/15 126/126 4/4
f 7/7 126/126 33/33
f 1/1 31/31 78/78
f 40/40 100/100 1/1
f 72/72 27/27 71/71
f 38/38 87/87 44/44
f 73/73 88/88 61/61
f 62/62 44/44 100/100
f 113/113 18/18 2/2
f 11/11 122/122 99/99
f 115/115 114/114 73/73
f 93/93 37/37 73/73
f 33/33 33/33 112/112
f 120/120 97/97 41/41
f 23/23 85/85 128/128
f 25/25 97/97 55/55
f 128/128 122/122 26/26
f 125/125 33/33 37/37
f 114/114 62/62 125/125
f 97/97 43/43 105/105
f 122/122 26/26 101/101
f 97/97 71/71 68/68
f 99/99 116/116 28/28
f 13/13 96/96 99/99
f 85/85 57/57 45/45
f 38/38 6/6 62/62
f 3/3 83/83 88/88
f 80/80 38/38 68/68
f 52/52 70/70 127/127
f 61/61 99/99 34/34
f 14/14 99/99 32/32
f 62/62 9/9 61/61
f 65/65 72/72 34/34
f 105/105 68/68 5/5
f 68/68 18/18 52/52
f 72/72 12/12 121/121
f 48/48 9/9 113/113
f 72/72 99/99 67/67
f 33/33 47/47 87/87
f 108/108 60/60 43/43
f 12/12 25/25 14/14
f 101/101 87/87 35/35
f 51/51 33/33 89/89
f 85/85 126/126 35/35
f 59/59 74/74 101/101
f 126/126 95/95 66/66
f 20/20 89/89 28/28
f 92/92 31/31 90/90
f 2/2 69/69 22/22
f 5/5 32/32 99/99
f 23/23 17/17 47/47
f 2/2 65/65 33/33
f 28/28 102/102 110/110
f 93/93 73/73 49/49
f 24/24 50/50 64/64
f 90/90 70/70 49/49
f 78/78 7/7 79/79
f 65/65 65/65 82/82
f 1/1 128/128 122/122
f 48/48 90/90 27/27
f 35/35 52/52 44/44
f 23/23 6/6 87/87
f 52/52 84/84 115/115
f 54/54 82/82 75/75
f 85/85 28/28 85/85
f 20/20 37/37 42/42
f 47/47 30/30 66/66
f 86/86 108/108 13/13
f 30/30 64/64 128/128
f 9/9 90/90 76/76
f 76/76 3/3 21/21
f 79/79 38/38 16/16
f 99/99 126/126 51/51
f 22/22 9/9 35/35
f 50/50 122/122 43/43
f 89/89 70/70 59/59
f 12/12 16/16 46/46
f 90/90 35/35 53/53
f 35/35 85/85 12/12
f 113/113 2/2 61/61
f 77/77 17/17 54/54
f 32/32 61/61 73/73
f 98/98 26/26 49/49
f 1/1 76/76 11/11
f 67/67 87/87 72/72
f 3/3 3/3 20/20
f 88/88 39/39 102/102
f 54/54 15/15 4/4
f 87/87 19/19 118/118
f 128/128 83/83 102/102
f 126/126 66/66 59/59
f 126/126 125/125 47/47
f 19/19 61/61 9/9
f 113/113 100/100 5/5
f 115/115 38/38 5/5
f 34/34 128/128 122/122
f 35/35 35/35 87/87
f 28/28 93/93 121/121
f 110/110 25/25 45/45
f 91/91 1/1 8/8
f 81/81 106/106 12/12
f 8/8 128/128 122/122
f 97/97 119/119 1/1
f 124/124 104/104 14/14
f 41/41 73/73 103/103
f 36/36 24/24 123/123
f 93/93 12/12 52/52
f 24/24 87/87 57/57
f 2/2 20/20 104/104
f 43/43 90/90 18/18
f 4/4 3/3 55/55
f 103/103 39/39 35/35
f 70/70 31/31 18/18
f 64/64 34/34 4/4
f 65/65 56/56 120/120
f 50/50 58/58 71/71
f 97/97 70/70 43/43
f 122/122 92/92 54/54
f 94/94 74/74 90/90
f 73/73 63/63 93/93
f 47/47 50/50 1/1
f 48/48 112/112 116/116
f 19/19 27/27 122/122
f 103/103 94/94 89/89
f 36/36 96/96 85/85
f 111/111 19/19 78/78
f 5/5 100/100 66/66
f 3/3 37/37 98/98
f 99/99 30/30 13/13
f 74/74 71/71 115/115
f 55/55 52/52 23/23
f 28/28 111/111 128/128
f 26/26 89/89 30/30
f 80/80 114/114 26/26
f 19/19 127/127 95/95
f 18/18 3/3 118/118
f 35/35 66/66 100/100
f 25/25 68/68 64/64
f 68/68 63/63 34/34
f 115/115 64/64 34/34
f 54/54 4/4 17/17
f 69/69 65/65 53/53
f 33/33 88/88 29/29
f 26/26 68/68 39/39
f 1/1 25/25 83/83
f 62/62 8/8 32/32
f 2/2 10/10 57/57
f 61/61 8/8 20/20
f 81/81 113/113 118/118
f 4/4 59/59 46/46
f 64/64 56/56 109/109
f 85/85 91/91 26/26
f 102/102 99/99 42/42
f 23/23 14/14 37/37
f 78/78 39/39 30/30
f 13/13 65/65 65/65
f 38/38 56/56 16/16
f 16/16 95/95 59/59
f 15/15 37/37 30/30
f 115/115 75/75 38/38
f 31/31 6/6 33/33
f 85/85 19/19 70/70
f 126/126 128/128 128/128
f 51/51 8/8 23/23
f 99/99 79/79 61/61
f 98/98 59/59 83/83
f 65/65 65/65 121/121
f 45/45 54/54 14/14
f 99/99 58/58 128/128
f 5/5 44/44 79/79
f 1/1 78/78 39/39
f 80/80 126/126 55/55
f 56/56 7/7 2/2
f 2/2 54/54 53/53
f 101/101 7/7 66/66
f 60/60 89/89 109/109
f 99/99 115/115 65/65
f 50/50 79/79 40/40
f 33/33 34/34 113/113
f 98/98 26/26 16/16
f 13/13 19/19 82/82
f 39/39 28/28 96/96
f 39/39 92/92 50/50
f 21/21 70/70 17/17
f 6/6 35/35 14/14
f 15/15 16/16 11/11
f 17/17 45/45 115/115
f 59/59 27/27 18/18
f 128/128 122/122 25/25
f 3/3 38/38 64/64
f 42/42 73/73 96/96
f 23/23 107/107 90/90
f 124/124 98/98 26/26
f 109/109 37/37 119/119
f 65/65 65/65 68/68
f 45/45 49/49 33/33
f 83/83 21/21 101/101
f 55/55 108/108 40/40
f 1/1 9/9 55/55
f 64/64 74/74 86/86
f 112/112 61/61 105/105
f 39/39 114/114 56/56
f 53/53 1/1 102/102
f 4/4 107/107 128/128
f 109/109 128/128 122/122
f 2/2 30/30 68/68
f 116/116 100/100 61/61
f 31/31 16/16 71/71
f 9/9 49/49 6/6
f 2/2 5/5 43/43
f 33/33 110/110 44/44
f 27/27 49/49 4/4
f 21/21 120/120 117/117
f 47/47 128/128 122/122
f 87/87 83/83 35/35
f 74/74 41/41 9/9
f 56/56 63/63 81/81
f 17/17 73/73 56/56
f 73/73 55/55 126/126
f 38/38 10/10 118/118
f 10/10 64/64 106/106
f 67/67 1/1 128/128
f 23/23 48/48 24/24
f 88/88 114/114 25/25
f 6/6 64/64 46/46
f 31/31 93/93 85/85
f 121/121 2/2 16/16
f 41/41 99/99 12/12
f 83/83 3/3 7/7
f 14/14 3/3 81/81
f 26/26 109/109 120/120
f 79/79 49/49 3/3
f 43/43 82/82 28/28
f 40/40 128/128 111/111
f 2/2 111/111 116/116
f 72/72 72/72 41/41
f 76/76 71/71 50/50
f 112/112 127/127 95/95
f 76/76 116/116 47/47
f 26/26 98/98 25/25
f 89/89 41/41 122/122
f 41/41 65/65 125/125
f 36/36 18/18 43/43
f 68/68 15/15 116/116
f 125/125 13/13 87/87
f 15/15 49/49 10/10
f 100/100 59/59 54/54
f 7/7 67/67 96/96
f 92/92 19/19 91/91
f 88/88 116/116 66/66
f 26/26 67/67 13/13
f 107/107 9/9 84/84
f 114/114 99/99 5/5
f 21/21 114/114 10/10
f 73/73 105/105 27/27
f 88/88 39/39 103/103
f 117/117 15/15 31/31
f 25/25 123/123 54/54
f 111/111 112/112 20/20
f 63/63 120/120 92/92
f 128/128 128/128 122/122
f 4/4 9/9 126/126
f 111/111 16/16 81/81
f 54/54 127/127 113/113
f 73/73 18/18 42/42
f 34/34 87/87 89/89
f 93/93 60/60 90/90
f 7/7 103/103 5/5
f 18/18 56/56 6/6
f 20/20 23/23 96/96
f 82/82 45/45 7/7
f 44/44 15/15 100/100
f 18/18 85/85 50/50
f 22/22 48/48 37/37
f 65/65 36/36 98/98
f 93/93 36/36 74/74
f 26/26 105/105 81/81
f 123/123 9/9 102/102
f 51/51 72/72 11/11
f 125/125 39/39 68/68
f 48/48 45/45 43/43
f 1/1 1/1 13/13
f 61/61 25/25 41/41
f 72/72 128/128 122/122
f 97/97 88/88 8/8
f 28/28 121/121 68/68
f 10/10 66/66 42/42
f 33/33 26/26 96/96
f 98/98 28/28 85/85
f 7/7 111/111 86/86
f 47/47 101/101 33/33
f 11/11 122/122 74/74
f 13/13 93/93 106/106
f 11/11 62/62 89/89
f 106/106 77/77 120/120
f 65/65 23/23 112/112
f 10/10 59/59 5/5
f 54/54 102/102 102/102
f 31/31 93/93 95/95
f 3/3 79/79 73/73
f 10/10 42/42 58/58
f 10/10 45/45 128/128
f 4/4 39/39 125/125
f 75/75 37/37 20/20
f 113/113 77/77 128/128
f 25/25 97/97 70/70
f 9/9 107/107 123/123
f 73/73 83/83 115/115
f 87/87 77/77 115/115
f 47/47 6/6 69/69
f 33/33 43/43 37/37
f 29/29 101/101 111/111
f 35/35 26/26 46/46
f 40/40 120/120 17/17
f 94/94 85/85 18/18
f 78/78 82/82 118/118
f 39/39 114/114 88/88
f 64/64 73/73 118/118
f 106/106 24/24 20/20
f 13/13 56/56 65/65
f 4/4 35/35 84/84
f 118/118 6/6 10/10
f 73/73 77/77 43/43
f 2/2 3/3 43/43
f 66/66 38/38 83/83
f 10/10 26/26 77/77
f 38/38 128/128 122/122
f 97/97 107/107 9/9
f 11/11 48/48 59/59
f 29/29 3/3 82/82
f 7/7 39/39 9/9
f 128/128 122/122 26/26
f 85/85 8/8 93/93
f 69/69 97/97 59/59
f 81/81 63/63 70/70
f 73/73 81/81 40/40
f 47/47 60/60 115/115
f 13/13 116/116 128/128
f 67/67 29/29 77/77
f 51/51 48/48 109/109
f 75/75 16/16 23/23
f 80/80 68/68 71/71
f 55/55 85/85 85/85
f 50/50 18/18 109/109
f 97/97 61/61 33/33
f 126/126 105/105 110/110
f 66/66 104/104 40/40
f 55/55 115/115 21/21
f 99/99 125/125 62/62
f 31/31 97/97 52/52
f 4/4 74/74 36/36
f 54/54 39/39 83/83
f 89/89 85/85 32/32
f 20/20 19/19 110/110
f 65/65 75/75 45/45
f 69/69 85/85 97/97
f 7/7 110/110 61/61
f 4/4 11/11 19/19
f 74/74 99/99 17/17
f 3/3 90/90 32/32
f 98/98 23/23 53/53
f 15/15 43/43 77/77
f 39/39 19/19 89/89
f 128/128 122/122 26/26
f 59/59 103/103 67/67
f 80/80 46/46 9/9
f 33/33 9/9 110/110
f 31/31 3/3 100/100
f 4/4 120/120 112/112
f 57/57 51/51 53/53
f 5/5 72/72 98/98
f 101/101 8/8 71/71
f 33/33 26/26 42/42
f 49/49 19/19 97/97
f 27/27 16/16 5/5
f 84/84 67/67 108/108
f 113/113 13/13 47/47
f 27/27 101/101 10/10
f 128/128 107/107 65/65
f 28/28 83/83 12/12
f 42/42 60/60 119/119
f 44/44 102/102 11/11
f 39/39 59/59 105/105
f 11/11 41/41 2/2
f 118/118 25/25 23/23
f 79/79 63/63 98/98
f 34/34 38/38 43/43
f 74/74 10/10 128/128
f 116/116 7/7 44/44
f 20/20 107/107 91/91
f 106/106 48/48 6/6
f 32/32 60/60 52/52
f 90/90 16/16 69/69
f 74/74 12/12 37/37
f 2/2 10/10 11/11
f 53/53 11/11 100/100
f 89/89 88/88 87/87
f 92/92 68/68 61/61
f 45/45 36/36 1/1
f 76/76 48/48 128/128
f 5/5 76/76 20/20
f 31/31 11/11 84/84
f 21/21 33/33 47/47
f 107/107 71/71 128/128
f 56/56 62/62 120/120
f 117/117 7/7 88/88
f 96/96 44/44 10/10
f 2/2 1/1 17/17
f 128/128 87/87 116/116
f 87/87 37/37 71/71
f 95/95 57/57 14/14
f 98/98 11/11 9/9
f 64/64 111/111 78/78
f 17/17 74/74 13/13
f 88/88 36/36 128/128
f 128/128 122/122 26/26
f 33/33 12/12 121/121
f 62/62 123/123 84/84
f 72/72 72/72 61/61
f 1/1 10/10 78/78
f 30/30 119/119 124/124
f 72/72 4/4 94/94
f 20/20 45/45 43/43
f 21/21 94/94 44/44
f 17/17 25/25 59/59
f 27/27 77/77 39/39
f 64/64 89/89 30/30
f 10/10 86/86 47/47
f 52/52 25/25 7/7
f 98/98 9/9 40/40
f 21/21 123/123 28/28
f 46/46 28/28 56/56
f 22/22 21/21 119/119
f 19/19 92/92 128/128
f 18/18 13/13 8/8
f 36/36 22/22 120/120
f 122/122 25/25 97/97
f 49/49 69/69 111/111
f 93/93 12/12 70/70
f 1/1 85/85 27/27
f 54/54 112/112 90/90
f 27/27 38/38 44/44
f 105/105 92/92 9/9
f 41/41 2/2 117/117
f 41/41 45/45 5/5
f 122/122 68/68 49/49
f 54/54 5/5 14/14
f 10/10 34/34 57/57
f 70/70 4/4 120/120
f 85/85 47/47 59/59
f 98/98 98/98 8/8
f 28/28 24/24 115/115
f 1/1 108/108 88/88
f 72/72 56/56 6/6
f 33/33 1/1 94/94
f 21/21 29/29 45/45
f 128/128 122/122 25/25
f 2/2 103/103 20/20
f 20/20 110/110 99/99
f 107/107 53/53 74/74
f 69/69 77/77 2/2
f 8/8 50/50 69/69
f 84/84 88/88 37/37
f 123/123 112/112 67/67
f 67/67 106/106 60/60
f 50/50 118/118 6/6
f 90/90 107/107 115/115
f 67/67 66/66 79/79
f 25/25 24/24 41/41
f 55/55 93/93 128/128
f 55/55 77/77 78/78
f 22/22 56/56 48/48
f 117/117 20/20 85/85
f 92/92 24/24 92/92
f 93/93 64/64 97/97
f 3/3 73/73 34/34
f 93/93 1/1 106/106
f 21/21 76/76 11/11
f 9/9 10/10 41/41
f 97/97 93/93 13/13
f 72/72 104/104 77/77
f 104/104 68/68 61/61
f 90/90 12/12 27/27
f 46/46 116/116 121/121
f 67/67 101/101 71/71
f 90/90 24/24 37/37
f 63/63 37/37 94/94
f 103/103 2/2 113/113
f 21/21 24/24 69/69
f 99/99 104/104 34/34
f 67/67 54/54 53/53
f 11/11 2/2 8/8
f 83/83 93/93 128/128
f 119/119 48/48 69/69
f 3/3 38/38 7/7
f 59/59 43/43 106/106
f 74/74 57/57 84/84
f 122/122 26/26 97/97
f 65/65 46/46 58/58
f 96/96 6/6 3/3
f 56/56 127/127 128/128
f 5/5 74/74 20/20
f 53/53 109/109 27/27
f 34/34 90/90 117/117
f 76/76 9/9 9/9
f 69/69 105/105 5/5
f 101/101 42/42 90/90
f 93/93 60/60 8/8
f 128/128 122/122 25/25
f 35/35 40/40 19/19
f 1/1 95/95 20/20
f 31/31 93/93 16/16
f 104/104 103/103 116/116
f 41/41 107/107 38/38
f 97/97 117/117 123/123
f 128/128 122/122 25/25
f 82/82 8/8 5/5
f 106/106 33/33 77/77
f 74/74 10/10 5/5
f 92/92 70/70 53/53
f 65/65 103/103 77/77
f 96/96 95/95 75/75
f 31/31 1/1 39/39
f 35/35 14/14 66/66
f 112/112 40/40 65/65
f 114/114 30/30 47/47
f 126/126 7/7 21/21
f 62/62 5/5 81/81
f 2/2 47/47 59/59
f 72/72 61/61 1/1
f 84/84 35/35 12/12
f 28/28 89/89 51/51
f 122/122 17/17 123/123
f 65/65 21/21 52/52
f 19/19 8/8 37/37
f 19/19 26/26 71/71
f 70/70 99/99 128/128
f 25/25 97/97 119/119
f 4/4 90/90 112/112
f 66/66 90/90 109/109
f 37/37 128/128 122/122
f 48/48 118/118 38/38
f 100/100 11/11 35/35
f 73/73 10/10 35/35
f 33/33 67/67 10/10
f 124/124 110/110 115/115
f 33/33 40/40 46/46
f 22/22 127/127 68/68
f 18/18 95/95 97/97
f 68/68 15/15 29/29
f 73/73 35/35 102/102
f 49/49 39/39 110/110
f 124/124 64/64 121/121
f 109/109 50/50 104/104
f 5/5 26/26 47/47
f 49/49 58/58 67/67
f 108/108 119/119 124/124
f 20/20 21/21 62/62
f 89/89 77/77 56/56
f 119/119 9/9 46/46
f 56/56 64/64 79/79
f 33/33 123/123 71/71
f 6/6 56/56 128/128
f 21/21 110/110 111/111
f 29/29 117/117 76/76
f 34/34 100/100 28/28
f 92/92 42/42 86/86
f 2/2 127/127 67/67
f 45/45 54/54 80/80
f 72/72 66/66 107/107
f 94/94 45/45 56/56
f 100/100 46/46 9/9
f 1/1 57/57 13/13
f 60/60 90/90 95/95
f 54/54 68/68 107/107
f 110/110 118/118 11/11
f 69/69 70/70 71/71
f 31/31 66/66 24/24
f 67/67 66/66 10/10
f 43/43 69/69 63/63
f 1/1 19/19 128/128
f 25/25 97/97 120/120
f 15/15 32/32 55/55
f 98/98 5/5 33/33
f 128/128 21/21 65/65
f 8/8 11/11 64/64
f 21/21 25/25 120/120
f 75/75 80/80 25/25
f 112/112 65/65 33/33
f 64/64 107/107 9/9
f 6/6 2/2 1/1
f 11/11 123/123 7/7
f 92/92 122/122 120/120
f 29/29 68/68 54/54
f 99/99 65/65 1/1
f 112/112 119/119 94/94
f 18/18 128/128 85/85
f 71/71 39/39 43/43
f 36/36 45/45 105/105
f 92/92 90/90 128/128
f 71/71 9/9 46/46
f 1/1 69/69 81/81
f 26/26 19/19 71/71
f 65/65 7/7 13/13
f 91/91 58/58 125/125
f 3/3 128/128 122/122
f 126/126 28/28 37/37
f 84/84 3/3 65/65
f 117/117 3/3 38/38
f 1/1 81/81 105/105
f 86/86 68/68 49/49
f 63/63 107/107 96/96
f 11/11 59/59 32/32
f 82/82 30/30 42/42
f 30/30 1/1 36/36
f 15/15 85/85 92/92
f 64/64 9/9 121/121
f 69/69 8/8 40/40
f 19/19 28/28 117/117
f 46/46 13/13 75/75
f 114/114 79/79 1/1
f 128/128 122/122 25/25
f 41/41 6/6 117/117
f 72/72 3/3 89/89
f 67/67 71/71 72/72
f 7/7 30/30 90/90
f 53/53 40/40 82/82
f 127/127 122/122 85/85
f 41/41 49/49 95/95
f 64/64 128/128 127/127
f 70/70 15/15 50/50
f 1/1 19/19 85/85
f 27/27 62/62 111/111
f 33/33 83/83 28/28
f 79/79 74/74 37/37
f 64/64 75/75 90/90
f 112/112 53/53 113/113
f 104/104 66/66 3/3
f 87/87 45/45 80/80
f 22/22 119/119 127/127
f 27/27 61/61 59/59
f 68/68 26/26 93/93
f 69/69 59/59 112/112
f 82/82 50/50 116/116
f 2/2 6/6 115/115
f 17/17 37/37 41/41
f 68/68 43/43 51/51
f 6/6 118/118 109/109
f 90/90 44/44 49/49
f 81/81 92/92 111/111
f 44/44 23/23 60/60
f 120/120 25/25 2/2
f 94/94 29/29 44/44
f 122/122 70/70 61/61
f 54/54 20/20 19/19
f 101/101 55/55 108/108
f 12/12 13/13 12/12
f 31/31 1/1 43/43
f 54/54 12/12 127/127
f 111/111 29/29 119/119
f 88/88 83/83 69/69
f 67/67 41/41 88/88
f 20/20 34/34 40/40
f 31/31 43/43 84/84
f 104/104 48/48 106/106
f 88/88 5/5 70/70
f 122/122 25/25 97/97
f 42/42 17/17 58/58
f 126/126 73/73 72/72
f 12/12 115/115 93/93
f 72/72 114/114 51/51
f 63/63 104/104 70/70
f 86/86 74/74 46/46
f 20/20 61/61 114/114
f 98/98 2/2 33/33
f 3/3 5/5 12/12
f 122/122 39/39 112/112
f 3/3 8/8 69/69
f 98/98 81/81 99/99
f 7/7 79/79 101/101
f 95/95 120/120 52/52
f 74/74 17/17 105/105
f 92/92 111/111 92/92
f 72/72 37/37 28/28
f 66/66 96/96 107/107
f 67/67 78/78 59/59
f 14/14 85/85 20/20
f 10/10 59/59 30/30
f 19/19 98/98 78/78
f 19/19 112/112 128/128
f 114/114 57/57 95/95
f 37/37 59/59 75/75
f 122/122 26/26 97/97
f 109/109 102/102 70/70
f 71/71 92/92 111/111
f 49/49 65/65 26/26
f 101/101 59/59 85/85
f 80/80 18/18 3/3
f 34/34 126/126 84/84
f 117/117 8/8 45/45
f 112/112 67/67 25/25
f 79/79 79/79 65/65
f 28/28 117/117 64/64
f 94/94 88/88 128/128
f 51/51 71/71 92/92
f 65/65 30/30 95/95
f 65/65 86/86 118/118
f 7/7 65/65 66/66
f 126/126 54/54 110/110
f 64/64 11/11 102/102
f 6/6 98/98 110/110
f 117/117 79/79 46/46
f 66/66 120/120 15/15
f 107/107 43/43 127/127
f 62/62 41/41 104/104
f 67/67 44/44 2/2
f 75/75 72/72 128/128
f 67/67 55/55 108/108
f 27/27 125/125 89/89
f 74/74 92/92 126/126
f 45/45 12/12 35/35
f 100/100 17/17 1/1
f 66/66 33/33 112/112
f 89/89 63/63 22/22
f 22/22 92/92 39/39
f 13/13 26/26 107/107
f 21/21 55/55 21/21
f 20/20 30/30 125/125
f 111/111 86/86 108/108
f 100/100 36/36 18/18
f 2/2 102/102 21/21
f 107/107 88/88 72/72
f 2/2 65/65 72/72
f 9/9 119/119 64/64
f 61/61 18/18 6/6
f 6/6 94/94 92/92
f 58/58 128/128 74/74
f 16/16 91/91 113/113
f 56/56 128/128 11/11
f 79/79 82/82 114/114
f 65/65 56/56 16/16
f 52/52 44/44 89/89
f 56/56 39/39 42/42
f 86/86 11/11 76/76
f 43/43 108/108 75/75
f 110/110 80/80 115/115
f 104/104 107/107 21/21
f 119/119 110/110 120/120
f 89/89 1/1 25/25
f 43/43 79/79 124/124
f 2/2 30/30 111/111
f 117/117 100/100 122/122
f 126/126 62/62 128/128
f 128/128 122/122 26/26
f 63/63 10/10 13/13
f 56/56 104/104 39/39
f 101/101 54/54 26/26
f 51/51 6/6 65/65
f 110/110 45/45 37/37
f 26/26 9/9 89/89
f 35/35 121/121 23/23
f 12/12 128/128 122/122
f 7/7 88/88 29/29
f 96/96 75/75 128/128
f 39/39 40/40 47/47
f 15/15 70/70 111/111
f 32/32 95/95 67/67
f 93/93 123/123 93/93
f 96/96 128/128 122/122
f 97/97 71/71 7/7
f 93/93 37/37 84/84
f 16/16 58/58 75/75
f 86/86 119/119 86/86
f 27/27 3/3 12/12
f 126/126 39/39 101/101
f 33/33 108/108 81/81
f 21/21 87/87 11/11
f 123/123 55/55 2/2
f 28/28 101/101 126/126
f 67/67 77/77 67/67
f 61/61 39/39 55/55
f 73/73 5/5 85/85
f 40/40 25/25 74/74
f 3/3 5/5 70/70
f 7/7 117/117 2/2
f 29/29 80/80 121/121
f 45/45 120/120 41/41
f 66/66 75/75 115/115
f 56/56 68/68 2/2
f 33/33 128/128 122/122
f 71/71 67/67 34/34
f 84/84 118/118 12/12
f 20/20 57/57 67/67
f 92/92 65/65 98/98
f 29/29 94/94 75/75
f 95/95 49/49 105/105
f 128/128 128/128 128/128
f 71/71 65/65 128/128
f 25/25 97/97 75/75
f 96/96 68/68 106/106
f 105/105 47/47 62/62
f 112/112 104/104 106/106
f 28/28 51/51 6/6
f 41/41 90/90 12/12
f 26/26 16/16 114/114
f 125/125 85/85 29/29
f 99/99 101/101 118/118
f 82/82 51/51 45/45
f 4/4 12/12 122/122
f 18/18 118/118 52/52
f 25/25 81/81 83/83
f 73/73 50/50 118/118
f 110/110 54/54 126/126
f 43/43 107/107 36/36
f 65/65 49/49 98/98
f 12/12 99/99 65/65
f 37/37 33/33 65/65
f 107/107 73/73 7/7
f 58/58 5/5 70/70
f 52/52 90/90 14/14
f 55/55 1/1 33/33
f 128/128 122/122 26/26
f 45/45 9/9 58/58
f 2/2 4/4 3/3
f 25/25 65/65 50/50
f 4/4 12/12 68/68
f 59/59 74/74 10/10
f 2/2 103/103 50/50
f 106/106 126/126 1/1
f 111/111 94/94 42/42
f 16/16 52/52 29/29
f 6/6 106/106 90/90
f 83/83 42/42 128/128
f 98/98 17/17 33/33
f 7/7 41/41 24/24
f 61/61 46/46 38/38
f 120/120 6/6 69/69
f 4/4 69/69 9/9
f 59/59 70/70 111/111
f 86/86 62/62 44/44
f 83/83 10/10 83/83
f 6/6 14/14 41/41
f 65/65 128/128 122/122
f 97/97 106/106 8/8
f 128/128 122/122 25/25
f 108/108 9/9 21/21
f 65/65 17/17 1/1
f 51/51 61/61 15/15
f 18/18 14/14 85/85
f 55/55 96/96 54/54
f 70/70 97/97 48/48
f 2/2 21/21 17/17
f 9/9 81/81 113/113
f 17/17 87/87 62/62
f 128/128 122/122 25/25
f 77/77 112/112 128/128
f 43/43 99/99 110/110
f 102/102 128/128 122/122
f 8/8 36/36 48/48
f 5/5 85/85 68/68
f 75/75 46/46 11/11
f 127/127 63/63 128/128
f 108/108 94/94 23/23
f 81/81 3/3 102/102
f 107/107 69/69 97/97
f 74/74 83/83 128/128
f 89/89 87/87 126/126
f 122/122 25/25 97/97
f 53/53 17/17 44/44
f 5/5 57/57 59/59
f 25/25 95/95 91/91
f 64/64 66/66 25/25
f 44/44 107/107 61/61
f 128/128 46/46 6/6
f 30/30 41/41 48/48
f 75/75 55/55 55/55
f 96/96 49/49 88/88
f 4/4 23/23 46/46
f 28/28 51/51 13/13
f 38/38 91/91 96/96
f 56/56 58/58 38/38
f 125/125 23/23 94/94
f 71/71 33/33 84/84
f 52/52 92/92 21/21
f 55/55 124/124 92/92
f 100/100 112/112 127/127
f 126/126 88/88 111/111
f 13/13 90/90 10/10
f 9/9 34/34 116/116
f 86/86 90/90 128/128
f 81/81 118/118 126/126
f 92/92 99/99 6/6
f 93/93 125/125 95/95
f 110/110 7/7 20/20
f 119/119 98/98 40/40
f 1/1 89/89 65/65
f 18/18 6/6 103/103
f 33/33 4/4 46/46
f 36/36 27/27 44/44
f 99/99 77/77 7/7
f 110/110 56/56 6/6
f 13/13 44/44 69/69
f 4/4 18/18 81/81
f 19/19 2/2 86/86
f 38/38 88/88 58/58
f 105/105 95/95 6/6
f 103/103 37/37 19/19
f 105/105 33/33 111/111
f 56/56 128/128 123/123
f 98/98 127/127 31/31
f 128/128 122/122 26/26
f 71/71 7/7 117/117
f 123/123 4/4 101/101
f 1/1 83/83 93/93
f 88/88 128/128 112/112
f 94/94 75/75 27/27
f 5/5 10/10 96/96
f 55/55 44/44 93/93
f 50/50 87/87 2/2
f 19/19 94/94 55/55
f 20/20 119/119 92/92
f 128/128 84/84 56/56
f 60/60 74/74 112/112
f 120/120 117/117 128/128
f 92/92 19/19 39/39
f 97/97 66/66 81/81
f 65/65 65/65 77/77
f 111/111 77/77 62/62
f 39/39 122/122 21/21
f 18/18 6/6 96/96
f 98/98 19/19 50/50
f 65/65 65/65 97/97
f 84/84 110/110 74/74
f 70/70 72/72 87/87
f 65/65 65/65 75/75
f 74/74 68/68 119/119
f 49/49 79/79 56/56
f 74/74 73/73 79/79
f 12/12 18/18 5/5
f 4/4 16/16 91/91
f 16/16 93/93 123/123
f 65/65 65/65 78/78
f 1/1 128/128 122/122
f 65/65 65/65 76/76
f 1/1 128/128 122/122
f 123/123 109/109 28/28
f 66/66 60/60 64/64
f 1/1 5/5 37/37
f 100/100 7/7 92/92
f 65/65 65/65 82/82
f 1/1 128/128 122/122
f 39/39 2/2 1/1
f 1/1 50/50 59/59
f 65/65 65/65 75/75
f 33/33 108/108 74/74
f 122/122 67/67 15/15
f 103/103 127/127 99/99
f 45/45 75/75 86/86
f 18/18 1/1 47/47
f 74/74 64/64 11/11
f 44/44 41/41 44/44
f 111/111 104/104 47/47
f 65/65 65/65 76/76
f 65/65 65/65 74/74
f 1/1 128/128 122/122
f 35/35 3/3 2/2
f 94/94 52/52 84/84
f 11/11 17/17 20/20
f 96/96 61/61 40/40
f 6/6 55/55 87/87
f 23/23 17/17 117/117
f 22/22 76/76 48/48
f 81/81 63/63 24/24
f 65/65 65/65 126/126
f 1/1 100/100 92/92
f 105/105 79/79 16/16
f 10/10 123/123 113/113
f 58/58 40/40 114/114
f 74/74 66/66 73/73
f 128/128 29/29 64/64
f 21/21 15/15 24/24
f 110/110 93/93 100/100
f 7/7 46/46 32/32
f 93/93 6/6 126/126
f 65/65 65/65 77/77
f 1/1 128/128 122/122
f 65/65 65/65 78/78
f 27/27 43/43 45/45
f 16/16 128/128 122/122
f 1/1 55/55 41/41
f 37/37 94/94 82/82
f 19/19 102/102 66/66
f 85/85 90/90 5/5
f 108/108 50/50 98/98
f 96/96 128/128 92/92
f 21/21 11/11 14/14
f 49/49 1/1 23/23
f 114/114 7/7 10/10
f 94/94 38/38 53/53
f 66/66 122/122 39/39
f 20/20 114/114 78/78
f 65/65 65/65 78/78
f 1/1 128/128 122/122
f 65/65 65/65 81/81
f 17/17 70/70 15/15
f 10/10 53/53 14/14
f 126/126 4/4 82/82
f 63/63 15/15 46/46
f 97/97 51/51 65/65
f 19/19 79/79 89/89
f 18/18 24/24 72/72
f 15/15 101/101 86/86
f 66/66 79/79 77/77
f 109/109 85/85 9/9
f 3/3 4/4 19/19
f 128/128 5/5 82/82
f 31/31 6/6 70/70
f 50/50 9/9 87/87
f 2/2 57/57 99/99
f 65/65 65/65 78/78
f 1/1 128/128 122/122
f 82/82 122/122 87/87
f 98/98 10/10 117/117
f 127/127 75/75 123/123
f 76/76 92/92 91/91
f 61/61 28/28 128/128
f 5/5 4/4 98/98
f 15/15 96/96 117/117
f 54/54 95/95 94/94
f 2/2 44/44 120/120
f 13/13 79/79 88/88
f 113/113 100/100 39/39
f 100/100 8/8 99/99
f 128/128 122/122 26/26
f 25/25 73/73 43/43
f 27/27 108/108 9/9
f 126/126 22/22 20/20
f 65/65 65/65 108/108
f 40/40 3/3 93/93
f 7/7 121/121 73/73
f 41/41 118/118 73/73
f 127/127 99/99 75/75
f 18/18 13/13 105/105
f 88/88 86/86 67/67
f 109/109 52/52 126/126
f 65/65 65/65 77/77
f 1/1 128/128 122/122
f 120/120 76/76 109/109
f 126/126 104/104 85/85
f 1/1 105/105 64/64
f 81/81 25/25 41/41
f 65/65 65/65 72/72
f 9/9 36/36 42/42
f 59/59 18/18 83/83
f 65/65 40/40 20/20
f 106/106 43/43 122/122
f 59/59 84/84 14/14
f 47/47 102/102 62/62
f 16/16 88/88 40/40
f 61/61 16/16 128/128
f 106/106 62/62 96/96
f 17/17 44/44 92/92
f 120/120 119/119 64/64
f 56/56 84/84 40/40
f 117/117 44/44 104/104
f 9/9 12/12 62/62
f 12/12 77/77 25/25
f 24/24 99/99 64/64
f 58/58 125/125 110/110
f 65/65 65/65 81/81
f 1/1 128/128 122/122
f 101/101 123/123 76/76
f 48/48 40/40 39/39
f 121/121 98/98 99/99
f 45/45 107/107 10/10
f 22/22 87/87 58/58
f 99/99 2/2 72/72
f 79/79 1/1 69/69
f 39/39 86/86 115/115
f 93/93 14/14 114/114
f 65/65 65/65 73/73
f 97/97 17/17 20/20
f 105/105 111/111 103/103
f 90/90 2/2 29/29
f 71/71 110/110 5/5
f 42/42 7/7 2/2
f 91/91 27/27 14/14
f 98/98 84/84 35/35
f 65/65 111/111 105/105
f 102/102 5/5 11/11
f 65/65 65/65 72/72
f 1/1 128/128 122/122
f 32/32 47/47 91/91
f 116/116 36/36 58/58
f 65/65 67/67 9/9
f 53/53 83/83 110/110
f 16/16 17/17 5/5
f 13/13 75/75 8/8
f 114/114 42/42 81/81
f 68/68 50/50 38/38
f 23/23 20/20 51/51
f 102/102 16/16 60/60
f 20/20 127/127 31/31
f 56/56 101/101 68/68
f 19/19 10/10 127/127
f 13/13 39/39 99/99
f 109/109 44/44 119/119
f 90/90 49/49 32/32
f 49/49 115/115 110/110
f 6/6 33/33 20/20
f 68/68 94/94 37/37
f 8/8 95/95 116/116
f 33/33 88/88 1/1
f 78/78 128/128 2/2
f 119/119 51/51 42/42
f 79/79 61/61 19/19
f 21/21 36/36 90/90
f 103/103 107/107 108/108
f 71/71 82/82 128/128
f 31/31 81/81 128/128
f 36/36 5/5 23/23
f 54/54 65/65 100/100
f 100/100 114/114 113/113
f 49/49 51/51 128/128
f 9/9 21/21 29/29
f 97/97 47/47 5/5
f 99/99 123/123 70/70
f 32/32 103/103 5/5
f 52/52 90/90 109/109
f 34/34 69/69 39/39
f 39/39 101/101 67/67
f 47/47 61/61 85/85
f 37/37 21/21 14/14
f 75/75 81/81 108/108
f 22/22 56/56 106/106
f 128/128 122/122 26/26
f 74/74 7/7 101/101
f 2/2 97/97 101/101
f 41/41 97/97 75/75
f 50/50 117/117 99/99
f 57/57 4/4 69/69
f 96/96 10/10 20/20
f 11/11 126/126 91/91
f 55/55 37/37 110/110
f 57/57 44/44 119/119
f 36/36 6/6 66/66
f 96/96 67/67 14/14
f 14/14 58/58 115/115
f 115/115 34/34 100/100
f 9/9 17/17 14/14
f 65/65 65/65 73/73
f 41/41 89/89 6/6
f 23/23 48/48 27/27
f 14/14 21/21 4/4
f 15/15 92/92 22/22
f 6/6 43/43 22/22
f 126/126 22/22 53/53
f 62/62 67/67 82/82
f 64/64 122/122 121/121
f 65/65 74/74 1/1
f 9/9 97/97 103/103
f 44/44 20/20 70/70
f 56/56 115/115 62/62
f 117/117 14/14 15/15
f 53/53 87/87 97/97
f 128/128 7/7 17/17
f 8/8 21/21 120/120
f 65/65 65/65 74/74
f 1/1 128/128 122/122
f 13/13 58/58 118/118
f 67/67 3/3 32/32
f 10/10 31/31 69/69
f 65/65 65/65 65/65
f 47/47 128/128 64/64
f 92/92 17/17 49/49
f 45/45 64/64 6/6
f 67/67 127/127 48/48
f 65/65 65/65 73/73
f 23/23 35/35 47/47
f 66/66 53/53 90/90
f 49/49 121/121 112/112
f 127/127 36/36 82/82
f 58/58 21/21 41/41
f 36/36 6/6 5/5
f 61/61 46/46 34/34
f 5/5 70/70 79/79
f 33/33 90/90 29/29
f 11/11 68/68 39/39
f 65/65 65/65 94/94
f 1/1 128/128 122/122
f 88/88 47/47 20/20
f 62/62 67/67 71/71
f 54/54 39/39 43/43
f 108/108 21/21 15/15
f 35/35 81/81 54/54
f 67/67 35/35 111/111
f 83/83 74/74 29/29
f 59/59 68/68 84/84
f 61/61 95/95 1/1
f 13/13 56/56 128/128
f 106/106 124/124 28/28
f 58/58 27/27 123/123
f 47/47 128/128 122/122
f 16/16 5/5 1/1
f 49/49 89/89 126/126
f 40/40 41/41 17/17
f 1/1 1/1 1/1
f 47/47 56/56 81/81
f 99/99 118/118 99/99
f 66/66 128/128 122/122
f 57/57 33/33 71/71
f 62/62 19/19 111/111
f 10/10 43/43 17/17
f 88/88 33/33 34/34
f 4/4 15/15 27/27
f 32/32 33/33 1/1
f 55/55 79/79 4/4
f 122/122 25/25 97/97
f 82/82 75/75 27/27
f 48/48 2/2 2/2
f 39/39 123/123 68/68
f 15/15 43/43 93/93
f 1/1 86/86 83/83
f 110/110 108/108 33/33
f 34/34 115/115 55/55
f 20/20 55/55 57/57
f 49/49 85/85 6/6
f 125/125 46/46 78/78
f 128/128 25/25 1/1
f 101/101 88/88 15/15
f 121/121 27/27 36/36
f 54/54 91/91 5/5
f 11/11 24/24 47/47
f 30/30 69/69 61/61
f 39/39 52/52 100/100
f 91/91 84/84 116/116
f 68/68 88/88 87/87
f 41/41 82/82 17/17
f 81/81 22/22 38/38
f 23/23 49/49 26/26
f 8/8 2/2 1/1
f 111/111 10/10 38/38
f 63/63 93/93 81/81
f 65/65 69/69 1/1
f 2/2 38/38 83/83
f 81/81 65/65 31/31
f 45/45 106/106 35/35
f 19/19 68/68 69/69
f 82/82 40/40 36/36
f 28/28 34/34 12/12
f 13/13 16/16 2/2
f 36/36 73/73 23/23
f 127/127 64/64 7/7
f 46/46 19/19 41/41
f 63/63 93/93 92/92
f 86/86 49/49 45/45
f 24/24 41/41 115/115
f 116/116 119/119 120/120
f 74/74 91/91 51/51
f 41/41 104/104 71/71
f 92/92 94/94 7/7
f 23/23 124/124 50/50
f 34/34 33/33 117/117
f 119/119 120/120 27/27
f 7/7 41/41 110/110
f 76/76 92/92 37/37
f 31/31 76/76 116/116
f 41/41 69/69 82/82
f 9/9 58/58 38/38
f 83/83 27/27 25/25
f 101/101 51/51 76/76
f 49/49 42/42 92/92
f 53/53 71/71 70/70
f 7/7 92/92 23/23
f 48/48 94/94 78/78
f 19/19 10/10 43/43
f 72/72 50/50 56/56
f 86/86 105/105 103/103
f 13/13 104/104 11/11
f 103/103 98/98 85/85
f 67/67 72/72 78/78
f 1/1 97/97 69/69
f 74/74 68/68 33/33
f 40/40 11/11 10/10
f 44/44 117/117 83/83
f 22/22 92/92 128/128
f 69/69 109/109 85/85
f 94/94 41/41 23/23
f 18/18 16/16 128/128
f 10/10 55/55 128/128
f 50/50 82/82 85/85
f 24/24 128/128 128/128
f 82/82 107/107 13/13
f 75/75 52/52 40/40
f 58/58 43/43 44/44
f 119/119 11/11 114/114
f 26/26 119/119 128/128
f 98/98 97/97 48/48
f 112/112 112/112 70/70
f 41/41 118/118 88/88
f 50/50 32/32 78/78
f 52/52 59/59 50/50
f 1/1 121/121 81/81
f 97/97 10/10 53/53
f 8/8 30/30 49/49
f 94/94 27/27 87/87
f 36/36 16/16 29/29
f 15/15 104/104 128/128
f 43/43 31/31 35/35
f 23/23 127/127 81/81
f 49/49 85/85 19/19
f 65/65 113/113 67/67
f 81/81 61/61 82/82
f 2/2 55/55 95/95
f 9/9 43/43 24/24
f 51/51 81/81 94/94
f 80/80 21/21 22/22
f 73/73 43/43 84/84
f 119/119 118/118 36/36
f 127/127 112/112 17/17
f 66/66 98/98 85/85
f 12/12 64/64 104/104
f 54/54 26/26 85/85
f 119/119 18/18 62/62
f 83/83 44/44 112/112
f 7/7 67/67 65/65
f 44/44 59/59 83/83
f 35/35 73/73 128/128
f 76/76 120/120 127/127
f 68/68 73/73 33/33
f 69/69 107/107 25/25
f 46/46 82/82 78/78
f 81/81 70/70 22/22
f 33/33 97/97 88/88
f 4/4 105/105 128/128
f 68/68 106/106 13/13
f 69/69 31/31 9/9
f 123/123 77/77 1/1
f 54/54 83/83 119/119
f 81/81 119/119 32/32
f 8/8 40/40 62/62
f 117/117 92/92 128/128
f 127/127 51/51 11/11
f 105/105 52/52 3/3
f 6/6 16/16 127/127
f 40/40 91/91 108/108
f 27/27 5/5 4/4
f 65/65 93/93 19/19
f 98/98 121/121 33/33
f 128/128 122/122 25/25
f 128/128 8/8 21/21
f 58/58 126/126 96/96
f 76/76 37/37 54/54
f 101/101 93/93 47/47
f 68/68 9/9 96/96
f 9/9 100/100 120/120
f 89/89 16/16 106/106
f 115/115 73/73 100/100
f 31/31 128/128 14/14
f 62/62 33/33 128/128
f 116/116 7/7 122/122
f 97/97 53/53 67/67
f 89/89 83/83 105/105
f 125/125 111/111 112/112
f 96/96 108/108 64/64
f 30/30 120/120 52/52
f 47/47 9/9 124/124
f 120/120 106/106 44/44
f 49/49 70/70 107/107
f 38/38 107/107 48/48
f 5/5 91/91 36/36
f 113/113 106/106 98/98
f 59/59 65/65 1/1
f 1/1 126/126 105/105
f 49/49 33/33 48/48
f 63/63 114/114 102/102
f 5/5 80/80 34/34
f 43/43 15/15 6/6
f 49/49 104/104 127/127
f 122/122 102/102 96/96
f 69/69 25/25 109/109
f 1/1 115/115 113/113
f 73/73 118/118 43/43
f 25/25 88/88 27/27
f 3/3 78/78 57/57
f 25/25 65/65 52/52
f 50/50 35/35 79/79
f 21/21 7/7 6/6
f 18/18 24/24 123/123
f 13/13 105/105 26/26
f 27/27 83/83 44/44
f 47/47 86/86 77/77
f 42/42 64/64 125/125
f 25/25 69/69 33/33
f 56/56 56/56 55/55
f 37/37 95/95 75/75
f 37/37 12/12 6/6
f 52/52 81/81 37/37
f 3/3 6/6 34/34
f 67/67 64/64 71/71
f 41/41 6/6 52/52
f 128/128 122/122 25/25
f 99/99 91/91 120/120
f 45/45 67/67 66/66
f 72/72 47/47 97/97
f 61/61 117/117 4/4
f 58/58 96/96 42/42
f 64/64 68/68 49/49
f 9/9 90/90 21/21
f 102/102 77/77 128/128
f 25/25 97/97 98/98
f 128/128 122/122 26/26
f 101/101 10/10 122/122
f 56/56 117/117 81/81
f 35/35 17/17 97/97
f 44/44 62/62 4/4
f 66/66 9/9 34/34
f 66/66 5/5 22/22
f 5/5 68/68 36/36
f 61/61 124/124 91/91
f 77/77 65/65 43/43
f 114/114 113/113 23/23
f 64/64 50/50 104/104
f 92/92 128/128 122/122
f 1/1 101/101 43/43
f 121/121 15/15 34/34
f 100/100 49/49 128/128
f 26/26 97/97 89/89
f 71/71 4/4 101/101
f 104/104 56/56 118/118
f 60/60 12/12 9/9
f 128/128 88/88 52/52
f 89/89 88/88 107/107
f 95/95 85/85 49/49
f 109/109 43/43 46/46
f 7/7 80/80 14/14
f 67/67 119/119 79/79
f 84/84 11/11 117/117
f 34/34 91/91 1/1
f 114/114 38/38 10/10
f 31/31 29/29 25/25
f 68/68 117/117 84/84
f 33/33 3/3 53/53
f 111/111 78/78 127/127
f 22/22 25/25 12/12
f 16/16 42/42 103/103
f 106/106 109/109 119/119
f 107/107 93/93 31/31
f 69/69 45/45 37/37
f 1/1 12/12 36/36
f 42/42 45/45 49/49
f 113/113 90/90 22/22
f 11/11 9/9 31/31
f 17/17 98/98 51/51
f 113/113 19/19 106/106
f 39/39 28/28 14/14
f 46/46 78/78 42/42
f 23/23 17/17 112/112
f 46/46 22/22 48/48
f 15/15 80/80 82/82
f 34/34 25/25 13/13
f 16/16 19/19 49/49
f 111/111 49/49 32/32
f 32/32 41/41 49/49
f 20/20 9/9 23/23
f 45/45 95/95 74/74
f 61/61 54/54 36/36
f 98/98 30/30 22/22
f 13/13 108/108 25/25
f 61/61 11/11 17/17
f 33/33 122/122 93/93
f 112/112 57/57 47/47
f 50/50 39/39 125/125
f 76/76 122/122 5/5
f 35/35 98/98 123/123
f 108/108 88/88 36/36
f 1/1 45/45 21/21
f 26/26 125/125 31/31
f 127/127 84/84 33/33
f 128/128 92/92 116/116
f 61/61 24/24 128/128
f 108/108 112/112 11/11
f 60/60 83/83 92/92
f 115/115 73/73 15/15
f 81/81 116/116 61/61
f 78/78 15/15 117/117
f 86/86 106/106 128/128
f 1/1 128/128 122/122
f 35/35 43/43 65/65
f 27/27 87/87 83/83
f 51/51 100/100 85/85
f 77/77 59/59 95/95
f 25/25 101/101 98/98
f 114/114 120/120 102/102
f 3/3 103/103 25/25
f 3/3 29/29 7/7
f 5/5 5/5 7/7
f 12/12 53/53 88/88
f 2/2 80/80 27/27
f 32/32 35/35 51/51
f 96/96 92/92 47/47
f 5/5 68/68 18/18
f 6/6 91/91 34/34
f 96/96 124/124 39/39
f 37/37 35/35 40/40
f 43/43 47/47 7/7
f 64/64 128/128 128/128
f 64/64 128/128 128/128
f 78/78 109/109 66/66
f 46/46 17/17 21/21
f 20/20 19/19 91/91
f 80/80 128/128 100/100
f 2/2 5/5 72/72
f 76/76 127/127 26/26
f 78/78 2/2 31/31
f 103/103 84/84 14/14
f 82/82 76/76 22/22
f 33/33 65/65 36/36
f 109/109 98/98 65/65
f 73/73 11/11 10/10
f 79/79 36/36 8/8
f 20/20 119/119 33/33
f 87/87 38/38 29/29
f 10/10 123/123 38/38
f 10/10 63/63 110/110
f 24/24 98/98 43/43
f 93/93 58/58 96/96
f 128/128 128/128 14/14
f 67/67 66/66 83/83
f 15/15 62/62 23/23
f 78/78 90/90 15/15
f 73/73 2/2 46/46
f 122/122 25/25 97/97
f 2/2 44/44 94/94
f 64/64 68/68 17/17
f 52/52 78/78 72/72
f 104/104 67/67 46/46
f 73/73 58/58 128/128
f 69/69 3/3 85/85
f 118/118 35/35 21/21
f 17/17 117/117 96/96
f 84/84 93/93 106/106
f 103/103 87/87 14/14
f 21/21 38/38 111/111
f 24/24 122/122 88/88
f 47/47 80/80 84/84
f 124/124 111/111 16/16
f 19/19 39/39 1/1
f 3/3 50/50 118/118
f 87/87 70/70 118/118
f 97/97 6/6 123/123
f 128/128 122/122 26/26
f 23/23 127/127 117/117
f 12/12 123/123 84/84
f 91/91 51/51 87/87
f 90/90 32/32 123/123
f 122/122 43/43 73/73
f 43/43 70/70 103/103
f 80/80 22/22 65/65
f 43/43 65/65 120/120
f 108/108 119/119 15/15
f 18/18 19/19 57/57
f 35/35 47/47 52/52
f 97/97 100/100 97/97
f 89/89 11/11 128/128
f 1/1 125/125 65/65
f 42/42 85/85 64/64
f 65/65 8/8 27/27
f 33/33 18/18 43/43
f 50/50 82/82 68/68
f 36/36 101/101 7/7
f 12/12 65/65 12/12
f 75/75 46/46 29/29
f 48/48 38/38 40/40
f 97/97 87/87 65/65
f 11/11 106/106 10/10
f 111/111 87/87 113/113
f 83/83 105/105 49/49
f 73/73 51/51 21/21
f 59/59 68/68 43/43
f 18/18 104/104 7/7
f 1/1 1/1 58/58
f 36/36 10/10 114/114
f 20/20 14/14 40/40
f 80/80 29/29 104/104
f 21/21 54/54 32/32
f 101/101 95/95 34/34
f 102/102 74/74 67/67
f 97/97 15/15 17/17
f 105/105 45/45 86/86
f 1/1 81/81 1/1
f 65/65 109/109 73/73
f 19/19 2/2 10/10
f 4/4 59/59 56/56
f 67/67 110/110 80/80
f 120/120 84/84 26/26
f 36/36 116/116 103/103
f 106/106 31/31 53/53
f 11/11 126/126 120/120
f 70/70 76/76 38/38
f 4/4 34/34 52/52
f 104/104 6/6 22/22
f 82/82 5/5 121/121
f 1/1 80/80 35/35
f 64/64 33/33 5/5
f 57/57 33/33 1/1
f 43/43 10/10 73/73
f 97/97 29/29 11/11
f 96/96 121/121 15/15
f 5/5 17/17 7/7
f 66/66 107/107 13/13
f 22/22 128/128 122/122
f 7/7 68/68 8/8
f 105/105 3/3 4/4
f 70/70 128/128 122/122
f 115/115 111/111 99/99
f 106/106 128/128 128/128
f 65/65 65/65 73/73
f 42/42 25/25 11/11
f 128/128 122/122 25/25
f 21/21 93/93 80/80
f 78/78 87/87 120/120
f 3/3 41/41 8/8
f 22/22 23/23 101/101
f 68/68 93/93 19/19
f 73/73 114/114 38/38
f 62/62 49/49 4/4
f 1/1 77/77 66/66
f 1/1 1/1 57/57
f 49/49 18/18 4/4
f 67/67 34/34 128/128
f 26/26 97/97 51/51
f 11/11 97/97 61/61
f 122/122 91/91 62/62
f 46/46 97/97 14/14
f 76/76 16/16 37/37
f 102/102 127/127 128/128
f 1/1 122/122 62/62
f 4/4 67/67 90/90
f 87/87 41/41 28/28
f 44/44 119/119 7/7
f 124/124 126/126 112/112
f 21/21 69/69 87/87
f 62/62 125/125 109/109
f 45/45 124/124 109/109
f 54/54 48/48 96/96
f 108/108 64/64 77/77
f 65/65 65/65 92/92
f 21/21 18/18 102/102
f 70/70 123/123 96/96
f 126/126 21/21 128/128
f 65/65 65/65 72/72
f 14/14 10/10 23/23
f 54/54 8/8 42/42
f 80/80 8/8 119/119
f 82/82 120/120 33/33
f 65/65 65/65 75/75
f 28/28 81/81 81/81
f 28/28 65/65 33/33
f 65/65 65/65 77/77
f 1/1 128/128 122/122
f 49/49 1/1 81/81
f 27/27 115/115 21/21
f 28/28 93/93 82/82
f 48/48 42/42 107/107
f 38/38 35/35 122/122
f 50/50 36/36 73/73
f 48/48 123/123 27/27
f 42/42 61/61 43/43
f 8/8 39/39 116/116
f 51/51 78/78 46/46
f 54/54 3/3 55/55
f 4/4 68/68 102/102
f 65/65 65/65 77/77
f 125/125 76/76 120/120
f 115/115 40/40 88/88
f 69/69 121/121 45/45
f 65/65 65/65 76/76
f 1/1 128/128 122/122
f 87/87 30/30 41/41
f 17/17 7/7 2/2
f 109/109 70/70 10/10
f 17/17 103/103 19/19
f 47/47 100/100 82/82
f 10/10 41/41 37/37
f 75/75 81/81 90/90
f 59/59 110/110 123/123
f 54/54 73/73 35/35
f 60/60 126/126 111/111
f 16/16 97/97 51/51
f 113/113 127/127 21/21
f 4/4 84/84 57/57
f 7/7 79/79 55/55
f 121/121 3/3 116/116
f 78/78 111/111 20/20
f 50/50 96/96 105/105
f 39/39 30/30 1/1
f 65/65 65/65 76/76
f 107/107 61/61 67/67
f 7/7 5/5 30/30
f 65/65 65/65 74/74
f 125/125 41/41 68/68
f 44/44 62/62 84/84
f 43/43 3/3 30/30
f 104/104 105/105 56/56
f 60/60 112/112 6/6
f 3/3 53/53 70/70
f 29/29 81/81 95/95
f 8/8 68/68 94/94
f 89/89 123/123 33/33
f 89/89 77/77 2/2
f 96/96 114/114 33/33
f 83/83 102/102 115/115
f 127/127 89/89 67/67
f 65/65 65/65 80/80
f 48/48 78/78 42/42
f 11/11 51/51 5/5
f 40/40 109/109 14/14
f 1/1 2/2 19/19
f 104/104 114/114 28/28
f 36/36 38/38 68/68
f 109/109 41/41 25/25
f 65/65 107/107 74/74
f 77/77 77/77 116/116
f 65/65 53/53 22/22
f 87/87 21/21 29/29
f 45/45 124/124 2/2
f 22/22 41/41 16/16
f 43/43 83/83 111/111
f 106/106 118/118 88/88
f 108/108 61/61 101/101
f 87/87 54/54 25/25
f 49/49 1/1 99/99
f 57/57 63/63 65/65
f 15/15 7/7 49/49
f 73/73 2/2 65/65
f 65/65 65/65 88/88
f 1/1 128/128 122/122
f 80/80 65/65 109/109
f 65/65 65/65 87/87
f 1/1 128/128 122/122
f 35/35 61/61 9/9
f 22/22 18/18 9/9
f 28/28 128/128 112/112
f 50/50 1/1 7/7
f 90/90 83/83 111/111
f 102/102 70/70 3/3
f 4/4 114/114 54/54
f 99/99 34/34 40/40
f 32/32 117/117 72/72
f 113/113 92/92 115/115
f 1/1 52/52 107/107
f 7/7 74/74 84/84
f 110/110 120/120 67/67
f 9/9 13/13 114/114
f 52/52 38/38 21/21
f 49/49 116/116 112/112
f 111/111 94/94 128/128
f 18/18 65/65 73/73
f 21/21 8/8 32/32
f 116/116 69/69 4/4
f 25/25 108/108 30/30
f 11/11 39/39 97/97
f 91/91 44/44 38/38
f 52/52 58/58 23/23
f 128/128 122/122 25/25
f 26/26 94/94 11/11
f 120/120 40/40 126/126
f 65/65 31/31 29/29
f 81/81 60/60 85/85
f 73/73 96/96 64/64
f 63/63 87/87 128/128
f 34/34 19/19 41/41
f 70/70 49/49 112/112
f 63/63 19/19 87/87
f 103/103 120/120 103/103
f 5/5 59/59 29/29
f 57/57 18/18 101/101
f 77/77 77/77 77/77
f 67/67 74/74 84/84
f 53/53 42/42 63/63
f 101/101 84/84 27/27
f 71/71 100/100 30/30
f 1/1 113/113 126/126
f 92/92 106/106 76/76
f 36/36 83/83 86/86
f 52/52 48/48 89/89
f 6/6 128/128 81/81
f 37/37 58/58 97/97
f 70/70 36/36 16/16
f 111/111 23/23 38/38
f 65/65 65/65 78/78
f 52/52 53/53 59/59
f 67/67 2/2 37/37
f 102/102 33/33 58/58
f 37/37 11/11 36/36
f 10/10 43/43 41/41
f 103/103 59/59 103/103
f 109/109 59/59 122/122
f 108/108 79/79 108/108
f 113/113 99/99 87/87
f 74/74 41/41 113/113
f 25/25 77/77 10/10
f 113/113 87/87 22/22
f 111/111 69/69 77/77
f 66/66 109/109 36/36
f 117/117 74/74 103/103
f 87/87 101/101 4/4
f 2/2 42/42 110/110
f 77/77 11/11 7/7
f 84/84 37/37 54/54
f 21/21 33/33 51/51
f 78/78 120/120 13/13
f 124/124 87/87 52/52
f 7/7 10/10 107/107
f 89/89 65/65 20/20
f 5/5 38/38 47/47
f 51/51 56/56 64/64
f 28/28 128/128 128/128
f 72/72 15/15 33/33
f 6/6 61/61 73/73
f 71/71 7/7 88/88
f 47/47 120/120 67/67
f 9/9 74/74 90/90
f 104/104 85/85 49/49
f 68/68 100/100 40/40
f 45/45 2/2 17/17
f 108/108 128/128 64/64
f 37/37 49/49 71/71
f 77/77 99/99 64/64
f 89/89 120/120 9/9
f 79/79 18/18 107/107
f 64/64 3/3 7/7
f 12/12 5/5 101/101
f 27/27 71/71 122/122
f 80/80 58/58 38/38
f 54/54 29/29 97/97
f 73/73 23/23 81/81
f 121/121 49/49 27/27
f 97/97 23/23 105/105
f 78/78 59/59 84/84
f 39/39 70/70 87/87
f 13/13 71/71 91/91
f 2/2 58/58 64/64
f 122/122 25/25 101/101
f 66/66 98/98 6/6
f 35/35 42/42 68/68
f 64/64 128/128 128/128
f 46/46 4/4 39/39
f 125/125 54/54 2/2
f 65/65 65/65 78/78
f 88/88 7/7 68/68
f 15/15 10/10 103/103
f 121/121 90/90 83/83
f 84/84 79/79 48/48
f 65/65 65/65 78/78
f 76/76 82/82 44/44
f 120/120 56/56 62/62
f 36/36 9/9 87/87
f 1/1 77/77 53/53
f 5/5 116/116 79/79
f 104/104 34/34 41/41
f 50/50 67/67 19/19
f 76/76 128/128 86/86
f 70/70 66/66 101/101
f 33/33 52/52 111/111
f 21/21 5/5 102/102
f 121/121 86/86 109/109
f 112/112 76/76 87/87
f 13/13 36/36 99/99
f 41/41 37/37 62/62
f 101/101 41/41 128/128
f 107/107 62/62 54/54
f 95/95 110/110 13/13
f 91/91 78/78 97/97
f 65/65 65/65 82/82
f 1/1 128/128 122/122
f 113/113 102/102 110/110
f 17/17 97/97 22/22
f 74/74 78/78 58/58
f 59/59 54/54 119/119
f 19/19 115/115 115/115
f 17/17 16/16 83/83
f 63/63 15/15 55/55
f 108/108 64/64 52/52
f 15/15 96/96 3/3
f 65/65 65/65 75/75
f 65/65 65/65 111/111
f 6/6 75/75 1/1
f 15/15 13/13 60/60
f 63/63 124/124 91/91
f 63/63 128/128 122/122
f 60/60 43/43 87/87
f 96/96 75/75 61/61
f 65/65 65/65 75/75
f 1/1 75/75 1/1
f 60/60 33/33 85/85
f 65/65 65/65 101/101
f 99/99 20/20 16/16
f 12/12 69/69 33/33
f 56/56 128/128 108/108
f 5/5 103/103 48/48
f 4/4 89/89 112/112
f 23/23 58/58 118/118
f 117/117 53/53 86/86
f 53/53 107/107 27/27
f 3/3 128/128 52/52
f 13/13 121/121 85/85
f 5/5 64/64 109/109
f 51/51 118/118 112/112
f 122/122 25/25 97/97
f 3/3 55/55 19/19
f 39/39 74/74 86/86
f 94/94 90/90 88/88
f 17/17 124/124 86/86
f 115/115 50/50 25/25
f 62/62 1/1 1/1
f 65/65 5/5 65/65
f 79/79 28/28 100/100
f 109/109 116/116 108/108
f 35/35 7/7 75/75
f 6/6 128/128 127/127
f 92/92 111/111 94/94
f 92/92 5/5 111/111
f 57/57 102/102 34/34
f 119/119 8/8 7/7
f 126/126 128/128 96/96
f 59/59 88/88 3/3
f 113/113 107/107 89/89
f 102/102 17/17 15/15
f 91/91 41/41 92/92
f 128/128 122/122 25/25
f 38/38 81/81 41/41
f 34/34 99/99 28/28
f 65/65 65/65 84/84
f 25/25 56/56 49/49
f 40/40 123/123 41/41
f 37/37 112/112 72/72
f 65/65 65/65 105/105
f 121/121 21/21 57/57
f 19/19 39/39 100/100
f 84/84 108/108 63/63
f 21/21 69/69 54/54
f 40/40 46/46 117/117
f 57/57 8/8 17/17
f 7/7 39/39 39/39
f 39/39 60/60 5/5
f 118/118 46/46 46/46
f 36/36 115/115 34/34
f 73/73 78/78 52/52
f 95/95 41/41 38/38
f 81/81 106/106 85/85
f 104/104 68/68 37/37
f 16/16 59/59 58/58
f 4/4 26/26 5/5
f 72/72 64/64 112/112
f 59/59 23/23 11/11
f 118/118 16/16 87/87
f 6/6 66/66 124/124
f 28/28 128/128 32/32
f 56/56 70/70 44/44
f 51/51 108/108 39/39
f 1/1 3/3 65/65
f 122/122 117/117 12/12
f 65/65 65/65 75/75
f 1/1 128/128 122/122
f 33/33 69/69 82/82
f 70/70 76/76 87/87
f 42/42 39/39 1/1
f 70/70 68/68 92/92
f 18/18 33/33 106/106
f 91/91 126/126 128/128
f 65/65 65/65 76/76
f 65/65 81/81 53/53
f 31/31 115/115 33/33
f 115/115 53/53 55/55
f 65/65 65/65 75/75
f 1/1 3/3 83/83
f 53/53 60/60 83/83
f 56/56 67/67 75/75
f 65/65 65/65 72/72
f 65/65 65/65 73/73
f 1/1 128/128 122/122
f 128/128 72/72 114/114
f 23/23 33/33 51/51
f 7/7 100/100 126/126
f 80/80 63/63 117/117
f 105/105 7/7 27/27
f 65/65 65/65 77/77
f 17/17 70/70 119/119
f 42/42 42/42 51/51
f 105/105 111/111 67/67
f 36/36 106/106 8/8
f 22/22 128/128 122/122
f 97/97 121/121 8/8
f 83/83 58/58 104/104
f 29/29 87/87 118/118
f 72/72 123/123 68/68
f 18/18 41/41 99/99
f 64/64 18/18 32/32
f 10/10 54/54 119/119
f 102/102 64/64 5/5
f 117/117 11/11 112/112
f 125/125 106/106 86/86
f 10/10 64/64 52/52
f 106/106 81/81 102/102
f 15/15 41/41 69/69
f 112/112 66/66 28/28
f 17/17 21/21 113/113
f 21/21 83/83 19/19
f 99/99 1/1 70/70
f 44/44 39/39 110/110
f 35/35 99/99 72/72
f 52/52 67/67 35/35
f 61/61 68/68 76/76
f 21/21 8/8 90/90
f 11/11 112/112 91/91
f 25/25 114/114 82/82
f 1/1 120/120 19/19
f 86/86 85/85 125/125
f 105/105 7/7 76/76
f 74/74 75/75 96/96
f 107/107 102/102 128/128
f 13/13 58/58 35/35
f 5/5 72/72 11/11
f 66/66 41/41 94/94
f 112/112 20/20 120/120
f 128/128 58/58 45/45
f 22/22 97/97 9/9
f 6/6 92/92 7/7
f 92/92 68/68 60/60
f 118/118 128/128 122/122
f 89/89 13/13 85/85
f 114/114 112/112 61/61
f 1/1 86/86 128/128
f 107/107 94/94 25/25
f 50/50 30/30 65/65
f 54/54 106/106 94/94
f 123/123 2/2 128/128
f 46/46 89/89 61/61
f 7/7 100/100 13/13
f 54/54 76/76 1/1
f 22/22 18/18 38/38
f 43/43 24/24 9/9
f 66/66 128/128 122/122
f 85/85 91/91 19/19
f 49/49 116/116 70/70
f 49/49 59/59 68/68
f 67/67 71/71 128/128
f 99/99 50/50 41/41
f 79/79 14/14 23/23
f 26/26 51/51 98/98
f 128/128 73/73 115/115
f 15/15 40/40 12/12
f 76/76 102/102 113/113
f 10/10 1/1 128/128
f 29/29 7/7 86/86
f 97/97 87/87 1/1
f 57/57 58/58 79/79
f 26/26 128/128 122/122
f 97/97 114/114 12/12
f 3/3 92/92 10/10
f 22/22 128/128 40/40
f 72/72 127/127 29/29
f 65/65 65/65 76/76
f 36/36 26/26 93/93
f 67/67 100/100 102/102
f 65/65 65/65 80/80
f 34/34 17/17 13/13
f 31/31 118/118 48/48
f 65/65 65/65 81/81
f 1/1 128/128 122/122
f 69/69 56/56 86/86
f 128/128 86/86 18/18
f 18/18 118/118 55/55
f 106/106 124/124 42/42
f 23/23 16/16 97/97
f 20/20 128/128 3/3
f 103/103 51/51 117/117
f 1/1 121/121 81/81
f 87/87 54/54 18/18
f 20/20 96/96 117/117
f 56/56 5/5 71/71
f 13/13 96/96 27/27
f 12/12 81/81 33/33
f 57/57 2/2 7/7
f 87/87 23/23 102/102
f 107/107 103/103 99/99
f 71/71 89/89 124/124
f 65/65 65/65 72/72
f 84/84 81/81 83/83
f 88/88 119/119 70/70
f 82/82 37/37 8/8
f 22/22 25/25 73/73
f 111/111 11/11 48/48
f 128/128 116/116 26/26
f 17/17 15/15 74/74
f 12/12 17/17 34/34
f 76/76 28/28 7/7
f 102/102 51/51 112/112
f 124/124 3/3 95/95
f 38/38 43/43 128/128
f 82/82 18/18 17/17
f 97/97 17/17 113/113
f 83/83 69/69 29/29
f 113/113 57/57 76/76
f 67/67 69/69 78/78
f 122/122 25/25 97/97
f 19/19 96/96 45/45
f 110/110 88/88 13/13
f 112/112 94/94 77/77
f 119/119 59/59 89/89
f 67/67 46/46 61/61
f 128/128 122/122 25/25
f 69/69 10/10 13/13
f 102/102 68/68 105/105
f 58/58 10/10 81/81
f 23/23 1/1 61/61
f 45/45 33/33 39/39
f 37/37 43/43 62/62
f 84/84 66/66 87/87
f 108/108 126/126 75/75
f 21/21 75/75 15/15
f 16/16 113/113 94/94
f 64/64 69/69 57/57
f 91/91 33/33 43/43
f 54/54 9/9 108/108
f 82/82 83/83 43/43
f 77/77 127/127 45/45
f 76/76 47/47 127/127
f 83/83 57/57 78/78
f 55/55 45/45 123/123
f 118/118 67/67 98/98
f 27/27 127/127 9/9
f 113/113 73/73 72/72
f 20/20 47/47 48/48
f 76/76 63/63 122/122
f 5/5 117/117 63/63
f 76/76 51/51 23/23
f 107/107 93/93 84/84
f 88/88 94/94 16/16
f 113/113 20/20 51/51
f 11/11 24/24 97/97
f 28/28 9/9 82/82
f 32/32 85/85 117/117
f 88/88 56/56 35/35
f 127/127 46/46 128/128
f 59/59 41/41 92/92
f 53/53 62/62 108/108
f 29/29 14/14 44/44
f 100/100 18/18 64/64
f 4/4 106/106 121/121
f 33/33 66/66 106/106
f 110/110 98/98 117/117
f 38/38 31/31 33/33
f 68/68 96/96 123/123
f 13/13 34/34 5/5
f 117/117 18/18 100/100
f 55/55 103/103 26/26
f 13/13 2/2 127/127
f 10/10 128/128 122/122
f 86/86 21/21 128/128
f 87/87 117/117 87/87
f 65/65 65/65 76/76
f 1/1 39/39 115/115
f 118/118 18/18 87/87
f 72/72 127/127 89/89
f 83/83 73/73 14/14
f 46/46 20/20 44/44
f 94/94 42/42 44/44
f 86/86 21/21 20/20
f 48/48 118/118 126/126
f 105/105 128/128 122/122
f 52/52 81/81 38/38
f 68/68 13/13 114/114
f 64/64 56/56 2/2
f 2/2 7/7 2/2
f 101/101 97/97 83/83
f 106/106 66/66 4/4
f 113/113 50/50 117/117
f 56/56 111/111 43/43
f 48/48 68/68 54/54
f 116/116 103/103 128/128
f 74/74 9/9 95/95
f 88/88 64/64 106/106
f 33/33 103/103 40/40
f 97/97 98/98 4/4
f 57/57 28/28 100/100
f 26/26 69/69 49/49
f 90/90 106/106 96/96
f 94/94 79/79 110/110
f 20/20 100/100 105/105
f 22/22 51/51 10/10
f 65/65 72/72 87/87
f 24/24 54/54 123/123
f 83/83 128/128 122/122
f 74/74 12/12 71/71
f 29/29 30/30 9/9
f 19/19 94/94 13/13
f 38/38 63/63 83/83
f 2/2 83/83 88/88
f 89/89 39/39 24/24
f 101/101 34/34 119/119
f 35/35 18/18 45/45
f 90/90 12/12 100/100
f 49/49 123/123 127/127
f 80/80 38/38 117/117
f 38/38 5/5 89/89
f 1/1 6/6 109/109
f 102/102 77/77 12/12
f 33/33 89/89 80/80
f 84/84 52/52 128/128
f 25/25 97/97 106/106
f 121/121 90/90 58/58
f 88/88 112/112 44/44
f 16/16 89/89 3/3
f 42/42 13/13 43/43
f 1/1 3/3 37/37
f 71/71 94/94 99/99
f 88/88 68/68 35/35
f 108/108 95/95 9/9
f 73/73 95/95 71/71
f 14/14 89/89 1/1
f 5/5 73/73 110/110
f 9/9 57/57 128/128
f 25/25 97/97 85/85
f 46/46 91/91 15/15
f 69/69 30/30 30/30
f 30/30 42/42 128/128
f 116/116 34/34 9/9
f 128/128 52/52 35/35
f 40/40 117/117 24/24
f 65/65 65/65 84/84
f 6/6 6/6 13/13
f 5/5 32/32 94/94
f 61/61 1/1 27/27
f 65/65 65/65 74/74
f 1/1 128/128 122/122
f 15/15 73/73 119/119
f 17/17 44/44 69/69
f 120/120 15/15 21/21
f 65/65 34/34 19/19
f 27/27 65/65 100/100
f 9/9 58/58 8/8
f 65/65 65/65 79/79
f 1/1 128/128 122/122
f 120/120 72/72 4/4
f 101/101 93/93 85/85
f 3/3 74/74 8/8
f 18/18 103/103 32/32
f 15/15 67/67 6/6
f 18/18 81/81 85/85
f 66/66 11/11 85/85
f 109/109 82/82 92/92
f 109/109 103/103 29/29
f 43/43 128/128 52/52
f 77/77 73/73 1/1
f 3/3 72/72 122/122
f 41/41 109/109 92/92
f 53/53 121/121 11/11
f 10/10 128/128 128/128
f 62/62 87/87 49/49
f 21/21 75/75 47/47
f 38/38 22/22 78/78
f 68/68 112/112 60/60
f 65/65 65/65 65/65
f 107/107 56/56 42/42
f 128/128 122/122 25/25
f 13/13 19/19 125/125
f 123/123 39/39 64/64
f 45/45 24/24 91/91
f 11/11 8/8 95/95
f 97/97 1/1 71/71
f 39/39 112/112 128/128
f 117/117 24/24 110/110
f 116/116 26/26 120/120
f 2/2 35/35 76/76
f 33/33 78/78 89/89
f 108/108 54/54 98/98
f 112/112 39/39 49/49
f 71/71 124/124 35/35
f 29/29 69/69 104/104
f 19/19 102/102 21/21
f 59/59 86/86 22/22
f 112/112 32/32 45/45
f 15/15 102/102 104/104
f 34/34 87/87 92/92
f 124/124 76/76 30/30
f 113/113 3/3 102/102
f 128/128 122/122 25/25
f 85/85 8/8 29/29
f 15/15 121/121 41/41
f 109/109 75/75 22/22
f 76/76 119/119 102/102
f 98/98 113/113 38/38
f 75/75 78/78 74/74
f 96/96 35/35 46/46
f 17/17 10/10 48/48
f 11/11 50/50 98/98
f 64/64 42/42 128/128
f 59/59 2/2 31/31
f 84/84 121/121 109/109
f 28/28 127/127 90/90
f 72/72 26/26 117/117
f 90/90 44/44 9/9
f 87/87 27/27 107/107
f 29/29 127/127 55/55
f 67/67 111/111 111/111
f 55/55 56/56 29/29
f 12/12 75/75 23/23
f 2/2 55/55 33/33
f 65/65 73/73 65/65
f 94/94 14/14 16/16
f 1/1 18/18 19/19
f 65/65 2/2 76/76
f 15/15 43/43 65/65
f 55/55 65/65 29/29
f 2/2 65/65 4/4
f 120/120 40/40 46/46
f 63/63 7/7 79/79
f 69/69 77/77 30/30
f 128/128 122/122 25/25
f 36/36 2/2 49/49
f 91/91 13/13 41/41
f 49/49 128/128 128/128
f 37/37 90/90 19/19
f 92/92 3/3 13/13
f 60/60 87/87 110/110
f 73/73 98/98 55/55
f 124/124 107/107 93/93
f 50/50 24/24 60/60
f 26/26 52/52 122/122
f 19/19 65/65 109/109
f 71/71 47/47 124/124
f 37/37 76/76 127/127
f 56/56 37/37 87/87
f 17/17 35/35 125/125
f 79/79 53/53 52/52
f 99/99 54/54 21/21
f 83/83 105/105 85/85
f 97/97 89/89 22/22
f 9/9 74/74 90/90
f 65/65 77/77 76/76
f 64/64 99/99 85/85
f 75/75 74/74 110/110
f 111/111 82/82 32/32
f 17/17 35/35 39/39
f 116/116 83/83 112/112
f 88/88 127/127 10/10
f 56/56 110/110 85/85
f 40/40 43/43 32/32
f 7/7 87/87 103/103
f 37/37 103/103 79/79
f 22/22 37/37 126/126
f 65/65 65/65 85/85
f 49/49 48/48 36/36
f 108/108 91/91 53/53
f 77/77 128/128 83/83
f 124/124 128/128 128/128
f 44/44 39/39 78/78
f 29/29 61/61 52/52
f 100/100 4/4 2/2
f 81/81 55/55 125/125
f 16/16 6/6 93/93
f 3/3 65/65 8/8
f 65/65 58/58 76/76
f 65/65 113/113 89/89
f 47/47 52/52 66/66
f 59/59 11/11 44/44
f 38/38 78/78 68/68
f 31/31 76/76 50/50
f 128/128 122/122 26/26
f 121/121 16/16 99/99
f 98/98 114/114 115/115
f 77/77 128/128 32/32
f 74/74 39/39 103/103
f 65/65 42/42 24/24
f 33/33 51/51 69/69
f 86/86 18/18 11/11
f 55/55 111/111 96/96
f 88/88 30/30 32/32
f 71/71 62/62 65/65
f 16/16 101/101 57/57
f 113/113 19/19 63/63
f 47/47 89/89 10/10
f 39/39 9/9 26/26
f 63/63 85/85 5/5
f 12/12 32/32 9/9
f 83/83 9/9 8/8
f 97/97 111/111 112/112
f 122/122 123/123 7/7
f 52/52 110/110 109/109
f 111/111 68/68 55/55
f 10/10 3/3 115/115
f 94/94 79/79 50/50
f 42/42 124/124 29/29
f 5/5 15/15 78/78
f 110/110 38/38 37/37
f 44/44 37/37 53/53
f 73/73 105/105 50/50
f 72/72 42/42 101/101
f 25/25 62/62 51/51
f 45/45 46/46 65/65
f 3/3 82/82 10/10
f 41/41 108/108 76/76
f 120/120 114/114 117/117
f 64/64 97/97 6/6
f 76/76 43/43 84/84
f 75/75 52/52 51/51
f 27/27 99/99 69/69
f 30/30 12/12 31/31
f 18/18 90/90 108/108
f 53/53 48/48 76/76
f 122/122 25/25 97/97
f 16/16 45/45 91/91
f 33/33 94/94 108/108
f 66/66 84/84 15/15
f 23/23 122/122 33/33
f 65/65 65/65 26/26
f 36/36 123/123 10/10
f 62/62 128/128 122/122
f 23/23 37/37 112/112
f 102/102 69/69 72/72
f 65/65 117/117 23/23
f 18/18 59/59 43/43
f 40/40 93/93 128/128
f 27/27 51/51 73/73
f 77/77 105/105 1/1
f 20/20 29/29 14/14
f 7/7 82/82 19/19
f 111/111 60/60 81/81
f 89/89 56/56 90/90
f 86/86 19/19 90/90
f 69/69 22/22 116/116
f 56/56 90/90 39/39
f 48/48 50/50 63/63
f 1/1 40/40 21/21
f 88/88 84/84 63/63
f 115/115 40/40 28/28
f 54/54 66/66 8/8
f 7/7 101/101 14/14
f 65/65 65/65 76/76
f 64/64 128/128 122/122
f 72/72 99/99 41/41
f 102/102 5/5 25/25
f 125/125 32/32 128/128
f 97/97 57/57 42/42
f 49/49 128/128 122/122
f 26/26 66/66 127/127
f 54/54 42/42 42/42
f 4/4 103/103 47/47
f 52/52 21/21 33/33
f 83/83 127/127 46/46
f 2/2 81/81 26/26
f 3/3 56/56 128/128
f 98/98 107/107 23/23
f 125/125 92/92 53/53
f 55/55 69/69 2/2
f 19/19 91/91 84/84
f 84/84 9/9 104/104
f 27/27 43/43 23/23
f 53/53 70/70 48/48
f 74/74 95/95 43/43
f 23/23 73/73 58/58
f 13/13 26/26 128/128
f 50/50 38/38 48/48
f 45/45 31/31 120/120
f 65/65 65/65 77/77
f 7/7 70/70 13/13
f 4/4 51/51 90/90
f 30/30 23/23 87/87
f 98/98 9/9 85/85
f 54/54 27/27 10/10
f 17/17 123/123 94/94
f 81/81 73/73 107/107
f 113/113 17/17 15/15
f 101/101 91/91 36/36
f 66/66 113/113 17/17
f 65/65 65/65 74/74
f 65/65 65/65 72/72
f 66/66 99/99 2/2
f 7/7 8/8 1/1
f 117/117 97/97 71/71
f 128/128 103/103 56/56
f 8/8 32/32 29/29
f 39/39 52/52 54/54
f 45/45 2/2 15/15
f 62/62 94/94 77/77
f 15/15 2/2 17/17
f 38/38 25/25 6/6
f 99/99 34/34 101/101
f 42/42 117/117 32/32
f 98/98 25/25 47/47
f 126/126 72/72 6/6
f 111/111 56/56 100/100
f 105/105 104/104 56/56
f 76/76 128/128 64/64
f 128/128 122/122 25/25
f 57/57 7/7 103/103
f 35/35 71/71 126/126
f 17/17 64/64 120/120
f 9/9 13/13 47/47
f 91/91 21/21 65/65
f 33/33 25/25 81/81
f 110/110 77/77 128/128
f 68/68 47/47 13/13
f 42/42 29/29 59/59
f 92/92 9/9 1/1
f 65/65 65/65 69/69
f 9/9 51/51 102/102
f 24/24 17/17 1/1
f 1/1 17/17 1/1
f 65/65 65/65 67/67
f 128/128 126/126 105/105
f 35/35 49/49 72/72
f 22/22 14/14 41/41
f 122/122 25/25 101/101
f 47/47 89/89 10/10
f 79/79 75/75 63/63
f 57/57 35/35 128/128
f 33/33 21/21 25/25
f 99/99 79/79 75/75
f 78/78 21/21 18/18
f 112/112 2/2 69/69
f 23/23 98/98 70/70
f 86/86 13/13 114/114
f 22/22 25/25 115/115
f 98/98 26/26 7/7
f 11/11 94/94 85/85
f 58/58 128/128 122/122
f 97/97 97/97 8/8
f 46/46 37/37 110/110
f 15/15 64/64 71/71
f 36/36 94/94 102/102
f 67/67 81/81 3/3
f 66/66 72/72 95/95
f 62/62 87/87 63/63
f 20/20 45/45 23/23
f 63/63 105/105 124/124
f 25/25 5/5 38/38
f 122/122 44/44 52/52
f 26/26 23/23 104/104
f 126/126 107/107 103/103
f 13/13 38/38 4/4
f 34/34 81/81 26/26
f 67/67 66/66 74/74
f 73/73 128/128 128/128
f 26/26 97/97 95/95
f 35/35 43/43 110/110
f 63/63 119/119 23/23
f 88/88 25/25 76/76
f 73/73 84/84 105/105
f 88/88 117/117 67/67
f 64/64 120/120 38/38
f 3/3 94/94 49/49
f 1/1 34/34 118/118
f 114/114 17/17 99/99
f 81/81 106/106 104/104
f 7/7 112/112 65/65
f 32/32 4/4 35/35
f 37/37 118/118 67/67
f 89/89 28/28 6/6
f 40/40 123/123 9/9
f 21/21 119/119 128/128
f 126/126 68/68 75/75
f 119/119 56/56 32/32
f 88/88 106/106 77/77
f 42/42 53/53 18/18
f 52/52 4/4 123/123
f 78/78 101/101 91/91
f 1/1 31/31 31/31
f 1/1 33/33 7/7
f 97/97 48/48 66/66
f 57/57 83/83 49/49
f 3/3 34/34 31/31
f 21/21 124/124 50/50
f 50/50 68/68 11/11
f 86/86 81/81 29/29
f 8/8 47/47 35/35
f 29/29 5/5 72/72
f 114/114 127/127 83/83
f 116/116 115/115 14/14
f 44/44 47/47 24/24
f 30/30 74/74 103/103
f 79/79 115/115 42/42
f 25/25 122/122 70/70
f 27/27 27/27 73/73
f 34/34 60/60 40/40
f 22/22 31/31 3/3
f 90/90 117/117 93/93
f 116/116 85/85 29/29
f 112/112 128/128 122/122
f 71/71 85/85 83/83
f 33/33 96/96 27/27
f 37/37 128/128 122/122
f 21/21 91/91 78/78
f 46/46 27/27 39/39
f 76/76 106/106 16/16
f 122/122 25/25 97/97
f 48/48 120/120 128/128
f 117/117 16/16 25/25
f 72/72 88/88 7/7
f 2/2 68/68 110/110
f 9/9 127/127 2/2
f 80/80 46/46 10/10
f 106/106 87/87 57/57
f 112/112 34/34 15/15
f 78/78 30/30 28/28
f 122/122 25/25 97/97
f 99/99 82/82 68/68
f 97/97 5/5 8/8
f 127/127 4/4 126/126
f 62/62 109/109 38/38
f 108/108 50/50 30/30
f 61/61 101/101 60/60
f 88/88 90/90 56/56
f 18/18 62/62 25/25
f 48/48 128/128 122/122
f 1/1 11/11 56/56
f 17/17 84/84 105/105
f 113/113 9/9 30/30
f 122/122 102/102 19/19
f 119/119 111/111 94/94
f 76/76 30/30 61/61
f 29/29 121/121 81/81
f 91/91 70/70 117/117
f 90/90 118/118 118/118
f 104/104 100/100 82/82
f 3/3 100/100 61/61
f 110/110 128/128 122/122
f 121/121 105/105 1/1
f 37/37 28/28 122/122
f 78/78 64/64 8/8
f 73/73 2/2 10/10
f 69/69 40/40 46/46
f 98/98 25/25 46/46
f 54/54 96/96 127/127
f 24/24 126/126 16/16
f 39/39 97/97 23/23
f 9/9 84/84 108/108
f 47/47 11/11 92/92
f 37/37 80/80 93/93
f 5/5 54/54 128/128
f 39/39 1/1 5/5
f 7/7 35/35 21/21
f 90/90 98/98 103/103
f 73/73 1/1 119/119
f 98/98 119/119 34/34
f 95/95 92/92 8/8
f 47/47 35/35 103/103
f 39/39 70/70 79/79
f 78/78 84/84 128/128
f 55/55 16/16 126/126
f 73/73 102/102 18/18
f 17/17 87/87 100/100
f 103/103 6/6 87/87
f 15/15 107/107 21/21
f 73/73 1/1 21/21
f 40/40 72/72 84/84
f 40/40 47/47 120/120
f 8/8 96/96 54/54
f 96/96 66/66 85/85
f 37/37 121/121 37/37
f 33/33 17/17 58/58
f 26/26 89/89 29/29
f 28/28 2/2 84/84
f 1/1 67/67 1/1
f 74/74 96/96 116/116
f 32/32 128/128 122/122
f 97/97 109/109 9/9
f 95/95 2/2 3/3
f 87/87 121/121 120/120
f 114/114 73/73 105/105
f 13/13 49/49 19/19
f 2/2 29/29 118/118
f 10/10 44/44 124/124
f 122/122 25/25 97/97
f 120/120 29/29 103/103
f 35/35 59/59 52/52
f 127/127 121/121 76/76
f 66/66 89/89 71/71
f 116/116 106/106 94/94
f 51/51 101/101 34/34
f 13/13 10/10 48/48
f 11/11 108/108 27/27
f 67/67 110/110 54/54
f 121/121 96/96 13/13
f 12/12 72/72 73/73
f 49/49 25/25 97/97
f 118/118 124/124 41/41
f 2/2 1/1 97/97
f 43/43 56/56 72/72
f 80/80 75/75 64/64
f 102/102 33/33 9/9
f 17/17 21/21 21/21
f 73/73 23/23 86/86
f 48/48 128/128 122/122
f 12/12 42/42 63/63
f 25/25 121/121 53/53
f 1/1 29/29 4/4
f 116/116 18/18 17/17
f 60/60 108/108 102/102
f 120/120 93/93 27/27
f 110/110 62/62 3/3
f 70/70 47/47 128/128
f 9/9 97/97 2/2
f 106/106 22/22 113/113
f 64/64 128/128 122/122
f 72/72 52/52 116/116
f 41/41 118/118 76/76
f 106/106 101/101 4/4
f 42/42 128/128 119/119
f 72/72 6/6 14/14
f 67/67 101/101 55/55
f 20/20 69/69 3/3
f 118/118 34/34 50/50
f 17/17 36/36 111/111
f 57/57 28/28 52/52
f 27/27 35/35 101/101
f 92/92 30/30 52/52
f 55/55 95/95 122/122
f 49/49 65/65 1/1
f 79/79 39/39 25/25
f 73/73 33/33 53/53
f 30/30 112/112 128/128
f 120/120 45/45 83/83
f 116/116 83/83 96/96
f 5/5 14/14 87/87
f 72/72 22/22 19/19
f 46/46 96/96 106/106
f 65/65 65/65 82/82
f 1/1 128/128 122/122
f 1/1 65/65 11/11
f 101/101 21/21 21/21
f 89/89 37/37 128/128
f 75/75 44/44 26/26
f 89/89 71/71 37/37
f 10/10 18/18 16/16
f 68/68 116/116 89/89
f 10/10 122/122 98/98
f 5/5 32/32 15/15
f 121/121 128/128 58/58
f 9/9 70/70 110/110
f 104/104 5/5 112/112
f 10/10 72/72 114/114
f 18/18 78/78 108/108
f 90/90 105/105 39/39
f 127/127 114/114 34/34
f 40/40 78/78 128/128
f 9/9 94/94 105/105
f 28/28 116/116 29/29
f 45/45 40/40 24/24
f 128/128 128/128 88/88
f 120/120 37/37 109/109
f 71/71 8/8 70/70
f 52/52 41/41 3/3
f 99/99 38/38 107/107
f 9/9 47/47 17/17
f 112/112 6/6 5/5
f 37/37 25/25 33/33
f 40/40 123/123 54/54
f 79/79 107/107 101/101
f 34/34 56/56 91/91
f 27/27 64/64 67/67
f 117/117 18/18 107/107
f 75/75 79/79 5/5
f 33/33 50/50 66/66
f 68/68 127/127 119/119
f 45/45 37/37 71/71
f 51/51 88/88 100/100
f 31/31 96/96 108/108
f 29/29 26/26 99/99
f 107/107 96/96 64/64
f 23/23 36/36 33/33
f 79/79 74/74 46/46
f 115/115 82/82 27/27
f 55/55 11/11 37/37
f 47/47 25/25 2/2
f 12/12 6/6 88/88
f 48/48 124/124 126/126
f 49/49 83/83 18/18
f 118/118 28/28 103/103
f 1/1 122/122 67/67
f 87/87 61/61 87/87
f 30/30 128/128 122/122
f 71/71 83/83 23/23
f 46/46 71/71 97/97
f 47/47 121/121 29/29
f 35/35 115/115 57/57
f 77/77 17/17 98/98
f 43/43 89/89 74/74
f 31/31 45/45 17/17
f 28/28 18/18 77/77
f 58/58 60/60 46/46
f 103/103 26/26 32/32
f 128/128 68/68 43/43
f 41/41 47/47 103/103
f 77/77 57/57 98/98
f 118/118 38/38 58/58
f 87/87 83/83 112/112
f 61/61 127/127 71/71
f 41/41 14/14 128/128
f 20/20 43/43 1/1
f 38/38 67/67 111/111
f 81/81 63/63 104/104
f 107/107 93/93 69/69
f 62/62 46/46 90/90
f 47/47 14/14 9/9
f 4/4 2/2 117/117
f 93/93 102/102 88/88
f 69/69 81/81 128/128
f 120/120 12/12 21/21
f 61/61 16/16 47/47
f 50/50 110/110 47/47
f 5/5 100/100 57/57
f 51/51 44/44 62/62
f 52/52 117/117 15/15
f 115/115 9/9 8/8
f 1/1 76/76 74/74
f 108/108 128/128 85/85
f 67/67 45/45 72/72
f 61/61 38/38 34/34
f 98/98 38/38 26/26
f 78/78 96/96 110/110
f 32/32 3/3 68/68
f 114/114 27/27 72/72
f 74/74 41/41 106/106
f 128/128 33/33 33/33
f 27/27 125/125 108/108
f 69/69 116/116 40/40
f 108/108 57/57 56/56
f 6/6 1/1 17/17
f 21/21 13/13 71/71
f 20/20 51/51 35/35
f 42/42 96/96 3/3
f 58/58 29/29 23/23
f 11/11 33/33 121/121
f 65/65 4/4 69/69
f 1/1 103/103 17/17
f 18/18 60/60 61/61
f 17/17 121/121 127/127
f 1/1 63/63 95/95
f 94/94 29/29 5/5
f 102/102 28/28 64/64
f 6/6 44/44 27/27
f 23/23 29/29 18/18
f 21/21 20/20 48/48
f 54/54 99/99 28/28
f 85/85 7/7 63/63
f 100/100 58/58 99/99
f 102/102 9/9 37/37
f 73/73 58/58 40/40
f 13/13 33/33 42/42
f 37/37 48/48 41/41
f 65/65 65/65 86/86
f 65/65 71/71 55/55
f 21/21 35/35 88/88
f 52/52 2/2 36/36
f 13/13 86/86 119/119
f 34/34 102/102 19/19
f 17/17 128/128 122/122
f 97/97 29/29 13/13
f 1/1 97/97 49/49
f 4/4 4/4 111/111
f 70/70 32/32 90/90
f 20/20 98/98 98/98
f 107/107 9/9 17/17
f 23/23 23/23 8/8
f 56/56 90/90 102/102
f 128/128 98/98 22/22
f 55/55 109/109 126/126
f 12/12 104/104 105/105
f 45/45 62/62 12/12
f 79/79 81/81 9/9
f 7/7 40/40 118/118
f 94/94 128/128 122/122
f 97/97 85/85 10/10
f 36/36 119/119 86/86
f 114/114 15/15 70/70
f 100/100 39/39 25/25
f 83/83 33/33 64/64
f 101/101 110/110 1/1
f 50/50 75/75 104/104
f 62/62 32/32 57/57
f 85/85 117/117 5/5
f 73/73 80/80 103/103
f 5/5 6/6 77/77
f 60/60 29/29 118/118
f 78/78 128/128 122/122
f 47/47 59/59 25/25
f 58/58 9/9 73/73
f 64/64 72/72 109/109
f 65/65 28/28 111/111
f 6/6 104/104 26/26
f 65/65 65/65 81/81
f 1/1 128/128 122/122
f 51/51 120/120 112/112
f 117/117 58/58 94/94
f 86/86 68/68 37/37
f 1/1 106/106 70/70
f 21/21 9/9 1/1
f 101/101 93/93 69/69
f 37/37 53/53 29/29
f 42/42 59/59 75/75
f 69/69 59/59 67/67
f 34/34 15/15 71/71
f 100/100 40/40 14/14
f 1/1 2/2 61/61
f 91/91 60/60 84/84
f 4/4 5/5 92/92
f 66/66 3/3 115/115
f 105/105 65/65 2/2
f 19/19 43/43 122/122
f 118/118 59/59 15/15
f 36/36 87/87 112/112
f 128/128 122/122 25/25
f 36/36 2/2 128/128
f 97/97 65/65 3/3
f 56/56 55/55 99/99
f 65/65 20/20 128/128
f 117/117 53/53 102/102
f 45/45 96/96 28/28
f 1/1 114/114 34/34
f 47/47 46/46 35/35
f 39/39 20/20 99/99
f 78/78 105/105 128/128
f 52/52 94/94 128/128
f 110/110 28/28 25/25
f 1/1 59/59 75/75
f 5/5 6/6 80/80
f 128/128 122/122 25/25
f 111/111 10/10 117/117
f 51/51 123/123 6/6
f 82/82 98/98 128/128
f 63/63 114/114 15/15
f 104/104 16/16 46/46
f 58/58 107/107 67/67
f 96/96 107/107 64/64
f 96/96 26/26 37/37
f 65/65 65/65 85/85
f 79/79 6/6 128/128
f 33/33 16/16 108/108
f 103/103 50/50 17/17
f 78/78 23/23 51/51
f 56/56 111/111 78/78
f 84/84 19/19 7/7
f 99/99 32/32 106/106
f 36/36 109/109 47/47
f 40/40 55/55 114/114
f 116/116 51/51 20/20
f 51/51 61/61 106/106
f 42/42 2/2 111/111
f 37/37 65/65 65/65
f 102/102 64/64 64/64
f 128/128 122/122 25/25
f 97/97 87/87 62/62
f 47/47 24/24 1/1
f 90/90 47/47 53/53
f 28/28 2/2 65/65
f 22/22 55/55 102/102
f 2/2 65/65 33/33
f 38/38 113/113 92/92
f 15/15 22/22 60/60
f 3/3 68/68 102/102
f 5/5 43/43 122/122
f 96/96 66/66 45/45
f 17/17 115/115 73/73
f 21/21 65/65 5/5
f 100/100 37/37 99/99
f 108/108 85/85 36/36
f 25/25 121/121 49/49
f 69/69 94/94 65/65
f 93/93 73/73 47/47
f 39/39 33/33 114/114
f 40/40 111/111 93/93
f 43/43 29/29 103/103
f 37/37 69/69 5/5
f 33/33 65/65 66/66
f 72/72 43/43 53/53
f 116/116 68/68 13/13
f 49/49 77/77 11/11
f 18/18 89/89 125/125
f 37/37 23/23 92/92
f 82/82 64/64 61/61
f 123/123 13/13 11/11
f 30/30 85/85 62/62
f 71/71 18/18 60/60
f 18/18 108/108 104/104
f 65/65 86/86 81/81
f 128/128 128/128 122/122
f 97/97 101/101 8/8
f 93/93 19/19 67/67
f 22/22 42/42 55/55
f 24/24 18/18 64/64
f 44/44 74/74 67/67
f 5/5 12/12 71/71
f 13/13 108/108 70/70
f 56/56 79/79 9/9
f 30/30 77/77 76/76
f 53/53 23/23 83/83
f 12/12 111/111 46/46
f 43/43 8/8 5/5
f 102/102 47/47 33/33
f 113/113 117/117 12/12
f 111/111 35/35 101/101
f 125/125 58/58 102/102
f 43/43 96/96 119/119
f 71/71 127/127 29/29
f 121/121 45/45 102/102
f 62/62 72/72 76/76
f 67/67 16/16 96/96
f 100/100 60/60 127/127
f 10/10 125/125 63/63
f 66/66 55/55 101/101
f 127/127 13/13 36/36
f 82/82 13/13 15/15
f 65/65 1/1 74/74
f 122/122 25/25 97/97
f 121/121 97/97 100/100
f 86/86 79/79 42/42
f 3/3 116/116 1/1
f 107/107 124/124 124/124
f 83/83 88/88 120/120
f 76/76 104/104 19/19
f 116/116 60/60 19/19
f 34/34 3/3 104/104
f 127/127 1/1 127/127
f 1/1 8/8 62/62
f 86/86 126/126 26/26
f 117/117 60/60 92/92
f 96/96 83/83 49/49
f 117/117 127/127 120/120
f 60/60 128/128 98/98
f 74/74 2/2 31/31
f 81/81 7/7 6/6
f 64/64 28/28 81/81
f 80/80 3/3 65/65
f 84/84 52/52 42/42
f 94/94 14/14 85/85
f 75/75 70/70 85/85
f 120/120 43/43 97/97
f 20/20 120/120 20/20
f 58/58 14/14 31/31
f 64/64 128/128 128/128
f 127/127 79/79 1/1
f 127/127 91/91 85/85
f 119/119 98/98 51/51
f 45/45 45/45 74/74
f 7/7 17/17 41/41
f 45/45 89/89 117/117
f 125/125 61/61 68/68
f 102/102 21/21 42/42
f 81/81 13/13 126/126
f 80/80 24/24 49/49
f 104/104 77/77 126/126
f 78/78 75/75 9/9
f 58/58 62/62 82/82
f 22/22 47/47 30/30
f 14/14 94/94 123/123
f 60/60 37/37 36/36
f 68/68 83/83 33/33
f 17/17 81/81 65/65
f 125/125 49/49 103/103
f 41/41 84/84 45/45
f 82/82 85/85 11/11
f 44/44 108/108 7/7
f 16/16 12/12 13/13
f 114/114 10/10 76/76
f 33/33 124/124 5/5
f 12/12 71/71 111/111
f 9/9 13/13 78/78
f 102/102 85/85 66/66
f 117/117 92/92 22/22
f 13/13 67/67 32/32
f 101/101 23/23 92/92
f 123/123 32/32 51/51
f 46/46 102/102 27/27
f 17/17 3/3 45/45
f 65/65 5/5 51/51
f 32/32 59/59 64/64
f 98/98 54/54 101/101
f 105/105 97/97 4/4
f 41/41 3/3 10/10
f 118/118 71/71 55/55
f 36/36 74/74 33/33
f 111/111 2/2 127/127
f 13/13 86/86 9/9
f 124/124 97/97 17/17
f 109/109 40/40 94/94
f 61/61 32/32 118/118
f 99/99 54/54 102/102
f 25/25 57/57 7/7
f 125/125 58/58 69/69
f 23/23 36/36 77/77
f 115/115 52/52 10/10
f 58/58 72/72 32/32
f 23/23 88/88 119/119
f 18/18 35/35 22/22
f 26/26 35/35 93/93
f 83/83 74/74 69/69
f 101/101 63/63 82/82
f 4/4 113/113 118/118
