mtllib assets04_model_002.mtl
# Conker's Bad Fur Day — Real 3D Model (World Structures)
o assets04_model_002
usemtl assets04_model_002_mat

v 0.0000 3.0400 0.0000
v 0.0200 24.4000 0.0000
v 0.0200 31.6000 0.0000
v 0.0000 0.0000 -2.5600
v 0.0000 0.0000 -2.5600
v -27.3600 0.0000 17.9200
v -27.5200 10.2400 2.5700
v -27.5200 6.4000 5.1300
v -27.5200 6.7200 7.6900
v -27.5200 6.8800 10.2400
v -27.5200 6.9600 12.8000
v -27.2000 12.1200 0.0100
v -7.5200 0.0000 1.2800
v 2.5800 0.6400 2.5600
v 2.5800 0.6400 2.5600
v 2.5800 0.6400 2.5600
v -6.8800 0.0000 0.0000
v -27.5200 20.4800 0.0500
v -7.5200 0.0000 1.2800
v 2.5800 0.6400 2.5600
v 15.5600 30.9000 0.2200
v -33.2800 0.0000 18.5500
v 2.5800 0.6400 2.5600
v 2.5800 0.6400 2.5600
v 2.5800 0.6400 2.5600
v -6.8800 0.0000 0.0000
v -27.5200 20.4800 0.0500
v -6.8800 0.0000 0.0000
v -27.5200 20.4800 0.0500
v -33.2800 0.0000 18.5500
v -6.8800 0.0000 0.0000
v -27.5200 10.2400 0.0100
v -27.5200 6.4000 2.5700
v -27.5200 6.7200 5.1300
v -27.5200 6.8800 7.6800
v -27.5200 6.9600 10.2400
v -7.5200 0.0000 1.2800
v 15.3600 5.1600 0.0200
v -33.2800 0.0000 18.2300
v -35.2000 10.2400 0.7900
v 2.5800 0.6400 2.5600
v -33.2800 0.0000 18.5500
v -35.2000 10.2400 0.7900
v 2.5800 0.6400 2.5600
v -6.8800 0.0000 0.0000
v -27.4400 20.4800 0.0500
v -7.5200 0.0000 0.6400
v -33.2800 0.0000 18.5500
v -35.2000 10.2400 0.7900
v -6.8800 0.0000 0.0000
v -27.5200 20.4800 0.0500
v -7.5200 0.0000 1.2800
v 2.5800 0.6400 2.5600
v -6.8800 0.0000 0.0000
v -7.5200 0.0000 1.2800
v 15.3600 5.1600 0.0600
v -33.2800 0.0000 18.5500
v 2.5800 0.6400 2.5600
v -33.2800 0.0000 18.5500
v -35.2000 10.2400 0.7100
v 12.9200 20.5400 0.0000
v -6.8800 0.0000 0.0000
v -27.4400 20.4800 0.0500
v -6.8800 0.0000 0.0000
v -27.5200 20.4800 0.0500
v -7.5200 0.0000 1.2800
v -33.2800 0.0000 18.5500
v -6.8800 0.0000 0.0000
v -7.5200 0.0000 1.2800
v -33.2800 0.0000 18.5500
v -7.5200 0.0000 1.2800
v 2.5800 0.6400 2.5600
v 2.5800 0.6400 2.5600
v -33.2800 0.0000 18.5500
v 2.5800 0.6400 2.5600
v -33.2800 0.0000 18.5500
v 2.5800 0.6400 2.5600
v 2.5800 0.6400 2.5600
v 2.5800 0.6400 2.5600
v 2.5800 0.6400 2.5600
v -33.2800 0.0000 18.5500
v -35.2000 10.2400 0.7900
v -33.2800 0.0000 18.5500
v -35.2000 10.2400 0.7100
v 2.5800 0.6400 2.5600
v -33.2800 0.0000 18.5500
v -35.2000 10.2400 0.7900
v 15.3600 5.1600 0.0400
v -6.8800 0.0000 0.0000
v -27.5200 20.4800 0.0500
v -7.5200 0.0000 1.2800
v -33.2800 0.0000 18.5500
v -35.2000 10.2400 0.7100
v -6.8800 0.0000 0.0000
v -27.5200 20.4800 0.0500
v -7.5200 0.0000 1.2800
v 2.5800 0.6400 2.5600
v -33.2800 0.0000 18.5500
v 2.5800 0.6400 2.5600
v 12.8000 5.1600 0.0000
v -6.8800 0.0000 0.0000
v -7.5200 0.0000 1.2800
v 2.5800 0.6400 2.5600
v 2.5800 0.6400 2.5600
v -33.2800 0.0000 18.5500
v -33.2800 0.0000 18.5500
v -7.5200 0.0000 1.2800
v -6.8800 0.0000 0.0000
v -27.4400 20.4800 0.0900
v -7.5200 0.0000 0.6400
v -33.2800 0.0000 18.5500
v -35.2000 10.2400 0.7900
v -33.2800 0.0000 18.5500
v -35.2000 10.2400 0.7100
v -6.8800 0.0000 0.0000
v -27.5200 20.4800 0.0100
v -7.5200 0.0000 1.2800
v -6.8800 0.0000 0.0000
v -7.5200 0.0000 1.2800
v -33.2800 0.0000 18.5500
v 12.8800 25.7200 0.0000
v 15.4800 25.7400 0.1000
v 12.9800 10.2600 0.0000
v -33.2800 0.0000 18.5500
v -33.2800 0.0000 18.2300
v -35.2000 10.2400 0.7100
v -33.2800 0.0000 18.5500
v -35.2000 10.2400 0.7900
v 0.0000 3.8900 0.0000
v 0.0000 0.0500 0.0000
v 0.0000 0.0500 0.0000
v 0.0000 0.0500 0.0000
v 0.0000 0.0500 0.0000
v 0.0000 0.0500 0.0000
v 0.0000 0.0500 0.0000
v 0.0000 0.0500 0.0000
v 0.0000 0.0500 0.0000
v 0.0000 0.0500 0.0000
v 0.0000 0.0500 0.0000
v 0.0000 0.0500 0.0000
v 0.0000 0.0500 0.0000
v 0.0000 0.0500 0.0000
v 0.0000 0.0500 0.0000
v 0.0000 0.0500 0.0000
v 0.0000 0.0500 0.0000
v 0.0000 0.0500 0.0000
v 0.0000 0.0500 0.0000
v 0.0000 0.0500 0.0000
v 0.0000 0.0500 0.0000
v 0.0000 0.0500 0.0000
v 0.0000 0.0500 0.0000
v 0.0000 0.0500 0.0000
v 0.0000 0.0500 0.0000
v 0.0000 0.0500 0.0000
v 0.0000 0.0500 0.0000
v 0.0000 0.0500 0.0000
v 0.0000 0.0500 0.0000
v 0.0000 0.0500 0.0000
v 0.0000 0.0500 0.0000
v 0.0000 0.0500 0.0000
v 0.0000 0.0500 0.0000
v 0.0000 0.0500 0.0000
v 0.0000 0.0500 0.0000
v 0.0000 0.0500 0.0000
v 0.0000 0.0500 0.0000
v 0.0000 0.0500 0.0000
v 0.0000 0.0500 0.0000
v 0.0000 0.0500 0.0000
v 0.0000 0.0500 0.0000
v 0.0000 0.0500 0.0000
v 0.0000 0.0500 0.0000
v 0.0000 0.0500 0.0000
v 0.0000 0.0500 0.0000
v 0.0000 0.0500 0.0000
v 0.0000 0.0500 0.0000
v 0.0000 0.0500 0.0000
v 0.0000 0.0500 0.0000
v 0.0000 0.0500 0.0000
v 0.0000 0.0500 0.0000
v 0.0000 0.0500 0.0000
v 0.0000 0.0500 0.0000
v 0.0000 0.0500 0.0000
v 0.0000 0.0500 0.0000
v 0.0000 0.0500 0.0000
v 0.0000 0.0500 0.0000
v 0.0000 0.0500 0.0000
v 0.0000 0.0500 0.0000
v 0.0000 0.0500 0.0000
v 0.0000 0.0500 0.0000
v 0.0000 0.0500 0.0000
v 0.0000 0.0500 0.0000
v 0.0000 0.0500 0.0000
v 0.0000 0.0500 0.0000
v 0.0000 0.0500 0.0000
v 0.0000 0.0500 0.0000
v 0.0000 0.0500 0.0000
v 0.0000 0.0500 0.0000
v 0.0000 0.0500 0.0000
v 0.0000 0.0500 0.0000
v 0.0000 0.0500 0.0000
v 0.0000 0.0500 0.0000
v 0.0000 0.0500 0.0000
v 0.0000 0.0500 0.0000
v 0.0000 0.0500 0.0000
v 0.0000 0.0500 0.0000
v 0.0000 0.0500 0.0000
v 0.0000 0.0500 0.0000
v 0.0000 0.0500 0.0000
v 0.0000 0.0500 0.0000
v 0.0000 0.0500 0.0000
v 0.0000 0.0500 0.0000
v 0.0000 0.0500 0.0000
v 0.0000 0.0500 0.0000
v 0.0000 0.0500 0.0000
v 0.0000 0.0500 0.0000
v 0.0000 0.0500 0.0000
v 0.0000 0.0500 0.0000
v 0.0000 0.0500 0.0000
v 0.0000 0.0500 0.0000
v 0.0000 0.0500 0.0000
v 0.0000 0.0500 0.0000
v 0.0000 0.0500 0.0000
v 0.0000 0.0500 0.0000
v 0.0000 0.0500 0.0000
v 0.0000 0.0500 0.0000
v 0.0000 0.0500 0.0000
v 0.0000 0.0500 0.0000
v 0.0000 0.0500 0.0000
v 0.0000 0.0500 0.0000
v 0.0000 0.0500 0.0000
v 0.0000 0.0500 0.0000
v 0.0000 0.0500 0.0000
v 0.0000 0.0500 0.0000
v 0.0000 0.0500 0.0000
v 0.0000 0.0500 0.0000
v 0.0000 0.0500 0.0000
v 0.0000 0.0500 0.0000
v 0.0000 0.0500 0.0000
v 0.0000 0.0500 0.0000
v 0.0000 0.0500 0.0000
v 0.0000 0.0500 0.0000
v 0.0000 0.0500 0.0000
v 0.0000 0.0500 0.0000
v 0.0000 0.0500 0.0000
v 0.0000 0.0500 0.0000
v 0.0000 0.0500 0.0000
v 0.0000 0.0500 0.0000
v 0.0000 0.0500 0.0000
v 0.0000 0.0500 0.0000
v 0.0000 0.0500 0.0000
v 0.0000 0.0500 0.0000
v 0.0000 0.0500 0.0000
v 0.0000 0.0500 0.0000
v 0.0000 0.0500 0.0000
v 0.0000 0.0500 0.0000
v 0.0000 0.0500 0.0000
v 0.0000 0.0500 0.0000
v 0.0000 0.0500 0.0000
v 0.0000 0.0500 0.0000
v 0.0000 0.0500 0.0000
v 0.0000 0.0500 0.0000
v 0.0000 0.0500 0.0000
v 0.0000 0.0500 0.0000
v 0.0000 0.0500 0.0000
v 0.0000 0.0500 0.0000
v 0.0000 0.0500 0.0000
v 0.0000 0.0500 0.0000
v 0.0000 0.0500 0.0000
v 0.0000 0.0500 0.0000
v 0.0000 0.0500 0.0000
v 0.0000 0.0500 0.0000
v 0.0000 0.0500 0.0000
v 0.0000 0.0500 0.0000
v 0.0000 0.0500 0.0000
v 0.0000 0.0500 0.0000
v 0.0000 0.0500 0.0000
v 0.0000 0.0500 0.0000
v 0.0000 0.0500 0.0000
v 0.0000 0.0500 0.0000
v 0.0000 0.0500 0.0000
v 0.0000 0.0500 0.0000
v 0.0000 0.0500 0.0000
v 0.0000 0.0500 0.0000
v 0.0000 0.0500 0.0000
v 0.0000 0.0500 0.0000
v 0.0000 0.0500 0.0000
v 0.0000 0.0500 0.0000
v 0.0000 0.0500 0.0000
v 0.0000 0.0500 0.0000
v 0.0000 0.0500 0.0000
v 0.0000 0.0500 0.0000
v 0.0000 0.0500 0.0000
v 0.0000 0.0500 0.0000
v 0.0000 0.0500 0.0000
v 0.0000 0.0500 0.0000
v 0.0000 0.0500 0.0000
v 0.0000 0.0500 0.0000
v 0.0000 0.0500 0.0000
v 0.0000 0.0500 0.0000
v 0.0000 0.0500 0.0000
v 0.0000 0.0500 0.0000
v 0.0000 0.0500 0.0000
v 0.0000 0.0500 0.0000
v 0.0000 0.0500 0.0000
v 0.0000 0.0500 0.0000
v 0.0000 0.0500 0.0000
v 0.0000 0.0500 0.0000
v 0.0000 0.0500 0.0000
v 0.0000 0.0500 0.0000
v 0.0000 0.0500 0.0000
v 0.0000 0.0500 0.0000
v 0.0000 0.0500 0.0000
v 0.0000 0.0500 0.0000
v 0.0000 0.0500 0.0000
v 0.0000 0.0500 0.0000
v 0.0000 0.0500 0.0000
v 0.0000 0.0500 0.0000
v 0.0000 0.0500 0.0000
v 0.0000 0.0500 0.0000
v 0.0000 0.0500 0.0000
v 0.0000 0.0500 0.0000
v 0.0000 0.0500 0.0000
v 0.0000 0.0500 0.0000
v 0.0000 0.0500 0.0000
v 0.0000 0.0500 0.0000
v 0.0000 0.0500 0.0000
v 0.0000 0.0500 0.0000
v 0.0000 0.0500 0.0000
v 0.0000 0.0500 0.0000
v 0.0000 0.0500 0.0000
v 0.0000 0.0500 0.0000
v 0.0000 0.0500 0.0000
v 0.0000 0.0500 0.0000
v 0.0000 0.0500 0.0000
v 0.0000 0.0500 0.0000
v 0.0000 0.0500 0.0000
v 0.0000 0.0500 0.0000
v 0.0000 0.0500 0.0000
v 0.0000 0.0500 0.0000
v 0.0000 0.0500 0.0000
v 0.0000 0.0500 0.0000
v 0.0000 0.0500 0.0000
v 0.0000 0.0500 0.0000
v 0.0000 0.0500 0.0000
v 0.0000 0.0500 0.0000
v 0.0000 0.0500 0.0000
v 0.0000 0.0500 0.0000
v 0.0000 0.0500 0.0000
v 0.0000 0.0500 0.0000
v 0.0000 0.0500 0.0000
v 0.0000 0.0500 0.0000
v 0.0000 0.0500 0.0000
v 0.0000 0.0500 0.0000
v 0.0000 0.0500 0.0000
v 0.0000 0.0500 0.0000
v 0.0000 0.0500 0.0000
v 0.0000 0.0500 0.0000
v 0.0000 0.0500 0.0000
v 0.0000 0.0500 0.0000
v 0.0000 0.0500 0.0000
v 0.0000 0.0500 0.0000
v 0.0000 0.0500 0.0000
v 0.0000 0.0500 0.0000
v 0.0000 0.0500 0.0000
v 0.0000 0.0500 0.0000
v 0.0000 0.0500 0.0000
v 0.0000 0.0500 0.0000
v 0.0000 0.0500 0.0000
v 0.0000 0.0500 0.0000
v 0.0000 0.0500 0.0000
v 0.0000 0.0500 0.0000
v 0.0000 0.0500 0.0000
v 0.0000 0.0500 0.0000
v 0.0000 0.0500 0.0000
v 0.0000 0.0500 0.0000
v 0.0000 0.0500 0.0000
v 0.0000 0.0500 0.0000
v 0.0000 0.0500 0.0000
v 0.0000 0.0500 0.0000
v 0.0000 0.0500 0.0000
v 0.0000 0.0500 0.0000
v 0.0000 0.0500 0.0000
v 0.0000 0.0500 0.0000
v 0.0000 0.0500 0.0000
v 0.0000 0.0500 0.0000
v 0.0000 0.0500 0.0000
v 0.0000 0.0500 0.0000
v 0.0000 0.0500 0.0000
v 0.0000 0.0500 0.0000
v 0.0000 0.0500 0.0000
v 0.0000 0.0500 0.0000
v 0.0000 0.0500 0.0000
v 0.0000 0.0500 0.0000
v 0.0000 0.0500 0.0000
v 0.0000 0.0500 0.0000
v 0.0000 0.0500 0.0000
v 0.0000 0.0500 0.0000
v 0.0000 0.0500 0.0000
v 0.0000 0.0500 0.0000
v 0.0000 0.0500 0.0000
v 0.0000 0.0500 0.0000
v 0.0000 0.0500 0.0000
v 0.0000 0.0500 0.0000
v 0.0000 0.0500 0.0000
v 0.0000 0.0500 0.0000
v 0.0000 0.0500 0.0000
v 0.0000 0.0500 0.0000
v 0.0000 0.0500 0.0000
v 0.0000 0.0500 0.0000
v 0.0000 0.0500 0.0000
v 0.0000 0.0500 0.0000
v 0.0000 0.0500 0.0000
v 0.0000 0.0500 0.0000
v 0.0000 0.0500 0.0000
v 0.0000 0.0500 0.0000
v 0.0000 0.0500 0.0000
v 0.0000 0.0500 0.0000
v 0.0000 0.0500 0.0000
v 0.0000 0.0500 0.0000
v 0.0000 0.0500 0.0000
v 0.0000 0.0500 0.0000
v 0.0000 0.0500 0.0000
v 0.0000 0.0500 0.0000
v 0.0000 0.0500 0.0000
v 0.0000 0.0500 0.0000
v 0.0000 0.0500 0.0000
v 0.0000 0.0500 0.0000
v 0.0000 0.0500 0.0000
v 0.0000 0.0500 0.0000
v 0.0000 0.0500 0.0000
v 0.0000 0.0500 0.0000
v 0.0000 0.0500 0.0000
v 0.0000 0.0500 0.0000
v 0.0000 0.0500 0.0000
v 0.0000 0.0500 0.0000
v 0.0000 0.0500 0.0000
v 0.0000 0.0500 0.0000
v 0.0000 0.0500 0.0000
v 0.0000 0.0500 0.0000
v 0.0000 0.0500 0.0000
v 0.0000 0.0500 0.0000
v 0.0000 0.0500 0.0000
v 0.0000 0.0500 0.0000
v 0.0000 0.0500 0.0000
v 0.0000 0.0500 0.0000
v 0.0000 0.0500 0.0000
v 0.0000 0.0500 0.0000
v 0.0000 0.0500 0.0000
v 0.0000 0.0500 0.0000
v 0.0000 0.0500 0.0000
v 0.0000 0.0500 0.0000
v 0.0000 0.0500 0.0000
v 0.0000 0.0500 0.0000
v 0.0000 0.0500 0.0000
v 0.0000 0.0500 0.0000
v 0.0000 0.0500 0.0000
v 0.0000 0.0500 0.0000
v 0.0000 0.0500 0.0000
v 0.0000 0.0500 0.0000
v 0.0000 0.0500 0.0000
v 0.0000 0.0500 0.0000
v 0.0000 0.0500 0.0000
v 0.0000 0.0500 0.0000
v 0.0000 0.0500 0.0000
v 0.0000 0.0500 0.0000
v 0.0000 0.0500 0.0000
v 0.0000 0.0500 0.0000
v 0.0000 0.0500 0.0000
v 0.0000 0.0500 0.0000
v 0.0000 0.0500 0.0000
v 0.0000 0.0500 0.0000
v 0.0000 0.0500 0.0000
v 0.0000 0.0500 0.0000
v 0.0000 0.0500 0.0000
v 0.0000 0.0500 0.0000
v 0.0000 0.0500 0.0000
v 0.0000 0.0500 0.0000
v 0.0000 0.0500 0.0000
v 0.0000 0.0500 0.0000
v 0.0000 0.0500 0.0000
v 0.0000 0.0500 0.0000
v 0.0000 0.0500 0.0000
v 0.0000 0.0500 0.0000
v 0.0000 0.0500 0.0000
v 0.0000 0.0500 0.0000
v 0.0000 0.0500 0.0000
v 0.0000 0.0500 0.0000
v 0.0000 0.0500 0.0000
v 0.0000 0.0500 0.0000
v 0.0000 0.0500 0.0000
v 0.0000 0.0500 0.0000
v 0.0000 0.0500 0.0000
v 0.0000 0.0500 0.0000
v 0.0000 0.0500 0.0000
v 0.0000 0.0500 0.0000
v 0.0000 0.0500 0.0000
v 0.0000 0.0500 0.0000
v 0.0000 0.0500 0.0000
v 0.0000 0.0500 0.0000
v 0.0000 0.0500 0.0000
v 0.0000 0.0500 0.0000
v 0.0000 0.0500 0.0000
v 0.0000 0.0500 0.0000
v 0.0000 0.0500 0.0000
v 0.0000 0.0500 0.0000
v 0.0000 0.0500 0.0000
v 0.0000 0.0500 0.0000
v 0.0000 0.0500 0.0000
v 0.0000 0.0500 0.0000
v 0.0000 0.0500 0.0000
v 0.0000 0.0500 0.0000
v 0.0000 0.0500 0.0000
v 0.0000 0.0500 0.0000
v 0.0000 0.0500 0.0000
v 0.0000 0.0500 0.0000
v 0.0000 0.0500 0.0000
v 0.0000 0.0500 0.0000
v 0.0000 0.0500 0.0000
v 0.0000 0.0500 0.0000
v 0.0000 0.1200 0.0000
v 0.0000 0.1200 0.0000
v 0.0000 0.1200 0.0000
v 0.0000 0.1200 0.0000
v 0.0000 0.1200 0.0000
v 0.0000 0.1200 0.0000
v 0.0000 0.1200 0.0000
v 0.0000 0.1200 0.0000
v 0.0000 0.0500 0.0000
v 0.0000 0.0500 0.0000
v 0.0000 0.0500 0.0000
v 0.0000 0.0500 0.0000
v 0.0000 0.0500 0.0000
v 0.0000 0.0500 0.0000
v 0.0000 0.0500 0.0000
v 0.0000 0.0500 0.0000
v 0.0000 0.0500 0.0000
v 0.0000 0.0500 0.0000
v 0.0000 0.0500 0.0000
v 0.0000 0.0500 0.0000
v 0.0000 0.0600 0.0000
v 0.0000 0.0600 0.0000
v 0.0000 0.0600 0.0000
v 0.0000 0.0600 0.0000
v 0.0000 0.0600 0.0000
v 0.0000 0.0600 0.0000
v 0.0000 0.0600 0.0000
v 0.0000 0.0600 0.0000
v 0.0000 0.0600 0.0000
v 0.0000 0.0600 0.0000
v 0.0000 0.0600 0.0000
v 0.0000 0.0600 0.0000
v 0.0000 0.0600 0.0000
v 0.0000 0.0600 0.0000
v 0.0000 0.0600 0.0000
v 0.0000 0.0600 0.0000
v 0.0000 0.0600 0.0000
v 0.0000 0.0600 0.0000
v 0.0000 0.0600 0.0000
v 0.0000 0.0600 0.0000
v 0.0000 0.0600 0.0000
v 0.0000 0.0600 0.0000
v 0.0000 0.0600 0.0000
v 0.0000 0.0600 0.0000
v 0.0000 0.0600 0.0000
v 0.0000 0.0600 0.0000
v 0.0000 0.0600 0.0000
v 0.0000 0.0600 0.0000
v 0.0000 0.0600 0.0000
v 0.0000 0.0600 0.0000
v 0.0000 0.0600 0.0000
v 0.0000 0.0600 0.0000
v 0.0000 0.0600 0.0000
v 0.0000 0.0600 0.0000
v 0.0000 0.0600 0.0000
v 0.0000 0.0600 0.0000
v 0.0000 0.0600 0.0000
v 0.0000 0.0600 0.0000
v 0.0000 0.0600 0.0000
v 0.0000 0.0600 0.0000
v 0.0000 0.0600 0.0000
v 0.0000 0.0600 0.0000
v 0.0000 0.0600 0.0000
v 0.0000 0.0600 0.0000
v 0.0000 0.0600 0.0000
v 0.0000 0.0600 0.0000
v 0.0000 0.0600 0.0000
v 0.0000 0.0600 0.0000
v 0.0000 0.0600 0.0000
v 0.0000 0.0600 0.0000
v 0.0000 0.0600 0.0000
v 0.0000 0.0600 0.0000
v 0.0000 0.0600 0.0000
v 0.0000 0.0600 0.0000
v 0.0000 0.0500 0.0000
v 0.0000 0.0500 0.0000
v 0.0000 0.0500 0.0000
v 0.0000 0.0500 0.0000
v 0.0000 0.0500 0.0000
v 0.0000 0.0500 0.0000
v 0.0000 0.0500 0.0000
v 0.0000 0.0500 0.0000
v 0.0000 0.0500 0.0000
v 0.0000 0.0500 0.0000
v 0.0000 0.0500 0.0000
v 0.0000 0.0500 0.0000
v 0.0000 0.0500 0.0000
v 0.0000 0.0500 0.0000
v 0.0000 0.0500 0.0000
v 0.0000 0.0500 0.0000
v 0.0000 0.0500 0.0000
v 0.0000 0.0500 0.0000
v 0.0000 0.0500 0.0000
v 0.0000 0.0500 0.0000
v 0.0000 0.0500 0.0000
v 0.0000 0.0500 0.0000
v 0.0000 0.0500 0.0000
v 0.0000 0.0500 0.0000
v 0.0000 0.0500 0.0000
v 0.0000 0.0500 0.0000
v 0.0000 0.0500 0.0000
v 0.0000 0.0500 0.0000
v 0.0000 0.0500 0.0000
v 0.0000 0.0500 0.0000
v 0.0000 0.0500 0.0000
v 0.0000 0.0500 0.0000
v 0.0000 0.0500 0.0000
v 0.0000 0.0500 0.0000
v -16.3700 0.0000 11.2100
v -19.0800 0.0000 14.1600
v -15.5400 0.0000 13.1600
v -33.4400 0.0000 -11.3700
v -30.8500 0.0000 -14.5500
v -34.2600 0.0000 -13.3200
v -38.1300 0.0000 -9.4000
v -37.1700 5.1800 -9.3100
v -38.9700 5.7500 -6.8700
v -36.4600 0.0000 8.4700
v -36.3000 0.0000 4.5800
v -39.6800 0.0000 6.1500
v -38.4100 0.0000 9.2900
v -39.0600 5.7900 6.7700
v -37.4500 5.1800 9.1900
v -36.3600 0.0000 -4.6800
v -36.1800 0.0000 -8.6000
v -39.6700 0.0000 -6.1400
v -36.4600 0.0000 8.4700
v -32.1500 0.0000 6.5600
v -36.3000 0.0000 4.5800
v -34.5100 0.0000 9.2700
v -33.6900 0.0000 11.2100
v -29.7800 0.0000 11.3800
v -34.4900 0.0000 13.1700
v -31.2300 0.0000 14.6800
v -25.2300 0.0000 16.2300
v -20.2400 0.0000 10.7400
v -19.0800 0.0000 14.1600
v -16.3700 0.0000 11.2100
v -18.3000 0.0000 7.1200
v -15.5700 0.0000 9.2600
v -13.6300 0.0000 8.4400
v -13.6300 0.0000 8.4400
v -13.1700 0.0000 4.5100
v -18.3000 0.0000 7.1200
v -11.6700 0.0000 9.2300
v -9.8600 0.0000 6.1900
v -13.7300 0.0000 -8.6400
v -9.9500 0.0000 -6.0300
v -11.7800 0.0000 -9.4400
v -13.2700 0.0000 -4.7000
v -18.5000 0.0000 -7.7400
v -15.6800 0.0000 -9.4600
v -16.4700 0.0000 -11.4100
v -20.3200 0.0000 -10.9600
v -15.6600 0.0000 -13.3600
v -19.1400 0.0000 -14.3600
v -25.0600 0.0000 -16.2300
v -29.5500 0.0000 -11.1900
v -30.8500 0.0000 -14.5500
v -33.4400 0.0000 -11.3700
v -32.3400 0.0000 -6.8000
v -34.2400 0.0000 -9.4200
v -36.1800 0.0000 -8.6000
v -36.3600 0.0000 -4.6800
v -14.2100 4.7500 -8.7800
v -12.7400 5.1800 -9.3500
v -15.7000 4.5700 -9.4400
v -15.7600 5.1800 -12.4000
v -16.3400 4.7500 -10.9400
v -10.7600 4.3800 -5.9900
v -25.0600 5.4000 -15.2600
v -34.2600 0.0000 -13.3200
v -33.5700 4.7500 -10.9000
v -34.2600 0.0000 -13.3200
v -34.1500 5.1800 -12.3600
v -33.5700 4.7500 -10.9000
v -34.2400 0.0000 -9.4200
v -34.2100 4.5700 -9.4000
v -33.4400 0.0000 -11.3700
v -36.1800 0.0000 -8.6000
v -37.1700 5.1800 -9.3100
v -38.1300 0.0000 -9.4000
v -35.7000 4.7500 -8.7400
v -30.8500 0.0000 -14.5500
v -25.0600 0.0000 -16.2300
v -25.0600 5.4000 -15.2600
v -15.5400 0.0000 13.1600
v -16.2400 4.7500 10.7400
v -16.3700 0.0000 11.2100
v -15.6500 5.1800 12.2000
v -15.5700 0.0000 9.2600
v -15.6000 4.5700 9.2400
v -13.6300 0.0000 8.4400
v -12.6400 5.1800 9.1400
v -11.6700 0.0000 9.2300
v -14.1100 4.7500 8.5700
v -38.4100 0.0000 9.2900
v -35.9900 4.7500 8.6000
v -36.4600 0.0000 8.4700
v -37.4500 5.1800 9.1900
v -34.5100 0.0000 9.2700
v -34.4900 4.5700 9.2500
v -33.6900 0.0000 11.2100
v -34.4000 5.1800 12.2100
v -34.4900 0.0000 13.1700
v -33.6900 0.0000 11.2100
v -33.8300 4.7500 10.7400
v -34.4000 5.1800 12.2100
v -34.5100 0.0000 9.2700
v -34.4900 4.5700 9.2500
v -31.2300 0.0000 14.6800
v -25.2200 5.4000 15.2600
v -25.2300 0.0000 16.2300
v -9.8600 0.0000 6.1900
v -11.6700 0.0000 9.2300
v -10.6700 4.3800 6.1400
v -12.6400 5.1800 9.1400
v -15.6500 5.1800 12.2000
v -19.0800 0.0000 14.1600
v -15.5400 0.0000 13.1600
v -34.4900 0.0000 13.1700
v -39.9900 0.0000 -3.5200
v -36.3600 0.0000 -4.6800
v -39.6700 0.0000 -6.1400
v -35.1400 0.0000 0.0700
v -33.5300 0.0000 -2.1600
v -36.3000 0.0000 4.5800
v -33.4800 0.0000 1.9400
v -39.9800 0.0000 4.0500
v -39.6800 0.0000 6.1500
v -39.0600 5.7900 6.7700
v -35.5700 9.7300 7.9200
v -37.5800 10.1600 0.0000
v -35.2800 9.7300 -8.0600
v -38.9700 5.7500 -6.8700
v -37.1700 5.1800 -9.3100
v -37.4500 5.1800 9.1900
v -23.2900 0.0000 7.7100
v -18.3000 0.0000 7.1200
v -19.2700 0.1600 6.0700
v -22.5900 0.1600 6.4700
v -17.3900 0.0000 -2.8400
v -19.4400 0.1600 -6.6700
v -18.7000 0.1600 -3.4000
v -18.5000 0.0000 -7.7400
v -23.5100 0.0000 -8.2000
v -22.7800 0.1600 -6.9800
v -24.1000 0.1600 -3.8900
v -25.4900 0.0000 -3.5800
v -21.5800 0.1600 -1.6900
v -21.7100 0.0000 -0.2700
v -28.6900 0.0000 -0.1700
v -26.8100 0.1600 -3.7400
v -28.9400 0.1600 -1.4700
v -26.8100 0.1600 -3.7400
v -27.7500 0.0000 -7.6800
v -28.3100 0.1600 -6.4800
v -25.4900 0.0000 -3.5800
v -31.3700 0.1600 -5.8900
v -32.3400 0.0000 -6.8000
v -31.7600 0.1600 -2.8000
v -33.5300 0.0000 -2.1600
v -28.9400 0.1600 -1.4700
v -28.6900 0.0000 -0.1700
v -18.3000 0.0000 7.1200
v -18.6100 0.1600 2.7800
v -19.2700 0.1600 6.0700
v -17.3200 0.0000 2.1900
v -21.7100 0.0000 -0.2700
v -21.5400 0.1600 1.1500
v -24.0000 0.1600 3.4300
v -25.4000 0.0000 3.1500
v -22.5900 0.1600 6.4700
v -23.2900 0.0000 7.7100
v -27.5400 0.0000 7.3100
v -26.7100 0.1600 3.3500
v -28.1300 0.1600 6.1200
v -28.9100 0.1600 1.1400
v -31.6900 0.1600 2.5500
v -33.4800 0.0000 1.9400
v -31.2100 0.1600 5.6300
v -32.1500 0.0000 6.5600
v -3.9200 11.0900 -4.8800
v -5.5600 8.2300 -7.1500
v 5.6900 8.2300 -7.0700
v 3.9900 11.0900 -4.8300
v -1.1300 10.8800 -2.0000
v -2.2100 11.6200 -3.3500
v 2.3500 11.6400 -3.3200
v 1.1500 10.8800 -2.0100
v -2.8000 11.5400 -4.3100
v 2.9000 11.5400 -4.2500
v -2.2800 11.6400 3.3500
v -1.1300 10.8800 1.9900
v 1.1500 10.8800 1.9700
v 2.2100 11.6200 3.3300
v 2.7800 11.5400 4.3100
v -2.7800 11.5400 4.3000
v 5.5000 8.2300 7.1900
v -5.4500 8.2300 7.2300
v -3.8500 11.0900 4.9300
v 3.8900 11.0900 4.8900
v 7.5600 8.2300 -4.8900
v 7.4600 8.2300 5.0800
v 5.0600 11.0900 3.6400
v 5.1000 11.0900 -3.5400
v 4.4100 11.5400 -2.5000
v 4.3600 11.5400 2.6100
v 3.3700 11.6400 2.1800
v 3.3700 11.6200 -2.0400
v 1.9400 10.8800 1.1300
v 1.9100 10.8800 -1.1300
v -1.9200 10.8800 1.1400
v -3.3500 11.6200 2.1100
v -3.3500 11.6400 -2.1700
v -4.3500 11.5400 -2.5900
v -4.3600 11.5400 2.6100
v -1.9000 10.8800 -1.1500
v -15.5500 11.5400 -2.5900
v -15.3600 11.5400 2.6100
v -5.0600 11.0900 -3.6100
v -5.0200 11.0900 3.6800
v 9.2300 4.3800 -5.8200
v 10.0500 0.0000 -5.8400
v 10.4600 1.2400 -3.8500
v 10.4600 0.0100 -3.3000
v 7.9600 4.0200 -5.4300
v 6.7400 3.8700 -6.0700
v 6.7600 0.0000 -6.0900
v 8.3600 0.0000 -5.2900
v 6.2900 4.0200 -7.3800
v 6.2100 0.0000 -7.7900
v 6.8700 4.3800 -8.5800
v 7.0100 0.0000 -9.3800
v -6.1500 4.0200 -7.4700
v -6.6300 3.8700 -6.1800
v -6.6600 0.0000 -6.2000
v -6.0600 0.0000 -7.8800
v -6.7000 4.3800 -8.6900
v -6.8200 0.0000 -9.4900
v -7.8700 4.0200 -5.5700
v -8.2700 0.0000 -5.4300
v -9.1300 4.3800 -5.9900
v -9.9500 0.0000 -6.0300
v 8.1300 0.0000 -2.2400
v 3.1600 0.0000 -7.2900
v 3.1600 0.0000 -7.2900
v 6.2100 0.0000 -7.7900
v 7.0100 0.0000 -9.3800
v -3.0100 0.0000 -7.3000
v -8.1100 0.0000 -2.3800
v -6.0600 0.0000 -7.8800
v -3.0100 0.0000 -7.3000
v -6.8200 0.0000 -9.4900
v -9.8600 0.0000 6.1900
v -9.0500 4.3800 6.1400
v -8.1900 0.0000 5.5700
v -7.7900 4.0200 5.6900
v -6.5700 0.0000 6.3000
v -6.5400 3.8700 6.2800
v -6.0400 4.0200 7.5700
v -5.9400 0.0000 7.9700
v -6.7000 0.0000 9.5800
v -6.5600 4.3800 8.7900
v -0.7200 0.0000 9.3800
v -2.9200 0.0000 7.3300
v -0.7200 0.0000 7.2900
v 0.8100 0.0000 7.2900
v 0.8100 0.0000 9.3700
v 3.0300 0.0000 7.2900
v 6.8700 0.0000 9.4700
v 6.6100 4.3800 8.7400
v 5.9900 0.0000 7.9300
v 6.0800 4.0200 7.5200
v 6.6100 0.0000 6.2600
v 6.5900 3.8700 6.2400
v 7.8300 4.0200 5.6400
v 8.2300 0.0000 5.5200
v 10.4600 1.2400 3.8400
v 10.4600 0.0100 3.2600
v 9.9100 0.0000 6.1400
v 9.0900 4.3800 6.0900
v -8.0900 0.0000 2.5100
v -2.9200 0.0000 7.3300
v 3.0300 0.0000 7.2900
v 8.1300 0.0000 2.4600
v -0.7200 0.0000 -9.3800
v -6.7000 4.3800 -8.6900
v -6.8200 0.0000 -9.4900
v 6.8700 4.3800 -8.5800
v 0.8100 0.0000 -9.3700
v 7.0100 0.0000 -9.3800
v 3.1600 0.0000 -7.2900
v 0.8100 0.0000 -7.2900
v -3.0100 0.0000 -7.3000
v -0.7200 0.0000 -7.2900
v -1.1100 2.8600 1.4700
v 1.1100 2.8600 -1.4500
v -1.1100 2.8600 -1.4500
v 1.1100 2.8600 1.4700
v 0.7800 2.7000 1.9300
v 1.5700 2.7000 -0.0100
v 1.5700 2.7000 -1.0400
v 1.5700 2.7000 1.1600
v -0.7200 2.7000 -1.9100
v 0.8000 2.7000 -1.9100
v 1.5700 2.7000 1.9300
v 1.5700 2.7000 -1.0400
v 0.8000 2.7000 -1.9100
v 1.5700 2.7000 -1.0400
v 1.5700 2.7000 -1.9100
v -0.7100 2.7000 1.9200
v 39.5400 -0.6300 20.4200
v 38.3700 -1.9000 19.3800
v 38.3700 -1.9000 -19.3800
v 39.3800 -0.8100 -20.3400
v -3.9400 2.8600 1.4700
v -4.3900 0.5200 1.4700
v -1.1100 2.8600 1.4700
v -4.2100 1.5100 1.1200
v -4.1100 2.2100 0.8700
v -4.0800 2.4600 0.0000
v -3.9400 2.8600 -1.4500
v -4.1100 2.2100 -0.8500
v -4.2100 1.5100 -1.1100
v -4.3900 0.5200 -1.4500
v -1.1100 2.8600 -1.4500
v 27.7600 -3.1200 1.6000
v 33.3700 -4.1800 1.6300
v 33.3700 -4.1800 -1.6300
v 27.7600 -3.1200 -1.6600
v 33.3900 -0.2700 -0.0200
v 28.0200 0.0800 1.2000
v 28.0200 0.4600 -0.0300
v 33.4000 -0.7500 1.2300
v 33.4000 -1.7400 2.0300
v 27.7800 -2.0200 2.1500
v 33.4000 -2.8900 2.1800
v 33.3700 -4.1800 1.6300
v 27.7600 -3.1200 1.6000
v 28.0200 0.1200 -1.2400
v 33.4000 -0.7100 -1.2100
v 33.3900 -1.5600 -1.8700
v 27.7800 -2.0200 -2.2100
v 33.4300 -2.9300 -2.0600
v 33.3700 -4.1800 -1.6300
v 27.7600 -3.1200 -1.6600
v 38.2200 -11.9800 -5.9000
v 38.3100 -11.8800 5.8900
v 38.3100 -11.8800 5.8900
v -3.5400 0.5200 -4.7300
v -4.3900 0.5200 -4.7300
v -0.7200 2.7000 -1.9100
v -1.5700 2.7000 -1.9100
v -1.5700 2.7000 -1.9100
v -1.5700 2.7000 -1.4500
v -4.3900 0.5200 -3.8800
v -4.3900 0.5200 -1.4500
v -0.7200 2.7000 -1.9100
v -0.7200 2.0600 -2.7300
v -0.7200 0.5200 -4.7300
v -3.0100 0.0000 -7.3000
v -8.1100 0.0000 -2.3800
v -0.7200 0.0000 -7.2900
v -3.5400 0.5200 4.7500
v -2.9200 0.0000 7.3300
v -0.7200 0.0000 7.2900
v -0.7200 0.5200 4.7300
v -4.3900 0.5200 3.9000
v -4.3900 0.5200 1.4700
v -8.0900 0.0000 2.5100
v -4.3900 0.5200 4.7600
v -2.9200 0.0000 7.3300
v -3.5400 0.5200 4.7500
v -4.3900 0.5200 4.7600
v -0.7200 2.0600 2.7300
v -0.7200 0.5200 4.7300
v -0.7100 2.7000 1.9200
v -1.5700 2.7000 1.4700
v -4.3900 0.5200 3.9000
v -1.5700 2.7000 1.9300
v -1.5700 2.7000 1.9300
v -0.7100 2.7000 1.9200
v 3.5700 0.5200 4.7500
v 4.3900 0.5200 4.7600
v 0.7800 2.7000 1.9300
v 1.5700 2.7000 1.9300
v 1.5700 2.7000 1.9300
v 4.3900 0.5200 4.7600
v 1.5700 2.7000 1.1600
v 4.3900 0.5200 3.9000
v 3.1700 1.5100 1.1200
v 4.3900 0.5200 1.1200
v 0.8100 2.0700 2.7300
v 0.8100 0.5200 4.7300
v 3.0300 0.0000 7.2900
v 8.1300 0.0000 2.4600
v 0.8100 0.5200 4.7300
v 0.8100 0.0000 7.2900
v 3.1600 0.0000 -7.2900
v 0.8100 0.0000 -7.2900
v 0.8100 0.5200 -4.7300
v 3.5500 0.5200 -4.7300
v 4.3900 0.5200 -3.9600
v 4.3900 0.5200 -1.0900
v 8.1300 0.0000 -2.2400
v 4.3900 0.5200 -4.7300
v 3.5500 0.5200 -4.7300
v 4.3900 0.5200 -4.7300
v 0.7200 2.0600 -2.7300
v 0.8100 0.5200 -4.7300
v 0.8000 2.7000 -1.9100
v 3.1700 1.5100 -1.1100
v 1.5700 2.7000 -1.0400
v 4.3900 0.5200 -3.9600
v 1.5700 2.7000 -1.9100
v 1.5700 2.7000 -1.9100
v 10.4600 0.0100 3.2600
v 11.1600 1.3700 2.1100
v 11.1500 0.0100 1.4900
v 10.4600 1.2400 3.8400
v 10.4600 3.7100 2.7100
v 11.1700 2.7300 1.4900
v 11.1700 3.2900 -0.0100
v 10.4600 4.7400 -0.0100
v 27.7800 -2.0200 2.1500
v 27.7600 -3.1200 1.6000
v 28.0200 0.0800 1.2000
v 28.0200 0.4600 -0.0300
v 11.1500 0.0100 -1.5100
v 27.7800 -2.0200 -2.2100
v 11.1600 1.3700 -2.1300
v 27.7600 -3.1200 -1.6600
v 28.0200 0.1200 -1.2400
v 11.1700 2.7300 -1.5100
v 11.1700 3.2900 -0.0100
v 28.0200 0.4600 -0.0300
v 10.4600 1.2400 -3.8500
v 10.4600 0.0100 -3.3000
v 10.4600 3.7100 -2.7300
v 10.4600 4.7400 -0.0100
v -6.8800 0.0000 0.0000
v -33.2800 0.0000 18.5500
v -35.2000 10.2400 0.7100
v -27.2000 2.5600 15.3600
v 15.3600 5.1600 0.0600
v -6.8800 0.0000 0.0000
v -27.5200 10.2400 2.5700
v -27.5200 6.4000 5.1300
v -27.5200 6.7200 7.6900
v -27.5200 6.8800 10.2400
v -27.5200 6.9600 12.8000
v -27.2000 12.1200 0.0100
v -7.5200 0.0000 1.2800
v 2.5800 0.6400 2.5600
v 12.8400 20.5400 0.0000
v -6.8800 0.0000 0.0000
v -27.4400 20.4800 0.0100
v -7.5200 0.0000 0.6400
v 2.5800 0.6400 2.5600
v 2.5800 0.6400 2.5600
v 2.5800 0.6400 2.5600
v 12.8400 25.9000 0.0000
v -6.8800 0.0000 0.0000
v -27.5200 20.4800 0.0500
v -7.5200 0.0000 1.2800
v -33.2800 0.0000 18.5500
v -7.5200 0.0000 1.2800
v -6.8800 0.0000 0.0000
v -27.5200 20.4800 0.0500
v 2.5800 0.6400 2.5600
v 2.5800 0.6400 2.5600
v -33.2800 0.0000 18.5500
v -33.2800 0.0000 18.3800
v -35.2000 10.2400 0.7100
v -35.5200 5.1200 2.9100
v -35.6800 2.5600 5.2900
v -35.7600 1.2800 7.7600
v -35.8000 0.6400 10.2800
v -6.8800 0.0000 0.0000
v -27.4400 20.4800 0.0500
v 2.5800 0.6400 2.5600
v -33.2800 0.0000 18.5500
v -7.5200 0.0000 0.6400
v 2.5800 0.6400 2.5600
v -33.2800 0.0000 18.5500
v -7.5200 0.0000 0.6400
v -6.8800 0.0000 0.0000
v -27.4400 20.4800 0.0500
v -6.8800 0.0000 0.0000
v -27.5200 20.4800 0.0100
v -7.5200 0.0000 1.2800
v -6.8800 0.0000 0.0000
v -7.5200 0.0000 1.2800
v -6.8800 0.0000 0.0000
v -35.2000 10.2400 0.7900
v -33.2800 0.0000 18.5500
v -35.2000 10.2400 0.7900
v -33.2800 0.0000 18.5500
v -33.2800 0.0000 18.5500
v -6.8800 0.0000 0.0000
v -7.5200 0.0000 1.2800
v 2.5800 0.6400 2.5600
v 2.5800 0.6400 2.5600
v -33.2800 0.0000 18.5500
v -6.8800 0.0000 0.0000
v -7.5200 0.0000 1.2800
v 2.5800 0.6400 2.5600
v -33.2800 0.0000 18.5500
v -7.5200 0.0000 1.2800
v -33.2800 0.0000 18.5500
v -6.8800 0.0000 0.0000
v -27.5200 20.4800 0.0500
v 0.0000 1.5200 0.0000
v 0.0000 0.0000 -0.0100
v 0.0000 0.0000 -0.0100
v 0.0000 0.0000 -0.0100
v 0.0000 0.0000 -0.0100
v 0.0000 0.0000 -0.0100
v 0.0000 0.0000 -0.0100
v 0.0000 0.0000 -0.0100
v 12.8200 0.1000 0.0000
v -7.1200 0.0000 0.0400
v -4.8100 0.0000 0.0200
v -5.0300 0.0000 -4.9900
v -3.4000 0.0000 -3.3800
v 0.0000 0.0000 -4.7900
v 0.0000 0.0000 -7.0700
v -5.0300 0.0000 5.0700
v 0.0000 0.0000 7.1600
v 0.0000 0.0000 4.8300
v -3.4000 0.0000 3.4200
v 7.1200 0.0000 0.0400
v 4.8100 0.0000 0.0200
v 5.0300 0.0000 5.0700
v 3.4000 0.0000 3.4200
v 5.0300 0.0000 -4.9900
v 3.4000 0.0000 -3.3800
v -2.2700 0.0000 0.0000
v -1.6100 0.0000 -1.6100
v -1.6100 0.0000 1.6000
v 0.0000 0.0000 2.2700
v 1.6100 0.0000 1.6000
v 2.2700 0.0000 0.0000
v 1.6100 0.0000 -1.6100
v 0.0000 0.0000 -2.2800
v -6.8800 0.0000 0.0000
v -33.2800 0.0000 18.5500
v -27.2000 2.5600 15.3600
v 0.0000 4.4000 0.0000
v -27.3600 0.0000 17.9200
v -27.5200 20.4800 0.0500
v -7.5200 0.0000 1.2800
v -5.0300 0.0000 4.9900
v -4.8100 0.0000 -0.0200
v -7.1200 0.0000 -0.0400
v 0.0000 0.0000 4.7900
v -3.4000 0.0000 3.3800
v 0.0000 0.0000 7.0700
v -5.0300 0.0000 -5.0700
v 0.0000 0.0000 -4.8300
v 0.0000 0.0000 -7.1600
v -3.4000 0.0000 -3.4200
v 5.0300 0.0000 -5.0700
v 4.8100 0.0000 -0.0200
v 7.1200 0.0000 -0.0400
v 3.4000 0.0000 -3.4200
v 5.0300 0.0000 4.9900
v 3.4000 0.0000 3.3800
v -2.2700 0.0000 0.0000
v -1.6100 0.0000 1.6100
v -1.6100 0.0000 -1.6000
v 0.0000 0.0000 -2.2700
v 1.6100 0.0000 -1.6000
v 2.2700 0.0000 0.0000
v 1.6100 0.0000 1.6100
v 0.0000 0.0000 2.2800
v -6.8800 0.0000 0.0000
v -33.2800 0.0000 18.5500
v -27.2000 2.5600 15.3600
v 0.0000 4.4000 0.0000
v -27.3600 0.0000 17.9200
v -27.5200 20.4800 0.0500
v -7.5200 0.0000 1.2800
v 0.5700 -2.6700 1.2700
v 0.5700 -0.8600 1.0500
v 0.3300 -0.8600 0.7700
v 0.7800 -0.8600 0.7800
v 2.8700 1.1300 1.4900
v 2.7400 1.2600 0.9300
v 2.8200 0.5000 1.5100
v 2.5200 0.8100 -0.7500
v 2.7400 1.2600 -0.9400
v 2.8200 0.5000 -1.5300
v 2.5200 0.2200 -1.2900
v 2.5200 0.8100 0.7400
v 2.8700 1.1300 -1.5000
v 2.5200 0.2200 1.2800
v 1.5900 -0.3700 1.1300
v 1.1100 -0.9400 1.0400
v 2.3800 -0.7100 1.3700
v 0.3500 -0.1900 0.9200
v 0.3900 -0.8600 1.0900
v 1.5900 -0.3700 -1.1400
v 1.1100 -0.9400 -1.0500
v 0.3500 -0.1900 -0.9400
v 0.3900 -0.8600 -1.1000
v 0.3900 -0.8600 1.0900
v 0.6300 -0.9100 0.5400
v 1.0700 -0.9800 0.7300
v 0.2800 -0.9100 -0.0100
v -0.0300 -0.8600 -0.0100
v 1.1100 -0.9400 1.0400
v 1.0700 -0.9800 0.7300
v 1.0800 -1.7500 0.8000
v 1.2700 -2.2600 1.0800
v 1.1600 -2.4000 0.7000
v 1.2700 -2.2600 1.0800
v 1.0800 -1.7500 0.8000
v 1.2700 -2.2600 1.0800
v 1.1600 -2.4000 0.7000
v 1.3700 -3.3300 1.2800
v 1.4400 -3.2600 0.5100
v 1.3700 -3.3300 -1.3400
v 1.1600 -2.4000 -0.7600
v 1.2700 -2.2600 -1.1400
v 1.4400 -3.2600 -0.5600
v 1.1100 -0.9400 -1.0500
v 1.2700 -2.2600 -1.1400
v 1.0800 -1.7500 -0.8100
v 1.1600 -2.4000 -0.7600
v 1.0700 -0.9800 -0.7500
v 1.3700 -3.3300 1.2800
v 1.4400 -3.2600 0.5100
v 2.2200 -3.3600 0.5100
v 2.7600 -3.4100 0.8600
v 2.5200 -3.3600 -0.0300
v 2.7600 -3.4100 -0.0100
v 2.5200 0.8100 -0.7500
v 2.5200 0.2200 -1.2900
v 1.5900 -0.3700 -1.1400
v 1.5900 -0.3700 1.1300
v 2.5200 0.2200 1.2800
v 2.5200 0.8100 0.7400
v 1.8800 0.7900 -0.0700
v 2.9300 0.4000 -0.5000
v 2.5200 0.8100 -0.7500
v 2.9300 0.4000 -0.0100
v 1.8800 0.7900 -0.0700
v 2.9300 0.4000 0.4800
v 2.9300 0.4000 -0.0100
v 1.8800 0.7900 0.0000
v 1.8800 0.7900 0.0800
v 2.5200 0.8100 0.7400
v 2.3800 -0.7100 -1.3900
v 1.1100 -0.9400 -1.0500
v 1.5900 -0.3700 -1.1400
v 2.7600 -3.4100 -0.9200
v 2.7600 -3.4100 -0.0100
v 2.5200 -3.3600 -0.0300
v 0.2800 -0.9100 -0.0100
v -0.0300 -0.8600 -0.0100
v 0.3900 -0.8600 -1.1000
v 0.6300 -0.9100 -0.5600
v 1.0700 -0.9800 -0.7500
v 2.2200 -3.3600 -0.5600
v 1.3700 -3.3300 -1.3400
v 1.4400 -3.2600 -0.5600
v 2.2000 -1.5100 -0.9300
v 1.2700 -2.2600 -1.1400
v 1.1100 -0.9400 -1.0500
v 1.1100 -0.9400 1.0400
v 1.2700 -2.2600 1.0800
v 2.2000 -1.5100 0.9300
v 2.3800 -0.7100 1.3700
v 1.2700 -2.2600 -1.1400
v 2.2000 -1.5100 -0.9300
v 2.6000 -2.2900 -0.7000
v 1.3700 -3.3300 -1.3400
v 2.7600 -3.4100 -0.9200
v 2.6000 -2.2900 0.6400
v 2.2000 -1.5100 0.9300
v 1.2700 -2.2600 1.0800
v 1.3700 -3.3300 1.2800
v 2.7600 -3.4100 0.8600
v 1.5900 -0.3700 -1.1400
v 2.5200 0.2200 -1.2900
v 2.3800 -0.7100 -1.3900
v 2.9300 0.4000 -0.5000
v 2.3800 -0.7100 1.3700
v 2.5200 0.2200 1.2800
v 1.5900 -0.3700 1.1300
v 2.9300 0.4000 0.4800
v 3.1500 -0.4300 -0.0100
v 2.2000 -1.5100 -0.9300
v 2.3800 -0.7100 -1.3900
v 2.7000 -1.5200 -0.0100
v 2.2000 -1.5100 0.9300
v 2.3800 -0.7100 1.3700
v 2.7600 -3.4100 -0.0100
v 2.7600 -3.4100 -0.9200
v 2.6000 -2.2900 -0.7000
v 2.6000 -2.2900 -0.0300
v 2.2000 -1.5100 -0.9300
v 2.7000 -1.5200 -0.0100
v 2.6000 -2.2900 0.6400
v 2.2000 -1.5100 0.9300
v 2.7600 -3.4100 0.8600
v 3.1500 -0.4300 -0.0100
v 2.3800 -0.7100 -1.3900
v 2.9300 0.4000 -0.5000
v 2.9300 0.4000 -0.0100
v 2.9300 0.4000 0.4800
v 3.1500 -0.4300 -0.0100
v 2.9300 0.4000 -0.0100
v 2.3800 -0.7100 1.3700
v 0.5700 -2.6700 -1.2600
v 0.5700 -0.8600 -1.0500
v 0.7800 -0.8600 -0.7800
v 0.7800 -0.8600 -0.7800
v 0.3300 -0.8600 -0.7700
v 1.2500 0.1700 0.0800
v 0.3500 -0.1900 0.9200
v 1.5900 -0.3700 1.1300
v 0.0000 0.0000 0.2000
v 1.2500 0.1700 0.0000
v 1.5900 -0.3700 -1.1400
v 0.3500 -0.1900 -0.9400
v 1.2500 0.1700 -0.0700
v 0.0000 0.0000 -0.2000
v 0.0000 0.0000 0.2000
v -0.0300 -0.8600 -0.0100
v 0.3900 -0.8600 1.0900
v 0.3500 -0.1900 0.9200
v 0.3900 -0.8600 -1.1000
v 0.0000 0.0000 -0.2000
v 0.3500 -0.1900 -0.9400
v 1.5900 -0.3700 1.1300
v 2.5200 0.8100 0.7400
v 1.2500 0.1700 0.0800
v 1.8800 0.7900 0.0800
v 1.8800 0.7900 0.0000
v 1.2500 0.1700 0.0000
v 1.2500 0.1700 0.0800
v 1.8800 0.7900 0.0000
v 1.2500 0.1700 -0.0700
v 2.5200 0.8100 -0.7500
v 1.5900 -0.3700 -1.1400
v 1.8800 0.7900 -0.0700
v 2.9300 0.4000 -0.5000
v 2.5200 0.2200 -1.2900
v 2.8200 0.5000 -1.5300
v 2.9600 1.1000 -1.0300
v 2.8700 1.1300 -1.5000
v 2.7400 1.2600 -0.9400
v 2.5200 0.8100 -0.7500
v 2.5200 0.8100 0.7400
v 2.7400 1.2600 0.9300
v 2.9300 0.4000 0.4800
v 2.9600 1.1000 1.0400
v 2.8200 0.5000 1.5100
v 2.5200 0.2200 1.2800
v 2.8700 1.1300 1.4900
v -6.8800 0.0000 0.0000
v -33.2800 0.0000 18.5500
v -27.2000 2.5600 15.3600
v 13.0600 30.9400 0.0000
v -6.8800 0.0000 0.0000
v -27.4400 20.4800 0.0900
v -7.5200 0.0000 0.6400
v 2.5800 0.6400 2.5600
v -6.8800 0.0000 0.0000
v -7.5200 0.0000 0.6400
v 2.5800 0.6400 2.5600
v 15.5000 30.8800 0.1800
v -33.2800 0.0000 18.5500
v -7.5200 0.0000 0.6400
v 15.3600 5.1600 0.0000
v -6.8800 0.0000 0.0000
v -27.4400 20.4800 0.0900
v 15.4400 25.7200 0.0800
v -33.2800 0.0000 18.5500
v -33.2800 0.0000 18.5500
v -33.2800 0.0000 18.5500
v 12.8400 15.3600 0.0000
v -6.8800 0.0000 0.0000
v -27.5200 20.4800 0.0900
v -7.5200 0.0000 1.2800
v 0.0000 29.8400 0.0000
v 0.0000 0.0000 -0.0100
v 0.0000 0.0000 -0.0100
v 0.0000 0.0000 -0.0100
v 0.0000 0.0000 -0.0100
v 0.0000 0.0000 -0.0100
v 0.0000 0.0000 -0.0100
v 0.0000 0.0000 -0.0100
v 0.0000 0.0000 -0.0100
v 0.0000 0.0000 -0.0100
v 0.0000 0.0000 -0.0100
v 0.0000 0.0000 -0.0100
v 0.0000 0.0000 -0.0100
v 0.0000 0.0000 -0.0100
v 0.0000 0.0000 -0.0100
v 0.0000 0.0000 -0.0100
v 0.0000 0.0000 -0.0100
v 0.0000 0.0000 -0.0100
v 0.0000 0.0000 -0.0100
v 0.0000 0.0000 -0.0100
v 0.0000 0.0000 -0.0100
v 0.0000 0.0000 -0.0100
v -27.3600 0.0000 17.9200
v -27.5200 20.4800 0.0100
v -7.5200 0.0000 1.2800
v 2.5800 0.6400 2.5600
v -33.2800 0.0000 18.5500
v 12.8800 30.9000 0.0000
v -6.8800 0.0000 0.0000
v -7.5200 0.0000 0.6400
v -33.2800 0.0000 18.5500
v -6.8800 0.0000 0.0000
v -7.5200 0.0000 1.2800
v 15.3800 35.9200 0.0800
v -6.8800 0.0000 0.0000
v -7.5200 0.0000 0.6400
v -33.2800 0.0000 18.5500
v -6.8800 0.0000 0.0000
v -27.4400 20.4800 0.0900
v -33.2800 0.0000 18.5500
v -6.8800 0.0000 0.0000
v -7.5200 0.0000 0.6400
v -7.6900 -0.0100 -0.0200
v -6.8800 0.0000 0.0000
v -27.5200 20.4800 0.0100
v -7.5200 0.0000 1.2800
v -0.0400 -2.1000 -1.0800
v -0.8400 -2.3400 -0.5200
v -0.3000 -1.4100 -1.2200
v -1.0600 -1.6400 -0.6200
v 0.2900 -1.7600 1.2700
v 0.2900 0.0500 1.0600
v 0.0500 0.0500 0.7800
v 0.5000 0.0500 0.7900
v 2.5900 2.0400 1.5000
v 2.4600 2.1600 0.9400
v 2.5400 1.4100 1.5200
v 2.2400 1.7200 -0.7500
v 2.4600 2.1600 -0.9400
v 2.5400 1.4100 -1.5200
v 2.2400 1.1300 -1.2800
v 2.2400 1.7200 0.7500
v 2.5900 2.0400 -1.5000
v 2.2400 1.1300 1.2800
v 1.3100 0.5300 1.1300
v 0.8300 -0.0300 1.0400
v 2.1000 0.2000 1.3800
v 0.0700 0.7200 0.9300
v 0.1100 0.0500 1.0900
v 1.3100 0.5300 -1.1300
v 0.8300 -0.0300 -1.0400
v 0.0700 0.7200 -0.9300
v 0.1100 0.0500 -1.0900
v 0.1100 0.0500 1.0900
v 0.3500 0.0000 0.5500
v 0.7900 -0.0800 0.7400
v -0.3100 0.0500 0.0000
v 0.8300 -0.0300 1.0400
v 0.7900 -0.0800 0.7400
v 0.8000 -0.8400 0.8100
v 0.9900 -1.3600 1.0900
v 0.8800 -1.4900 0.7100
v 0.9900 -1.3600 1.0900
v 0.8800 -1.4900 0.7100
v 1.0900 -2.4200 1.2900
v 1.1500 -2.3500 0.5200
v 1.0900 -2.4200 -1.3300
v 0.8800 -1.4900 -0.7500
v 0.9900 -1.3600 -1.1300
v 1.1500 -2.3500 -0.5600
v 0.8300 -0.0300 -1.0400
v 0.9900 -1.3600 -1.1300
v 0.8000 -0.8400 -0.8100
v 0.8800 -1.4900 -0.7500
v 0.7900 -0.0800 -0.7400
v 1.0900 -2.4200 1.2900
v 1.1500 -2.3500 0.5200
v 1.9300 -2.4500 0.5100
v 2.4800 -2.5100 0.8700
v 2.2400 -2.4500 -0.0200
v 2.4800 -2.5100 0.0000
v 2.2400 1.7200 -0.7500
v 2.2400 1.1300 -1.2800
v 1.3100 0.5300 -1.1300
v 1.3100 0.5300 1.1300
v 2.2400 1.1300 1.2800
v 2.2400 1.7200 0.7500
v 1.6000 1.6900 -0.0600
v 2.6500 1.3100 -0.4900
v 2.2400 1.7200 -0.7500
v 2.6500 1.3100 0.0000
v 2.6500 1.3100 0.4900
v 1.6000 1.6900 0.0100
v 1.6000 1.6900 0.0800
v 2.2400 1.7200 0.7500
v 2.1000 0.2000 -1.3800
v 0.8300 -0.0300 -1.0400
v 1.3100 0.5300 -1.1300
v 2.4800 -2.5100 -0.9100
v 2.4800 -2.5100 0.0000
v 2.2400 -2.4500 -0.0200
v -0.3100 0.0500 0.0000
v 0.1100 0.0500 -1.0900
v 0.3500 0.0000 -0.5500
v 0.7900 -0.0800 -0.7400
v 1.9300 -2.4500 -0.5500
v 1.0900 -2.4200 -1.3300
v 1.1500 -2.3500 -0.5600
v -0.1100 -0.8400 0.0000
v -0.5900 -0.8400 -0.9200
v -1.0600 -0.8400 -0.5000
v 0.2700 -0.8400 -0.5500
v 0.8000 -0.8400 -0.8100
v -1.0600 -0.8400 0.5000
v -0.6000 -0.8400 0.9500
v 0.2700 -0.8400 0.5500
v 0.8000 -0.8400 0.8100
v 1.9200 -0.6000 -0.9200
v 0.9900 -1.3600 -1.1300
v 0.8300 -0.0300 -1.0400
v 2.1000 0.2000 -1.3800
v 0.8300 -0.0300 1.0400
v 0.9900 -1.3600 1.0900
v 1.9200 -0.6000 0.9400
v 2.1000 0.2000 1.3800
v 0.9900 -1.3600 -1.1300
v 1.9200 -0.6000 -0.9200
v 2.3100 -1.3800 -0.6900
v 1.0900 -2.4200 -1.3300
v 2.4800 -2.5100 -0.9100
v 2.3100 -1.3800 0.6500
v 1.9200 -0.6000 0.9400
v 0.9900 -1.3600 1.0900
v 1.0900 -2.4200 1.2900
v 2.4800 -2.5100 0.8700
v 1.3100 0.5300 -1.1300
v 2.2400 1.1300 -1.2800
v 2.1000 0.2000 -1.3800
v 2.6500 1.3100 -0.4900
v 2.1000 0.2000 1.3800
v 2.2400 1.1300 1.2800
v 1.3100 0.5300 1.1300
v 2.6500 1.3100 0.4900
v 2.8700 0.4800 0.0000
v 1.9200 -0.6000 -0.9200
v 2.1000 0.2000 -1.3800
v 2.4200 -0.6100 0.0000
v 1.9200 -0.6000 0.9400
v 2.1000 0.2000 1.3800
v 2.4800 -2.5100 0.0000
v 2.4800 -2.5100 -0.9100
v 2.3100 -1.3800 -0.6900
v 2.3100 -1.3800 -0.0200
v 1.9200 -0.6000 -0.9200
v 2.4200 -0.6100 0.0000
v 2.3100 -1.3800 0.6500
v 1.9200 -0.6000 0.9400
v 2.4800 -2.5100 0.8700
v 2.8700 0.4800 0.0000
v 2.1000 0.2000 -1.3800
v 2.6500 1.3100 -0.4900
v 2.6500 1.3100 0.0000
v 2.6500 1.3100 0.4900
v 2.1000 0.2000 1.3800
v 0.2900 -1.7600 -1.2600
v 0.2900 0.0500 -1.0400
v 0.5000 0.0500 -0.7700
v 0.5000 0.0500 -0.7700
v 0.0500 0.0500 -0.7600
v -0.5900 -0.4600 -0.4900
v -0.3800 -0.4600 -0.7500
v -0.5500 -0.4600 -0.8800
v -0.7700 -0.4600 -0.6400
v -0.5500 -0.4600 0.8800
v -0.3800 -0.4600 0.7500
v -0.5900 -0.4600 0.4900
v -0.7700 -0.4600 0.6400
v 0.9700 1.0800 0.0800
v 0.0700 0.7200 0.9300
v 1.3100 0.5300 1.1300
v -0.2800 0.9100 0.2100
v 0.9700 1.0800 0.0800
v -0.2800 0.9100 0.0100
v -0.2800 0.9100 0.2100
v 0.9700 1.0800 0.0100
v 1.3100 0.5300 -1.1300
v 0.0700 0.7200 -0.9300
v 0.9700 1.0800 -0.0600
v -0.2800 0.9100 -0.1900
v -0.2800 0.9100 0.2100
v -0.3100 0.0500 0.0000
v 0.1100 0.0500 1.0900
v 0.0700 0.7200 0.9300
v -0.2800 0.9100 0.0100
v 0.1100 0.0500 -1.0900
v -0.2800 0.9100 -0.1900
v 0.0700 0.7200 -0.9300
v 1.3100 0.5300 1.1300
v 2.2400 1.7200 0.7500
v 0.9700 1.0800 0.0800
v 1.6000 1.6900 0.0800
v 1.6000 1.6900 0.0100
v 0.9700 1.0800 0.0100
v 0.9700 1.0800 -0.0600
v 2.2400 1.7200 -0.7500
v 1.3100 0.5300 -1.1300
v 1.6000 1.6900 -0.0600
v 2.6500 1.3100 -0.4900
v 2.2400 1.1300 -1.2800
v 2.5400 1.4100 -1.5200
v 2.6800 2.0100 -1.0300
v 2.5900 2.0400 -1.5000
v 2.4600 2.1600 -0.9400
v 2.6500 1.3100 -0.4900
v 2.4600 2.1600 -0.9400
v 2.2400 1.7200 -0.7500
v 2.2400 1.7200 0.7500
v 2.4600 2.1600 0.9400
v 2.6500 1.3100 0.4900
v 2.6800 2.0100 1.0400
v 2.5400 1.4100 1.5200
v 2.2400 1.1300 1.2800
v 2.5900 2.0400 1.5000
v 2.6600 -3.1400 -1.1400
v 2.6600 -3.1400 1.0800
v -0.7100 -3.1400 1.0800
v -0.7100 -3.1400 -1.1400
v 2.6600 -3.1400 -1.1400
v 2.6600 -3.0100 -1.1400
v 2.6600 -3.1400 1.0800
v 2.6600 -3.0100 1.0800
v 2.6600 -3.1400 1.0800
v -0.7100 -3.0100 1.0800
v -0.7100 -3.1400 1.0800
v -0.7100 -3.1400 1.0800
v -0.7100 -3.1400 -1.1400
v -0.7100 -3.0100 -1.1400
v 2.6600 -3.1400 -1.1400
v -0.7100 -3.1400 -1.1400
v 2.2400 -2.4500 -0.0200
v 1.9300 -2.4500 0.5100
v 2.0500 -3.0100 0.6600
v 2.4400 -3.0100 -0.0200
v 2.0500 -3.0100 -0.7000
v 1.9300 -2.4500 -0.5500
v 0.6900 -3.0100 0.0300
v 1.1500 -2.3500 -0.5600
v 1.0700 -3.0000 -0.7000
v 1.0700 -3.0000 -0.7000
v 1.1500 -2.3500 -0.5600
v 1.9300 -2.4500 -0.5500
v 2.0500 -3.0100 -0.7000
v 1.1900 -2.9900 0.6500
v 1.1500 -2.3500 0.5200
v 1.9300 -2.4500 0.5100
v 1.1500 -2.3500 0.5200
v 1.1900 -2.9900 0.6500
v 2.0500 -3.0100 0.6600
v 0.7000 -2.4900 -0.0200
v 0.8800 -1.4900 -0.7500
v 1.1500 -2.3500 -0.5600
v 0.7000 -2.4900 -0.0200
v 0.7000 -2.4900 -0.0200
v 1.1500 -2.3500 0.5200
v 0.8800 -1.4900 0.7100
v -0.0100 -2.5900 -0.0200
v -0.0400 -2.1000 -1.0800
v -0.8400 -2.3400 -0.5200
v -0.0400 -2.1000 -1.0800
v -0.8400 -2.3400 0.4800
v -0.8400 -2.3400 -0.5200
v -0.0400 -2.1000 1.0400
v -0.8400 -2.3400 0.4800
v -0.0100 -2.5900 -0.0200
v -0.0400 -2.1000 1.0400
v -1.0600 -1.6400 -0.6200
v -1.0600 -1.6400 -0.6200
v -1.0600 -1.6400 0.5800
v -1.0600 -0.8400 0.5000
v -1.0600 -0.8400 -0.5000
v -0.8400 -2.3400 0.4800
v -1.0600 -1.6400 0.5800
v -1.0600 -1.6400 -0.6200
v -0.3000 -1.4100 1.1800
v -0.8400 -2.3400 0.4800
v -0.0400 -2.1000 1.0400
v -0.3000 -1.4100 1.1800
v -0.6000 -0.8400 0.9500
v -1.0600 -0.8400 0.5000
v -0.3000 -1.4100 1.1800
v 0.8000 -0.8400 0.8100
v -0.6000 -0.8400 0.9500
v 0.8800 -1.4900 0.7100
v -0.0400 -2.1000 1.0400
v 0.7000 -2.4900 -0.0200
v -0.3000 -1.4100 -1.2200
v 0.8800 -1.4900 -0.7500
v -0.0400 -2.1000 -1.0800
v -1.0600 -1.6400 0.5800
v -0.3000 -1.4100 1.1800
v -1.0600 -1.6400 0.5800
v 0.8800 -1.4900 0.7100
v -1.0600 -0.8400 -0.5000
v -0.3000 -1.4100 -1.2200
v -1.0600 -1.6400 -0.6200
v 0.8800 -1.4900 -0.7500
v -0.3000 -1.4100 -1.2200
v 0.8000 -0.8400 -0.8100
v -1.0600 -0.8400 -0.5000
v -0.5900 -0.8400 -0.9200
v -0.3000 -1.4100 -1.2200
v -0.5900 -0.8400 -0.9200
v 0.8000 -0.8400 -0.8100
v -0.3000 -1.4100 -1.2200
v -0.7700 -0.4600 0.6400
v -0.5900 -0.4600 0.4900
v -0.6100 -0.8400 0.4700
v -0.8000 -0.8400 0.6200
v -0.5500 -0.4600 0.8800
v -0.7700 -0.4600 0.6400
v -0.8000 -0.8400 0.6200
v -0.5900 -0.8400 0.9200
v -0.4000 -0.8400 0.7300
v -0.3800 -0.4600 0.7500
v -0.5900 -0.8400 0.9200
v -0.5500 -0.4600 0.8800
v -0.6100 -0.8400 0.4700
v -0.5900 -0.4600 0.4900
v -0.4000 -0.8400 0.7300
v -0.3800 -0.4600 0.7500
v -0.5500 -0.4600 -0.8800
v -0.3800 -0.4600 -0.7500
v -0.4000 -0.8400 -0.7300
v -0.5500 -0.8400 -0.8400
v -0.3800 -0.4600 -0.7500
v -0.5900 -0.4600 -0.4900
v -0.6100 -0.8400 -0.4700
v -0.4000 -0.8400 -0.7300
v -0.6100 -0.8400 -0.4700
v -0.5900 -0.4600 -0.4900
v -0.8000 -0.8400 -0.6200
v -0.7700 -0.4600 -0.6400
v -0.8000 -0.8400 -0.6200
v -0.7700 -0.4600 -0.6400
v -0.5500 -0.8400 -0.8400
v -0.5500 -0.4600 -0.8800
v 0.3500 0.0000 -0.5500
v 0.8000 -0.8400 -0.8100
v 0.2700 -0.8400 -0.5500
v -0.1100 -0.8400 0.0000
v 0.7900 -0.0800 -0.7400
v 0.2700 -0.8400 0.5500
v 0.8000 -0.8400 0.8100
v 0.3500 0.0000 0.5500
v -0.1100 -0.8400 0.0000
v 0.7900 -0.0800 0.7400
v -1.0600 -0.8400 -0.5000
v -0.3000 -1.4100 -1.2200
v -1.0600 -1.6400 -0.6200
v -1.0600 -0.8400 0.5000
v -1.0600 -1.6400 0.5800
v -0.8400 -2.3400 -0.5200
v -0.8400 -2.3400 0.4800
v -0.5900 -0.8400 -0.9200
v -0.0100 -2.5900 -0.0200
v -0.0400 -2.1000 -1.0800
v 0.8000 -0.8400 -0.8100
v 0.8800 -1.4900 -0.7500
v -0.0100 -2.5900 -0.0200
v -0.0400 -2.1000 -1.0800
v 0.7000 -2.4900 -0.0200
v 0.8800 -1.4900 -0.7500
v -6.8800 0.0000 0.0000
v -33.2800 0.0000 18.5500
v -27.2000 2.5600 15.3600
v -33.2800 0.0000 18.5500
v -6.8800 0.0000 0.0000
v -7.5200 0.0000 0.6400
v -33.2800 0.0000 18.5500
v -7.5200 0.0000 0.6400
v 2.5800 0.6400 2.5600
v -33.2800 0.0000 18.5500
v -7.5200 0.0000 0.6400
v -33.2800 0.0000 18.5500
v -33.2800 0.0000 18.5500
v -33.2800 0.0000 18.5500
v -33.2800 0.0000 18.5500
v 2.5800 0.6400 2.5600
v -6.8800 0.0000 0.0000
v -7.5200 0.0000 1.2800
v -33.2800 0.0000 18.5500
v -33.2800 0.0000 18.5500
v -33.2800 0.0000 18.5500
v -7.5200 0.0000 0.6400
v 2.5800 0.6400 2.5600
v -33.2800 0.0000 18.5500
v -6.8800 0.0000 0.0000
v -7.5200 0.0000 0.6400
v -33.2800 0.0000 18.5500
v 15.3600 5.1600 0.0400
v 0.0000 30.1600 0.0000
v 0.0000 37.6800 0.0000
v -27.3600 0.0000 17.9200
v -27.4400 20.4800 0.0100
v -7.5200 0.0000 0.6400
v 2.5800 0.6400 2.5600
v -6.8800 0.0000 0.0000
v -7.5200 0.0000 1.2800
v 2.5800 0.6400 2.5600
v -33.2800 0.0000 18.5500
v 15.3600 5.1600 0.0600
v -6.8800 0.0000 0.0000
v -7.5200 0.0000 1.2800
v 0.0000 0.1200 0.0000
v 0.0000 0.0200 0.0000
v 0.0000 0.0200 0.0000
v 0.0000 0.0200 0.0000
v 0.0000 0.0200 0.0000
v 0.0000 0.0200 0.0000
v 0.0000 0.0500 0.0000
v 0.0000 0.0500 0.0000
v 0.0000 0.0500 0.0000
v 0.0000 0.0500 0.0000
v 0.0000 0.0500 0.0000
v 0.0000 0.0500 0.0000
v 0.0000 0.0500 0.0000
v 0.0000 0.0500 0.0000
v 0.0000 0.0500 0.0000
v 0.0000 0.0500 0.0000
v 0.0000 0.0500 0.0000
v 0.0000 0.0500 0.0000
v 0.0000 0.0500 0.0000
v 0.0000 0.0200 0.0000
v 0.0000 0.0200 0.0000
v 0.0000 0.0200 0.0000
v 0.4100 -1.2200 -4.5100
v 6.5500 -1.4300 -4.6800
v 0.8200 -2.4300 -3.2400
v 0.8200 -2.4300 2.8900
v 6.5500 -1.4300 4.4100
v 0.4100 -1.2200 4.1600
v 0.0100 -0.0100 2.8900
v 6.7500 1.3400 4.4100
v 0.0100 -0.0100 -3.2400
v 6.7500 1.3400 -4.6800
v -26.7300 -5.5600 -0.8600
v -27.3500 -5.7400 -0.2500
v -26.7600 -5.6800 -0.1800
v -26.7300 -5.5600 0.5000
v -26.8000 -5.9200 0.7800
v -26.8600 -6.2800 0.5000
v -26.8000 -5.9200 -1.1400
v -26.8600 -6.2800 -0.8600
v -15.5600 -3.6100 -2.9600
v -12.3500 -1.9700 -2.4200
v -12.2300 -2.9000 -3.3500
v -15.8300 -2.8300 -2.1500
v -15.7400 -3.0800 -0.1700
v -12.3100 -2.2700 -0.1700
v -12.3500 -1.9700 2.0700
v -15.8300 -2.8300 1.8000
v -15.5600 -3.6100 2.6200
v -12.2300 -2.9000 3.0000
v -12.1100 -3.8200 2.0700
v -15.2900 -4.3800 1.8000
v -15.2900 -4.3800 -2.1500
v -12.1100 -3.8200 -2.4200
v -18.8300 -4.6300 -2.5800
v -15.8300 -2.8300 -2.1500
v -15.5600 -3.6100 -2.9600
v -19.0800 -3.9700 -1.8700
v -19.0000 -4.1800 -0.1700
v -15.7400 -3.0800 -0.1700
v -15.8300 -2.8300 1.8000
v -19.0800 -3.9700 1.5300
v -18.8300 -4.6300 2.2300
v -15.5600 -3.6100 2.6200
v -15.2900 -4.3800 1.8000
v -18.5900 -5.3000 1.5300
v -18.5900 -5.3000 -1.8700
v -15.2900 -4.3800 -2.1500
v -21.8300 -5.8700 -2.1900
v -21.8500 -5.2800 -1.6000
v -21.8500 -5.4700 -0.1700
v -21.8500 -5.2800 1.2500
v -21.8300 -5.8700 1.8400
v -21.8100 -6.4700 1.2500
v -21.8100 -6.4700 -1.6000
v -25.0700 -6.3400 -1.8000
v -24.9800 -5.8700 -1.3300
v -25.0100 -6.0200 -0.1700
v -24.9800 -5.8700 0.9800
v -25.0700 -6.3400 1.4600
v -25.1500 -6.8100 0.9800
v -25.1500 -6.8100 -1.3300
v -26.8000 -5.9200 -1.1400
v -26.7300 -5.5600 -0.8600
v -26.7600 -5.6800 -0.1800
v -26.7300 -5.5600 0.5000
v -26.8000 -5.9200 0.7800
v -25.0700 -6.3400 1.4600
v -24.9800 -5.8700 0.9800
v -26.7300 -5.5600 0.5000
v -25.1500 -6.8100 0.9800
v -26.8600 -6.2800 0.5000
v -26.8600 -6.2800 -0.8600
v -25.1500 -6.8100 -1.3300
v -26.8000 -5.9200 -1.1400
v -25.0700 -6.3400 -1.8000
v -12.1100 -3.8200 -2.4200
v -12.2300 -2.9000 -3.3500
v -8.3100 -4.0000 -2.6900
v -8.3500 -2.9500 -3.7400
v -12.1100 -3.8200 2.0700
v -8.3100 -4.0000 2.3500
v -12.2300 -2.9000 3.0000
v -8.3500 -2.9500 3.3900
v -12.3500 -1.9700 2.0700
v -8.3900 -1.9000 2.3500
v -12.3100 -2.2700 -0.1700
v -8.3700 -2.2400 -0.1700
v -12.3500 -1.9700 -2.4200
v -8.3900 -1.9000 -2.6900
v -4.5800 -3.6900 -2.9700
v -4.7500 -2.5400 -4.1200
v -4.5800 -3.6900 2.6200
v -4.7500 -2.5400 3.7800
v -4.9200 -1.3900 2.6200
v -4.9200 -1.3900 -2.9700
v 0.8200 -2.4300 -3.2400
v 0.4100 -1.2200 -4.5100
v -4.5800 -3.6900 2.6200
v -4.5800 -3.6900 -2.9700
v 0.8200 -2.4300 2.8900
v 0.8200 -2.4300 -3.2400
v -4.7500 -2.5400 3.7800
v 0.4100 -1.2200 4.1600
v -4.9200 -1.3900 2.6200
v 0.0100 -0.0100 2.8900
v -4.9200 -1.3900 -2.9700
v 0.0100 -0.0100 -3.2400
v -4.7500 -2.5400 -4.1200
v 0.4100 -1.2200 -4.5100
v 6.5500 -1.4300 -4.6800
v 6.7500 1.3400 -4.6800
v 6.7500 1.3400 4.4100
v 6.5500 -1.4300 4.4100
v 6.5500 -1.4300 -4.6800
v 6.5500 -1.4300 4.4100
v -6.8800 0.0000 0.0000
v -33.2800 0.0000 18.5500
v -27.2000 2.5600 15.3600
v -6.8800 0.0000 0.0000
v -7.5200 0.0000 1.2800
v 2.5800 0.6400 2.5600
v 0.0000 0.0000 -2.5600
v 0.0000 0.0000 -2.5600
v -27.3600 0.0000 17.9200
v -27.5200 20.4800 0.0500
v -7.5200 0.0000 1.2800
v 2.5800 0.6400 2.5600
v 13.0400 20.5400 0.0000
v -6.8800 0.0000 0.0000
v -7.5200 0.0000 1.2800
v -33.2800 0.0000 18.5500
v -7.5200 0.0000 1.2800
v 2.5800 0.6400 2.5600
v -7.6900 -0.0100 -0.0200
v -33.2800 0.0000 18.5500
v -35.2000 10.2400 0.7100
v -6.8800 0.0000 0.0000
v -27.5200 20.4800 0.0500
v -7.5200 0.0000 1.2800
v 0.6100 0.6500 -0.5200
v 0.6200 0.5200 -0.6200
v 0.3800 0.6500 -0.5100
v 0.5600 0.7100 -0.3800
v 0.3000 0.5700 -0.2400
v 0.5000 0.5000 -0.1400
v 0.7000 0.5300 -0.3400
v 0.5500 0.0200 -0.8400
v 0.6500 -0.1100 -0.5000
v 0.3800 -0.1300 -0.2400
v 0.0900 -0.0300 -0.3800
v 0.1900 0.0600 -0.7400
v 0.6600 -0.4500 -0.6400
v 0.4900 -0.2100 -0.2800
v 0.0900 -0.1500 -0.3100
v -0.0400 -0.3300 -0.6700
v 0.2500 -0.4700 -0.8600
v 0.7300 -0.7600 -0.3500
v 0.3800 -0.3400 -0.3900
v -0.0500 -0.4700 -0.2700
v -0.0700 -0.8900 -0.1600
v 0.3400 -1.1000 -0.1800
v 0.9500 -0.6700 0.1800
v 0.5800 -0.1000 -0.0700
v 0.0000 -0.2400 -0.1100
v -0.1100 -0.8900 0.0800
v 0.4100 -1.1500 0.2300
v 0.4500 -0.4800 0.5300
v 0.0300 -0.6900 0.4000
v 0.4100 -0.9100 0.5600
v 0.8000 -0.5500 0.4800
v 0.5400 -0.1300 0.3300
v 0.4500 -0.4800 0.5300
v 0.1000 -0.2700 0.2800
v 0.0300 -0.6900 0.4000
v 0.5400 -0.1300 0.3300
v 0.5800 -0.1000 -0.0700
v 0.8000 -0.5500 0.4800
v 0.9500 -0.6700 0.1800
v 0.0000 -0.2400 -0.1100
v -0.1100 -0.8900 0.0800
v 0.4100 -1.1500 0.2300
v 0.4100 -0.9100 0.5600
v 0.5100 0.6200 0.6000
v 0.7500 0.5400 0.4500
v 0.6400 0.6600 0.4200
v 0.5000 0.7100 0.3900
v 0.2500 0.5300 0.5100
v 0.2800 0.4900 0.2800
v 0.5600 0.5500 0.2300
v 0.9400 0.0400 0.5800
v 0.7300 -0.0900 0.3000
v 0.3600 -0.1600 0.3700
v 0.3200 -0.0900 0.7000
v 0.6600 0.0200 0.8300
v 1.0800 -0.1600 0.4300
v 0.7000 0.0600 0.2800
v 0.3600 -0.1600 0.3200
v 0.4800 -0.5400 0.4800
v 0.8400 -0.5400 0.5600
v 1.1900 -0.1400 -0.0800
v 0.7200 -0.0200 0.1800
v 0.4100 -0.3700 0.1400
v 0.5600 -0.7000 -0.0900
v 0.5600 -0.7000 -0.0900
v 1.0000 -0.6300 -0.2500
v 0.8400 -0.5400 0.5600
v 1.0800 -0.1600 0.4300
v 1.1900 -0.1400 -0.0800
v 1.0900 0.1500 -0.5600
v 0.7200 -0.0200 0.1800
v 0.7100 0.2300 0.0500
v 0.4100 -0.3700 0.1400
v 0.3300 -0.2200 0.1100
v 0.4000 -0.6700 -0.4000
v 0.8300 -0.4900 -0.7700
v 0.5800 -0.1900 -0.8900
v 0.2700 -0.3200 -0.5500
v 0.4600 0.1200 -0.6200
v 0.7800 0.2600 -0.6900
v 0.5000 0.3400 -0.2700
v 0.2300 -0.0400 -0.2200
v -0.3100 -1.0900 0.0000
v -1.0300 -0.7000 0.0000
v -0.7300 -0.8500 -0.6400
v -0.7900 0.0200 -0.9200
v -1.1100 0.1300 0.0000
v -0.3100 -1.0900 0.0000
v -0.0700 -0.9700 0.7400
v -0.7300 -0.8500 0.6400
v -0.8000 -0.0600 0.9800
v 0.1200 -0.4700 1.0700
v 0.2600 -0.9800 0.0000
v -0.0700 -0.9700 -0.7400
v 0.1300 -0.4000 -1.0100
v 0.6300 -0.4700 0.0000
v -0.7300 -0.8500 0.6400
v -1.0300 -0.7000 0.0000
v -0.3100 -1.0900 0.0000
v -0.8000 -0.0600 0.9800
v -1.1100 0.1300 0.0000
v -0.7300 -0.8500 -0.6400
v -0.0700 -0.9700 -0.7400
v -0.3100 -1.0900 0.0000
v -0.7900 0.0200 -0.9200
v 0.1300 -0.4000 -1.0100
v -0.0700 -0.9700 0.7400
v 0.2600 -0.9800 0.0000
v 0.6300 -0.4700 0.0000
v 0.1200 -0.4700 1.0700
v 0.1300 -0.4000 -1.0100
v 0.0400 -0.0600 -0.9000
v 0.0000 -0.6200 0.0000
v -0.2600 0.8000 -0.8200
v 0.0400 -0.0600 -0.9000
v -0.3300 0.7700 0.8600
v -0.5800 1.0200 0.0000
v -0.7900 0.0200 -0.9200
v -0.2600 0.8000 -0.8200
v -0.0200 -0.0800 0.9400
v -0.8000 -0.0600 0.9800
v 0.1200 -0.4700 1.0700
v -0.3300 0.7700 0.8600
v -0.0200 -0.0800 0.9400
v 0.5300 0.3300 -0.5300
v 0.2200 0.0200 0.0000
v 0.6600 0.7900 -0.5100
v 0.5700 1.1000 0.0000
v -0.3300 0.7700 0.8600
v -0.0200 -0.0800 0.9400
v 0.6600 0.7900 0.5100
v 0.5300 0.3300 0.5200
v 0.5300 0.3300 0.5200
v -0.0200 -0.0800 0.9400
v 0.0000 -0.6200 0.0000
v 0.2200 0.0200 0.0000
v 0.6600 0.7900 0.5100
v -0.5800 1.0200 0.0000
v -0.3300 0.7700 0.8600
v 0.5700 1.1000 0.0000
v 0.6600 0.7900 -0.5100
v 0.0400 -0.0600 -0.9000
v -0.2600 0.8000 -0.8200
v 0.5300 0.3300 -0.5300
v 0.5700 0.0800 -0.1400
v 0.5600 0.0200 0.0000
v 0.5700 0.0800 0.1400
v 0.6200 0.1800 -0.2500
v 0.6200 0.1800 0.2500
v 0.9800 0.0000 -0.1500
v 0.9200 0.1200 -0.2500
v 1.0600 0.2400 -0.1500
v 1.1000 0.0900 0.0000
v 1.0900 0.2300 0.0000
v 1.0600 0.2400 0.1500
v 0.9200 0.1200 0.2500
v 0.9800 0.0000 0.1400
v 0.8100 0.0100 0.1400
v 0.7400 -0.0600 0.0000
v 0.9200 -0.1300 0.0000
v 0.8100 0.0100 -0.1400
v 0.9200 0.1200 -0.2500
v 0.9800 0.0000 -0.1500
v 0.9200 -0.1300 0.0000
v 0.7400 -0.0600 0.0000
v 0.9800 0.0000 0.1400
v 1.0400 -0.0600 0.0000
v 1.1000 0.0900 0.0000
v 0.6200 0.1800 -0.2500
v 0.7100 0.3000 -0.3900
v 0.5700 0.0800 -0.1400
v 0.5600 0.0200 0.0000
v 1.0600 0.2400 -0.1500
v 0.8500 0.6100 -0.3200
v 0.8500 0.8200 0.0000
v 1.0900 0.2300 0.0000
v 1.0600 0.2400 0.1500
v 0.8500 0.6100 0.3400
v 0.7100 0.3000 0.3900
v 0.9200 0.1200 0.2500
v 0.6200 0.1800 0.2500
v 0.8100 0.0100 0.1400
v 0.5700 0.0800 0.1400
v 0.3500 0.0300 0.0000
v 0.4000 0.0100 0.0000
v 0.6600 0.7900 -0.5100
v 0.5700 1.1000 0.0000
v 0.6600 0.7900 0.5100
v 0.6600 0.7900 0.5100
v 0.5300 0.3300 0.5200
v 0.8500 0.6100 0.3400
v 0.7100 0.3000 0.3900
v 0.2200 0.0200 0.0000
v 0.5300 0.3300 -0.5300
v 0.7100 0.3000 -0.3900
v 0.3500 0.0300 0.0000
v 0.8500 0.6100 -0.3200
v 0.5300 0.3300 -0.5300
v 0.6600 0.7900 -0.5100
v 0.7100 0.3000 -0.3900
v 0.7100 0.3000 0.3900
v 0.5300 0.3300 0.5200
v 0.5700 0.0400 -0.1500
v 0.6200 0.1800 -0.2500
v 0.6200 0.1800 0.2500
v 0.5700 0.0400 0.1500
v 0.4000 0.0100 0.0000
v 0.5700 0.0400 0.1500
v 0.6200 0.1800 0.2500
v 0.4600 0.0300 0.0000
v 0.6200 0.1800 -0.2500
v 0.5700 0.0400 -0.1500
v 0.5600 -0.0200 0.0000
v 0.5600 -0.0200 0.0000
v -6.8800 0.0000 0.0000
v -33.2800 0.0000 18.5500
v -27.2000 2.5600 15.3600
v 2.5800 0.6400 2.5600
v 0.0000 37.2000 0.0000
v -27.3600 0.0000 17.9200
v -27.4400 20.4800 0.0900
v -7.5200 0.0000 0.6400
v 2.5800 0.6400 2.5600
v 2.5800 0.6400 2.5600
v 2.5800 0.6400 2.5600
v 2.5800 0.6400 2.5600
v 2.5800 0.6400 2.5600
v -7.4400 0.0000 0.0000
v -33.2800 0.0000 18.5500
v -7.4400 0.0000 0.0000
v -7.4400 0.0000 0.0000
v -33.2800 0.0000 18.5500
v 0.0000 3.4500 0.0100
v 0.0000 0.0000 -2.5900
v 0.0000 3.4500 -2.5900
v 0.0000 3.4500 -2.5900
v -1.0000 0.0000 -2.5900
v -1.0000 3.4500 -2.5900
v -6.8800 0.0000 0.0000
v -33.2800 0.0000 18.5500
v -27.2000 2.5600 15.3600
v 0.0000 1.6800 0.0000
v -27.3600 0.0000 17.9200
v -27.5200 20.4800 0.0500
v -7.5200 0.0000 1.2800
v 15.4600 20.6000 0.1000
v 0.5000 0.0100 0.0000
v 0.0000 0.0100 0.0000
v 0.0000 2.0500 0.0000
v 0.5000 2.0500 0.0000
v 0.5000 2.0500 1.2800
v 0.5000 0.0100 1.2800
v 0.0000 2.0500 1.2800
v 0.0000 0.0100 1.2800
v -6.8800 0.0000 0.0000
v -33.2800 0.0000 18.5500
v -27.2000 2.5600 15.3600
v 0.0000 1.0400 0.0000
v -27.3600 0.0000 17.9200
v -27.5200 20.4800 0.0500
v -7.5200 0.0000 1.2800
v 0.3700 -0.6400 -0.1000
v -0.3700 -0.7500 0.6300
v -0.3700 -0.5100 -0.1000
v 0.3700 -0.8800 0.6400
v -0.3700 -0.2200 0.5100
v 0.3700 -0.3500 0.5100
v -0.3700 -0.6000 1.3600
v 0.3700 -0.7300 1.3800
v -0.3700 0.2200 0.8800
v 0.3700 0.1000 0.8900
v -0.3700 0.4600 1.7100
v 0.3700 0.3400 1.7200
v -0.3700 1.0200 1.2600
v 0.3700 0.9100 1.2700
v -0.3700 1.3900 0.0400
v 0.3700 1.2800 0.0400
v -0.3700 1.0500 -1.1600
v 0.3700 0.9400 -1.1700
v -0.3700 0.0400 -1.9700
v 0.3700 -0.0800 -1.9900
v -0.3700 -0.2200 -1.4000
v 0.3700 -0.3400 -1.4200
v -0.3700 -1.0400 -1.1200
v 0.3700 -1.1700 -1.1300
v -0.3700 -0.0400 -0.7100
v 0.3700 -0.1600 -0.7200
v -0.3700 0.0400 0.0800
v 0.3700 -0.0800 0.0800
v 0.3700 -0.6400 -0.1000
v 0.3700 -0.3500 0.5100
v 0.3700 -0.8800 0.6400
v 0.3700 -0.0800 0.0800
v 0.3700 0.1000 0.8900
v 0.3700 -0.3500 0.5100
v 0.3700 -0.0800 0.0800
v 0.3700 -0.7300 1.3800
v 0.3700 0.9100 1.2700
v 0.3700 0.3400 1.7200
v 0.3700 1.2800 0.0400
v 0.3700 -0.1600 -0.7200
v 0.3700 0.9400 -1.1700
v 0.3700 -0.3400 -1.4200
v 0.3700 -0.0800 -1.9900
v 0.3700 -1.1700 -1.1300
v -0.3700 -1.0400 -1.1200
v -0.3700 -0.0400 -0.7100
v -0.3700 -0.2200 -1.4000
v -0.3700 1.0500 -1.1600
v -0.3700 0.0400 -1.9700
v -0.3700 1.3900 0.0400
v -0.3700 0.0400 0.0800
v -0.3700 0.2200 0.8800
v -0.3700 -0.2200 0.5100
v -0.3700 -0.6000 1.3600
v -0.3700 -0.5100 -0.1000
v -0.3700 -0.7500 0.6300
v -0.3700 1.0200 1.2600
v -0.3700 0.4600 1.7100
v -6.8800 0.0000 0.0000
v -33.2800 0.0000 18.5500
v -27.2000 2.5600 15.3600
v 0.0000 8.5600 0.0000
v -27.3600 0.0000 17.9200
v -27.5200 20.4800 0.0500
v -7.5200 0.0000 1.2800
v -0.3700 -1.3400 1.5900
v 0.3700 -1.0300 0.6500
v -0.3700 -0.8900 0.6500
v 0.3700 -1.4800 1.6000
v 0.3700 -0.3900 1.1700
v -0.3700 -0.2500 1.1700
v 0.3700 0.4100 0.5900
v -0.3700 0.5400 0.5900
v 0.3700 0.9700 0.7700
v -0.3700 1.0900 0.7700
v 0.3700 0.9000 -0.0300
v -0.3700 1.0200 -0.0200
v 0.3700 -0.1200 -0.4400
v -0.3700 0.0100 -0.4300
v 0.3700 0.7100 -0.7200
v -0.3700 0.8400 -0.7100
v 0.3700 0.9700 -1.3000
v -0.3700 1.0900 -1.2800
v 0.3700 -0.1800 -1.4500
v -0.3700 -0.0500 -1.4200
v 0.3400 -1.4800 -0.9000
v -0.4000 -1.3300 -0.8800
v 0.3400 -1.4800 -0.9000
v 0.3700 -1.0300 0.6500
v 0.3700 -1.4800 1.6000
v 0.3700 -0.1800 -1.4500
v 0.3700 -0.1200 -0.4400
v 0.3700 0.4100 0.5900
v 0.3700 -0.3900 1.1700
v 0.3700 0.9000 -0.0300
v 0.3700 0.9700 0.7700
v 0.3700 0.7100 -0.7200
v 0.3700 0.7100 -0.7200
v 0.3700 -0.1800 -1.4500
v 0.3700 0.9700 -1.3000
v -0.3700 0.8400 -0.7100
v -0.3700 -0.0500 -1.4200
v -0.3700 0.0100 -0.4300
v -0.3700 1.0900 -1.2800
v -0.3700 0.5400 0.5900
v -0.3700 1.0200 -0.0200
v -0.3700 1.0900 0.7700
v -0.3700 -0.8900 0.6500
v -0.3700 -0.2500 1.1700
v -0.4000 -1.3300 -0.8800
v -0.3700 -1.3400 1.5900
v -6.8800 0.0000 0.0000
v -33.2800 0.0000 18.5500
v -27.2000 2.5600 15.3600
v 0.0000 3.6000 0.0000
v -27.3600 0.0000 17.9200
v -27.5200 20.4800 0.0100
v -7.5200 0.0000 1.2800
v -33.2800 0.0000 18.3800
v -1.6200 2.2100 -0.0400
v 1.4500 -2.0900 0.0300
v 1.8700 1.8400 0.0600
v -2.0300 -1.7200 -0.0600
v -1.6200 2.2100 -0.0400
v -2.0100 -1.7600 -1.2600
v -2.0300 -1.7200 -0.0600
v -1.5500 2.1500 -1.2400
v 1.9300 1.8100 -1.1600
v -1.5500 2.1500 -1.2400
v -1.6200 2.2100 -0.0400
v 1.8700 1.8400 0.0600
v 1.4700 -2.1000 -1.1800
v 1.9300 1.8100 -1.1600
v 1.8700 1.8400 0.0600
v 1.4500 -2.0900 0.0300
v -2.0100 -1.7600 -1.2600
v 1.4700 -2.1000 -1.1800
v 1.4500 -2.0900 0.0300
v -2.0300 -1.7200 -0.0600
v -6.8800 0.0000 0.0000
v -33.2800 0.0000 18.5500
v -27.2000 2.5600 15.3600
v 15.3600 5.1600 0.0000
v -6.8800 0.0000 0.0000
v -27.5200 10.2400 0.0100
v -27.5200 6.4000 2.5700
v -27.5200 6.7200 5.1300
v -27.5200 6.8800 7.6800
v -27.5200 6.9600 10.2400
v -7.5200 0.0000 1.2800
v 0.0000 7.2800 0.0000
v -27.3600 0.0000 17.9200
v -27.4400 20.4800 0.0100
v -7.5200 0.0000 0.6400
v -6.8800 0.0000 0.0000
v -27.4400 10.2400 0.0100
v -27.4400 5.4400 2.5600
v -27.4400 5.5200 5.1200
v -27.4400 5.5600 7.6800
v -7.5200 0.0000 0.6400
v 15.4200 10.3600 0.2200
v 0.1500 -9.4700 -0.2500
v 0.1500 20.2700 -0.2500
v 0.1600 -9.4700 0.2800
v -0.3200 20.2700 0.0200
v -0.3200 -9.4700 0.0200
v 0.1600 20.2700 0.2800
v 0.2400 -9.8100 0.0100
v 0.2800 -10.3300 -0.9800
v 0.4100 -9.3600 0.0100
v 0.4700 -9.8800 -1.5000
v -0.0300 -9.1400 0.0100
v -0.0300 -9.6000 -1.8200
v -0.4600 -9.3600 0.0100
v -0.5200 -9.8800 -1.5000
v -0.2900 -9.8100 0.0100
v -0.3300 -10.3300 -0.9700
v 0.5200 -11.0300 -1.2800
v 0.8600 -11.0300 -2.3100
v -0.0300 -11.0300 -2.9500
v 0.2800 -10.3300 0.9900
v 0.4700 -9.8800 1.5200
v -0.0300 -9.6000 1.8400
v -0.5200 -9.8800 1.5200
v -0.3300 -10.3300 0.9900
v 0.8600 -11.0300 2.3300
v 0.5200 -11.0300 1.2900
v -0.0300 -11.0300 2.9700
v -0.9200 -11.0300 2.3300
v -0.5800 -11.0300 1.2900
v -0.9200 -11.0300 -2.3100
v -0.5800 -11.0300 -1.2700
v -4.2500 -11.6900 4.2700
v -4.2500 -11.6900 -4.6000
v 3.5100 -11.6900 5.5300
v -2.9500 -11.6900 5.5300
v 3.5100 -11.6900 -5.8600
v 4.8100 -11.6900 -4.6000
v -2.9500 -11.6900 -5.8600
v 4.8100 -11.6900 4.2700
v 4.8300 -11.0300 4.2800
v -2.9700 -11.0300 5.5500
v 3.5300 -11.0300 5.5500
v 4.8300 -11.0300 -4.6200
v 3.5300 -11.0300 -5.8900
v -2.9700 -11.0300 -5.8900
v -4.2600 -11.0300 4.2800
v -4.2600 -11.0300 -4.6200
v -4.2500 -11.6900 4.2700
v -4.2500 -11.6900 -4.6000
v 4.8100 -11.6900 -2.0700
v 4.8100 -11.6900 1.7300
v -6.8800 0.0000 0.0000
v -33.2800 0.0000 18.0300
v -27.2000 2.5600 15.3600
v 15.4000 25.6800 0.0200
v -6.8800 0.0000 0.0000
v -27.5200 20.4800 0.0100
v -7.5200 0.0000 1.2800
v -27.3600 0.0000 17.9200
v -27.4400 20.4800 0.0100
v -7.5200 0.0000 0.6400
v 2.5800 0.6400 2.5600
v 2.5800 0.6400 2.5600
v 13.0400 30.7600 0.0000
v -6.8800 0.0000 0.0000
v -27.5200 20.4800 0.0500
v -7.5200 0.0000 1.2800
v -33.2800 0.0000 18.5500
v 2.5800 0.6400 2.5600
v -6.8800 0.0000 0.0000
v -7.5200 0.0000 1.2800
v 2.5800 0.6400 2.5600
v -33.2800 0.0000 18.5500
v -35.2000 10.2400 0.9500
v -6.8800 0.0000 0.0000
v -27.5200 20.4800 0.0900
v -7.5200 0.0000 1.2800
v -33.2800 0.0000 18.5500
v -35.2000 10.2400 0.9500
v -33.2800 0.0000 18.5500
v -35.2000 10.2400 0.7100
v -6.8800 0.0000 0.0000
v -27.5200 20.4800 0.0500
v -7.5200 0.0000 1.2800
v -33.2800 0.0000 18.5500
v -35.2000 10.2400 0.9500
v 0.0000 0.1200 0.0000
v 0.0000 0.1200 0.0000
v 0.0000 0.1200 0.0000
v 0.0000 0.1200 0.0000
v 0.0000 0.1200 0.0000
v 0.0000 0.1200 0.0000
v 0.0000 0.1200 0.0000
v 0.0000 0.1200 0.0000
v 0.0000 0.1200 0.0000
v 0.0000 0.1200 0.0000
v 0.0000 0.0400 0.0000
v 0.0000 0.0400 0.0000
v 0.0000 0.0600 0.0000
v 0.0000 0.0600 0.0000
v 0.0000 0.0600 0.0000
v 0.0000 0.0600 0.0000
v 0.0000 0.0600 0.0000
v 0.0000 0.0600 0.0000
v 0.0000 0.0600 0.0000
v 0.0000 0.0600 0.0000
v 0.0000 0.0600 0.0000
v 0.0000 0.0600 0.0000
v 0.0000 0.0600 0.0000
v 0.0000 0.0600 0.0000
v 0.0000 0.0600 0.0000
v 0.0000 0.0600 0.0000
v 0.0000 0.0600 0.0000
v 0.0000 0.0600 0.0000
v 0.0000 0.0600 0.0000
v 0.0000 0.0600 0.0000
v 0.0000 0.0600 0.0000
v 0.0000 0.0600 0.0000
v 0.0000 0.0600 0.0000
v 0.0000 0.0600 0.0000
v 0.0000 0.0600 0.0000
v 0.0000 0.0600 0.0000
v 0.0000 0.0600 0.0000
v 0.0000 0.0600 0.0000
v 0.0000 0.0600 0.0000
v 0.0000 0.0600 0.0000
v 0.0000 0.0600 0.0000
v 0.0000 0.0600 0.0000
v 0.0000 0.0600 0.0000
v 0.0000 0.0500 0.0000
v 0.0000 0.0500 0.0000
v 0.0000 0.0500 0.0000
v 0.0000 0.0500 0.0000
v 0.0000 0.0500 0.0000
v 0.0000 0.0500 0.0000
v 0.0000 0.0500 0.0000
v 0.0000 0.0500 0.0000
v 0.0000 0.0500 0.0000
v 0.0000 0.0500 0.0000
v 0.0000 0.0500 0.0000
v 0.0000 0.0500 0.0000
v 0.0000 0.0500 0.0000
v 0.0000 0.0500 0.0000
v 0.0000 0.0500 0.0000
v 0.0000 0.0500 0.0000
v 0.0000 0.0500 0.0000
v 0.0000 0.0500 0.0000
v 0.0000 0.0500 0.0000
v 0.0000 0.0500 0.0000
v 0.0000 0.0500 0.0000
v 0.0000 0.0500 0.0000
v 0.0000 0.0500 0.0000
v 0.0000 0.0500 0.0000
v 0.0000 0.0500 0.0000
v 0.0000 0.0500 0.0000
v 0.0000 0.0500 0.0000
v 0.0000 0.1200 0.0000
v 0.0000 0.1200 0.0000
v 0.0000 0.1200 0.0000
v 0.0000 0.1200 0.0000
v 0.0000 0.1200 0.0000
v 0.0000 0.1200 0.0000
v 0.0000 0.1200 0.0000
v 0.0000 0.1200 0.0000
v 0.0000 0.1200 0.0000
v 0.0000 0.1200 0.0000
v 0.0000 0.1200 0.0000
v 0.0000 0.1200 0.0000
v 0.0000 0.1200 0.0000
v 0.0000 0.0500 0.0000
v 0.0000 0.0500 0.0000
v -0.0500 0.9200 4.3600
v 0.0000 0.0000 5.1700
v 4.1300 -0.0500 7.7900
v 4.1300 -0.0500 7.9000
v 4.1300 -0.0500 -7.6200
v 4.1300 -0.0500 -7.6900
v 0.0000 0.0000 -5.0000
v -0.0500 0.9200 -4.1900
v -6.8800 0.0000 0.0000
v -33.2800 0.0000 18.5500
v -27.2000 2.5600 15.3600
v 0.0000 2.3200 0.0000
v -26.7200 0.0000 17.9200
v -33.2800 0.0000 19.1900
v -33.2800 0.0000 19.1900
v 0.0000 0.0000 -1.3200
v -0.4100 -2.7800 -1.7300
v 2.2400 0.0000 -1.3200
v 2.6500 -2.7800 -1.7300
v 2.6500 -2.7800 1.3300
v 2.2400 0.0000 0.9200
v 0.0000 0.0000 0.9200
v -0.4100 -2.7800 1.3300
v -6.8800 0.0000 0.0000
v -33.2800 0.0000 18.3800
v -27.2000 2.5600 15.3600
v 0.0000 2.4800 0.0000
v 0.0000 4.6400 0.0000
v -27.3600 0.0000 17.9200
v -27.5200 20.4800 0.0100
v -7.5200 0.0000 1.2800
v 15.4200 30.8600 0.0600
v -33.2800 0.0000 18.5500
v 0.3800 0.1400 1.5300
v -0.3900 -0.0100 1.3900
v 0.3700 -0.0100 -1.2800
v 1.0200 0.1200 -1.0300
v 0.4800 1.0700 -1.7300
v -0.3900 -0.0100 1.3900
v -0.5500 1.0700 1.8300
v -0.0300 3.1800 0.0500
v 0.2500 2.8900 -0.9400
v -0.3200 2.8600 1.0500
v -0.5100 2.0400 1.7100
v 0.4400 2.0400 -1.6100
v 0.3700 -0.0100 -1.2800
v -6.8800 0.0000 0.0000
v -33.2800 0.0000 18.5500
v -27.2000 2.5600 15.3600
v 0.0000 3.1200 0.0000
v 0.0000 4.1600 0.0000
v 0.0000 0.0000 -0.0100
v 0.0000 0.0000 -0.0100
v 0.0000 0.0000 -0.0100
v 0.0000 0.0000 -0.0100
v 0.0000 0.0000 -0.0100
v 0.0000 0.0000 -0.0100
v 0.0000 0.0000 -0.0100
v 0.0000 0.0000 -0.0100
v 0.0000 0.0000 -0.0100
v 0.0000 0.0000 -0.0100
v 0.0000 0.0000 -0.0100
v 0.0000 0.0000 -0.0100
v 0.0000 0.0000 -0.0100
v 0.0000 0.0000 -0.0100
v 0.0000 0.0000 -0.0100
v 0.0000 0.0000 -0.0100
v 0.0000 0.0000 -0.0100
v -19.3700 -6.6500 1.3400
v -19.0000 -5.4500 1.4900
v -21.7900 -5.8900 1.8300
v -25.1500 -6.8100 0.9800
v -21.8300 -5.8700 1.8400
v -18.9800 -5.4400 -1.8400
v -25.1500 -6.8100 -1.3300
v -21.8300 -5.8700 -2.1900
v -19.3700 -6.6500 -1.5800
v -7.6900 -0.0100 -0.0200
v 0.0000 2.3200 0.0000
v 0.0000 3.2000 0.0000
v 0.0000 0.0000 -0.0100
v 0.0000 0.0000 -0.0100
v 0.0000 0.0000 -0.0100
v 0.0000 0.0000 -0.0100
v 0.0000 0.0000 -0.0100
v 0.0000 0.0000 -0.0100
v 0.0000 0.0000 -0.0100
v 0.0000 0.0000 -0.0100
v 0.0000 0.0000 -0.0100
v 0.0000 0.0000 -0.0100
v 0.0000 0.0000 -0.0100
v 0.0000 0.0000 -0.0100
v 0.0100 0.0000 -15.4100
v -4.8800 -0.1500 -15.1700
v -4.5200 1.2900 -13.8000
v -10.3600 1.2100 -13.3700
v -9.7300 -0.0800 -13.7300
v -13.1400 1.2700 -13.4600
v -13.2800 0.0100 -13.5700
v -16.0400 1.8400 -10.0900
v -16.2000 0.4900 -10.1400
v -16.0400 1.8400 -5.3200
v -16.2000 0.4900 -5.5000
v -13.1400 1.2700 -1.9500
v -13.2800 0.0100 -2.0600
v -10.3600 1.2100 -2.0400
v -9.7300 -0.0800 -1.9000
v -4.5200 1.2900 -1.6200
v -4.8800 -0.1500 -0.4600
v -7.6900 -0.0100 -0.0200
v 0.0000 1.6800 0.0000
v 0.0000 2.4800 0.0000
v 0.0000 0.0000 -0.0100
v 0.0000 0.0000 -0.0100
v 0.0000 0.0000 -0.0100
v 0.0000 0.0000 -0.0100
v 0.0000 0.0000 -0.0100
v 0.0000 0.0000 -0.0100
v 0.0000 0.0000 -0.0100
v 0.0000 0.0000 -0.0100
vt 0.0000 -6.1172
vt 0.0020 2.6875
vt 0.0020 3.4688
vt 10.4541 -1.1709
vt 9.5557 -1.3301
vt -3.2500 0.0000
vt -3.4375 1.0000
vt -3.4688 0.5000
vt -3.4844 0.2500
vt -3.4922 0.1250
vt -3.4961 0.0625
vt -3.3750 2.0000
vt -2.6562 0.2500
vt 4.6484 -31.9023
vt 4.2656 -28.8730
vt 4.6406 4.0020
vt -3.2500 0.0000
vt -3.4375 1.0000
vt -6.5000 0.0000
vt 4.7773 -27.8379
vt 1.2656 3.5234
vt -0.7344 0.0000
vt 4.6484 -31.9053
vt 4.9072 4.1621
vt 4.3984 4.1592
vt -3.2500 0.0000
vt -0.7344 0.0000
vt -3.2500 0.0000
vt -0.7344 0.0000
vt -0.7344 0.0000
vt -3.2500 0.0000
vt -3.4375 1.0000
vt -3.4688 0.5000
vt -3.4844 0.2500
vt -3.4922 0.1250
vt -3.4961 0.0625
vt -6.5000 0.0000
vt 1.2520 2.0039
vt -2.6875 2.0000
vt -0.7344 0.0000
vt 4.1250 -27.8428
vt -2.6875 2.0000
vt -0.7344 0.0000
vt 4.6406 -27.8379
vt -3.2500 0.0000
vt -3.4375 1.0000
vt -6.5000 0.0000
vt -2.6797 4.0000
vt -0.7344 0.0000
vt -3.2500 0.0000
vt -3.4375 1.0000
vt -6.5000 0.0000
vt 4.3906 -28.9336
vt -3.2500 0.0000
vt -6.5000 0.0000
vt 1.2578 0.0059
vt -0.7344 0.0000
vt 4.6367 -29.8721
vt -2.6797 2.0000
vt -0.7344 0.0000
vt -6.2500 0.0000
vt -3.2500 0.0000
vt -0.7344 0.0000
vt -3.2500 0.0000
vt -3.4375 1.0000
vt -6.5000 0.0000
vt -0.7344 0.0000
vt -3.2500 0.0000
vt -6.5000 0.0000
vt -2.6875 2.0000
vt -6.5000 0.0000
vt 4.5273 -27.8379
vt 4.9072 4.1621
vt -0.7344 0.0000
vt 4.8906 -27.8379
vt -0.7344 0.0000
vt 4.7773 6.0312
vt 4.6523 -27.8379
vt 4.5234 -26.9971
vt 4.5273 -27.8379
vt -2.6797 4.0000
vt -0.7344 0.0000
vt -2.6797 2.0000
vt -0.7344 0.0000
vt 4.6523 -27.8379
vt -2.6875 2.0000
vt -0.7344 0.0000
vt -6.2500 0.0000
vt -3.2500 0.0000
vt -3.4375 1.0000
vt -6.5000 0.0000
vt -2.6797 2.0000
vt -0.7344 0.0000
vt -3.2500 0.0000
vt -3.4375 1.0000
vt -6.5000 0.0000
vt 5.0283 6.2266
vt -0.7344 0.0000
vt 5.1650 6.2266
vt -6.2500 0.0000
vt -3.2500 0.0000
vt -6.5000 0.0000
vt 4.6406 4.0938
vt 4.7539 -27.9951
vt -0.7344 0.0000
vt -2.6875 2.0000
vt -6.5000 0.0000
vt -3.2500 0.0000
vt -3.4375 1.0000
vt -6.5000 0.0000
vt -2.6875 2.0000
vt -0.7344 0.0000
vt -2.6797 2.0000
vt -0.7344 0.0000
vt -3.2500 0.0000
vt -3.4375 1.0000
vt -6.5000 0.0000
vt -3.2500 0.0000
vt -6.5000 0.0000
vt -0.7344 0.0000
vt -6.2500 0.0000
vt -6.2500 0.0000
vt -6.2500 0.0000
vt -0.7344 0.0000
vt -2.6797 2.0000
vt -0.7344 0.0000
vt -2.6875 2.0000
vt -0.7344 0.0000
vt 0.0000 0.0049
vt 0.0000 0.0049
vt 0.0000 0.0049
vt 0.0000 0.0049
vt 0.0000 0.0049
vt 0.0000 0.0049
vt 0.0000 0.0049
vt 0.0000 0.0049
vt 0.0000 0.0049
vt 0.0000 0.0049
vt 0.0000 0.0049
vt 0.0000 0.0049
vt 0.0000 0.0049
vt 0.0000 0.0049
vt 0.0000 0.0049
vt 0.0000 0.0049
vt 0.0000 0.0049
vt 0.0000 0.0049
vt 0.0000 0.0049
vt 0.0000 0.0049
vt 0.0000 0.0049
vt 0.0000 0.0049
vt 0.0000 0.0049
vt 0.0000 0.0049
vt 0.0000 0.0049
vt 0.0000 0.0049
vt 0.0000 0.0049
vt 0.0000 0.0049
vt 0.0000 0.0049
vt 0.0000 0.0049
vt 0.0000 0.0049
vt 0.0000 0.0049
vt 0.0000 0.0049
vt 0.0000 0.0049
vt 0.0000 0.0049
vt 0.0000 0.0049
vt 0.0000 0.0049
vt 0.0000 0.0049
vt 0.0000 0.0049
vt 0.0000 0.0049
vt 0.0000 0.0049
vt 0.0000 0.0049
vt 0.0000 0.0049
vt 0.0000 0.0049
vt 0.0000 0.0049
vt 0.0000 0.0049
vt 0.0000 0.0049
vt 0.0000 0.0049
vt 0.0000 0.0049
vt 0.0000 0.0049
vt 0.0000 0.0049
vt 0.0000 0.0049
vt 0.0000 0.0049
vt 0.0000 0.0049
vt 0.0000 0.0049
vt 0.0000 0.0049
vt 0.0000 0.0049
vt 0.0000 0.0049
vt 0.0000 0.0049
vt 0.0000 0.0049
vt 0.0000 0.0049
vt 0.0000 0.0049
vt 0.0000 0.0049
vt 0.0000 0.0049
vt 0.0000 0.0049
vt 0.0000 0.0049
vt 0.0000 0.0049
vt 0.0000 0.0049
vt 0.0000 0.0049
vt 0.0000 0.0049
vt 0.0000 0.0049
vt 0.0000 0.0049
vt 0.0000 0.0049
vt 0.0000 0.0049
vt 0.0000 0.0049
vt 0.0000 0.0049
vt 0.0000 0.0049
vt 0.0000 0.0049
vt 0.0000 0.0049
vt 0.0000 0.0049
vt 0.0000 0.0049
vt 0.0000 0.0049
vt 0.0000 0.0049
vt 0.0000 0.0049
vt 0.0000 0.0049
vt 0.0000 0.0049
vt 0.0000 0.0049
vt 0.0000 0.0049
vt 0.0000 0.0049
vt 0.0000 0.0049
vt 0.0000 0.0049
vt 0.0000 0.0049
vt 0.0000 0.0049
vt 0.0000 0.0049
vt 0.0000 0.0049
vt 0.0000 0.0049
vt 0.0000 0.0049
vt 0.0000 0.0049
vt 0.0000 0.0049
vt 0.0000 0.0049
vt 0.0000 0.0049
vt 0.0000 0.0049
vt 0.0000 0.0049
vt 0.0000 0.3799
vt 0.0000 0.0049
vt 0.0000 0.0049
vt 0.0000 0.0049
vt 0.0000 0.0049
vt 0.0000 0.0049
vt 0.0000 0.0049
vt 0.0000 0.0049
vt 0.0000 0.0049
vt 0.0000 0.0049
vt 0.0000 0.0049
vt 0.0000 0.0049
vt 0.0000 0.0049
vt 0.0000 0.0049
vt 0.0000 0.0049
vt 0.0000 0.0049
vt 0.0000 0.0049
vt 0.0000 0.0049
vt 0.0000 0.0049
vt 0.0000 0.0049
vt 0.0000 0.0049
vt 0.0000 0.0049
vt 0.0000 0.0049
vt 0.0000 0.0049
vt 0.0000 0.0049
vt 0.0000 0.0049
vt 0.0000 0.0049
vt 0.0000 0.0049
vt 0.0000 0.0049
vt 0.0000 0.0049
vt 0.0000 0.0049
vt 0.0000 0.0049
vt 0.0000 0.0049
vt 0.0000 0.0049
vt 0.0000 0.0049
vt 0.0000 0.0049
vt 0.0000 0.0049
vt 0.0000 0.0049
vt 0.0000 0.0049
vt 0.0000 0.0049
vt 0.0000 0.0049
vt 0.0000 0.0049
vt 0.0000 0.0049
vt 0.0000 0.0049
vt 0.0000 0.0049
vt 0.0000 0.0049
vt 0.0000 0.0049
vt 0.0000 0.0049
vt 0.0000 0.0049
vt 0.0000 0.0049
vt 0.0000 0.0049
vt 0.0000 0.0049
vt 0.0000 0.0049
vt 0.0000 0.0049
vt 0.0000 0.0049
vt 0.0000 0.0049
vt 0.0000 0.0049
vt 0.0000 0.0049
vt 0.0000 0.0049
vt 0.0000 0.0049
vt 0.0000 0.0049
vt 0.0000 0.0049
vt 0.0000 0.0049
vt 0.0000 0.0049
vt 0.0000 0.0049
vt 0.0000 0.0049
vt 0.0000 0.0049
vt 0.0000 0.0049
vt 0.0000 0.0049
vt 0.0000 0.0049
vt 0.0000 0.0049
vt 0.0000 0.0049
vt 0.0000 0.0049
vt 0.0000 0.0049
vt 0.0000 0.0049
vt 0.0000 0.0049
vt 0.0000 0.0049
vt 0.0000 0.0049
vt 0.0000 0.0049
vt 0.0000 0.0049
vt 0.0000 0.0049
vt 0.0000 0.0049
vt 0.0000 0.0049
vt 0.0000 0.0049
vt 0.0000 0.0049
vt 0.0000 0.0049
vt 0.0000 0.0049
vt 0.0000 0.0049
vt 0.0000 0.0049
vt 0.0000 0.0049
vt 0.0000 0.0049
vt 0.0000 0.0049
vt 0.0000 0.0049
vt 0.0000 0.0049
vt 0.0000 0.0049
vt 0.0000 0.0049
vt 0.0000 0.0049
vt 0.0000 0.0049
vt 0.0000 0.0049
vt 0.0000 0.0049
vt 0.0000 0.0049
vt 0.0000 0.0049
vt 0.0000 0.0049
vt 0.0000 0.0049
vt 0.0000 0.0049
vt 0.0000 0.0049
vt 0.0000 0.0049
vt 0.0000 0.0049
vt 0.0000 0.0049
vt 0.0000 0.0049
vt 0.0000 0.0049
vt 0.0000 0.0049
vt 0.0000 0.0049
vt 0.0000 0.0049
vt 0.0000 0.0049
vt 0.0000 0.0049
vt 0.0000 0.0049
vt 0.0000 0.0049
vt 0.0000 0.0049
vt 0.0000 0.0049
vt 0.0000 0.0049
vt 0.0000 0.0049
vt 0.0000 0.0049
vt 0.0000 0.0049
vt 0.0000 0.0049
vt 0.0000 0.0049
vt 0.0000 0.0049
vt 0.0000 0.0049
vt 0.0000 0.0049
vt 0.0000 0.0049
vt 0.0000 0.0049
vt 0.0000 0.0049
vt 0.0000 0.0049
vt 0.0000 0.0049
vt 0.0000 0.0049
vt 0.0000 0.0049
vt 0.0000 0.0049
vt 0.0000 0.0049
vt 0.0000 0.0049
vt 0.0000 0.0049
vt 0.0000 0.0049
vt 0.0000 0.0049
vt 0.0000 0.0049
vt 0.0000 0.0049
vt 0.0000 0.0049
vt 0.0000 0.0049
vt 0.0000 0.0049
vt 0.0000 0.0049
vt 0.0000 0.0049
vt 0.0000 0.0049
vt 0.0000 0.0049
vt 0.0000 0.0049
vt 0.0000 0.0049
vt 0.0000 0.0049
vt 0.0000 0.0049
vt 0.0000 0.0049
vt 0.0000 0.0049
vt 0.0000 0.0049
vt 0.0000 0.0049
vt 0.0000 0.0049
vt 0.0000 0.0049
vt 0.0000 0.0049
vt 0.0000 0.0049
vt 0.0000 0.0049
vt 0.0000 0.0049
vt 0.0000 0.0049
vt 0.0000 0.0049
vt 0.0000 0.0049
vt 0.0000 0.0049
vt 0.0000 0.0049
vt 0.0000 0.0049
vt 0.0000 0.0049
vt 0.0000 0.0049
vt 0.0000 0.0049
vt 0.0000 0.0049
vt 0.0000 0.0049
vt 0.0000 0.0049
vt 0.0000 0.0049
vt 0.0000 0.0049
vt 0.0000 0.0049
vt 0.0000 0.0049
vt 0.0000 0.0049
vt 0.0000 0.0049
vt 0.0000 0.0049
vt 0.0000 0.0049
vt 0.0000 0.0049
vt 0.0000 0.0049
vt 0.0000 0.0049
vt 0.0000 0.0049
vt 0.0000 0.0049
vt 0.0000 0.0049
vt 0.0000 0.0049
vt 0.0000 0.0049
vt 0.0000 0.0049
vt 0.0000 0.0049
vt 0.0000 0.0049
vt 0.0000 0.0049
vt 0.0000 0.0049
vt 0.0000 0.0049
vt 0.0000 0.0049
vt 0.0000 0.0049
vt 0.0000 0.0049
vt 0.0000 0.0049
vt 0.0000 0.0049
vt 0.0000 0.0049
vt 0.0000 0.0049
vt 0.0000 0.0049
vt 0.0000 0.0049
vt 0.0000 0.0049
vt 0.0000 0.0049
vt 0.0000 0.0049
vt 0.0000 0.0049
vt 0.0000 0.0049
vt 0.0000 0.0049
vt 0.0000 0.0049
vt 0.0000 0.0049
vt 0.0000 0.0049
vt 0.0000 0.0049
vt 0.0000 0.0049
vt 0.0000 0.0049
vt 0.0000 0.0049
vt 0.0000 0.0049
vt 0.0000 0.0049
vt 0.0000 0.0049
vt 0.0000 0.0049
vt 0.0000 0.0049
vt 0.0000 0.0049
vt 0.0000 0.0049
vt 0.0000 0.0049
vt 0.0000 0.0049
vt 0.0000 0.0049
vt 0.0000 0.0049
vt 0.0000 0.0049
vt 0.0000 0.0049
vt 0.0000 0.0049
vt 0.0000 0.0049
vt 0.0000 0.0049
vt 0.0000 0.0049
vt 0.0000 0.0049
vt 0.0000 0.0049
vt 0.0000 0.0049
vt 0.0000 0.0049
vt 0.0000 0.0049
vt 0.0000 0.0049
vt 0.0000 0.0049
vt 0.0000 0.0049
vt 0.0000 0.0049
vt 0.0000 0.0049
vt 0.0000 0.0049
vt 0.0000 0.0049
vt 0.0000 0.0049
vt 0.0000 0.0049
vt 0.0000 0.0049
vt 0.0000 0.0049
vt 0.0000 0.0049
vt 0.0000 0.0049
vt 0.0000 0.0049
vt 0.0000 0.0049
vt 0.0000 0.0049
vt 0.0000 0.0049
vt 0.0000 0.0049
vt 0.0000 0.0049
vt 0.0000 0.0049
vt 0.0000 0.0049
vt 0.0000 0.0049
vt 0.0000 0.0049
vt 0.0000 0.0049
vt 0.0000 0.0049
vt 0.0000 0.0049
vt 0.0000 0.0049
vt 0.0000 0.0049
vt 0.0000 0.0049
vt 0.0000 0.0049
vt 0.0000 0.0049
vt 0.0000 0.0049
vt 0.0000 0.0049
vt 0.0000 0.0049
vt 0.0000 0.0049
vt 0.0000 0.0049
vt 0.0000 0.0049
vt 0.0000 0.0049
vt 0.0000 0.0049
vt 0.0000 0.0049
vt 0.0000 0.0049
vt 0.0000 0.0049
vt 0.0000 0.0049
vt 0.0000 0.0049
vt 0.0000 0.0117
vt 0.0000 0.0117
vt 0.0000 0.0117
vt 0.0000 0.0117
vt 0.0000 0.0117
vt 0.0000 0.0117
vt 0.0000 0.0117
vt 0.0000 0.0117
vt 0.0000 0.0049
vt 0.0000 0.0049
vt 0.0000 0.0049
vt 0.0000 0.0049
vt 0.0000 0.0049
vt 0.0000 0.0049
vt 0.0000 0.0049
vt 0.0000 0.0049
vt 0.0000 0.0049
vt 0.0000 0.0049
vt 0.0000 0.0049
vt 0.0000 0.0049
vt 0.0000 0.0059
vt 0.0000 0.0059
vt 0.0000 0.0059
vt 0.0000 0.0059
vt 0.0000 0.0059
vt 0.0000 0.0059
vt 0.0000 0.0059
vt 0.0000 0.0059
vt 0.0000 0.0059
vt 0.0000 0.0059
vt 0.0000 0.0059
vt 0.0000 0.0059
vt 0.0000 0.0059
vt 0.0000 0.0059
vt 0.0000 0.0059
vt 0.0000 0.0059
vt 0.0000 0.0059
vt 0.0000 0.0059
vt 0.0000 0.0059
vt 0.0000 0.0059
vt 0.0000 0.0059
vt 0.0000 0.0059
vt 0.0000 0.0059
vt 0.0000 0.0059
vt 0.0000 0.0059
vt 0.0000 0.0059
vt 0.0000 0.0059
vt 0.0000 0.0059
vt 0.0000 0.0059
vt 0.0000 0.0059
vt 0.0000 0.0059
vt 0.0000 0.0059
vt 0.0000 0.0059
vt 0.0000 0.0059
vt 0.0000 0.0059
vt 0.0000 0.0059
vt 0.0000 0.0059
vt 0.0000 0.0059
vt 0.0000 0.0059
vt 0.0000 0.0059
vt 0.0000 0.0059
vt 0.0000 0.0059
vt 0.0000 0.0059
vt 0.0000 0.0059
vt 0.0000 0.0059
vt 0.0000 0.0059
vt 0.0000 0.0059
vt 0.0000 0.0059
vt 0.0000 0.0059
vt 0.0000 0.0059
vt 0.0000 0.0059
vt 0.0000 0.0059
vt 0.0000 0.0059
vt 0.0000 0.0059
vt 0.0000 0.0049
vt 0.0000 0.0049
vt 0.0000 0.0049
vt 0.0000 0.0049
vt 0.0000 0.0049
vt 0.0000 0.0049
vt 0.0000 0.0049
vt 0.0000 0.0049
vt 0.0000 0.0000
vt 0.0000 0.0049
vt 0.0000 0.0049
vt 0.0000 0.0049
vt 0.0000 0.0049
vt 0.0000 0.0049
vt 0.0000 0.0049
vt 0.0000 0.0049
vt 0.0000 0.0049
vt 0.0000 0.0049
vt 0.0000 0.0049
vt 0.0000 0.0049
vt 0.0000 0.0049
vt 0.0000 0.0049
vt 0.0000 0.0049
vt 0.0000 0.0049
vt 0.0000 0.0049
vt 0.0000 0.0049
vt 0.0000 0.0049
vt 0.0000 0.0049
vt 0.0000 0.0049
vt 0.0000 0.0049
vt 0.0000 0.0049
vt 0.0000 0.0049
vt 0.0000 0.0049
vt 0.0000 0.0049
vt 0.0000 0.0049
vt 6.0273 8.2012
vt 6.9658 9.0244
vt 5.8145 8.7969
vt 5.3066 8.0039
vt 6.1699 8.8223
vt 5.0010 8.4883
vt 9.0850 9.2764
vt 9.1885 11.0996
vt 8.4160 12.2080
vt 8.0654 8.6650
vt 8.9844 7.9834
vt 9.2793 8.9414
vt 8.2568 9.2021
vt 9.0879 11.0439
vt 8.1162 10.9971
vt 7.5430 8.8877
vt 8.8037 8.5146
vt 8.0537 10.1689
vt 12.3701 6.9844
vt 10.7812 6.5303
vt 12.2197 5.8262
vt 11.7676 7.2607
vt 11.5557 7.8574
vt 10.3105 7.9834
vt 11.8594 8.4238
vt 10.8564 8.9395
vt 8.9814 9.5215
vt 7.2520 7.9844
vt 6.9658 9.0244
vt 6.0273 8.2012
vt 6.4199 6.6621
vt 5.7236 7.6338
vt 5.0830 7.4277
vt 5.0830 7.4277
vt 4.8379 6.2656
vt 6.4199 6.6621
vt 4.4795 7.7031
vt 3.8242 6.8330
vt 12.1826 7.4434
vt 13.5264 6.8105
vt 12.8525 7.6572
vt 12.3857 6.4531
vt 10.6934 6.8428
vt 11.4980 7.6367
vt 11.2002 8.1240
vt 9.8682 7.9834
vt 11.4619 8.6191
vt 10.2402 8.8496
vt 8.1650 9.2822
vt 6.6602 7.9844
vt 6.1699 8.8223
vt 5.3066 8.0039
vt 5.9961 6.7949
vt 5.0518 7.5068
vt 4.3848 7.2891
vt 4.3652 6.2998
vt 12.0000 9.2959
vt 12.5029 9.6123
vt 11.4746 9.3848
vt 11.4199 10.3613
vt 11.2344 9.8262
vt 13.2285 8.4746
vt 8.1562 11.1084
vt 5.0010 8.4883
vt 5.2510 9.7051
vt 5.0010 8.4883
vt 5.0303 10.2324
vt 5.2510 9.7051
vt 5.0518 7.5068
vt 5.0449 9.2549
vt 5.3066 8.0039
vt 4.3848 7.2891
vt 4.0156 9.4443
vt 3.6973 7.4766
vt 4.5332 9.1475
vt 6.1699 8.8223
vt 8.1650 9.2822
vt 8.1562 11.1084
vt 5.8145 8.7969
vt 5.9990 9.9004
vt 6.0273 8.2012
vt 5.8516 10.5127
vt 5.7236 7.6338
vt 5.7559 9.3975
vt 5.0830 7.4277
vt 4.8115 9.6611
vt 4.4795 7.7031
vt 5.2637 9.2979
vt 13.0117 7.1904
vt 12.2461 8.8721
vt 12.3701 6.9844
vt 12.7305 9.1826
vt 11.7676 7.2607
vt 11.7832 9.0254
vt 11.5557 7.8574
vt 11.8330 10.1436
vt 11.8594 8.4238
vt 11.5557 7.8574
vt 11.6123 9.5518
vt 11.8330 10.1436
vt 11.7676 7.2607
vt 11.7832 9.0254
vt 10.8564 8.9395
vt 8.9834 11.3232
vt 8.9814 9.5215
vt 3.8242 6.8330
vt 4.4795 7.7031
vt 4.1055 8.4951
vt 4.8115 9.6611
vt 5.8516 10.5127
vt 6.9658 9.0244
vt 5.8145 8.7969
vt 11.8594 8.4238
vt 10.2793 9.3916
vt 10.7422 8.4150
vt 11.1904 9.2725
vt 8.9814 8.1494
vt 9.8770 7.6963
vt 7.2373 8.5088
vt 8.3262 7.7295
vt 7.3213 9.4756
vt 6.5352 9.4209
vt 4.5479 6.9189
vt 4.0459 9.5811
vt 7.2578 9.2041
vt 10.5449 9.5225
vt 10.0430 6.8359
vt 11.0635 7.2109
vt 3.5459 7.2939
vt 12.8281 9.1553
vt 14.3926 11.1582
vt 13.6729 11.1826
vt 12.6299 9.8477
vt 11.1436 15.0303
vt 9.0391 15.6572
vt 10.4756 14.7598
vt 8.9883 16.3760
vt 7.0420 14.7432
vt 7.7412 14.5684
vt 8.3760 12.9980
vt 7.9941 12.3867
vt 10.0654 13.1162
vt 10.5293 12.5645
vt 8.0762 10.0244
vt 7.4658 11.9746
vt 7.5205 10.3994
vt 7.4658 11.9746
vt 5.7217 13.0381
vt 5.9512 12.4082
vt 7.9941 12.3867
vt 5.0703 11.1025
vt 4.4004 11.0791
vt 6.0400 9.8604
vt 5.8555 9.2168
vt 7.5205 10.3994
vt 8.0762 10.0244
vt 14.3926 11.1582
vt 12.7256 12.5879
vt 13.6729 11.1826
vt 12.9717 13.2646
vt 10.5293 12.5645
vt 11.0967 12.1201
vt 11.0371 10.4277
vt 10.4404 10.0244
vt 12.6299 9.8477
vt 12.8281 9.1553
vt 11.1709 7.7764
vt 10.0459 9.4824
vt 10.5332 7.9834
vt 8.4707 9.4824
vt 7.9834 7.9844
vt 7.3467 7.7764
vt 9.2588 7.0576
vt 9.2588 6.3877
vt 9.6631 10.6777
vt 9.5654 12.9160
vt 4.9189 9.5518
vt 6.3916 8.3223
vt 9.2295 8.2266
vt 9.3848 9.2080
vt 7.5000 7.8418
vt 8.2832 7.5576
vt 9.3730 9.9531
vt 7.0264 8.2402
vt 7.5186 9.8926
vt 7.6934 8.8408
vt 8.5596 8.0674
vt 9.2295 8.3828
vt 9.6787 8.7822
vt 7.5557 10.6455
vt 11.6143 10.1455
vt 7.4453 13.8477
vt 7.3242 11.4531
vt 10.2686 8.8301
vt 13.7783 2.3291
vt 16.3779 6.0801
vt 15.2129 6.2881
vt 13.3311 3.5947
vt 13.3789 4.2002
vt 14.7148 6.1221
vt 14.2764 6.2676
vt 13.1631 4.6924
vt 13.5322 6.3203
vt 12.9248 5.4863
vt 12.2783 7.5244
vt 12.0693 8.3291
vt 10.9355 6.7314
vt 10.4990 6.8838
vt 11.8711 8.8311
vt 11.6787 6.6650
vt 6.8467 10.3633
vt 8.2852 12.2461
vt 9.9980 6.7275
vt 11.9404 9.4326
vt 9.2725 12.6123
vt 9.4971 9.5479
vt 10.3555 10.0449
vt 10.5342 8.9541
vt 8.9551 11.8662
vt 8.2959 11.5859
vt 8.2480 8.6777
vt 9.0928 8.9072
vt 7.6816 11.9355
vt 7.4580 8.9961
vt 7.4717 12.7100
vt 7.1855 9.6738
vt 9.0244 11.0352
vt 8.4629 10.7568
vt 8.4707 8.5469
vt 9.1904 8.8037
vt 9.2236 11.6484
vt 9.4443 9.3516
vt 7.8682 10.9775
vt 7.7070 8.7305
vt 7.5889 11.5664
vt 7.3457 9.2471
vt 10.0771 7.9844
vt 6.5547 7.9834
vt 9.7188 7.9844
vt 11.2168 8.0957
vt 11.6162 8.4414
vt 10.0049 7.9844
vt 6.8047 7.9844
vt 5.1973 8.1084
vt 6.6943 7.9854
vt 4.8262 8.4580
vt 19.7344 7.9844
vt 19.7344 10.5557
vt 18.7344 7.9844
vt 18.7344 10.5557
vt 17.7344 7.9844
vt 17.7344 10.5557
vt 16.7344 10.5557
vt 16.7344 7.9844
vt 15.8018 8.0146
vt 15.7344 10.5557
vt 12.7344 7.9844
vt 13.9844 7.1270
vt 12.7344 7.1270
vt 11.9844 7.1270
vt 11.9844 7.9844
vt 10.7344 7.1270
vt 8.9844 7.9844
vt 8.9844 10.5557
vt 7.9844 7.9844
vt 7.9844 10.5557
vt 6.9844 7.9844
vt 6.9844 10.5557
vt 5.9844 10.5557
vt 5.9844 7.9844
vt 3.9844 7.9844
vt 4.9844 7.1270
vt 4.9844 7.9844
vt 4.9844 10.5557
vt 18.7344 7.1270
vt 15.7344 7.1270
vt 8.9844 7.1270
vt 5.9844 7.1270
vt 7.8242 8.4365
vt 4.9482 11.4033
vt 4.8262 8.4580
vt 11.6045 11.3877
vt 8.5732 8.4355
vt 11.6162 8.4414
vt 9.7188 7.9844
vt 8.5664 7.9834
vt 6.6943 7.9854
vt 7.8184 7.9824
vt 8.8643 8.2764
vt 8.1035 9.6914
vt 8.1035 8.2764
vt 8.8643 9.6914
vt 8.9834 9.4844
vt 8.4775 9.9844
vt 8.2100 9.9844
vt 8.7832 9.9844
vt 7.9844 8.5244
vt 7.9844 9.4932
vt 8.9844 9.9844
vt 8.2100 9.9844
vt 7.9844 9.4932
vt 8.2100 9.9844
vt 7.9844 9.9844
vt 8.9805 8.5293
vt 9.7178 8.1758
vt 10.2559 7.7051
vt 7.6592 7.8379
vt 8.2334 8.2021
vt 10.3301 10.4785
vt 10.8457 7.9844
vt 11.2256 13.6074
vt 10.3682 9.0605
vt 10.0088 9.7900
vt 9.3047 10.1182
vt 8.1699 10.7373
vt 8.7373 9.9424
vt 8.7188 9.2588
vt 8.6865 8.2441
vt 9.0664 13.8672
vt 2.5479 10.0664
vt 2.5264 8.9893
vt 3.2441 8.9893
vt 3.2637 10.0664
vt 9.3164 9.7979
vt 7.8945 9.4902
vt 7.8740 9.6650
vt 9.3438 9.5781
vt 9.3936 9.1191
vt 7.9375 8.4971
vt 9.4512 8.5850
vt 9.5059 7.9844
vt 7.9873 7.9844
vt 7.8896 9.5078
vt 9.3398 9.5947
vt 9.3779 9.2002
vt 7.9326 8.4971
vt 9.4551 8.5693
vt 9.5020 7.9844
vt 7.9834 7.9844
vt 3.9316 5.9873
vt 1.4609 5.9873
vt 3.4268 5.9873
vt 8.7842 7.9844
vt 7.9844 7.9844
vt 10.7734 11.9678
vt 9.9844 11.9688
vt 9.7051 11.9834
vt 9.9844 11.9834
vt 8.5068 7.9844
vt 9.9844 7.9844
vt 10.7734 11.9678
vt 10.9600 10.8057
vt 11.4111 7.9844
vt 9.6943 5.3613
vt 9.4160 4.3301
vt 11.8252 5.3770
vt 8.4512 7.9893
vt 8.7783 5.3291
vt 9.9746 5.3545
vt 9.9844 7.9844
vt 9.4619 7.9834
vt 7.9844 7.9844
vt 8.6143 4.3359
vt 9.9844 7.9844
vt 8.7783 5.3291
vt 8.4512 7.9893
vt 7.9844 7.9844
vt 9.9893 10.8301
vt 9.9844 7.9844
vt 9.9961 11.9912
vt 7.9844 12.0010
vt 9.4619 7.9834
vt 8.2627 12.0010
vt 9.5312 11.9863
vt 9.9961 11.9912
vt 9.5254 7.9902
vt 9.9844 7.9844
vt 7.9814 11.9834
vt 8.4189 11.9873
vt 9.5381 11.9941
vt 7.9844 7.9844
vt 9.9609 11.9941
vt 8.4551 7.9834
vt 9.9863 9.7568
vt 9.9844 7.9844
vt 7.9932 10.8320
vt 7.9844 7.9844
vt 9.2158 5.3594
vt 9.2471 4.3447
vt 7.9844 7.9844
vt 7.9785 5.3545
vt 8.7832 5.3574
vt 10.0928 5.3574
vt 9.9844 7.9844
vt 8.4551 7.9834
vt 9.5605 7.9844
vt 7.9844 7.9844
vt 8.5771 4.3008
vt 9.9844 7.9844
vt 8.4551 7.9834
vt 7.9844 7.9844
vt 9.9170 10.8271
vt 9.9844 7.9844
vt 9.8232 11.9980
vt 8.0088 9.7598
vt 7.9951 12.0029
vt 9.5605 7.9844
vt 8.4717 12.0029
vt 9.3945 11.9980
vt 9.9844 7.9844
vt 9.6074 8.5605
vt 9.4424 7.9863
vt 10.1367 8.5078
vt 9.7500 9.5518
vt 9.3945 9.1357
vt 8.5928 9.9844
vt 8.9033 9.9844
vt 0.7080 8.6504
vt 0.7080 7.9844
vt 0.7080 9.3174
vt 0.7080 9.9844
vt 8.5928 7.9844
vt 0.7080 8.6504
vt 8.5928 8.6504
vt 0.7080 7.9844
vt 0.7080 9.3174
vt 8.5928 9.3174
vt 8.5928 9.9844
vt 0.7080 9.9844
vt 9.9844 8.6504
vt 9.9844 7.9844
vt 9.9844 9.3174
vt 9.9844 9.9844
vt -2.6719 0.0000
vt -2.6797 2.0000
vt -0.7344 0.0000
vt -6.5000 0.0000
vt -6.2500 0.0000
vt -3.2500 0.0000
vt -3.4375 1.0000
vt -3.4688 0.5000
vt -3.4844 0.2500
vt -3.4922 0.1250
vt -3.4961 0.0625
vt -3.3750 2.0000
vt -6.5000 0.0000
vt 1.5000 0.5039
vt -6.2500 0.0000
vt -3.2500 0.0000
vt -3.4375 1.0000
vt -6.5000 0.0000
vt 4.6484 -28.8740
vt 4.7783 5.0654
vt 4.6328 -28.8740
vt -6.2500 0.0000
vt -3.2500 0.0000
vt -3.4375 1.0000
vt -6.5000 0.0000
vt -2.6875 2.0000
vt -6.5000 0.0000
vt -3.2500 0.0000
vt -0.7344 0.0000
vt 4.5312 -26.8057
vt 1.2500 0.5039
vt -0.7344 0.0000
vt -2.6875 1.0000
vt -2.6875 0.6250
vt -2.6875 0.6562
vt -2.6875 0.6719
vt -2.6875 0.6797
vt -0.7344 0.0000
vt -3.2500 0.0000
vt -0.7344 0.0000
vt 4.6406 4.0938
vt -2.6797 2.0000
vt -6.5000 0.0000
vt 4.3945 -29.9023
vt -2.6797 2.0000
vt -6.5000 0.0000
vt -3.2500 0.0000
vt -0.7344 0.0000
vt -3.2500 0.0000
vt -3.4375 1.0000
vt -6.5000 0.0000
vt -3.2500 0.0000
vt -6.5000 0.0000
vt -3.2500 0.0000
vt -0.7344 0.0000
vt -2.6875 2.0000
vt -0.7344 0.0000
vt -0.7344 0.0000
vt -0.7344 0.0000
vt -3.2500 0.0000
vt -6.5000 0.0000
vt 4.3906 -28.9336
vt 4.6250 -27.9971
vt -0.7344 0.0000
vt -3.2500 0.0000
vt -6.5000 0.0000
vt 4.7617 -27.8379
vt -2.6875 2.0000
vt -6.5000 0.0000
vt -0.7344 0.0000
vt -3.2500 0.0000
vt -0.7344 0.0000
vt 0.0000 0.0000
vt 10.0098 -1.0391
vt 9.5557 -0.9609
vt 9.5469 -1.0391
vt 9.5557 -0.9609
vt 10.0098 -1.0391
vt 9.0889 -0.9551
vt -10.2500 0.0000
vt -8.2500 0.0000
vt 9.0068 7.0801
vt 9.0068 7.7080
vt 7.6406 7.6191
vt 8.0840 8.0713
vt 7.7090 8.9873
vt 7.0850 8.9746
vt 10.3838 7.6738
vt 10.9648 9.0518
vt 10.3291 9.0391
vt 9.9365 8.1084
vt 9.0430 10.9473
vt 9.0312 10.3193
vt 10.4092 10.4082
vt 9.9541 9.9551
vt 7.6660 10.3535
vt 8.1006 9.9180
vt 9.0068 8.3955
vt 8.5693 8.5674
vt 9.4463 8.5850
vt 9.6318 9.0254
vt 9.4541 9.4590
vt 9.0176 9.6309
vt 8.5781 9.4414
vt 8.3926 9.0010
vt -2.6719 0.0000
vt -2.6875 2.0000
vt -6.5000 0.0000
vt 0.0000 0.0000
vt -3.2500 0.0000
vt -3.4375 9.0020
vt -2.6562 0.2500
vt 7.6406 7.6191
vt 9.0068 7.7080
vt 9.0068 7.0801
vt 7.7090 8.9873
vt 8.0840 8.0713
vt 7.0850 8.9746
vt 10.3838 7.6738
vt 10.3291 9.0391
vt 10.9648 9.0518
vt 9.9365 8.1084
vt 10.4092 10.4082
vt 9.0312 10.3193
vt 9.0430 10.9473
vt 9.9541 9.9551
vt 7.6660 10.3535
vt 8.1006 9.9180
vt 9.0068 8.3955
vt 8.5693 8.5674
vt 9.4463 8.5850
vt 9.6318 9.0254
vt 9.4541 9.4590
vt 9.0176 9.6309
vt 8.5781 9.4414
vt 8.3926 9.0010
vt -2.6719 0.0000
vt -2.6875 2.0000
vt -6.5000 0.0000
vt 0.0000 0.0000
vt -3.2500 0.0000
vt -3.4375 9.0020
vt -2.6562 0.2500
vt 9.1113 10.6230
vt 9.0879 8.0615
vt 8.0156 8.0156
vt 10.0156 8.0156
vt 8.7207 10.0156
vt 7.5225 9.1797
vt 9.9170 9.0918
vt 10.0156 8.0156
vt 10.5205 9.1973
vt 8.1270 9.0586
vt 8.0156 8.0156
vt 8.0156 8.0156
vt 9.3311 10.0547
vt 10.0166 8.0156
vt 8.0156 10.0156
vt 8.0156 8.0156
vt 9.0156 10.0156
vt 9.0156 10.0156
vt 9.0156 8.0156
vt 8.0156 10.0156
vt 8.0156 8.0156
vt 9.0156 10.0156
vt 9.0156 8.0156
vt 8.0400 9.4121
vt 8.4814 8.8496
vt 8.2812 8.0156
vt 8.9873 9.4141
vt 9.0156 10.0156
vt 8.0156 10.0156
vt 9.0156 10.0156
vt 9.0156 8.9385
vt 8.0156 8.0156
vt 9.0156 8.0156
vt 8.0156 8.0156
vt 9.0156 8.9385
vt 8.0156 10.0156
vt 9.0156 10.0156
vt 8.0156 8.0156
vt 9.0156 8.0156
vt 8.0156 8.0156
vt 9.0156 10.0156
vt 8.0156 10.0156
vt 9.0156 8.0156
vt 8.0156 10.0156
vt 8.0156 8.0156
vt 9.0156 8.9385
vt 9.0156 8.0156
vt 9.0156 10.0156
vt 8.0352 9.9629
vt 8.6074 9.8857
vt 8.6094 8.7852
vt 8.3428 8.0156
vt 9.0049 8.3623
vt 9.0166 8.0156
vt 8.0156 10.0156
vt 9.0156 9.5703
vt 8.0156 8.0156
vt 8.0156 8.0156
vt 9.0156 9.5703
vt 8.0156 10.0156
vt 8.4766 8.0156
vt 8.0156 10.0156
vt 8.0156 8.0156
vt 8.4766 10.0156
vt 8.4766 8.0156
vt 9.0156 10.0156
vt 8.4766 10.0156
vt 8.5537 8.0156
vt 8.6309 8.0156
vt 9.0156 8.0156
vt 9.0156 10.0156
vt 8.0156 8.0156
vt 8.0156 10.0156
vt 8.3428 8.0156
vt 9.0166 8.0156
vt 9.0049 8.3623
vt 8.9873 9.4141
vt 9.0156 10.0156
vt 8.0400 9.4121
vt 8.4814 8.8496
vt 8.2812 8.0156
vt 8.6094 8.7852
vt 8.0352 9.9629
vt 8.6074 9.8857
vt 9.0156 8.0156
vt 8.0156 8.0156
vt 8.0156 10.0156
vt 8.0156 10.0156
vt 8.0156 8.0156
vt 9.0156 8.0156
vt 9.0156 10.0156
vt 8.0156 10.0156
vt 9.0156 10.0156
vt 9.0156 8.9756
vt 8.0156 8.0156
vt 9.0156 8.0156
vt 9.0156 8.9756
vt 9.0156 10.0156
vt 8.0156 10.0156
vt 8.0156 8.0156
vt 9.0156 8.0156
vt 8.0156 8.0156
vt 8.0156 10.0156
vt 9.0156 8.0156
vt 9.0156 10.0156
vt 9.0156 8.0156
vt 8.0156 10.0156
vt 8.0156 8.0156
vt 9.0156 10.0156
vt 9.0156 10.0156
vt 8.0156 8.0156
vt 8.0156 10.0156
vt 9.0156 8.0156
vt 8.0156 8.0156
vt 8.0156 10.0156
vt 9.0156 8.0156
vt 8.0156 8.0156
vt 8.0156 8.9756
vt 9.0156 8.9756
vt 8.0156 10.0156
vt 9.0156 10.0156
vt 8.0156 8.9756
vt 8.0156 10.0156
vt 8.0156 8.0156
vt 9.0156 8.0156
vt 8.0156 8.0156
vt 8.0156 10.0156
vt 9.0156 10.0156
vt 8.0156 10.0156
vt 9.0156 8.0156
vt 9.0156 10.0156
vt 8.0156 8.0156
vt 8.5820 9.9395
vt 9.0156 8.0156
vt 8.0156 8.0156
vt 9.0156 8.0156
vt 8.0156 8.0156
vt 8.8486 10.0156
vt 8.0156 8.0156
vt 8.0156 10.0156
vt 8.8486 8.0156
vt 9.0156 10.0156
vt 8.0156 10.0156
vt 8.0156 8.0156
vt 8.8486 10.0156
vt 8.8486 8.0156
vt 8.8486 10.0156
vt 9.0156 8.0156
vt 8.0156 8.0156
vt 8.0156 10.0156
vt 8.0156 8.0156
vt 8.8486 10.0156
vt 8.0156 10.0156
vt 8.0156 8.0156
vt 8.0156 10.0156
vt 8.9316 8.0156
vt 8.9316 10.0156
vt 9.0029 10.0156
vt 9.0029 8.0156
vt 8.9316 8.0156
vt 9.0029 10.0156
vt 8.9316 8.0156
vt 8.0156 10.0156
vt 8.0156 8.0156
vt 8.9316 10.0156
vt 9.0557 8.1426
vt 9.9980 8.3086
vt 9.9443 9.2090
vt 8.8682 9.5303
vt 9.2930 9.9561
vt 8.6318 9.3682
vt 8.8984 8.4180
vt 9.9521 9.1113
vt 9.5889 9.8857
vt 9.7939 8.0156
vt 9.2422 9.6709
vt 8.2812 8.7891
vt 8.6436 8.0156
vt 8.6123 9.9932
vt -2.6719 0.0000
vt -2.6875 2.0000
vt -6.5000 0.0000
vt -6.2500 0.0000
vt -3.2500 0.0000
vt -3.4375 9.0020
vt -6.5000 0.0000
vt 4.1250 4.1572
vt -3.2500 0.0000
vt -6.5000 0.0000
vt 4.6484 -28.9980
vt 1.2734 5.0176
vt -2.6797 2.0000
vt -6.5000 0.0000
vt -6.2500 0.0000
vt -3.2500 0.0000
vt -0.7344 0.0000
vt 1.2656 2.5078
vt -0.7344 0.0000
vt -0.7344 0.0000
vt -0.7344 0.0000
vt -6.2500 0.0000
vt -3.2500 0.0000
vt -3.4375 9.0020
vt -6.5000 0.0000
vt 0.0000 0.0000
vt -0.0820 -0.2285
vt -0.0684 -0.2939
vt -0.0820 -0.2285
vt 0.1064 -0.2363
vt 0.0859 -0.1455
vt -0.0039 -0.2051
vt 0.2607 -0.2939
vt 0.2607 -0.2939
vt 0.2422 -0.2441
vt 0.1064 -0.2363
vt -0.0039 -0.2051
vt -0.0684 -0.2939
vt 0.2422 -0.2441
vt 0.2607 -0.2939
vt 0.2422 -0.2441
vt 0.1064 -0.2363
vt -0.0684 -0.2939
vt -0.0039 -0.2051
vt 0.0859 -0.1455
vt -0.0820 -0.2285
vt -0.1035 -0.0820
vt -3.2500 0.0000
vt -3.4375 9.0020
vt -2.6562 0.2500
vt 1.5000 0.5039
vt -2.6797 2.0000
vt -6.2500 0.0000
vt -3.2500 0.0000
vt -6.5000 0.0000
vt -2.6875 2.0000
vt -3.2500 0.0000
vt -6.5000 0.0000
vt -6.2500 0.0000
vt -3.2500 0.0000
vt -6.5000 0.0000
vt -2.6797 2.0000
vt -3.2500 0.0000
vt -0.7344 0.0000
vt -0.7344 0.0000
vt -3.2500 0.0000
vt -6.5000 0.0000
vt -4.2422 -20.9385
vt -3.2500 0.0000
vt -3.4375 9.0020
vt -6.5000 0.0000
vt 8.5840 10.0869
vt 9.6299 10.4609
vt 8.1348 11.3428
vt 9.1807 11.7168
vt 9.1113 10.6230
vt 9.0879 8.0615
vt 8.0156 8.0156
vt 10.0156 8.0156
vt 8.7207 10.0156
vt 7.5225 9.1797
vt 9.9170 9.0918
vt 10.0156 8.0156
vt 10.5205 9.1973
vt 8.1270 9.0586
vt 8.0156 8.0156
vt 8.0156 8.0156
vt 9.3311 10.0547
vt 10.0166 8.0156
vt 8.0156 10.0156
vt 8.0156 8.0156
vt 9.0156 10.0156
vt 9.0156 10.0156
vt 9.0156 8.0156
vt 8.0156 10.0156
vt 8.0156 8.0156
vt 9.0156 10.0156
vt 9.0156 8.0156
vt 8.0400 9.4121
vt 8.4814 8.8496
vt 8.2812 8.0156
vt 9.0156 10.0156
vt 8.0156 10.0156
vt 9.0156 10.0156
vt 9.0156 8.9385
vt 8.0156 8.0156
vt 9.0156 8.0156
vt 8.0156 10.0156
vt 9.0156 10.0156
vt 8.0156 8.0156
vt 9.0156 8.0156
vt 8.0156 8.0156
vt 9.0156 10.0156
vt 8.0156 10.0156
vt 9.0156 8.0156
vt 8.0156 10.0156
vt 8.0156 8.0156
vt 9.0156 8.9385
vt 9.0156 8.0156
vt 9.0156 10.0156
vt 8.0352 9.9629
vt 8.6074 9.8857
vt 8.6094 8.7852
vt 8.3428 8.0156
vt 9.0049 8.3623
vt 9.0166 8.0156
vt 8.0156 10.0156
vt 9.0156 9.5703
vt 8.0156 8.0156
vt 8.0156 8.0156
vt 9.0156 9.5703
vt 8.0156 10.0156
vt 8.4766 8.0156
vt 8.0156 10.0156
vt 8.0156 8.0156
vt 8.4766 10.0156
vt 9.0156 10.0156
vt 8.5537 8.0156
vt 8.6309 8.0156
vt 9.0156 8.0156
vt 9.0156 10.0156
vt 8.0156 8.0156
vt 8.0156 10.0156
vt 8.3428 8.0156
vt 9.0166 8.0156
vt 9.0049 8.3623
vt 9.0156 10.0156
vt 8.0400 9.4121
vt 8.4814 8.8496
vt 8.2812 8.0156
vt 8.6094 8.7852
vt 8.0352 9.9629
vt 8.6074 9.8857
vt 8.5049 9.0459
vt 8.0156 8.5225
vt 8.2432 8.0117
vt 8.2119 9.4570
vt 8.0713 10.0303
vt 8.7725 8.0166
vt 9.0156 8.5225
vt 8.7959 9.4629
vt 8.9336 10.0391
vt 9.0156 8.0156
vt 8.0156 8.0156
vt 8.0156 10.0156
vt 9.0156 10.0156
vt 8.0156 10.0156
vt 8.0156 8.0156
vt 9.0156 8.0156
vt 9.0156 10.0156
vt 8.0156 10.0156
vt 9.0156 10.0156
vt 9.0156 8.9756
vt 8.0156 8.0156
vt 9.0156 8.0156
vt 9.0156 8.9756
vt 9.0156 10.0156
vt 8.0156 10.0156
vt 8.0156 8.0156
vt 9.0156 8.0156
vt 8.0156 8.0156
vt 8.0156 10.0156
vt 9.0156 8.0156
vt 9.0156 10.0156
vt 9.0156 8.0156
vt 8.0156 10.0156
vt 8.0156 8.0156
vt 9.0156 10.0156
vt 9.0156 10.0156
vt 8.0156 8.0156
vt 8.0156 10.0156
vt 9.0156 8.0156
vt 8.0156 8.0156
vt 8.0156 10.0156
vt 9.0156 8.0156
vt 8.0156 8.0156
vt 8.0156 8.9756
vt 9.0156 8.9756
vt 8.0156 10.0156
vt 9.0156 10.0156
vt 8.0156 8.9756
vt 8.0156 10.0156
vt 8.0156 8.0156
vt 9.0156 8.0156
vt 8.0156 8.0156
vt 8.0156 10.0156
vt 9.0156 10.0156
vt 8.0156 10.0156
vt 8.0156 8.0156
vt 8.5820 9.9395
vt 9.0156 8.0156
vt 8.0156 8.0156
vt 9.0156 8.0156
vt 8.0156 8.0156
vt 9.0156 10.0156
vt 8.0156 10.0156
vt 8.0156 8.0156
vt 9.0156 8.0156
vt 9.0156 10.0156
vt 8.0156 10.0156
vt 8.0156 8.0156
vt 9.0156 8.0156
vt 8.8486 10.0156
vt 8.0156 8.0156
vt 8.0156 10.0156
vt 8.8486 8.0156
vt 8.8486 10.0156
vt 9.0156 8.0156
vt 8.8486 8.0156
vt 9.0156 10.0156
vt 8.0156 10.0156
vt 8.0156 8.0156
vt 8.8486 10.0156
vt 8.8486 8.0156
vt 8.8486 10.0156
vt 9.0156 8.0156
vt 8.0156 8.0156
vt 8.0156 10.0156
vt 9.0156 10.0156
vt 8.0156 8.0156
vt 8.8486 10.0156
vt 8.0156 10.0156
vt 8.0156 8.0156
vt 8.0156 10.0156
vt 8.9316 8.0156
vt 8.9316 10.0156
vt 9.0029 10.0156
vt 9.0029 8.0156
vt 8.9316 8.0156
vt 8.0156 10.0156
vt 8.0156 8.0156
vt 8.9316 10.0156
vt 9.0557 8.1426
vt 9.9980 8.3086
vt 9.9443 9.2090
vt 8.8682 9.5303
vt 9.2930 9.9561
vt 8.6318 9.3682
vt 9.0557 8.1426
vt 8.6318 9.3682
vt 8.8984 8.4180
vt 9.9521 9.1113
vt 9.5889 9.8857
vt 9.7939 8.0156
vt 9.2422 9.6709
vt 8.2812 8.7891
vt 8.6436 8.0156
vt 8.6123 9.9932
vt 8.0156 8.0156
vt 10.0156 8.0156
vt 10.0156 10.0156
vt 8.0156 10.0156
vt 9.7686 8.0146
vt 9.7686 8.0938
vt 8.2100 8.0146
vt 8.2109 8.0928
vt 8.1152 8.0928
vt 8.2168 9.9355
vt 8.1221 9.9355
vt 8.2168 10.0146
vt 9.7754 10.0146
vt 9.7754 9.9365
vt 9.8643 8.0938
vt 9.8711 9.9365
vt 8.0156 9.0156
vt 10.0156 9.0156
vt 10.0156 8.0156
vt 8.0156 8.0156
vt 10.0156 8.0156
vt 10.0156 9.0156
vt 10.0156 8.0156
vt 8.0156 9.0156
vt 8.0156 8.0156
vt 10.0156 8.0156
vt 10.0156 9.0156
vt 8.0156 9.0156
vt 8.0156 8.0156
vt 8.0156 8.0156
vt 8.0156 9.0156
vt 8.0156 9.0156
vt 10.0156 9.0156
vt 10.0156 8.0156
vt 8.0156 8.0156
vt 10.0156 9.0156
vt 8.0156 10.0156
vt 9.0156 8.0156
vt 8.0156 8.0156
vt 9.0156 8.0156
vt 8.0156 8.0156
vt 9.0156 10.0156
vt 8.0156 10.0156
vt 9.0156 8.0156
vt 9.0156 8.0156
vt 8.0156 8.0156
vt 9.0156 8.0156
vt 8.0156 8.0156
vt 9.0156 8.0156
vt 8.0156 8.0156
vt 9.0156 10.0156
vt 8.0156 8.0156
vt 8.0156 10.0156
vt 8.0156 8.0156
vt 9.0156 8.0156
vt 9.0156 10.0156
vt 8.0156 10.0156
vt 9.0156 8.0156
vt 9.0156 10.0156
vt 8.0156 10.0156
vt 9.0156 10.0156
vt 8.0156 8.0156
vt 9.0156 8.0156
vt 9.0156 8.0156
vt 9.0156 10.0156
vt 8.0156 10.0156
vt 8.0156 8.0156
vt 9.0156 10.0156
vt 8.0156 10.0156
vt 9.0156 10.0156
vt 8.0156 8.0156
vt 9.0156 8.0156
vt 9.0156 10.0156
vt 8.0156 10.0156
vt 9.0156 8.0156
vt 8.0156 10.0156
vt 8.0156 10.0156
vt 8.0156 8.0156
vt 9.0156 8.0156
vt 9.0156 10.0156
vt 8.0156 8.0156
vt 9.0156 8.0156
vt 8.0156 8.0156
vt 9.0156 8.0156
vt 8.0156 10.0156
vt 9.0156 10.0156
vt 8.0156 10.0156
vt 8.0156 8.0156
vt 9.0156 10.0156
vt 8.0156 10.0156
vt 9.0156 8.0156
vt 9.0156 10.0156
vt 8.0156 10.0156
vt 8.0156 8.0156
vt 9.0156 8.0156
vt 9.0156 10.0156
vt 8.0156 10.0156
vt 8.0156 8.0156
vt 9.0156 8.0156
vt 9.0156 8.0156
vt 9.0156 10.0156
vt 8.0156 8.0156
vt 8.0156 10.0156
vt 9.0156 8.0156
vt 9.0156 10.0156
vt 8.0156 8.0156
vt 8.0156 10.0156
vt 9.0156 10.0156
vt 8.0156 10.0156
vt 8.0156 8.0156
vt 9.0156 8.0156
vt 9.0156 10.0156
vt 8.0156 10.0156
vt 8.0156 8.0156
vt 9.0156 8.0156
vt 9.0156 8.0156
vt 9.0156 10.0156
vt 8.0156 8.0156
vt 8.0156 10.0156
vt 9.0156 8.0156
vt 9.0156 10.0156
vt 8.0156 8.0156
vt 8.0156 10.0156
vt 8.5156 10.0156
vt 8.0156 8.0156
vt 8.5156 8.0156
vt 9.0156 8.0156
vt 8.0156 10.0156
vt 8.5156 8.0156
vt 9.0156 8.0156
vt 8.5156 10.0156
vt 8.0156 8.0156
vt 9.0156 10.0156
vt 8.7324 12.9727
vt 8.1348 11.3428
vt 9.1807 11.7168
vt 9.5693 13.2715
vt 10.0186 12.0156
vt 9.6299 10.4609
vt 10.4668 10.7607
vt 7.8955 12.6729
vt 10.2881 9.2803
vt 8.5840 10.0869
vt 7.0586 12.3740
vt 7.9561 9.8623
vt 10.2881 9.2803
vt 8.5840 10.0869
vt 9.0332 8.8320
vt 7.9561 9.8623
vt -2.6719 0.0000
vt -2.6875 2.0000
vt -6.5000 0.0000
vt -2.6797 2.0000
vt -3.2500 0.0000
vt -6.5000 0.0000
vt -2.6797 2.0000
vt -6.5000 0.0000
vt 4.3828 -27.8418
vt -2.6797 2.0000
vt -6.5000 0.0000
vt -0.7344 0.0000
vt -0.7344 0.0000
vt -0.7344 0.0000
vt -2.6875 2.0000
vt 1.2500 0.5039
vt -3.2500 0.0000
vt -6.5000 0.0000
vt -2.6797 4.0000
vt -2.6797 2.0000
vt -2.6797 2.0000
vt -6.5000 0.0000
vt 4.6523 -27.8379
vt -0.7344 0.0000
vt -3.2500 0.0000
vt -6.5000 0.0000
vt -2.6875 2.0000
vt -8.2500 0.0000
vt 0.0000 0.0000
vt 0.0000 0.0000
vt -3.2500 0.0000
vt -3.4375 9.0020
vt -2.6562 0.2500
vt 4.9072 4.1621
vt -3.2500 0.0000
vt -6.5000 0.0000
vt 4.3906 4.1572
vt -2.6797 2.0000
vt -6.2500 0.0000
vt -3.2500 0.0000
vt -6.5000 0.0000
vt 8.0000 0.0020
vt 0.0000 0.0020
vt 0.0000 0.0020
vt 0.0000 0.0020
vt 0.0000 0.0020
vt 0.0000 0.0020
vt 0.0000 0.0049
vt 0.0000 0.0049
vt 0.0000 0.0049
vt 0.0000 0.0049
vt 0.0000 0.0049
vt 0.0000 0.0049
vt 0.0000 0.0049
vt 0.0000 0.0049
vt 0.0000 0.0049
vt 0.0000 0.0049
vt 0.0000 0.0049
vt 0.0000 0.0049
vt 0.0000 0.0049
vt 0.0000 0.0020
vt 0.0000 0.0020
vt 0.0000 0.0020
vt 8.0674 5.9170
vt 8.1777 7.9648
vt 8.5107 6.0439
vt 10.5996 6.0049
vt 11.2744 7.9072
vt 11.0215 5.8623
vt 10.5771 5.7354
vt 11.2793 7.9727
vt 8.4893 5.7744
vt 8.1836 8.0303
vt 13.5830 8.3760
vt 13.7109 8.4951
vt 13.5869 8.5107
vt 13.5830 8.6455
vt 13.5967 8.7012
vt 13.6094 8.6455
vt 13.5967 8.3193
vt 13.6094 8.3750
vt 11.2725 7.9844
vt 10.6084 8.1006
vt 10.5830 7.9150
vt 11.3281 8.1465
vt 11.3096 8.5381
vt 10.5996 8.5469
vt 10.6084 8.9932
vt 11.3281 8.9307
vt 11.2725 9.0938
vt 10.5830 9.1787
vt 10.5586 8.9941
vt 11.2168 8.9316
vt 11.2168 8.1475
vt 10.5586 8.1006
vt 11.9492 8.0537
vt 11.3281 8.1465
vt 11.2725 7.9844
vt 11.9990 8.1924
vt 11.9834 8.5303
vt 11.3096 8.5381
vt 11.3281 8.9307
vt 11.9990 8.8682
vt 11.9492 9.0088
vt 11.2725 9.0938
vt 11.2168 8.9316
vt 11.8994 8.8691
vt 11.8994 8.1934
vt 11.2168 8.1475
vt 12.5693 8.1230
vt 12.5732 8.2402
vt 12.5723 8.5234
vt 12.5732 8.8066
vt 12.5693 8.9248
vt 12.5654 8.8076
vt 12.5654 8.2402
vt 13.2383 8.1924
vt 13.2207 8.2871
vt 13.2266 8.5156
vt 13.2207 8.7451
vt 13.2383 8.8398
vt 13.2559 8.7451
vt 13.2559 8.2871
vt 13.5967 8.3193
vt 13.5830 8.3760
vt 13.5869 8.5107
vt 13.5830 8.6455
vt 13.5967 8.7012
vt 13.2383 8.8398
vt 13.2207 8.7451
vt 13.5830 8.6455
vt 13.2559 8.7451
vt 13.6094 8.6455
vt 13.6094 8.3750
vt 13.2559 8.2871
vt 13.5967 8.3193
vt 13.2383 8.1924
vt 10.5586 8.1006
vt 10.5830 7.9150
vt 9.7734 8.0557
vt 9.7812 7.8477
vt 10.5586 8.9941
vt 9.7734 9.0576
vt 10.5830 9.1787
vt 9.7812 9.2646
vt 10.6084 8.9932
vt 9.7891 9.0566
vt 10.5996 8.5469
vt 9.7861 8.5566
vt 10.6084 8.1006
vt 9.7891 8.0557
vt 9.0020 8.0098
vt 9.0371 7.7803
vt 9.0020 9.1201
vt 9.0371 9.3496
vt 9.0732 9.1201
vt 9.0732 8.0098
vt 7.8867 7.9688
vt 7.9707 7.7158
vt 9.0020 9.1201
vt 9.0020 8.0098
vt 7.8867 9.1875
vt 7.8867 7.9688
vt 9.0371 9.3496
vt 7.9707 9.4395
vt 9.0732 9.1201
vt 8.0537 9.1855
vt 9.0732 8.0098
vt 8.0537 7.9668
vt 9.0371 7.7803
vt 7.9707 7.7158
vt 6.7002 7.6973
vt 6.6592 7.6973
vt 6.6592 9.5049
vt 6.7002 9.5039
vt 6.7002 7.6973
vt 6.7002 9.5039
vt -2.6719 0.0000
vt -2.6797 2.0000
vt -6.5000 0.0000
vt -3.2500 0.0000
vt -6.5000 0.0000
vt 4.6406 0.1260
vt -0.2988 -0.6045
vt -0.5605 -0.1553
vt -3.2500 0.0000
vt -3.4375 1.0000
vt -2.6562 0.2500
vt 4.3945 -31.9023
vt -6.2500 0.0000
vt -3.2500 0.0000
vt -6.5000 0.0000
vt -2.6875 2.0000
vt -6.5000 0.0000
vt 5.0352 -25.7783
vt -4.2422 -20.9385
vt -2.6797 2.0000
vt -0.7344 0.0000
vt -3.2500 0.0000
vt -3.4375 1.0000
vt -6.5000 0.0000
vt 8.6143 9.5586
vt 8.6621 9.4912
vt 8.5332 9.5391
vt 8.5303 9.6016
vt 8.3477 9.5342
vt 8.3477 9.5342
vt 8.5332 9.5391
vt 8.7012 9.2402
vt 8.5283 9.2363
vt 8.2842 9.2354
vt 8.2842 9.2354
vt 8.5283 9.2363
vt 8.7324 9.0420
vt 8.5186 9.0225
vt 8.2666 9.0537
vt 8.2842 9.0898
vt 8.5225 9.0967
vt 8.7598 8.8164
vt 8.5107 8.8428
vt 8.2256 8.8682
vt 8.2236 8.8652
vt 8.5098 8.8369
vt 8.8096 8.6221
vt 8.5020 8.6592
vt 8.1338 8.6836
vt 8.1299 8.6777
vt 8.5010 8.6514
vt 8.4727 8.4346
vt 8.2090 8.5137
vt 8.4893 8.4756
vt 8.7061 8.4707
vt 8.4902 8.4844
vt 8.4727 8.4346
vt 8.2109 8.5166
vt 8.2090 8.5137
vt 8.4902 8.4844
vt 8.5020 8.6592
vt 8.7061 8.4707
vt 8.8096 8.6221
vt 8.1338 8.6836
vt 8.1299 8.6777
vt 8.5010 8.6514
vt 8.4893 8.4756
vt 8.5771 9.6387
vt 8.6807 9.5791
vt 8.6377 9.6650
vt 8.5693 9.7188
vt 8.4336 9.6328
vt 8.4336 9.6328
vt 8.5771 9.6387
vt 8.7314 9.2588
vt 8.5986 9.2529
vt 8.4092 9.2500
vt 8.4092 9.2500
vt 8.5986 9.2529
vt 8.7715 9.0059
vt 8.6084 8.9805
vt 8.4102 9.0195
vt 8.4219 9.0654
vt 8.6045 9.0742
vt 8.8115 8.7188
vt 8.6162 8.7510
vt 8.3945 8.7822
vt 8.3936 8.7783
vt 8.3936 8.7783
vt 8.6172 8.7441
vt 8.6045 9.0742
vt 8.7715 9.0059
vt 8.8115 8.7188
vt 8.8652 8.4707
vt 8.6162 8.7510
vt 8.6250 8.5176
vt 8.3945 8.7822
vt 8.3379 8.5459
vt 8.3359 8.5391
vt 8.6250 8.5068
vt 8.6309 8.2822
vt 8.4111 8.3301
vt 8.6211 8.2295
vt 8.7979 8.2783
vt 8.6299 8.2930
vt 8.4121 8.3340
vt 8.5303 8.0049
vt 8.5303 8.1523
vt 8.8096 8.1875
vt 8.9346 8.5547
vt 8.5322 8.5654
vt 8.2197 8.0322
vt 8.1406 8.1045
vt 8.3984 8.2148
vt 8.5410 8.5293
vt 8.1162 8.4150
vt 8.5303 8.1230
vt 8.8535 8.1367
vt 8.9756 8.5400
vt 8.5312 8.4873
vt 8.2520 8.1309
vt 8.5303 8.1523
vt 8.5303 8.0049
vt 8.1035 8.4219
vt 8.5322 8.5654
vt 8.6475 8.2822
vt 8.8750 8.2490
vt 8.7793 8.2061
vt 8.5342 8.5703
vt 8.9072 8.5889
vt 8.2080 8.0713
vt 8.5303 8.1230
vt 8.5312 8.4873
vt 8.0625 8.3994
vt 8.9756 8.5400
vt 8.9277 9.0713
vt 8.5332 8.8643
vt 8.5283 9.0732
vt 8.8408 9.0801
vt 8.1572 8.9697
vt 8.5332 8.9170
vt 8.9346 8.5547
vt 8.8926 9.0928
vt 8.1221 8.9414
vt 8.5410 8.5293
vt 8.1162 8.4150
vt 8.5537 9.0312
vt 8.1982 8.9268
vt 8.7676 9.5244
vt 8.5342 9.3486
vt 8.7598 9.5332
vt 8.5342 9.3428
vt 8.5537 9.0312
vt 8.1982 8.9268
vt 8.5010 9.4814
vt 8.3105 9.4258
vt 8.3057 9.4746
vt 8.1221 8.9414
vt 8.5332 8.8643
vt 8.5342 9.3486
vt 8.3096 9.4873
vt 8.5332 8.9170
vt 8.1572 8.9697
vt 8.5342 9.3428
vt 8.5742 9.5176
vt 8.8408 9.0801
vt 8.5283 9.0732
vt 8.7402 9.5254
vt 8.5957 9.6895
vt 8.5352 9.7041
vt 8.4746 9.6768
vt 8.6465 9.6670
vt 8.4238 9.6445
vt 8.6025 9.9160
vt 8.6465 9.8340
vt 8.6016 9.8340
vt 8.5361 9.9238
vt 8.5361 9.8477
vt 8.4697 9.8203
vt 8.4248 9.8115
vt 8.4736 9.9033
vt 8.4736 9.8184
vt 8.5361 9.8242
vt 8.5361 9.9414
vt 8.5977 9.8311
vt 8.6465 9.8340
vt 8.6025 9.9160
vt 8.5361 9.9414
vt 8.5361 9.8242
vt 8.4736 9.9033
vt 8.5361 9.9619
vt 8.5361 9.9238
vt 8.6465 9.6670
vt 8.7041 9.6357
vt 8.5957 9.6895
vt 8.5352 9.7041
vt 8.6016 9.8340
vt 8.6768 9.6738
vt 8.5352 9.6289
vt 8.5361 9.8477
vt 8.4697 9.8203
vt 8.3877 9.6445
vt 8.3662 9.6016
vt 8.4248 9.8115
vt 8.4238 9.6445
vt 8.4736 9.8184
vt 8.4746 9.6768
vt 8.5342 9.4297
vt 8.5342 9.4629
vt 8.7598 9.5332
vt 8.5342 9.3428
vt 8.3096 9.4873
vt 8.5010 9.4814
vt 8.3105 9.4258
vt 8.4629 9.6104
vt 8.3271 9.5410
vt 8.5342 9.3486
vt 8.7676 9.5244
vt 8.7041 9.6357
vt 8.5342 9.4297
vt 8.6035 9.6719
vt 8.7402 9.5254
vt 8.5742 9.5176
vt 8.7236 9.6436
vt 8.3662 9.6016
vt 8.3057 9.4746
vt 8.7188 8.8633
vt 8.7852 9.0225
vt 8.5068 9.0352
vt 8.5586 8.8701
vt 8.5342 9.4629
vt 8.4717 9.6885
vt 8.4238 9.6445
vt 8.5352 9.6533
vt 8.6465 9.6670
vt 8.5986 9.7021
vt 8.5352 9.7236
vt 8.6357 8.7998
vt -2.6719 0.0000
vt -2.6797 2.0000
vt -6.5000 0.0000
vt 4.5195 -30.8721
vt 0.0000 0.0000
vt -3.2500 0.0000
vt -3.4375 9.0020
vt -2.6562 0.2500
vt 4.3906 -28.9336
vt 4.5117 -27.8379
vt 4.6484 -28.8740
vt 4.5234 -27.8379
vt 4.6367 -31.9346
vt -2.7266 0.0000
vt -2.7266 4.0000
vt -3.2500 0.0000
vt -3.2500 0.0000
vt 1.5078 2.5117
vt 8.0107 10.0156
vt 10.0156 8.0156
vt 10.0156 10.0186
vt 10.0156 10.0156
vt 9.5605 8.0156
vt 9.5605 10.0156
vt -2.6719 0.0000
vt -2.6875 2.0000
vt -6.5000 0.0000
vt 0.0000 0.0000
vt -3.2500 0.0000
vt -3.4375 9.0020
vt -2.6562 0.2500
vt -8.2500 0.0000
vt 9.0156 8.0156
vt 9.0156 8.0156
vt 9.0156 10.0156
vt 9.0156 10.0156
vt 10.0156 10.0156
vt 10.0156 8.0156
vt 10.0156 10.0156
vt 10.0156 8.0156
vt -2.6719 0.0000
vt -2.6875 2.0000
vt -6.5000 0.0000
vt 0.0000 0.0000
vt -3.2500 0.0000
vt -3.4375 9.0020
vt -2.6562 0.2500
vt 9.0615 8.9893
vt 8.6572 8.9355
vt 9.0605 9.0527
vt 8.6533 8.8711
vt 8.7285 9.2021
vt 8.7246 9.1396
vt 8.2588 9.0127
vt 8.2510 8.9492
vt 8.5283 9.4287
vt 8.5234 9.3691
vt 8.0752 9.5498
vt 8.0664 9.4912
vt 8.3252 9.8340
vt 8.3184 9.7773
vt 8.9922 10.0195
vt 8.9912 9.9658
vt 9.6455 9.8467
vt 9.6514 9.7900
vt 10.0859 9.3281
vt 10.0957 9.2666
vt 9.7744 9.2002
vt 9.7812 9.1377
vt 9.6162 8.7842
vt 9.6211 8.7178
vt 9.3975 9.2939
vt 9.4014 9.2324
vt 8.9648 9.3359
vt 8.9639 9.2744
vt 9.0615 8.9893
vt 8.7246 9.1396
vt 8.6533 8.8711
vt 8.9639 9.2744
vt 8.5234 9.3691
vt 8.7246 9.1396
vt 8.9639 9.2744
vt 8.2510 8.9492
vt 8.3184 9.7773
vt 8.0664 9.4912
vt 8.9912 9.9658
vt 9.4014 9.2324
vt 9.6514 9.7900
vt 9.7812 9.1377
vt 10.0957 9.2666
vt 9.6211 8.7178
vt 9.6162 8.7842
vt 9.3975 9.2939
vt 9.7744 9.2002
vt 9.6455 9.8467
vt 10.0859 9.3281
vt 8.9922 10.0195
vt 8.9648 9.3359
vt 8.5283 9.4287
vt 8.7285 9.2021
vt 8.2588 9.0127
vt 9.0605 9.0527
vt 8.6572 8.9355
vt 8.3252 9.8340
vt 8.0752 9.5498
vt -2.6719 0.0000
vt -2.6875 2.0000
vt -6.5000 0.0000
vt 0.0000 0.0000
vt -3.2500 0.0000
vt -3.4375 9.0020
vt -2.6562 0.2500
vt 8.5029 8.1025
vt 9.0195 8.2559
vt 9.0195 8.3262
vt 8.4971 8.0293
vt 8.7373 8.5859
vt 8.7402 8.6533
vt 9.0615 8.9893
vt 9.0605 9.0527
vt 8.9639 9.2744
vt 8.9648 9.3359
vt 9.4014 9.2324
vt 9.3975 9.2939
vt 9.6211 8.7178
vt 9.6162 8.7842
vt 9.7812 9.1377
vt 9.7744 9.2002
vt 10.0957 9.2666
vt 10.0859 9.3281
vt 10.1719 8.6807
vt 10.1611 8.7480
vt 9.8662 8.0273
vt 9.8584 8.1006
vt 9.8662 8.0273
vt 9.0195 8.2559
vt 8.4971 8.0293
vt 10.1719 8.6807
vt 9.6211 8.7178
vt 9.0615 8.9893
vt 8.7373 8.5859
vt 9.4014 9.2324
vt 8.9639 9.2744
vt 9.7812 9.1377
vt 9.7812 9.1377
vt 10.1719 8.6807
vt 10.0957 9.2666
vt 9.7744 9.2002
vt 10.1611 8.7480
vt 9.6162 8.7842
vt 10.0859 9.3281
vt 9.0605 9.0527
vt 9.3975 9.2939
vt 8.9648 9.3359
vt 9.0195 8.3262
vt 8.7402 8.6533
vt 9.8584 8.1006
vt 8.5029 8.1025
vt -2.6719 0.0000
vt -2.6875 2.0000
vt -6.5000 0.0000
vt 0.0000 0.0000
vt -3.2500 0.0000
vt -3.4375 9.0020
vt -2.6562 0.2500
vt -2.6875 1.0000
vt 8.0693 8.0693
vt 9.9609 9.9609
vt 9.9609 8.0693
vt 8.0693 9.9609
vt 8.0459 10.0293
vt 8.5020 8.0234
vt 8.0586 8.0430
vt 8.4893 9.9980
vt 8.5059 10.0137
vt 8.4941 8.0723
vt 8.0430 8.0664
vt 8.0537 10.0137
vt 8.5156 8.0439
vt 8.5020 10.0176
vt 8.0557 10.0352
vt 8.0693 8.0488
vt 8.5039 8.0410
vt 8.5166 9.9834
vt 8.0645 10.0098
vt 8.0537 8.0625
vt -2.6719 0.0000
vt -2.6875 2.0000
vt -6.5000 0.0000
vt -6.2500 0.0000
vt -3.2500 0.0000
vt -3.4375 9.0020
vt -3.4688 8.5020
vt -3.4844 8.2520
vt -3.4922 8.1270
vt -3.4961 8.0645
vt -6.5000 0.0000
vt 0.0000 0.0000
vt -3.2500 0.0000
vt -3.4375 9.0020
vt -2.6562 0.2500
vt -3.2500 0.0000
vt -3.4375 9.0020
vt -3.4688 8.5020
vt -3.4844 8.2520
vt -3.4922 8.1270
vt -6.5000 0.0000
vt 1.2656 5.0215
vt 8.5156 8.0156
vt 8.5156 24.6055
vt 8.0156 8.0156
vt 8.2715 24.6055
vt 8.2715 8.0156
vt 8.0156 24.6055
vt 9.0508 9.0176
vt 9.0566 9.1484
vt 9.0791 9.0186
vt 9.0898 9.2197
vt 9.0039 9.0156
vt 9.0029 9.2588
vt 8.9287 9.0127
vt 8.9170 9.2129
vt 8.9570 9.0137
vt 8.9502 9.1445
vt 9.0986 9.1904
vt 9.1572 9.3301
vt 9.0020 9.4092
vt 9.0576 8.8877
vt 9.0908 8.8193
vt 9.0039 8.7734
vt 8.9180 8.8125
vt 8.9502 8.8828
vt 9.1582 8.7139
vt 9.0996 8.8496
vt 9.0039 8.6230
vt 8.8486 8.7021
vt 8.9082 8.8418
vt 8.8477 9.3174
vt 8.9072 9.1826
vt 8.1191 8.2998
vt 8.1172 9.7168
vt 9.7480 8.1631
vt 8.3906 8.1084
vt 9.7451 9.9854
vt 10.0166 9.7939
vt 8.3877 9.9307
vt 10.0195 8.3760
vt 9.8496 8.4824
vt 8.4932 8.2598
vt 9.6240 8.3047
vt 9.8477 9.6641
vt 9.6211 9.8232
vt 8.4902 9.7783
vt 8.2666 8.4189
vt 8.2646 9.6006
vt 8.1191 8.2998
vt 8.1172 9.7168
vt 10.0176 9.3887
vt 10.0186 8.7812
vt -2.6719 0.0000
vt -2.6797 1.0000
vt -6.5000 0.0000
vt -6.2500 0.0000
vt -3.2500 0.0000
vt -3.4375 9.0020
vt -6.5000 0.0000
vt -3.2500 0.0000
vt -3.4375 1.0000
vt -2.6562 0.2500
vt 4.5000 -31.8721
vt 4.1406 -31.9316
vt -6.2500 0.0000
vt -3.2500 0.0000
vt -3.4375 1.0000
vt -6.5000 0.0000
vt -0.7344 0.0000
vt 4.7695 -27.9365
vt -3.2500 0.0000
vt -6.5000 0.0000
vt 4.5195 -30.9043
vt -2.6875 4.0000
vt -0.7344 0.0000
vt -3.2500 0.0000
vt -3.4375 1.0000
vt -6.5000 0.0000
vt -2.6875 4.0000
vt -0.7344 0.0000
vt -2.6797 2.0000
vt -0.7344 0.0000
vt -3.2500 0.0000
vt -3.4375 1.0000
vt -6.5000 0.0000
vt -2.6875 4.0000
vt -0.7344 0.0000
vt 0.0000 0.0117
vt 0.0000 0.0117
vt 0.0000 0.0117
vt 0.0000 0.0117
vt 0.0000 0.0117
vt 0.0000 0.0117
vt 0.0000 0.0117
vt 0.0000 0.0117
vt 0.0000 0.0117
vt 0.0000 0.0117
vt 0.0000 0.0039
vt 0.0000 0.0039
vt 0.0000 0.0059
vt 0.0000 0.0059
vt 12.0000 0.0059
vt 12.0000 0.0059
vt 0.0000 0.0059
vt 12.0000 0.0059
vt 0.0000 0.0059
vt 0.0000 0.0059
vt 0.0000 0.0059
vt 0.0000 0.0059
vt 0.0000 0.0059
vt 0.0000 0.0059
vt 0.0000 0.0059
vt 0.0000 0.0059
vt 0.0000 0.0059
vt 0.0000 0.0059
vt 0.0000 0.0059
vt 0.0000 0.0059
vt 0.0000 0.0059
vt 0.0000 0.0059
vt 0.0000 0.0059
vt 0.0000 0.0059
vt 0.0000 0.0059
vt 0.0000 0.0059
vt 0.0000 0.0059
vt 0.0000 0.0059
vt 0.0000 0.0059
vt 0.0000 0.0059
vt 0.0000 0.0059
vt 0.0000 0.0059
vt 0.0000 0.0049
vt 0.0000 0.0049
vt 0.0000 0.0049
vt 0.0000 0.0049
vt 0.0000 0.0049
vt 0.0000 0.0049
vt 0.0000 0.0049
vt 0.0000 0.0049
vt 0.0000 0.0049
vt 0.0000 0.0049
vt 0.0000 0.0049
vt 0.0000 0.0049
vt 0.0000 0.0049
vt 0.0000 0.0049
vt 0.0000 0.0049
vt 0.0000 0.0049
vt 0.0000 0.0049
vt 0.0000 0.0049
vt 0.0000 0.0049
vt 0.0000 0.0049
vt 0.0000 0.0049
vt 0.0000 0.0049
vt 0.0000 0.0049
vt 0.0000 0.0049
vt 0.0000 0.0000
vt 0.0000 0.0049
vt 0.0000 0.0049
vt 0.0000 0.0049
vt 0.0000 0.0117
vt 0.0000 0.0117
vt 0.0000 0.0117
vt 0.0000 0.0117
vt 0.0000 0.0117
vt 0.0000 0.0117
vt 0.0000 0.0117
vt 0.0000 0.0117
vt 0.0000 0.0117
vt 0.0000 0.0117
vt 0.0000 0.0117
vt 0.0000 0.0117
vt 0.0000 0.0059
vt 0.0000 0.0049
vt 0.0000 0.0049
vt 6.0400 10.0146
vt 6.0361 8.0146
vt 9.6152 10.0156
vt 9.6113 8.0156
vt 9.6152 10.0156
vt 9.6113 8.0156
vt 6.0361 8.0146
vt 6.0400 10.0146
vt -2.6719 0.0000
vt -2.6875 2.0000
vt -6.5000 0.0000
vt 0.0000 0.0000
vt -3.2500 0.0000
vt 1.5078 2.5117
vt 1.5156 4.5195
vt 8.2354 8.4658
vt 8.1328 8.2822
vt 8.2588 9.4561
vt 8.1650 9.6328
vt 8.9004 9.6602
vt 8.7979 9.4766
vt 8.7744 8.4863
vt 8.8682 8.3096
vt -2.6719 0.0000
vt -2.6875 1.0000
vt -6.5000 0.0000
vt 0.0000 0.0000
vt 0.0000 0.0000
vt -3.2500 0.0000
vt -3.4375 9.0020
vt -2.6562 0.2500
vt 1.2520 4.0039
vt -0.7344 0.0000
vt 8.1445 7.6104
vt 8.0898 8.0156
vt 10.0146 8.0156
vt 9.9688 7.6602
vt 10.0684 9.3906
vt 8.2803 9.9736
vt 8.0430 9.3652
vt 9.0889 8.1953
vt 9.6455 8.3613
vt 8.5137 8.3652
vt 8.1279 8.8252
vt 10.0146 8.8486
vt 9.7979 9.9932
vt -2.6719 0.0000
vt -2.6875 2.0000
vt -6.5000 0.0000
vt 0.0000 0.0000
vt 0.0000 0.0000
vt -1.0371 -0.1699
vt -0.5059 0.2861
vt -1.5107 -0.1631
vt -1.8574 -0.1543
vt -1.8496 0.2080
vt -2.1660 0.2451
vt -2.1426 -0.1074
vt -2.1426 -0.1074
vt -2.1660 0.2383
vt -1.8574 -0.1543
vt -1.8496 0.2168
vt -1.5107 -0.1631
vt -1.5186 0.2412
vt -1.0371 -0.1699
vt -0.5605 -0.1553
vt -0.5059 0.2861
vt -10.2500 0.0000
vt 0.0000 0.0000
vt 0.0000 0.0000
vt 0.0000 0.0000
vt 0.0000 0.0000
vt 0.0000 0.0000
vt 0.0000 0.0000
vt 0.0000 0.0000
vt 0.0000 0.0000
vt 0.0000 0.0000
vt -4.2422 11.0615
vt 0.0000 0.0000
vt 0.0000 0.0000
vt -0.3340 0.3613
vt -1.0137 -0.0371
vt -0.5469 0.2666
vt -0.8799 0.1982
vt -1.1816 0.2471
vt -1.0137 -0.0371
vt -1.1816 0.2471
vt -0.8799 0.1982
vt -0.5469 0.2666
vt -0.3340 0.3623
vt -0.3311 -0.0078
vt -10.2500 0.0000
vt 0.0000 0.0000
vt 0.0000 0.0000
vt 0.0000 0.0000
vt 0.0000 0.0000
vt 0.0000 0.0000
vt 0.0000 0.0000
vt 0.0000 0.0000
vt 0.0000 0.0000
vt 0.0000 0.0000
vt 0.0000 0.0000
vt 0.0000 0.0000
vt 0.0000 0.0000
vt 0.0000 0.0000
vt 0.0000 0.0000
vt 0.0000 0.0000
vt 0.0000 0.0000
vt 0.0000 0.0000
vt -4.2422 11.0615
vt 0.0000 0.0000
vt 0.0000 0.0000
vt -0.1074 0.0391
vt 0.1074 0.0391
vt 0.1074 -0.0391
vt 0.1074 -0.0391
vt 0.1074 0.0391
vt -0.1074 0.0391
vt -0.1074 -0.0391
vt -10.2500 0.0000
f 22/22 19/19 39/39
f 1/1 1/1 128/128
f 37/37 26/26 98/98
f 93/93 43/43 108/108
f 32/32 112/112 128/128
f 27/27 41/41 123/123
f 16/16 112/112 128/128
f 37/37 26/26 98/98
f 93/93 43/43 108/108
f 32/32 112/112 128/128
f 93/93 43/43 108/108
f 32/32 112/112 128/128
f 37/37 26/26 98/98
f 46/46 20/20 120/120
f 1/1 1/1 128/128
f 65/65 16/16 108/108
f 1/1 1/1 128/128
f 37/37 28/28 121/121
f 1/1 1/1 128/128
f 46/46 24/24 121/121
f 1/1 1/1 128/128
f 2/2 18/18 123/123
f 1/1 1/1 128/128
f 123/123 16/16 121/121
f 123/123 20/20 121/121
f 109/109 16/16 122/122
f 28/28 31/31 29/29
f 30/30 32/32 31/31
f 27/27 31/31 25/25
f 31/31 29/29 32/32
f 32/32 29/29 30/30
f 29/29 30/30 31/31
f 31/31 29/29 32/32
f 31/31 32/32 17/17
f 17/17 32/32 18/18
f 5/5 31/31 32/32
f 32/32 11/11 5/5
f 29/29 30/30 31/31
f 29/29 32/32 30/30
f 30/30 11/11 32/32
f 30/30 26/26 11/11
f 29/29 28/28 25/25
f 30/30 31/31 32/32
f 14/14 31/31 30/30
f 29/29 4/4 30/30
f 28/28 29/29 30/30
f 15/15 22/22 20/20
f 14/14 21/21 22/22
f 14/14 22/22 15/15
f 29/29 30/30 31/31
f 30/30 29/29 32/32
f 30/30 31/31 32/32
f 22/22 21/21 32/32
f 11/11 7/7 10/10
f 12/12 8/8 7/7
f 9/9 8/8 13/13
f 29/29 28/28 30/30
f 3/3 18/18 23/23
f 29/29 30/30 31/31
f 31/31 32/32 29/29
f 30/30 31/31 28/28
f 13/13 14/14 15/15
f 16/16 13/13 15/15
f 15/15 17/17 16/16
f 32/32 26/26 31/31
f 8/8 10/10 11/11
f 30/30 29/29 26/26
f 12/12 28/28 25/25
f 28/28 30/30 25/25
f 21/21 22/22 1/1
f 22/22 2/2 1/1
f 21/21 23/23 22/22
f 28/28 31/31 29/29
f 1/1 2/2 3/3
f 2/2 4/4 5/5
f 2/2 5/5 3/3
f 6/6 7/7 8/8
f 8/8 7/7 29/29
f 11/11 12/12 13/13
f 11/11 13/13 14/14
f 31/31 29/29 28/28
f 28/28 32/32 31/31
f 29/29 30/30 31/31
f 25/25 30/30 29/29
f 26/26 30/30 24/24
f 31/31 24/24 30/30
f 30/30 32/32 31/31
f 1/1 2/2 3/3
f 4/4 1/1 3/3
f 5/5 1/1 4/4
f 28/28 29/29 27/27
f 18/18 20/20 30/30
f 18/18 30/30 31/31
f 21/21 20/20 11/11
f 30/30 31/31 32/32
f 1/1 2/2 3/3
f 4/4 5/5 6/6
f 7/7 5/5 4/4
f 8/8 9/9 10/10
f 10/10 11/11 8/8
f 12/12 13/13 14/14
f 12/12 15/15 13/13
f 16/16 17/17 18/18
f 18/18 19/19 16/16
f 20/20 21/21 22/22
f 21/21 20/20 23/23
f 27/27 30/30 31/31
f 31/31 32/32 27/27
f 28/28 22/22 19/19
f 29/29 30/30 18/18
f 18/18 31/31 29/29
f 27/27 31/31 30/30
f 27/27 26/26 31/31
f 31/31 29/29 30/30
f 31/31 32/32 29/29
f 30/30 24/24 28/28
f 28/28 30/30 29/29
f 30/30 31/31 29/29
f 26/26 21/21 23/23
f 12/12 13/13 30/30
f 30/30 31/31 29/29
f 32/32 31/31 30/30
f 30/30 24/24 23/23
f 31/31 29/29 27/27
f 29/29 23/23 27/27
f 28/28 30/30 29/29
f 30/30 31/31 29/29
f 32/32 28/28 31/31
f 29/29 30/30 31/31
f 26/26 24/24 29/29
f 24/24 28/28 29/29
f 30/30 31/31 32/32
f 22/22 30/30 28/28
f 31/31 28/28 30/30
f 30/30 32/32 31/31
f 28/28 31/31 29/29
f 32/32 28/28 30/30
f 29/29 30/30 31/31
f 29/29 30/30 31/31
f 29/29 32/32 30/30
f 1/1 8/8 5/5
f 1/1 3/3 8/8
f 27/27 28/28 29/29
f 30/30 27/27 29/29
f 9/9 10/10 11/11
f 9/9 12/12 10/10
f 31/31 29/29 30/30
f 31/31 30/30 32/32
f 1/1 2/2 3/3
f 3/3 4/4 1/1
f 19/19 20/20 22/22
f 31/31 29/29 30/30
f 32/32 31/31 30/30
f 13/13 11/11 15/15
f 15/15 11/11 16/16
f 29/29 28/28 27/27
f 32/32 31/31 29/29
f 17/17 30/30 29/29
f 20/20 17/17 29/29
f 1/1 2/2 3/3
f 9/9 27/27 13/13
f 28/28 29/29 30/30
f 31/31 28/28 30/30
f 30/30 29/29 28/28
f 31/31 30/30 28/28
f 30/30 29/29 31/31
f 31/31 29/29 32/32
f 15/15 30/30 16/16
f 23/23 30/30 31/31
f 32/32 17/17 19/19
f 31/31 30/30 32/32
f 20/20 23/23 31/31
f 31/31 30/30 20/20
f 18/18 20/20 21/21
f 20/20 22/22 21/21
f 18/18 21/21 23/23
f 24/24 25/25 26/26
f 26/26 25/25 27/27
f 28/28 29/29 30/30
f 30/30 29/29 31/31
f 30/30 19/19 18/18
f 31/31 30/30 32/32
f 5/5 6/6 7/7
f 7/7 6/6 8/8
f 6/6 9/9 8/8
f 10/10 3/3 2/2
f 11/11 12/12 13/13
f 11/11 13/13 14/14
f 17/17 19/19 18/18
f 19/19 17/17 20/20
f 19/19 22/22 27/27
f 28/28 29/29 30/30
f 28/28 30/30 31/31
f 30/30 32/32 31/31
f 1/1 2/2 3/3
f 4/4 5/5 6/6
f 28/28 29/29 27/27
f 27/27 29/29 30/30
f 41/41 24/24 85/85
f 1/1 1/1 1/1
f 109/109 12/12 122/122
f 95/95 9/9 12/12
f 1/1 2/2 3/3
f 4/4 5/5 6/6
f 32/32 30/30 31/31
f 1/1 2/2 3/3
f 4/4 1/1 3/3
f 3/3 5/5 4/4
f 32/32 30/30 31/31
f 31/31 32/32 19/19
f 28/28 25/25 29/29
f 26/26 25/25 28/28
f 30/30 31/31 32/32
f 14/14 8/8 7/7
f 13/13 15/15 14/14
f 3/3 6/6 16/16
f 20/20 23/23 21/21
f 24/24 22/22 20/20
f 24/24 25/25 22/22
f 29/29 31/31 32/32
f 32/32 29/29 31/31
f 18/18 32/32 31/31
f 19/19 18/18 31/31
f 1/1 2/2 3/3
f 30/30 31/31 32/32
f 30/30 27/27 31/31
f 28/28 23/23 27/27
f 28/28 21/21 23/23
f 29/29 30/30 31/31
f 32/32 29/29 31/31
f 31/31 23/23 26/26
f 31/31 26/26 32/32
f 22/22 29/29 20/20
f 24/24 27/27 26/26
f 11/11 26/26 15/15
f 27/27 28/28 29/29
f 30/30 27/27 29/29
f 31/31 30/30 29/29
f 29/29 32/32 31/31
f 15/15 9/9 11/11
f 15/15 11/11 19/19
f 19/19 18/18 15/15
f 19/19 17/17 16/16
f 19/19 16/16 20/20
f 29/29 31/31 30/30
f 8/8 11/11 9/9
f 31/31 27/27 32/32
f 32/32 27/27 30/30
f 27/27 26/26 25/25
f 27/27 25/25 28/28
f 29/29 30/30 31/31
f 30/30 32/32 31/31
f 12/12 13/13 14/14
f 12/12 14/14 11/11
f 29/29 30/30 31/31
f 32/32 29/29 31/31
f 29/29 25/25 23/23
f 16/16 30/30 28/28
f 30/30 31/31 28/28
f 13/13 10/10 9/9
f 4/4 1/1 7/7
f 4/4 6/6 1/1
f 2/2 1/1 6/6
f 14/14 7/7 12/12
f 24/24 28/28 27/27
f 29/29 30/30 31/31
f 31/31 32/32 29/29
f 18/18 20/20 19/19
f 28/28 29/29 30/30
f 28/28 30/30 31/31
f 32/32 31/31 30/30
f 8/8 7/7 9/9
f 10/10 11/11 12/12
f 13/13 11/11 10/10
f 29/29 30/30 31/31
f 32/32 29/29 31/31
f 1/1 2/2 3/3
f 1/1 4/4 2/2
f 5/5 6/6 7/7
f 5/5 8/8 9/9
f 9/9 6/6 5/5
f 26/26 27/27 25/25
f 26/26 21/21 24/24
f 28/28 29/29 30/30
f 31/31 30/30 29/29
f 32/32 30/30 31/31
f 3/3 4/4 1/1
f 8/8 11/11 13/13
f 8/8 13/13 14/14
f 19/19 18/18 21/21
f 16/16 21/21 18/18
f 1/1 2/2 3/3
f 4/4 3/3 2/2
f 5/5 11/11 12/12
f 12/12 11/11 13/13
f 5/5 7/7 10/10
f 22/22 23/23 24/24
f 24/24 25/25 22/22
f 2/2 8/8 5/5
f 5/5 4/4 2/2
f 29/29 30/30 31/31
f 12/12 22/22 30/30
f 14/14 3/3 31/31
f 32/32 23/23 25/25
f 11/11 9/9 8/8
f 28/28 29/29 30/30
f 31/31 28/28 30/30
f 9/9 10/10 11/11
f 10/10 12/12 11/11
f 32/32 29/29 25/25
f 10/10 11/11 9/9
f 10/10 13/13 11/11
f 26/26 23/23 25/25
f 11/11 10/10 16/16
f 14/14 13/13 17/17
f 18/18 11/11 16/16
f 28/28 32/32 31/31
f 30/30 29/29 31/31
f 23/23 25/25 28/28
f 23/23 24/24 25/25
f 26/26 24/24 23/23
f 23/23 24/24 21/21
f 25/25 26/26 27/27
f 27/27 28/28 25/25
f 29/29 30/30 31/31
f 32/32 30/30 29/29
f 8/8 2/2 7/7
f 7/7 2/2 4/4
f 15/15 16/16 14/14
f 15/15 10/10 13/13
f 27/27 30/30 32/32
f 1/1 2/2 3/3
f 20/20 18/18 16/16
f 16/16 24/24 20/20
f 31/31 26/26 25/25
f 27/27 28/28 29/29
f 30/30 31/31 32/32
f 1/1 2/2 3/3
f 4/4 5/5 6/6
f 28/28 31/31 22/22
f 32/32 22/22 31/31
f 22/22 32/32 30/30
f 1/1 2/2 3/3
f 3/3 2/2 4/4
f 10/10 12/12 14/14
f 10/10 14/14 11/11
f 11/11 14/14 15/15
f 30/30 31/31 24/24
f 32/32 27/27 25/25
f 31/31 32/32 25/25
f 1/1 2/2 3/3
f 4/4 2/2 1/1
f 21/21 25/25 22/22
f 22/22 25/25 26/26
f 9/9 10/10 1/1
f 2/2 1/1 10/10
f 31/31 19/19 32/32
f 26/26 32/32 31/31
f 9/9 10/10 11/11
f 11/11 10/10 12/12
f 3/3 4/4 18/18
f 12/12 13/13 4/4
f 13/13 5/5 4/4
f 32/32 21/21 31/31
f 11/11 8/8 10/10
f 28/28 29/29 30/30
f 31/31 28/28 30/30
f 17/17 18/18 19/19
f 20/20 21/21 22/22
f 30/30 29/29 23/23
f 23/23 29/29 24/24
f 28/28 30/30 31/31
f 28/28 31/31 32/32
f 31/31 32/32 27/27
f 27/27 32/32 28/28
f 32/32 29/29 30/30
f 21/21 32/32 31/31
f 18/18 15/15 27/27
f 29/29 30/30 31/31
f 30/30 32/32 31/31
f 16/16 18/18 21/21
f 22/22 11/11 14/14
f 21/21 18/18 20/20
f 28/28 30/30 31/31
f 28/28 31/31 32/32
f 31/31 32/32 27/27
f 27/27 32/32 28/28
f 32/32 29/29 30/30
f 21/21 32/32 31/31
f 18/18 15/15 27/27
f 29/29 30/30 31/31
f 30/30 32/32 31/31
f 16/16 18/18 21/21
f 22/22 11/11 14/14
f 21/21 18/18 20/20
f 23/23 24/24 25/25
f 24/24 26/26 25/25
f 27/27 28/28 29/29
f 28/28 30/30 29/29
f 1/1 2/2 3/3
f 1/1 3/3 4/4
f 5/5 6/6 7/7
f 5/5 8/8 6/6
f 6/6 5/5 7/7
f 6/6 7/7 8/8
f 3/3 2/2 7/7
f 2/2 8/8 7/7
f 1/1 2/2 3/3
f 1/1 3/3 4/4
f 29/29 30/30 31/31
f 32/32 30/30 29/29
f 25/25 18/18 20/20
f 25/25 20/20 26/26
f 30/30 31/31 25/25
f 13/13 18/18 19/19
f 11/11 13/13 19/19
f 11/11 19/19 20/20
f 30/30 28/28 27/27
f 26/26 32/32 27/27
f 13/13 6/6 5/5
f 14/14 11/11 13/13
f 1/1 2/2 3/3
f 2/2 4/4 3/3
f 1/1 2/2 3/3
f 1/1 4/4 2/2
f 29/29 30/30 31/31
f 4/4 3/3 7/7
f 12/12 11/11 1/1
f 9/9 11/11 12/12
f 3/3 6/6 5/5
f 2/2 6/6 3/3
f 8/8 9/9 11/11
f 11/11 3/3 8/8
f 12/12 8/8 9/9
f 8/8 5/5 9/9
f 13/13 7/7 3/3
f 23/23 14/14 21/21
f 30/30 31/31 32/32
f 30/30 28/28 6/6
f 28/28 25/25 29/29
f 7/7 30/30 6/6
f 28/28 29/29 26/26
f 30/30 31/31 32/32
f 27/27 28/28 29/29
f 30/30 27/27 29/29
f 28/28 30/30 29/29
f 10/10 13/13 12/12
f 31/31 32/32 29/29
f 30/30 18/18 27/27
f 30/30 26/26 20/20
f 30/30 20/20 18/18
f 31/31 32/32 30/30
f 1/1 2/2 3/3
f 28/28 26/26 10/10
f 9/9 28/28 10/10
f 29/29 30/30 31/31
f 32/32 30/30 29/29
f 1/1 2/2 3/3
f 3/3 4/4 1/1
f 5/5 6/6 7/7
f 5/5 7/7 8/8
f 9/9 10/10 11/11
f 10/10 9/9 12/12
f 4/4 7/7 8/8
f 4/4 8/8 5/5
f 2/2 9/9 3/3
f 10/10 11/11 12/12
f 12/12 13/13 10/10
f 5/5 13/13 6/6
f 14/14 13/13 15/15
f 15/15 16/16 14/14
f 16/16 17/17 14/14
f 6/6 9/9 8/8
f 1/1 9/9 6/6
